sample_index,timestamp_ms,ax_raw,ay_raw,az_raw,gx_raw,gy_raw,gz_raw,ax_calibrated_g,ay_calibrated_g,az_calibrated_g,gx_dps,gy_dps,gz_dps
87936,879373,1704,-38,12050,-83,-193,-283,0.01179,-0.00376,0.99855,-0.63359,-1.47328,-2.16031
87937,879383,1754,-10,12046,-73,-190,-279,0.01486,-0.00204,0.99831,-0.55725,-1.45038,-2.12977
87938,879393,1774,-32,12052,-78,-181,-282,0.01608,-0.00339,0.99867,-0.59542,-1.38168,-2.15267
87939,879403,1758,-52,12002,-79,-179,-281,0.0151,-0.00462,0.9957,-0.60305,-1.36641,-2.14504
87940,879413,1724,-36,12002,-72,-176,-276,0.01302,-0.00364,0.9957,-0.54962,-1.34351,-2.10687
87941,879423,1730,-38,12052,-74,-175,-278,0.01338,-0.00376,0.99867,-0.56489,-1.33588,-2.12214
87942,879433,1720,-70,12144,-84,-168,-278,0.01277,-0.00572,1.00414,-0.64122,-1.28244,-2.12214
87943,879443,1762,-36,12060,-76,-175,-280,0.01535,-0.00364,0.99914,-0.58015,-1.33588,-2.1374
87944,879453,1696,-36,12036,-74,-194,-281,0.0113,-0.00364,0.99772,-0.56489,-1.48092,-2.14504
87945,879463,1744,-32,12088,-72,-184,-284,0.01424,-0.00339,1.00081,-0.54962,-1.40458,-2.16794
87946,879473,1710,4,12036,-79,-179,-281,0.01216,-0.00118,0.99772,-0.60305,-1.36641,-2.14504
87947,879483,1724,-66,12058,-78,-182,-286,0.01302,-0.00548,0.99903,-0.59542,-1.38931,-2.18321
87948,879493,1698,-28,12046,-77,-196,-284,0.01142,-0.00315,0.99831,-0.58779,-1.49618,-2.16794
87949,879503,1702,-42,12074,-75,-192,-281,0.01167,-0.00401,0.99998,-0.57252,-1.46565,-2.14504
87950,879513,1726,-18,12056,-70,-185,-279,0.01314,-0.00253,0.99891,-0.53435,-1.41221,-2.12977
87951,879523,1730,-8,12020,-78,-196,-278,0.01338,-0.00192,0.99677,-0.59542,-1.49618,-2.12214
87952,879533,1742,-72,12092,-73,-192,-279,0.01412,-0.00585,1.00105,-0.55725,-1.46565,-2.12977
87953,879543,1722,-82,12050,-75,-190,-281,0.01289,-0.00646,0.99855,-0.57252,-1.45038,-2.14504
87954,879553,1740,-30,12036,-82,-188,-282,0.014,-0.00327,0.99772,-0.62595,-1.43511,-2.15267
87955,879563,1706,2,12092,-75,-183,-282,0.01191,-0.00131,1.00105,-0.57252,-1.39695,-2.15267
87956,879573,1740,-60,12054,-82,-180,-282,0.014,-0.00511,0.99879,-0.62595,-1.37405,-2.15267
87957,879583,1734,12,12146,-77,-192,-283,0.01363,-0.00069,1.00425,-0.58779,-1.46565,-2.16031
87958,879593,1724,-4,11978,-78,-185,-279,0.01302,-0.00167,0.99427,-0.59542,-1.41221,-2.12977
87959,879603,1766,-56,12018,-76,-178,-274,0.01559,-0.00486,0.99665,-0.58015,-1.35878,-2.0916
87960,879613,1726,-20,12098,-77,-178,-288,0.01314,-0.00266,1.0014,-0.58779,-1.35878,-2.19847
87961,879623,1782,-36,12068,-76,-188,-283,0.01657,-0.00364,0.99962,-0.58015,-1.43511,-2.16031
87962,879633,1684,-30,11954,-79,-187,-278,0.01056,-0.00327,0.99285,-0.60305,-1.42748,-2.12214
87963,879643,1706,-44,12016,-78,-182,-280,0.01191,-0.00413,0.99653,-0.59542,-1.38931,-2.1374
87964,879653,1656,-40,12052,-81,-183,-284,0.00884,-0.00388,0.99867,-0.61832,-1.39695,-2.16794
87965,879663,1722,0,11998,-72,-175,-287,0.01289,-0.00143,0.99546,-0.54962,-1.33588,-2.19084
87966,879673,1738,-64,12040,-72,-188,-283,0.01387,-0.00536,0.99796,-0.54962,-1.43511,-2.16031
87967,879683,1724,-20,12020,-80,-193,-283,0.01302,-0.00266,0.99677,-0.61069,-1.47328,-2.16031
87968,879693,1744,-14,12014,-77,-190,-280,0.01424,-0.00229,0.99641,-0.58779,-1.45038,-2.1374
87969,879703,1792,-80,12082,-76,-175,-279,0.01719,-0.00634,1.00045,-0.58015,-1.33588,-2.12977
87970,879713,1750,-76,12036,-82,-181,-279,0.01461,-0.00609,0.99772,-0.62595,-1.38168,-2.12977
87971,879723,1740,-38,12036,-77,-181,-282,0.014,-0.00376,0.99772,-0.58779,-1.38168,-2.15267
87972,879733,1770,-12,12074,-71,-180,-286,0.01584,-0.00217,0.99998,-0.54198,-1.37405,-2.18321
87973,879743,1762,-32,12148,-79,-193,-284,0.01535,-0.00339,1.00437,-0.60305,-1.47328,-2.16794
87974,879753,1768,-36,12096,-79,-189,-283,0.01572,-0.00364,1.00128,-0.60305,-1.44275,-2.16031
87975,879763,1730,-50,12054,-75,-175,-279,0.01338,-0.0045,0.99879,-0.57252,-1.33588,-2.12977
87976,879773,1718,-30,12010,-74,-185,-280,0.01265,-0.00327,0.99617,-0.56489,-1.41221,-2.1374
87977,879783,1728,-62,12096,-76,-176,-282,0.01326,-0.00523,1.00128,-0.58015,-1.34351,-2.15267
87978,879793,1740,-46,12054,-75,-181,-282,0.014,-0.00425,0.99879,-0.57252,-1.38168,-2.15267
87979,879803,1732,-8,12070,-75,-184,-281,0.01351,-0.00192,0.99974,-0.57252,-1.40458,-2.14504
87980,879813,1748,-22,12028,-78,-184,-283,0.01449,-0.00278,0.99724,-0.59542,-1.40458,-2.16031
87981,879823,1702,-32,12024,-76,-179,-277,0.01167,-0.00339,0.99701,-0.58015,-1.36641,-2.1145
87982,879833,1746,-20,12012,-77,-184,-277,0.01437,-0.00266,0.99629,-0.58779,-1.40458,-2.1145
87983,879843,1724,-16,12012,-79,-185,-279,0.01302,-0.00241,0.99629,-0.60305,-1.41221,-2.12977
87984,879853,1758,-4,12068,-77,-192,-277,0.0151,-0.00167,0.99962,-0.58779,-1.46565,-2.1145
87985,879863,1732,-38,12044,-77,-181,-281,0.01351,-0.00376,0.99819,-0.58779,-1.38168,-2.14504
87986,879873,1710,6,12004,-81,-184,-287,0.01216,-0.00106,0.99582,-0.61832,-1.40458,-2.19084
87987,879883,1752,-36,12058,-73,-177,-286,0.01473,-0.00364,0.99903,-0.55725,-1.35115,-2.18321
87988,879893,1738,-74,12088,-79,-185,-285,0.01387,-0.00597,1.00081,-0.60305,-1.41221,-2.17557
87989,879903,1736,-20,12090,-76,-184,-276,0.01375,-0.00266,1.00093,-0.58015,-1.40458,-2.10687
87990,879913,1708,-20,12100,-67,-182,-278,0.01203,-0.00266,1.00152,-0.51145,-1.38931,-2.12214
87991,879923,1732,-12,12120,-76,-182,-278,0.01351,-0.00217,1.00271,-0.58015,-1.38931,-2.12214
87992,879933,1746,-42,12038,-77,-187,-276,0.01437,-0.00401,0.99784,-0.58779,-1.42748,-2.10687
87993,879943,1746,-28,12070,-76,-181,-282,0.01437,-0.00315,0.99974,-0.58015,-1.38168,-2.15267
87994,879953,1702,-14,12006,-80,-190,-283,0.01167,-0.00229,0.99594,-0.61069,-1.45038,-2.16031
87995,879963,1738,-38,12012,-81,-189,-283,0.01387,-0.00376,0.99629,-0.61832,-1.44275,-2.16031
87996,879973,1752,-28,12018,-73,-188,-279,0.01473,-0.00315,0.99665,-0.55725,-1.43511,-2.12977
87997,879983,1738,14,12112,-73,-182,-285,0.01387,-0.00057,1.00223,-0.55725,-1.38931,-2.17557
87998,879993,1780,-34,12114,-80,-193,-276,0.01645,-0.00351,1.00235,-0.61069,-1.47328,-2.10687
87999,880003,1756,6,12076,-81,-179,-272,0.01498,-0.00106,1.0001,-0.61832,-1.36641,-2.07634
88000,880013,1750,-16,12054,-76,-186,-277,0.01461,-0.00241,0.99879,-0.58015,-1.41985,-2.1145
88001,880023,1730,-14,12052,-76,-178,-281,0.01338,-0.00229,0.99867,-0.58015,-1.35878,-2.14504
88002,880033,1696,-20,12096,-71,-184,-283,0.0113,-0.00266,1.00128,-0.54198,-1.40458,-2.16031
88003,880043,1756,-14,12060,-79,-181,-285,0.01498,-0.00229,0.99914,-0.60305,-1.38168,-2.17557
88004,880053,1734,-74,12014,-79,-172,-283,0.01363,-0.00597,0.99641,-0.60305,-1.31298,-2.16031
88005,880063,1752,-48,12076,-82,-184,-280,0.01473,-0.00437,1.0001,-0.62595,-1.40458,-2.1374
88006,880073,1744,-24,12048,-80,-189,-281,0.01424,-0.0029,0.99843,-0.61069,-1.44275,-2.14504
88007,880083,1670,-50,12040,-79,-176,-282,0.0097,-0.0045,0.99796,-0.60305,-1.34351,-2.15267
88008,880093,1746,-36,12054,-72,-181,-278,0.01437,-0.00364,0.99879,-0.54962,-1.38168,-2.12214
88009,880103,1722,-16,12044,-74,-179,-284,0.01289,-0.00241,0.99819,-0.56489,-1.36641,-2.16794
88010,880113,1768,-4,12066,-75,-178,-283,0.01572,-0.00167,0.9995,-0.57252,-1.35878,-2.16031
88011,880123,1744,-46,12072,-75,-183,-282,0.01424,-0.00425,0.99986,-0.57252,-1.39695,-2.15267
88012,880133,1716,-42,12122,-77,-186,-280,0.01252,-0.00401,1.00283,-0.58779,-1.41985,-2.1374
88013,880143,1738,-64,12082,-79,-178,-281,0.01387,-0.00536,1.00045,-0.60305,-1.35878,-2.14504
88014,880153,1714,10,12094,-79,-181,-276,0.0124,-0.00082,1.00116,-0.60305,-1.38168,-2.10687
88015,880163,1686,-10,12034,-76,-182,-282,0.01068,-0.00204,0.9976,-0.58015,-1.38931,-2.15267
88016,880173,1740,0,12084,-79,-184,-279,0.014,-0.00143,1.00057,-0.60305,-1.40458,-2.12977
88017,880183,1738,-44,12092,-80,-186,-282,0.01387,-0.00413,1.00105,-0.61069,-1.41985,-2.15267
88018,880193,1812,-74,12070,-76,-187,-285,0.01842,-0.00597,0.99974,-0.58015,-1.42748,-2.17557
88019,880203,1776,6,12052,-78,-183,-282,0.01621,-0.00106,0.99867,-0.59542,-1.39695,-2.15267
88020,880213,1780,-20,12050,-79,-178,-273,0.01645,-0.00266,0.99855,-0.60305,-1.35878,-2.08397
88021,880223,1722,-30,12050,-79,-187,-287,0.01289,-0.00327,0.99855,-0.60305,-1.42748,-2.19084
88022,880233,1674,-18,12080,-71,-192,-280,0.00995,-0.00253,1.00033,-0.54198,-1.46565,-2.1374
88023,880243,1786,-38,12062,-70,-181,-281,0.01682,-0.00376,0.99926,-0.53435,-1.38168,-2.14504
88024,880253,1736,10,12092,-69,-183,-283,0.01375,-0.00082,1.00105,-0.52672,-1.39695,-2.16031
88025,880263,1766,-22,12104,-75,-185,-279,0.01559,-0.00278,1.00176,-0.57252,-1.41221,-2.12977
88026,880273,1796,-56,12062,-73,-188,-281,0.01743,-0.00486,0.99926,-0.55725,-1.43511,-2.14504
88027,880283,1764,-42,12026,-80,-183,-279,0.01547,-0.00401,0.99712,-0.61069,-1.39695,-2.12977
88028,880293,1772,-38,12056,-79,-188,-281,0.01596,-0.00376,0.99891,-0.60305,-1.43511,-2.14504
88029,880303,1780,-6,12054,-78,-178,-286,0.01645,-0.0018,0.99879,-0.59542,-1.35878,-2.18321
88030,880313,1706,12,12002,-74,-176,-284,0.01191,-0.00069,0.9957,-0.56489,-1.34351,-2.16794
88031,880323,1696,-42,12028,-74,-178,-282,0.0113,-0.00401,0.99724,-0.56489,-1.35878,-2.15267
88032,880333,1690,-30,12086,-73,-183,-278,0.01093,-0.00327,1.00069,-0.55725,-1.39695,-2.12214
88033,880343,1694,-36,12038,-77,-177,-284,0.01117,-0.00364,0.99784,-0.58779,-1.35115,-2.16794
88034,880353,1744,-20,12028,-81,-183,-286,0.01424,-0.00266,0.99724,-0.61832,-1.39695,-2.18321
88035,880363,1752,-16,12070,-75,-192,-281,0.01473,-0.00241,0.99974,-0.57252,-1.46565,-2.14504
88036,880373,1746,24,12134,-79,-179,-283,0.01437,4e-05,1.00354,-0.60305,-1.36641,-2.16031
88037,880383,1768,-40,12100,-75,-179,-282,0.01572,-0.00388,1.00152,-0.57252,-1.36641,-2.15267
88038,880393,1750,-28,12034,-77,-186,-280,0.01461,-0.00315,0.9976,-0.58779,-1.41985,-2.1374
88039,880403,1738,-4,12084,-75,-190,-278,0.01387,-0.00167,1.00057,-0.57252,-1.45038,-2.12214
88040,880413,1748,-26,12056,-73,-178,-280,0.01449,-0.00302,0.99891,-0.55725,-1.35878,-2.1374
88041,880423,1674,-20,12040,-73,-183,-280,0.00995,-0.00266,0.99796,-0.55725,-1.39695,-2.1374
88042,880433,1712,-20,12006,-72,-182,-279,0.01228,-0.00266,0.99594,-0.54962,-1.38931,-2.12977
88043,880443,1714,-18,12016,-75,-176,-279,0.0124,-0.00253,0.99653,-0.57252,-1.34351,-2.12977
88044,880453,1738,-40,12080,-79,-180,-288,0.01387,-0.00388,1.00033,-0.60305,-1.37405,-2.19847
88045,880463,1734,-66,12046,-77,-181,-283,0.01363,-0.00548,0.99831,-0.58779,-1.38168,-2.16031
88046,880473,1722,-60,12094,-72,-186,-282,0.01289,-0.00511,1.00116,-0.54962,-1.41985,-2.15267
88047,880483,1716,-20,12084,-75,-180,-284,0.01252,-0.00266,1.00057,-0.57252,-1.37405,-2.16794
88048,880493,1682,-20,12070,-76,-183,-282,0.01044,-0.00266,0.99974,-0.58015,-1.39695,-2.15267
88049,880503,1770,-38,12072,-76,-192,-278,0.01584,-0.00376,0.99986,-0.58015,-1.46565,-2.12214
88050,880513,1742,-70,12012,-73,-182,-279,0.01412,-0.00572,0.99629,-0.55725,-1.38931,-2.12977
88051,880523,1716,-42,12054,-76,-184,-283,0.01252,-0.00401,0.99879,-0.58015,-1.40458,-2.16031
88052,880533,1726,-36,12026,-78,-186,-281,0.01314,-0.00364,0.99712,-0.59542,-1.41985,-2.14504
88053,880543,1744,-42,12076,-74,-180,-285,0.01424,-0.00401,1.0001,-0.56489,-1.37405,-2.17557
88054,880553,1770,-50,12048,-74,-175,-278,0.01584,-0.0045,0.99843,-0.56489,-1.33588,-2.12214
88055,880563,1732,-52,12046,-79,-182,-278,0.01351,-0.00462,0.99831,-0.60305,-1.38931,-2.12214
88056,880573,1742,-18,12054,-79,-186,-280,0.01412,-0.00253,0.99879,-0.60305,-1.41985,-2.1374
88057,880583,1704,-56,12022,-84,-189,-281,0.01179,-0.00486,0.99689,-0.64122,-1.44275,-2.14504
88058,880593,1760,-32,12094,-76,-193,-283,0.01522,-0.00339,1.00116,-0.58015,-1.47328,-2.16031
88059,880603,1752,-66,12080,-77,-188,-281,0.01473,-0.00548,1.00033,-0.58779,-1.43511,-2.14504
88060,880613,1788,-8,12080,-76,-187,-276,0.01694,-0.00192,1.00033,-0.58015,-1.42748,-2.10687
88061,880623,1734,-8,12034,-77,-187,-278,0.01363,-0.00192,0.9976,-0.58779,-1.42748,-2.12214
88062,880633,1738,-34,12110,-83,-188,-279,0.01387,-0.00351,1.00212,-0.63359,-1.43511,-2.12977
88063,880643,1730,-60,12092,-79,-180,-282,0.01338,-0.00511,1.00105,-0.60305,-1.37405,-2.15267
88064,880653,1732,-28,12054,-77,-184,-284,0.01351,-0.00315,0.99879,-0.58779,-1.40458,-2.16794
88065,880663,1740,-26,12070,-77,-189,-278,0.014,-0.00302,0.99974,-0.58779,-1.44275,-2.12214
88066,880673,1712,-16,12046,-82,-184,-280,0.01228,-0.00241,0.99831,-0.62595,-1.40458,-2.1374
88067,880683,1762,-80,12022,-73,-179,-281,0.01535,-0.00634,0.99689,-0.55725,-1.36641,-2.14504
88068,880693,1776,-58,12068,-79,-181,-284,0.01621,-0.00499,0.99962,-0.60305,-1.38168,-2.16794
88069,880703,1752,-4,12104,-77,-186,-279,0.01473,-0.00167,1.00176,-0.58779,-1.41985,-2.12977
88070,880713,1704,-6,12050,-84,-186,-280,0.01179,-0.0018,0.99855,-0.64122,-1.41985,-2.1374
88071,880723,1734,2,12090,-81,-185,-281,0.01363,-0.00131,1.00093,-0.61832,-1.41221,-2.14504
88072,880733,1732,-82,12048,-76,-190,-283,0.01351,-0.00646,0.99843,-0.58015,-1.45038,-2.16031
88073,880743,1704,-48,12096,-78,-183,-278,0.01179,-0.00437,1.00128,-0.59542,-1.39695,-2.12214
88074,880753,1714,-44,12098,-73,-178,-279,0.0124,-0.00413,1.0014,-0.55725,-1.35878,-2.12977
88075,880763,1704,-18,12046,-75,-180,-281,0.01179,-0.00253,0.99831,-0.57252,-1.37405,-2.14504
88076,880773,1726,-2,12072,-79,-190,-280,0.01314,-0.00155,0.99986,-0.60305,-1.45038,-2.1374
88077,880783,1722,-34,12138,-80,-185,-282,0.01289,-0.00351,1.00378,-0.61069,-1.41221,-2.15267
88078,880793,1764,-38,12026,-75,-184,-283,0.01547,-0.00376,0.99712,-0.57252,-1.40458,-2.16031
88079,880803,1720,-62,12068,-81,-178,-283,0.01277,-0.00523,0.99962,-0.61832,-1.35878,-2.16031
88080,880813,1730,-36,12072,-80,-188,-279,0.01338,-0.00364,0.99986,-0.61069,-1.43511,-2.12977
88081,880823,1770,-28,12044,-80,-181,-277,0.01584,-0.00315,0.99819,-0.61069,-1.38168,-2.1145
88082,880833,1758,-66,12046,-73,-189,-280,0.0151,-0.00548,0.99831,-0.55725,-1.44275,-2.1374
88083,880843,1744,-22,12056,-76,-192,-287,0.01424,-0.00278,0.99891,-0.58015,-1.46565,-2.19084
88084,880853,1744,-32,12010,-76,-187,-287,0.01424,-0.00339,0.99617,-0.58015,-1.42748,-2.19084
88085,880863,1770,10,12068,-78,-185,-289,0.01584,-0.00082,0.99962,-0.59542,-1.41221,-2.20611
88086,880873,1762,-32,12086,-77,-177,-285,0.01535,-0.00339,1.00069,-0.58779,-1.35115,-2.17557
88087,880883,1746,-32,11996,-80,-188,-286,0.01437,-0.00339,0.99534,-0.61069,-1.43511,-2.18321
88088,880893,1730,-16,12096,-76,-184,-282,0.01338,-0.00241,1.00128,-0.58015,-1.40458,-2.15267
88089,880903,1746,-56,12094,-64,-185,-285,0.01437,-0.00486,1.00116,-0.48855,-1.41221,-2.17557
88090,880913,1720,-36,12086,-71,-181,-281,0.01277,-0.00364,1.00069,-0.54198,-1.38168,-2.14504
88091,880923,1758,-46,12026,-72,-195,-284,0.0151,-0.00425,0.99712,-0.54962,-1.48855,-2.16794
88092,880933,1740,-22,12048,-80,-189,-281,0.014,-0.00278,0.99843,-0.61069,-1.44275,-2.14504
88093,880943,1710,-34,12108,-78,-179,-274,0.01216,-0.00351,1.002,-0.59542,-1.36641,-2.0916
88094,880953,1758,-50,12022,-76,-180,-284,0.0151,-0.0045,0.99689,-0.58015,-1.37405,-2.16794
88095,880963,1700,-26,12058,-76,-180,-282,0.01154,-0.00302,0.99903,-0.58015,-1.37405,-2.15267
88096,880973,1716,-42,12054,-74,-187,-280,0.01252,-0.00401,0.99879,-0.56489,-1.42748,-2.1374
88097,880983,1756,-24,12048,-77,-185,-278,0.01498,-0.0029,0.99843,-0.58779,-1.41221,-2.12214
88098,880993,1748,-66,12052,-82,-180,-283,0.01449,-0.00548,0.99867,-0.62595,-1.37405,-2.16031
88099,881003,1776,-70,12004,-83,-176,-278,0.01621,-0.00572,0.99582,-0.63359,-1.34351,-2.12214
88100,881013,1720,-42,12024,-77,-182,-276,0.01277,-0.00401,0.99701,-0.58779,-1.38931,-2.10687
88101,881023,1722,-36,12018,-77,-181,-279,0.01289,-0.00364,0.99665,-0.58779,-1.38168,-2.12977
88102,881033,1718,-22,12040,-82,-180,-282,0.01265,-0.00278,0.99796,-0.62595,-1.37405,-2.15267
88103,881043,1734,-32,12078,-78,-184,-278,0.01363,-0.00339,1.00021,-0.59542,-1.40458,-2.12214
88104,881053,1742,-70,12090,-81,-176,-282,0.01412,-0.00572,1.00093,-0.61832,-1.34351,-2.15267
88105,881063,1756,14,12058,-79,-190,-285,0.01498,-0.00057,0.99903,-0.60305,-1.45038,-2.17557
88106,881073,1764,-68,12016,-74,-189,-282,0.01547,-0.0056,0.99653,-0.56489,-1.44275,-2.15267
88107,881083,1704,-54,12044,-76,-186,-281,0.01179,-0.00474,0.99819,-0.58015,-1.41985,-2.14504
88108,881093,1768,-50,12030,-80,-190,-279,0.01572,-0.0045,0.99736,-0.61069,-1.45038,-2.12977
88109,881103,1706,-34,11986,-84,-184,-280,0.01191,-0.00351,0.99475,-0.64122,-1.40458,-2.1374
88110,881113,1714,-8,12054,-83,-184,-282,0.0124,-0.00192,0.99879,-0.63359,-1.40458,-2.15267
88111,881123,1750,-38,12126,-78,-183,-282,0.01461,-0.00376,1.00307,-0.59542,-1.39695,-2.15267
88112,881133,1746,14,12014,-80,-193,-276,0.01437,-0.00057,0.99641,-0.61069,-1.47328,-2.10687
88113,881143,1712,-16,12006,-76,-187,-276,0.01228,-0.00241,0.99594,-0.58015,-1.42748,-2.10687
88114,881153,1686,-4,12062,-78,-181,-281,0.01068,-0.00167,0.99926,-0.59542,-1.38168,-2.14504
88115,881163,1742,-32,12044,-75,-187,-283,0.01412,-0.00339,0.99819,-0.57252,-1.42748,-2.16031
88116,881173,1740,2,12120,-79,-184,-280,0.014,-0.00131,1.00271,-0.60305,-1.40458,-2.1374
88117,881183,1718,-58,12094,-79,-182,-277,0.01265,-0.00499,1.00116,-0.60305,-1.38931,-2.1145
88118,881193,1708,-54,12092,-73,-181,-283,0.01203,-0.00474,1.00105,-0.55725,-1.38168,-2.16031
88119,881203,1726,-14,12052,-81,-178,-285,0.01314,-0.00229,0.99867,-0.61832,-1.35878,-2.17557
88120,881213,1748,-42,12070,-73,-185,-282,0.01449,-0.00401,0.99974,-0.55725,-1.41221,-2.15267
88121,881223,1744,-58,12042,-79,-186,-280,0.01424,-0.00499,0.99807,-0.60305,-1.41985,-2.1374
88122,881233,1686,-20,12042,-77,-189,-286,0.01068,-0.00266,0.99807,-0.58779,-1.44275,-2.18321
88123,881243,1724,-58,12100,-73,-187,-284,0.01302,-0.00499,1.00152,-0.55725,-1.42748,-2.16794
88124,881253,1738,-52,12128,-71,-182,-281,0.01387,-0.00462,1.00318,-0.54198,-1.38931,-2.14504
88125,881263,1738,-60,12038,-78,-178,-278,0.01387,-0.00511,0.99784,-0.59542,-1.35878,-2.12214
88126,881273,1750,-46,12120,-79,-186,-281,0.01461,-0.00425,1.00271,-0.60305,-1.41985,-2.14504
88127,881283,1728,-42,12046,-77,-178,-283,0.01326,-0.00401,0.99831,-0.58779,-1.35878,-2.16031
88128,881293,1708,-48,12104,-83,-187,-277,0.01203,-0.00437,1.00176,-0.63359,-1.42748,-2.1145
88129,881303,1688,-20,12056,-75,-191,-281,0.01081,-0.00266,0.99891,-0.57252,-1.45802,-2.14504
88130,881313,1750,-44,12084,-73,-190,-283,0.01461,-0.00413,1.00057,-0.55725,-1.45038,-2.16031
88131,881323,1720,-84,12006,-75,-184,-278,0.01277,-0.00658,0.99594,-0.57252,-1.40458,-2.12214
88132,881333,1770,-30,12040,-74,-184,-282,0.01584,-0.00327,0.99796,-0.56489,-1.40458,-2.15267
88133,881343,1740,-10,12078,-80,-181,-278,0.014,-0.00204,1.00021,-0.61069,-1.38168,-2.12214
88134,881353,1680,-22,12106,-80,-193,-278,0.01032,-0.00278,1.00188,-0.61069,-1.47328,-2.12214
88135,881363,1692,-70,12056,-80,-177,-280,0.01105,-0.00572,0.99891,-0.61069,-1.35115,-2.1374
88136,881373,1728,-36,12066,-78,-180,-276,0.01326,-0.00364,0.9995,-0.59542,-1.37405,-2.10687
88137,881383,1704,4,12038,-76,-177,-284,0.01179,-0.00118,0.99784,-0.58015,-1.35115,-2.16794
88138,881393,1720,-30,12096,-78,-187,-278,0.01277,-0.00327,1.00128,-0.59542,-1.42748,-2.12214
88139,881403,1710,-110,12078,-79,-190,-283,0.01216,-0.00818,1.00021,-0.60305,-1.45038,-2.16031
88140,881413,1712,-76,11992,-78,-178,-281,0.01228,-0.00609,0.9951,-0.59542,-1.35878,-2.14504
88141,881423,1722,10,12080,-77,-184,-278,0.01289,-0.00082,1.00033,-0.58779,-1.40458,-2.12214
88142,881433,1728,-52,12028,-72,-191,-280,0.01326,-0.00462,0.99724,-0.54962,-1.45802,-2.1374
88143,881443,1764,-72,12090,-74,-189,-279,0.01547,-0.00585,1.00093,-0.56489,-1.44275,-2.12977
88144,881453,1720,-64,12068,-74,-188,-286,0.01277,-0.00536,0.99962,-0.56489,-1.43511,-2.18321
88145,881463,1734,-8,12064,-72,-181,-281,0.01363,-0.00192,0.99938,-0.54962,-1.38168,-2.14504
88146,881473,1744,-24,12064,-71,-192,-278,0.01424,-0.0029,0.99938,-0.54198,-1.46565,-2.12214
88147,881483,1760,8,12068,-72,-179,-286,0.01522,-0.00094,0.99962,-0.54962,-1.36641,-2.18321
88148,881493,1702,-20,12042,-78,-179,-284,0.01167,-0.00266,0.99807,-0.59542,-1.36641,-2.16794
88149,881503,1714,-30,12086,-78,-182,-286,0.0124,-0.00327,1.00069,-0.59542,-1.38931,-2.18321
88150,881513,1738,-24,12076,-80,-188,-281,0.01387,-0.0029,1.0001,-0.61069,-1.43511,-2.14504
88151,881523,1746,-42,12074,-70,-191,-282,0.01437,-0.00401,0.99998,-0.53435,-1.45802,-2.15267
88152,881533,1702,-48,12042,-77,-183,-282,0.01167,-0.00437,0.99807,-0.58779,-1.39695,-2.15267
88153,881543,1702,-52,12026,-76,-189,-283,0.01167,-0.00462,0.99712,-0.58015,-1.44275,-2.16031
88154,881553,1724,-22,12058,-77,-184,-279,0.01302,-0.00278,0.99903,-0.58779,-1.40458,-2.12977
88155,881563,1724,-8,12048,-82,-188,-278,0.01302,-0.00192,0.99843,-0.62595,-1.43511,-2.12214
88156,881573,1772,-34,12042,-71,-188,-278,0.01596,-0.00351,0.99807,-0.54198,-1.43511,-2.12214
88157,881583,1724,-32,12074,-80,-177,-280,0.01302,-0.00339,0.99998,-0.61069,-1.35115,-2.1374
88158,881593,1684,-58,12036,-78,-179,-277,0.01056,-0.00499,0.99772,-0.59542,-1.36641,-2.1145
88159,881603,1744,-40,12046,-77,-184,-279,0.01424,-0.00388,0.99831,-0.58779,-1.40458,-2.12977
88160,881613,1706,-58,12064,-67,-184,-282,0.01191,-0.00499,0.99938,-0.51145,-1.40458,-2.15267
88161,881623,1740,-44,12078,-75,-182,-280,0.014,-0.00413,1.00021,-0.57252,-1.38931,-2.1374
88162,881633,1746,-56,12118,-77,-190,-285,0.01437,-0.00486,1.00259,-0.58779,-1.45038,-2.17557
88163,881643,1718,-34,12026,-79,-176,-277,0.01265,-0.00351,0.99712,-0.60305,-1.34351,-2.1145
88164,881653,1748,-30,12012,-75,-184,-280,0.01449,-0.00327,0.99629,-0.57252,-1.40458,-2.1374
88165,881663,1744,-34,12008,-76,-192,-282,0.01424,-0.00351,0.99605,-0.58015,-1.46565,-2.15267
88166,881673,1714,-12,12054,-74,-186,-283,0.0124,-0.00217,0.99879,-0.56489,-1.41985,-2.16031
88167,881683,1730,-12,12020,-75,-183,-281,0.01338,-0.00217,0.99677,-0.57252,-1.39695,-2.14504
88168,881693,1732,-28,12018,-78,-186,-283,0.01351,-0.00315,0.99665,-0.59542,-1.41985,-2.16031
88169,881703,1722,-20,12052,-80,-180,-285,0.01289,-0.00266,0.99867,-0.61069,-1.37405,-2.17557
88170,881713,1748,-60,12080,-82,-184,-286,0.01449,-0.00511,1.00033,-0.62595,-1.40458,-2.18321
88171,881723,1754,-58,12058,-80,-185,-280,0.01486,-0.00499,0.99903,-0.61069,-1.41221,-2.1374
88172,881733,1718,-20,12056,-74,-179,-280,0.01265,-0.00266,0.99891,-0.56489,-1.36641,-2.1374
88173,881743,1736,-28,12060,-78,-184,-282,0.01375,-0.00315,0.99914,-0.59542,-1.40458,-2.15267
88174,881753,1712,-44,12160,-78,-184,-281,0.01228,-0.00413,1.00509,-0.59542,-1.40458,-2.14504
88175,881763,1768,-80,12054,-77,-187,-277,0.01572,-0.00634,0.99879,-0.58779,-1.42748,-2.1145
88176,881773,1760,-30,12032,-77,-180,-278,0.01522,-0.00327,0.99748,-0.58779,-1.37405,-2.12214
88177,881783,1708,-10,12038,-80,-177,-283,0.01203,-0.00204,0.99784,-0.61069,-1.35115,-2.16031
88178,881793,1748,6,12082,-73,-182,-283,0.01449,-0.00106,1.00045,-0.55725,-1.38931,-2.16031
88179,881803,1710,-74,12014,-77,-180,-278,0.01216,-0.00597,0.99641,-0.58779,-1.37405,-2.12214
88180,881813,1698,-26,12010,-80,-182,-278,0.01142,-0.00302,0.99617,-0.61069,-1.38931,-2.12214
88181,881823,1726,8,12004,-81,-189,-282,0.01314,-0.00094,0.99582,-0.61832,-1.44275,-2.15267
88182,881833,1736,-32,11978,-77,-188,-281,0.01375,-0.00339,0.99427,-0.58779,-1.43511,-2.14504
88183,881843,1702,-4,12070,-75,-187,-277,0.01167,-0.00167,0.99974,-0.57252,-1.42748,-2.1145
88184,881853,1722,-48,12080,-77,-190,-278,0.01289,-0.00437,1.00033,-0.58779,-1.45038,-2.12214
88185,881863,1720,-38,12070,-76,-186,-280,0.01277,-0.00376,0.99974,-0.58015,-1.41985,-2.1374
88186,881873,1768,-42,12086,-75,-188,-283,0.01572,-0.00401,1.00069,-0.57252,-1.43511,-2.16031
88187,881883,1726,-60,12078,-81,-187,-280,0.01314,-0.00511,1.00021,-0.61832,-1.42748,-2.1374
88188,881893,1708,-60,12056,-79,-178,-279,0.01203,-0.00511,0.99891,-0.60305,-1.35878,-2.12977
88189,881903,1722,-6,12094,-85,-182,-284,0.01289,-0.0018,1.00116,-0.64885,-1.38931,-2.16794
88190,881913,1708,-6,12068,-79,-186,-285,0.01203,-0.0018,0.99962,-0.60305,-1.41985,-2.17557
88191,881923,1760,-2,12014,-77,-172,-281,0.01522,-0.00155,0.99641,-0.58779,-1.31298,-2.14504
88192,881933,1740,-40,12050,-77,-178,-287,0.014,-0.00388,0.99855,-0.58779,-1.35878,-2.19084
88193,881943,1766,-14,12036,-81,-176,-286,0.01559,-0.00229,0.99772,-0.61832,-1.34351,-2.18321
88194,881953,1724,-52,12038,-73,-174,-288,0.01302,-0.00462,0.99784,-0.55725,-1.32824,-2.19847
88195,881963,1710,-50,12062,-77,-178,-282,0.01216,-0.0045,0.99926,-0.58779,-1.35878,-2.15267
88196,881973,1748,-14,11990,-79,-182,-279,0.01449,-0.00229,0.99498,-0.60305,-1.38931,-2.12977
88197,881983,1776,-38,12002,-79,-186,-287,0.01621,-0.00376,0.9957,-0.60305,-1.41985,-2.19084
88198,881993,1730,-68,12118,-77,-180,-282,0.01338,-0.0056,1.00259,-0.58779,-1.37405,-2.15267
88199,882003,1728,-50,12062,-77,-183,-283,0.01326,-0.0045,0.99926,-0.58779,-1.39695,-2.16031
88200,882013,1748,-22,12050,-78,-181,-287,0.01449,-0.00278,0.99855,-0.59542,-1.38168,-2.19084
88201,882023,1732,-28,12050,-79,-181,-286,0.01351,-0.00315,0.99855,-0.60305,-1.38168,-2.18321
88202,882033,1708,-64,12028,-74,-187,-283,0.01203,-0.00536,0.99724,-0.56489,-1.42748,-2.16031
88203,882043,1760,-56,12036,-76,-194,-277,0.01522,-0.00486,0.99772,-0.58015,-1.48092,-2.1145
88204,882053,1730,-10,12128,-83,-182,-284,0.01338,-0.00204,1.00318,-0.63359,-1.38931,-2.16794
88205,882063,1758,-32,12100,-81,-192,-285,0.0151,-0.00339,1.00152,-0.61832,-1.46565,-2.17557
88206,882073,1702,-32,12106,-75,-182,-280,0.01167,-0.00339,1.00188,-0.57252,-1.38931,-2.1374
88207,882083,1716,-30,12102,-76,-182,-275,0.01252,-0.00327,1.00164,-0.58015,-1.38931,-2.09924
88208,882093,1676,-52,12062,-71,-171,-282,0.01007,-0.00462,0.99926,-0.54198,-1.30534,-2.15267
88209,882103,1714,-6,12072,-75,-185,-284,0.0124,-0.0018,0.99986,-0.57252,-1.41221,-2.16794
88210,882113,1714,-66,12016,-74,-188,-284,0.0124,-0.00548,0.99653,-0.56489,-1.43511,-2.16794
88211,882123,1702,-56,12052,-73,-185,-286,0.01167,-0.00486,0.99867,-0.55725,-1.41221,-2.18321
88212,882133,1722,-68,12044,-79,-179,-277,0.01289,-0.0056,0.99819,-0.60305,-1.36641,-2.1145
88213,882143,1760,-10,12102,-77,-188,-285,0.01522,-0.00204,1.00164,-0.58779,-1.43511,-2.17557
88214,882153,1752,-16,12094,-74,-193,-279,0.01473,-0.00241,1.00116,-0.56489,-1.47328,-2.12977
88215,882163,1806,-34,11994,-83,-179,-281,0.01805,-0.00351,0.99522,-0.63359,-1.36641,-2.14504
88216,882173,1762,-24,12056,-80,-183,-280,0.01535,-0.0029,0.99891,-0.61069,-1.39695,-2.1374
88217,882183,1744,-18,12004,-83,-190,-285,0.01424,-0.00253,0.99582,-0.63359,-1.45038,-2.17557
88218,882193,1718,-48,12048,-78,-182,-280,0.01265,-0.00437,0.99843,-0.59542,-1.38931,-2.1374
88219,882203,1758,-78,12116,-75,-176,-279,0.0151,-0.00621,1.00247,-0.57252,-1.34351,-2.12977
88220,882213,1748,-22,12068,-79,-182,-282,0.01449,-0.00278,0.99962,-0.60305,-1.38931,-2.15267
88221,882223,1748,-2,12110,-76,-174,-279,0.01449,-0.00155,1.00212,-0.58015,-1.32824,-2.12977
88222,882233,1746,-18,12092,-75,-179,-284,0.01437,-0.00253,1.00105,-0.57252,-1.36641,-2.16794
88223,882243,1734,-38,12094,-79,-170,-282,0.01363,-0.00376,1.00116,-0.60305,-1.29771,-2.15267
88224,882253,1720,-32,12018,-82,-189,-283,0.01277,-0.00339,0.99665,-0.62595,-1.44275,-2.16031
88225,882263,1716,-16,12030,-77,-181,-286,0.01252,-0.00241,0.99736,-0.58779,-1.38168,-2.18321
88226,882273,1762,6,11982,-75,-186,-283,0.01535,-0.00106,0.99451,-0.57252,-1.41985,-2.16031
88227,882283,1782,-36,12050,-75,-186,-282,0.01657,-0.00364,0.99855,-0.57252,-1.41985,-2.15267
88228,882293,1738,-50,12064,-80,-183,-285,0.01387,-0.0045,0.99938,-0.61069,-1.39695,-2.17557
88229,882303,1736,-30,12080,-76,-178,-285,0.01375,-0.00327,1.00033,-0.58015,-1.35878,-2.17557
88230,882313,1692,-32,12064,-76,-182,-280,0.01105,-0.00339,0.99938,-0.58015,-1.38931,-2.1374
88231,882323,1756,-20,12068,-75,-185,-283,0.01498,-0.00266,0.99962,-0.57252,-1.41221,-2.16031
88232,882333,1704,-18,12040,-82,-185,-277,0.01179,-0.00253,0.99796,-0.62595,-1.41221,-2.1145
88233,882343,1790,-20,12084,-78,-186,-278,0.01707,-0.00266,1.00057,-0.59542,-1.41985,-2.12214
88234,882353,1722,-30,12044,-73,-183,-283,0.01289,-0.00327,0.99819,-0.55725,-1.39695,-2.16031
88235,882363,1760,-16,12056,-76,-179,-273,0.01522,-0.00241,0.99891,-0.58015,-1.36641,-2.08397
88236,882373,1738,-48,11988,-73,-175,-281,0.01387,-0.00437,0.99487,-0.55725,-1.33588,-2.14504
88237,882383,1766,-54,12084,-75,-179,-283,0.01559,-0.00474,1.00057,-0.57252,-1.36641,-2.16031
88238,882393,1714,-44,12060,-74,-194,-279,0.0124,-0.00413,0.99914,-0.56489,-1.48092,-2.12977
88239,882403,1756,6,12006,-74,-183,-280,0.01498,-0.00106,0.99594,-0.56489,-1.39695,-2.1374
88240,882413,1732,-8,12008,-70,-183,-277,0.01351,-0.00192,0.99605,-0.53435,-1.39695,-2.1145
88241,882423,1702,-40,12082,-75,-176,-280,0.01167,-0.00388,1.00045,-0.57252,-1.34351,-2.1374
88242,882433,1750,-12,12046,-76,-184,-281,0.01461,-0.00217,0.99831,-0.58015,-1.40458,-2.14504
88243,882443,1726,-66,12046,-78,-184,-281,0.01314,-0.00548,0.99831,-0.59542,-1.40458,-2.14504
88244,882453,1690,-42,12048,-83,-189,-285,0.01093,-0.00401,0.99843,-0.63359,-1.44275,-2.17557
88245,882463,1768,-26,12032,-76,-181,-279,0.01572,-0.00302,0.99748,-0.58015,-1.38168,-2.12977
88246,882473,1736,-48,12048,-74,-182,-287,0.01375,-0.00437,0.99843,-0.56489,-1.38931,-2.19084
88247,882483,1726,-20,12098,-75,-181,-278,0.01314,-0.00266,1.0014,-0.57252,-1.38168,-2.12214
88248,882493,1750,-24,12064,-79,-178,-279,0.01461,-0.0029,0.99938,-0.60305,-1.35878,-2.12977
88249,882503,1692,-8,12002,-78,-185,-280,0.01105,-0.00192,0.9957,-0.59542,-1.41221,-2.1374
88250,882513,1744,-66,12060,-82,-174,-277,0.01424,-0.00548,0.99914,-0.62595,-1.32824,-2.1145
88251,882523,1752,-36,12034,-75,-182,-277,0.01473,-0.00364,0.9976,-0.57252,-1.38931,-2.1145
88252,882533,1742,-40,12076,-73,-185,-283,0.01412,-0.00388,1.0001,-0.55725,-1.41221,-2.16031
88253,882543,1752,-76,12072,-74,-178,-284,0.01473,-0.00609,0.99986,-0.56489,-1.35878,-2.16794
88254,882553,1746,-14,12082,-78,-183,-279,0.01437,-0.00229,1.00045,-0.59542,-1.39695,-2.12977
88255,882563,1704,-42,12104,-77,-190,-276,0.01179,-0.00401,1.00176,-0.58779,-1.45038,-2.10687
88256,882573,1700,-56,12026,-77,-186,-276,0.01154,-0.00486,0.99712,-0.58779,-1.41985,-2.10687
88257,882583,1674,-62,12020,-77,-182,-282,0.00995,-0.00523,0.99677,-0.58779,-1.38931,-2.15267
88258,882593,1738,-56,12038,-78,-187,-279,0.01387,-0.00486,0.99784,-0.59542,-1.42748,-2.12977
88259,882603,1728,-60,12060,-80,-176,-284,0.01326,-0.00511,0.99914,-0.61069,-1.34351,-2.16794
88260,882613,1764,-44,12086,-76,-181,-281,0.01547,-0.00413,1.00069,-0.58015,-1.38168,-2.14504
88261,882623,1738,-32,12104,-79,-177,-275,0.01387,-0.00339,1.00176,-0.60305,-1.35115,-2.09924
88262,882633,1682,-24,12070,-83,-181,-278,0.01044,-0.0029,0.99974,-0.63359,-1.38168,-2.12214
88263,882643,1744,-36,12132,-76,-179,-274,0.01424,-0.00364,1.00342,-0.58015,-1.36641,-2.0916
88264,882653,1742,-44,12132,-75,-180,-278,0.01412,-0.00413,1.00342,-0.57252,-1.37405,-2.12214
88265,882663,1716,-38,11996,-76,-184,-278,0.01252,-0.00376,0.99534,-0.58015,-1.40458,-2.12214
88266,882673,1728,-40,12138,-84,-181,-279,0.01326,-0.00388,1.00378,-0.64122,-1.38168,-2.12977
88267,882683,1710,-34,12054,-86,-176,-282,0.01216,-0.00351,0.99879,-0.65649,-1.34351,-2.15267
88268,882693,1702,-46,12064,-82,-183,-281,0.01167,-0.00425,0.99938,-0.62595,-1.39695,-2.14504
88269,882703,1720,-50,12034,-77,-184,-286,0.01277,-0.0045,0.9976,-0.58779,-1.40458,-2.18321
88270,882713,1686,-56,12064,-78,-181,-276,0.01068,-0.00486,0.99938,-0.59542,-1.38168,-2.10687
88271,882723,1724,-26,12056,-82,-180,-282,0.01302,-0.00302,0.99891,-0.62595,-1.37405,-2.15267
88272,882733,1712,-52,12046,-83,-189,-282,0.01228,-0.00462,0.99831,-0.63359,-1.44275,-2.15267
88273,882743,1748,-24,12054,-70,-193,-277,0.01449,-0.0029,0.99879,-0.53435,-1.47328,-2.1145
88274,882753,1722,-36,12054,-75,-199,-278,0.01289,-0.00364,0.99879,-0.57252,-1.51908,-2.12214
88275,882763,1732,-16,12014,-81,-201,-279,0.01351,-0.00241,0.99641,-0.61832,-1.53435,-2.12977
88276,882773,1710,-80,11998,-82,-191,-280,0.01216,-0.00634,0.99546,-0.62595,-1.45802,-2.1374
88277,882783,1740,24,12094,-75,-179,-281,0.014,4e-05,1.00116,-0.57252,-1.36641,-2.14504
88278,882793,1732,-58,12010,-72,-184,-280,0.01351,-0.00499,0.99617,-0.54962,-1.40458,-2.1374
88279,882803,1730,-24,12094,-72,-188,-281,0.01338,-0.0029,1.00116,-0.54962,-1.43511,-2.14504
88280,882813,1700,-16,12082,-73,-188,-279,0.01154,-0.00241,1.00045,-0.55725,-1.43511,-2.12977
88281,882823,1730,-42,12026,-77,-192,-275,0.01338,-0.00401,0.99712,-0.58779,-1.46565,-2.09924
88282,882833,1738,-26,12048,-74,-188,-284,0.01387,-0.00302,0.99843,-0.56489,-1.43511,-2.16794
88283,882843,1686,-8,12022,-78,-181,-281,0.01068,-0.00192,0.99689,-0.59542,-1.38168,-2.14504
88284,882853,1726,34,12126,-74,-190,-281,0.01314,0.00066,1.00307,-0.56489,-1.45038,-2.14504
88285,882863,1704,-62,12070,-76,-187,-284,0.01179,-0.00523,0.99974,-0.58015,-1.42748,-2.16794
88286,882873,1724,-28,12026,-74,-178,-287,0.01302,-0.00315,0.99712,-0.56489,-1.35878,-2.19084
88287,882883,1750,8,12072,-78,-184,-288,0.01461,-0.00094,0.99986,-0.59542,-1.40458,-2.19847
88288,882893,1766,-18,12046,-75,-191,-278,0.01559,-0.00253,0.99831,-0.57252,-1.45802,-2.12214
88289,882903,1712,-28,12060,-78,-184,-276,0.01228,-0.00315,0.99914,-0.59542,-1.40458,-2.10687
88290,882913,1720,-86,12046,-78,-177,-276,0.01277,-0.0067,0.99831,-0.59542,-1.35115,-2.10687
88291,882923,1756,-20,11974,-81,-181,-286,0.01498,-0.00266,0.99403,-0.61832,-1.38168,-2.18321
88292,882933,1722,-36,12092,-76,-185,-283,0.01289,-0.00364,1.00105,-0.58015,-1.41221,-2.16031
88293,882943,1728,-72,12058,-70,-179,-284,0.01326,-0.00585,0.99903,-0.53435,-1.36641,-2.16794
88294,882953,1708,-62,12092,-72,-181,-283,0.01203,-0.00523,1.00105,-0.54962,-1.38168,-2.16031
88295,882963,1736,-80,12018,-73,-187,-279,0.01375,-0.00634,0.99665,-0.55725,-1.42748,-2.12977
88296,882973,1696,-6,12004,-74,-181,-275,0.0113,-0.0018,0.99582,-0.56489,-1.38168,-2.09924
88297,882983,1728,-16,12044,-81,-183,-280,0.01326,-0.00241,0.99819,-0.61832,-1.39695,-2.1374
88298,882993,1700,-54,12026,-77,-186,-282,0.01154,-0.00474,0.99712,-0.58779,-1.41985,-2.15267
88299,883003,1754,-60,12022,-78,-178,-287,0.01486,-0.00511,0.99689,-0.59542,-1.35878,-2.19084
88300,883013,1706,-4,12044,-78,-179,-277,0.01191,-0.00167,0.99819,-0.59542,-1.36641,-2.1145
88301,883023,1756,-30,12012,-75,-186,-281,0.01498,-0.00327,0.99629,-0.57252,-1.41985,-2.14504
88302,883033,1708,-36,12012,-74,-188,-286,0.01203,-0.00364,0.99629,-0.56489,-1.43511,-2.18321
88303,883043,1746,-28,12052,-79,-184,-283,0.01437,-0.00315,0.99867,-0.60305,-1.40458,-2.16031
88304,883053,1684,-32,11990,-76,-191,-281,0.01056,-0.00339,0.99498,-0.58015,-1.45802,-2.14504
88305,883063,1738,-48,12030,-73,-195,-280,0.01387,-0.00437,0.99736,-0.55725,-1.48855,-2.1374
88306,883073,1712,-50,12038,-77,-186,-277,0.01228,-0.0045,0.99784,-0.58779,-1.41985,-2.1145
88307,883083,1734,-72,12056,-71,-184,-276,0.01363,-0.00585,0.99891,-0.54198,-1.40458,-2.10687
88308,883093,1728,-72,12082,-82,-179,-282,0.01326,-0.00585,1.00045,-0.62595,-1.36641,-2.15267
88309,883103,1754,-34,12016,-81,-183,-277,0.01486,-0.00351,0.99653,-0.61832,-1.39695,-2.1145
88310,883113,1720,-40,12054,-79,-191,-281,0.01277,-0.00388,0.99879,-0.60305,-1.45802,-2.14504
88311,883123,1766,-46,12090,-79,-183,-282,0.01559,-0.00425,1.00093,-0.60305,-1.39695,-2.15267
88312,883133,1776,-70,12126,-75,-176,-281,0.01621,-0.00572,1.00307,-0.57252,-1.34351,-2.14504
88313,883143,1744,-28,12066,-77,-176,-283,0.01424,-0.00315,0.9995,-0.58779,-1.34351,-2.16031
88314,883153,1720,-56,12106,-78,-182,-282,0.01277,-0.00486,1.00188,-0.59542,-1.38931,-2.15267
88315,883163,1712,-34,12098,-79,-181,-277,0.01228,-0.00351,1.0014,-0.60305,-1.38168,-2.1145
88316,883173,1734,-44,12040,-79,-182,-280,0.01363,-0.00413,0.99796,-0.60305,-1.38931,-2.1374
88317,883183,1692,-56,12070,-79,-182,-280,0.01105,-0.00486,0.99974,-0.60305,-1.38931,-2.1374
88318,883193,1746,-8,12000,-77,-182,-275,0.01437,-0.00192,0.99558,-0.58779,-1.38931,-2.09924
88319,883203,1794,-22,12016,-73,-184,-281,0.01731,-0.00278,0.99653,-0.55725,-1.40458,-2.14504
88320,883213,1768,-22,12098,-78,-186,-280,0.01572,-0.00278,1.0014,-0.59542,-1.41985,-2.1374
88321,883223,1790,-30,12124,-76,-190,-280,0.01707,-0.00327,1.00295,-0.58015,-1.45038,-2.1374
88322,883233,1682,-32,11974,-78,-188,-281,0.01044,-0.00339,0.99403,-0.59542,-1.43511,-2.14504
88323,883243,1744,26,11960,-79,-180,-278,0.01424,0.00017,0.9932,-0.60305,-1.37405,-2.12214
88324,883253,1638,6,12090,-73,-189,-280,0.00774,-0.00106,1.00093,-0.55725,-1.44275,-2.1374
88325,883263,1712,-30,12068,-78,-180,-282,0.01228,-0.00327,0.99962,-0.59542,-1.37405,-2.15267
88326,883273,1740,-26,12048,-80,-184,-276,0.014,-0.00302,0.99843,-0.61069,-1.40458,-2.10687
88327,883283,1740,-6,12090,-79,-182,-281,0.014,-0.0018,1.00093,-0.60305,-1.38931,-2.14504
88328,883293,1714,-52,12082,-82,-189,-280,0.0124,-0.00462,1.00045,-0.62595,-1.44275,-2.1374
88329,883303,1732,-48,12006,-82,-182,-277,0.01351,-0.00437,0.99594,-0.62595,-1.38931,-2.1145
88330,883313,1732,-36,12052,-79,-183,-276,0.01351,-0.00364,0.99867,-0.60305,-1.39695,-2.10687
88331,883323,1752,-48,12098,-77,-179,-282,0.01473,-0.00437,1.0014,-0.58779,-1.36641,-2.15267
88332,883333,1702,0,12078,-77,-181,-284,0.01167,-0.00143,1.00021,-0.58779,-1.38168,-2.16794
88333,883343,1732,-20,12020,-77,-190,-280,0.01351,-0.00266,0.99677,-0.58779,-1.45038,-2.1374
88334,883353,1750,-16,12072,-81,-193,-285,0.01461,-0.00241,0.99986,-0.61832,-1.47328,-2.17557
88335,883363,1734,-56,12074,-73,-190,-281,0.01363,-0.00486,0.99998,-0.55725,-1.45038,-2.14504
88336,883373,1708,-26,12046,-73,-190,-278,0.01203,-0.00302,0.99831,-0.55725,-1.45038,-2.12214
88337,883383,1674,20,12020,-73,-187,-282,0.00995,-0.0002,0.99677,-0.55725,-1.42748,-2.15267
88338,883393,1750,-16,12050,-79,-183,-279,0.01461,-0.00241,0.99855,-0.60305,-1.39695,-2.12977
88339,883403,1744,-46,12094,-78,-183,-282,0.01424,-0.00425,1.00116,-0.59542,-1.39695,-2.15267
88340,883413,1742,-40,12034,-76,-187,-275,0.01412,-0.00388,0.9976,-0.58015,-1.42748,-2.09924
88341,883423,1758,-16,12018,-74,-181,-284,0.0151,-0.00241,0.99665,-0.56489,-1.38168,-2.16794
88342,883433,1710,-6,12038,-74,-181,-277,0.01216,-0.0018,0.99784,-0.56489,-1.38168,-2.1145
88343,883443,1728,-58,12006,-77,-192,-282,0.01326,-0.00499,0.99594,-0.58779,-1.46565,-2.15267
88344,883453,1740,-38,12126,-83,-190,-278,0.014,-0.00376,1.00307,-0.63359,-1.45038,-2.12214
88345,883463,1742,-18,12100,-82,-191,-277,0.01412,-0.00253,1.00152,-0.62595,-1.45802,-2.1145
88346,883473,1780,-2,12054,-80,-190,-284,0.01645,-0.00155,0.99879,-0.61069,-1.45038,-2.16794
88347,883483,1784,-56,12086,-77,-182,-282,0.0167,-0.00486,1.00069,-0.58779,-1.38931,-2.15267
88348,883493,1742,-56,12066,-73,-187,-280,0.01412,-0.00486,0.9995,-0.55725,-1.42748,-2.1374
88349,883503,1730,-14,12026,-77,-181,-279,0.01338,-0.00229,0.99712,-0.58779,-1.38168,-2.12977
88350,883513,1718,-32,12094,-76,-182,-281,0.01265,-0.00339,1.00116,-0.58015,-1.38931,-2.14504
88351,883523,1722,-12,12046,-79,-185,-282,0.01289,-0.00217,0.99831,-0.60305,-1.41221,-2.15267
88352,883533,1756,-44,12044,-83,-185,-278,0.01498,-0.00413,0.99819,-0.63359,-1.41221,-2.12214
88353,883543,1758,-20,11994,-72,-186,-283,0.0151,-0.00266,0.99522,-0.54962,-1.41985,-2.16031
88354,883553,1772,-36,12032,-76,-188,-283,0.01596,-0.00364,0.99748,-0.58015,-1.43511,-2.16031
88355,883563,1728,-38,12048,-71,-181,-286,0.01326,-0.00376,0.99843,-0.54198,-1.38168,-2.18321
88356,883573,1756,-72,12088,-82,-179,-276,0.01498,-0.00585,1.00081,-0.62595,-1.36641,-2.10687
88357,883583,1692,-44,12068,-82,-180,-277,0.01105,-0.00413,0.99962,-0.62595,-1.37405,-2.1145
88358,883593,1734,-26,12000,-75,-189,-284,0.01363,-0.00302,0.99558,-0.57252,-1.44275,-2.16794
88359,883603,1702,-26,12054,-75,-190,-277,0.01167,-0.00302,0.99879,-0.57252,-1.45038,-2.1145
88360,883613,1736,-30,12040,-82,-185,-279,0.01375,-0.00327,0.99796,-0.62595,-1.41221,-2.12977
88361,883623,1774,-40,11998,-83,-188,-282,0.01608,-0.00388,0.99546,-0.63359,-1.43511,-2.15267
88362,883633,1714,-46,12044,-87,-184,-284,0.0124,-0.00425,0.99819,-0.66412,-1.40458,-2.16794
88363,883643,1750,-34,12018,-80,-182,-285,0.01461,-0.00351,0.99665,-0.61069,-1.38931,-2.17557
88364,883653,1696,-24,12080,-73,-174,-279,0.0113,-0.0029,1.00033,-0.55725,-1.32824,-2.12977
88365,883663,1740,-36,12086,-79,-182,-279,0.014,-0.00364,1.00069,-0.60305,-1.38931,-2.12977
88366,883673,1724,-42,12044,-78,-184,-282,0.01302,-0.00401,0.99819,-0.59542,-1.40458,-2.15267
88367,883683,1738,-34,12016,-79,-190,-284,0.01387,-0.00351,0.99653,-0.60305,-1.45038,-2.16794
88368,883693,1660,18,12046,-69,-187,-280,0.00909,-0.00033,0.99831,-0.52672,-1.42748,-2.1374
88369,883703,1742,-30,12120,-73,-176,-281,0.01412,-0.00327,1.00271,-0.55725,-1.34351,-2.14504
88370,883713,1732,-58,12054,-76,-189,-282,0.01351,-0.00499,0.99879,-0.58015,-1.44275,-2.15267
88371,883723,1750,-32,12038,-77,-195,-289,0.01461,-0.00339,0.99784,-0.58779,-1.48855,-2.20611
88372,883733,1736,-28,12028,-75,-185,-284,0.01375,-0.00315,0.99724,-0.57252,-1.41221,-2.16794
88373,883743,1742,-34,12072,-80,-186,-278,0.01412,-0.00351,0.99986,-0.61069,-1.41985,-2.12214
88374,883753,1684,-32,12034,-83,-187,-279,0.01056,-0.00339,0.9976,-0.63359,-1.42748,-2.12977
88375,883763,1712,-20,12002,-74,-176,-282,0.01228,-0.00266,0.9957,-0.56489,-1.34351,-2.15267
88376,883773,1772,-48,12026,-72,-174,-274,0.01596,-0.00437,0.99712,-0.54962,-1.32824,-2.0916
88377,883783,1694,-42,12048,-76,-181,-278,0.01117,-0.00401,0.99843,-0.58015,-1.38168,-2.12214
88378,883793,1708,-52,12080,-80,-184,-278,0.01203,-0.00462,1.00033,-0.61069,-1.40458,-2.12214
88379,883803,1744,-40,12050,-78,-177,-279,0.01424,-0.00388,0.99855,-0.59542,-1.35115,-2.12977
88380,883813,1754,-56,12120,-75,-181,-283,0.01486,-0.00486,1.00271,-0.57252,-1.38168,-2.16031
88381,883823,1720,-42,12000,-77,-192,-282,0.01277,-0.00401,0.99558,-0.58779,-1.46565,-2.15267
88382,883833,1694,-30,12048,-70,-182,-283,0.01117,-0.00327,0.99843,-0.53435,-1.38931,-2.16031
88383,883843,1710,-54,12076,-75,-183,-286,0.01216,-0.00474,1.0001,-0.57252,-1.39695,-2.18321
88384,883853,1766,-26,12056,-80,-184,-286,0.01559,-0.00302,0.99891,-0.61069,-1.40458,-2.18321
88385,883863,1740,-48,12076,-78,-189,-287,0.014,-0.00437,1.0001,-0.59542,-1.44275,-2.19084
88386,883873,1712,-36,12044,-73,-187,-284,0.01228,-0.00364,0.99819,-0.55725,-1.42748,-2.16794
88387,883883,1700,-46,12062,-79,-182,-280,0.01154,-0.00425,0.99926,-0.60305,-1.38931,-2.1374
88388,883893,1732,-46,12074,-81,-187,-281,0.01351,-0.00425,0.99998,-0.61832,-1.42748,-2.14504
88389,883903,1730,-38,12062,-81,-179,-284,0.01338,-0.00376,0.99926,-0.61832,-1.36641,-2.16794
88390,883913,1758,-4,12046,-74,-188,-280,0.0151,-0.00167,0.99831,-0.56489,-1.43511,-2.1374
88391,883923,1764,-28,12032,-78,-187,-279,0.01547,-0.00315,0.99748,-0.59542,-1.42748,-2.12977
88392,883933,1744,-44,12026,-75,-194,-279,0.01424,-0.00413,0.99712,-0.57252,-1.48092,-2.12977
88393,883943,1726,-54,12024,-77,-177,-283,0.01314,-0.00474,0.99701,-0.58779,-1.35115,-2.16031
88394,883953,1722,-20,12060,-78,-177,-282,0.01289,-0.00266,0.99914,-0.59542,-1.35115,-2.15267
88395,883963,1732,-20,12030,-83,-182,-284,0.01351,-0.00266,0.99736,-0.63359,-1.38931,-2.16794
88396,883973,1760,-12,12054,-82,-188,-288,0.01522,-0.00217,0.99879,-0.62595,-1.43511,-2.19847
88397,883983,1692,-28,12004,-81,-182,-279,0.01105,-0.00315,0.99582,-0.61832,-1.38931,-2.12977
88398,883993,1724,-62,12028,-82,-184,-278,0.01302,-0.00523,0.99724,-0.62595,-1.40458,-2.12214
88399,884003,1726,2,12060,-73,-191,-285,0.01314,-0.00131,0.99914,-0.55725,-1.45802,-2.17557
88400,884013,1716,12,12022,-76,-191,-281,0.01252,-0.00069,0.99689,-0.58015,-1.45802,-2.14504
88401,884023,1750,-18,11992,-73,-179,-276,0.01461,-0.00253,0.9951,-0.55725,-1.36641,-2.10687
88402,884033,1738,-44,12080,-79,-181,-280,0.01387,-0.00413,1.00033,-0.60305,-1.38168,-2.1374
88403,884043,1740,-38,12022,-78,-182,-281,0.014,-0.00376,0.99689,-0.59542,-1.38931,-2.14504
88404,884053,1788,-46,12074,-80,-186,-278,0.01694,-0.00425,0.99998,-0.61069,-1.41985,-2.12214
88405,884063,1714,-50,12034,-85,-186,-280,0.0124,-0.0045,0.9976,-0.64885,-1.41985,-2.1374
88406,884073,1706,-42,12110,-80,-179,-286,0.01191,-0.00401,1.00212,-0.61069,-1.36641,-2.18321
88407,884083,1752,-26,12056,-83,-178,-282,0.01473,-0.00302,0.99891,-0.63359,-1.35878,-2.15267
88408,884093,1752,4,12076,-87,-176,-282,0.01473,-0.00118,1.0001,-0.66412,-1.34351,-2.15267
88409,884103,1696,-2,12048,-82,-191,-288,0.0113,-0.00155,0.99843,-0.62595,-1.45802,-2.19847
88410,884113,1746,-10,12080,-72,-189,-280,0.01437,-0.00204,1.00033,-0.54962,-1.44275,-2.1374
88411,884123,1730,-22,12112,-82,-192,-286,0.01338,-0.00278,1.00223,-0.62595,-1.46565,-2.18321
88412,884133,1700,-56,12026,-81,-192,-280,0.01154,-0.00486,0.99712,-0.61832,-1.46565,-2.1374
88413,884143,1726,-28,12088,-79,-190,-280,0.01314,-0.00315,1.00081,-0.60305,-1.45038,-2.1374
88414,884153,1726,0,12132,-74,-185,-278,0.01314,-0.00143,1.00342,-0.56489,-1.41221,-2.12214
88415,884163,1738,-26,12020,-82,-183,-278,0.01387,-0.00302,0.99677,-0.62595,-1.39695,-2.12214
88416,884173,1734,-62,12018,-81,-192,-284,0.01363,-0.00523,0.99665,-0.61832,-1.46565,-2.16794
88417,884183,1748,8,12094,-77,-185,-283,0.01449,-0.00094,1.00116,-0.58779,-1.41221,-2.16031
88418,884193,1728,-6,12102,-78,-190,-284,0.01326,-0.0018,1.00164,-0.59542,-1.45038,-2.16794
88419,884203,1768,-54,12096,-80,-181,-284,0.01572,-0.00474,1.00128,-0.61069,-1.38168,-2.16794
88420,884213,1758,-36,12004,-78,-185,-281,0.0151,-0.00364,0.99582,-0.59542,-1.41221,-2.14504
88421,884223,1774,-64,12034,-82,-178,-280,0.01608,-0.00536,0.9976,-0.62595,-1.35878,-2.1374
88422,884233,1756,-88,12084,-73,-178,-284,0.01498,-0.00683,1.00057,-0.55725,-1.35878,-2.16794
88423,884243,1772,-12,11960,-73,-169,-288,0.01596,-0.00217,0.9932,-0.55725,-1.29008,-2.19847
88424,884253,1772,-14,12066,-79,-173,-282,0.01596,-0.00229,0.9995,-0.60305,-1.32061,-2.15267
88425,884263,1722,14,12064,-75,-176,-278,0.01289,-0.00057,0.99938,-0.57252,-1.34351,-2.12214
88426,884273,1730,0,12028,-78,-175,-277,0.01338,-0.00143,0.99724,-0.59542,-1.33588,-2.1145
88427,884283,1710,14,12104,-77,-181,-280,0.01216,-0.00057,1.00176,-0.58779,-1.38168,-2.1374
88428,884293,1722,-40,12066,-78,-191,-283,0.01289,-0.00388,0.9995,-0.59542,-1.45802,-2.16031
88429,884303,1730,-44,12100,-81,-190,-280,0.01338,-0.00413,1.00152,-0.61832,-1.45038,-2.1374
88430,884313,1742,-72,12054,-76,-180,-280,0.01412,-0.00585,0.99879,-0.58015,-1.37405,-2.1374
88431,884323,1746,-34,12028,-71,-185,-281,0.01437,-0.00351,0.99724,-0.54198,-1.41221,-2.14504
88432,884333,1734,-14,12174,-84,-181,-281,0.01363,-0.00229,1.00592,-0.64122,-1.38168,-2.14504
88433,884343,1780,-36,12126,-83,-183,-274,0.01645,-0.00364,1.00307,-0.63359,-1.39695,-2.0916
88434,884353,1766,10,12072,-86,-188,-276,0.01559,-0.00082,0.99986,-0.65649,-1.43511,-2.10687
88435,884363,1738,-30,12052,-77,-181,-277,0.01387,-0.00327,0.99867,-0.58779,-1.38168,-2.1145
88436,884373,1704,-42,12116,-77,-175,-280,0.01179,-0.00401,1.00247,-0.58779,-1.33588,-2.1374
88437,884383,1702,-86,12124,-75,-182,-286,0.01167,-0.0067,1.00295,-0.57252,-1.38931,-2.18321
88438,884393,1732,-34,12062,-76,-188,-286,0.01351,-0.00351,0.99926,-0.58015,-1.43511,-2.18321
88439,884403,1726,-30,12074,-74,-187,-281,0.01314,-0.00327,0.99998,-0.56489,-1.42748,-2.14504
88440,884413,1712,-50,12018,-75,-191,-279,0.01228,-0.0045,0.99665,-0.57252,-1.45802,-2.12977
88441,884423,1740,-34,12012,-75,-184,-284,0.014,-0.00351,0.99629,-0.57252,-1.40458,-2.16794
88442,884433,1742,-12,12070,-74,-186,-279,0.01412,-0.00217,0.99974,-0.56489,-1.41985,-2.12977
88443,884443,1790,-38,11910,-72,-178,-278,0.01707,-0.00376,0.99023,-0.54962,-1.35878,-2.12214
88444,884453,1710,-44,12162,-81,-183,-279,0.01216,-0.00413,1.00521,-0.61832,-1.39695,-2.12977
88445,884463,1762,-38,12068,-73,-185,-280,0.01535,-0.00376,0.99962,-0.55725,-1.41221,-2.1374
88446,884473,1750,-54,12094,-76,-183,-286,0.01461,-0.00474,1.00116,-0.58015,-1.39695,-2.18321
88447,884483,1770,-22,12092,-71,-181,-283,0.01584,-0.00278,1.00105,-0.54198,-1.38168,-2.16031
88448,884493,1756,-34,12054,-70,-185,-285,0.01498,-0.00351,0.99879,-0.53435,-1.41221,-2.17557
88449,884503,1750,12,12060,-82,-184,-284,0.01461,-0.00069,0.99914,-0.62595,-1.40458,-2.16794
88450,884513,1744,-22,12076,-79,-189,-280,0.01424,-0.00278,1.0001,-0.60305,-1.44275,-2.1374
88451,884523,1716,-32,12072,-70,-195,-283,0.01252,-0.00339,0.99986,-0.53435,-1.48855,-2.16031
88452,884533,1762,18,12052,-74,-187,-279,0.01535,-0.00033,0.99867,-0.56489,-1.42748,-2.12977
88453,884543,1728,-10,12028,-77,-189,-284,0.01326,-0.00204,0.99724,-0.58779,-1.44275,-2.16794
88454,884553,1756,-2,12112,-73,-186,-279,0.01498,-0.00155,1.00223,-0.55725,-1.41985,-2.12977
88455,884563,1782,-80,12056,-74,-187,-279,0.01657,-0.00634,0.99891,-0.56489,-1.42748,-2.12977
88456,884573,1762,-32,12114,-78,-192,-281,0.01535,-0.00339,1.00235,-0.59542,-1.46565,-2.14504
88457,884583,1710,0,12088,-81,-178,-280,0.01216,-0.00143,1.00081,-0.61832,-1.35878,-2.1374
88458,884593,1682,16,12020,-76,-173,-280,0.01044,-0.00045,0.99677,-0.58015,-1.32061,-2.1374
88459,884603,1746,-14,12050,-81,-187,-285,0.01437,-0.00229,0.99855,-0.61832,-1.42748,-2.17557
88460,884613,1758,-12,12070,-78,-178,-282,0.0151,-0.00217,0.99974,-0.59542,-1.35878,-2.15267
88461,884623,1748,-44,12066,-80,-173,-285,0.01449,-0.00413,0.9995,-0.61069,-1.32061,-2.17557
88462,884633,1708,-20,12098,-78,-179,-281,0.01203,-0.00266,1.0014,-0.59542,-1.36641,-2.14504
88463,884643,1752,-26,12086,-74,-188,-277,0.01473,-0.00302,1.00069,-0.56489,-1.43511,-2.1145
88464,884653,1748,-40,12028,-74,-186,-281,0.01449,-0.00388,0.99724,-0.56489,-1.41985,-2.14504
88465,884663,1730,-28,12104,-75,-192,-280,0.01338,-0.00315,1.00176,-0.57252,-1.46565,-2.1374
88466,884673,1676,-42,12044,-74,-175,-281,0.01007,-0.00401,0.99819,-0.56489,-1.33588,-2.14504
88467,884683,1730,-32,12034,-75,-177,-287,0.01338,-0.00339,0.9976,-0.57252,-1.35115,-2.19084
88468,884693,1774,-54,12076,-75,-179,-289,0.01608,-0.00474,1.0001,-0.57252,-1.36641,-2.20611
88469,884703,1752,-46,12066,-79,-174,-280,0.01473,-0.00425,0.9995,-0.60305,-1.32824,-2.1374
88470,884713,1724,-80,12048,-81,-180,-280,0.01302,-0.00634,0.99843,-0.61832,-1.37405,-2.1374
88471,884723,1716,-48,11976,-74,-185,-279,0.01252,-0.00437,0.99415,-0.56489,-1.41221,-2.12977
88472,884733,1734,-18,12132,-81,-184,-276,0.01363,-0.00253,1.00342,-0.61832,-1.40458,-2.10687
88473,884743,1744,-66,12074,-82,-194,-279,0.01424,-0.00548,0.99998,-0.62595,-1.48092,-2.12977
88474,884753,1746,-24,12100,-80,-187,-278,0.01437,-0.0029,1.00152,-0.61069,-1.42748,-2.12214
88475,884763,1740,-40,12048,-77,-184,-283,0.014,-0.00388,0.99843,-0.58779,-1.40458,-2.16031
88476,884773,1738,-76,12060,-82,-185,-281,0.01387,-0.00609,0.99914,-0.62595,-1.41221,-2.14504
88477,884783,1746,-22,12062,-78,-186,-283,0.01437,-0.00278,0.99926,-0.59542,-1.41985,-2.16031
88478,884793,1754,-26,12004,-78,-182,-280,0.01486,-0.00302,0.99582,-0.59542,-1.38931,-2.1374
88479,884803,1738,-54,11990,-75,-183,-280,0.01387,-0.00474,0.99498,-0.57252,-1.39695,-2.1374
88480,884813,1754,-24,12058,-75,-178,-280,0.01486,-0.0029,0.99903,-0.57252,-1.35878,-2.1374
88481,884823,1722,-34,12072,-74,-180,-286,0.01289,-0.00351,0.99986,-0.56489,-1.37405,-2.18321
88482,884833,1784,-14,12050,-77,-181,-283,0.0167,-0.00229,0.99855,-0.58779,-1.38168,-2.16031
88483,884843,1746,-46,12070,-75,-177,-278,0.01437,-0.00425,0.99974,-0.57252,-1.35115,-2.12214
88484,884853,1710,-72,12070,-81,-180,-282,0.01216,-0.00585,0.99974,-0.61832,-1.37405,-2.15267
88485,884863,1732,-24,12068,-75,-179,-277,0.01351,-0.0029,0.99962,-0.57252,-1.36641,-2.1145
88486,884873,1694,-48,12042,-73,-181,-278,0.01117,-0.00437,0.99807,-0.55725,-1.38168,-2.12214
88487,884883,1738,0,12078,-75,-184,-281,0.01387,-0.00143,1.00021,-0.57252,-1.40458,-2.14504
88488,884893,1724,28,11990,-73,-194,-278,0.01302,0.00029,0.99498,-0.55725,-1.48092,-2.12214
88489,884903,1746,-60,12048,-80,-188,-280,0.01437,-0.00511,0.99843,-0.61069,-1.43511,-2.1374
88490,884913,1690,-18,12044,-81,-188,-267,0.01093,-0.00253,0.99819,-0.61832,-1.43511,-2.03817
88491,884923,1714,-44,12116,-80,-187,-275,0.0124,-0.00413,1.00247,-0.61069,-1.42748,-2.09924
88492,884933,1726,-38,12032,-76,-180,-287,0.01314,-0.00376,0.99748,-0.58015,-1.37405,-2.19084
88493,884943,1714,-26,12054,-79,-186,-283,0.0124,-0.00302,0.99879,-0.60305,-1.41985,-2.16031
88494,884953,1748,-44,12012,-75,-185,-277,0.01449,-0.00413,0.99629,-0.57252,-1.41221,-2.1145
88495,884963,1742,-38,12020,-75,-187,-282,0.01412,-0.00376,0.99677,-0.57252,-1.42748,-2.15267
88496,884973,1784,-44,12106,-77,-180,-283,0.0167,-0.00413,1.00188,-0.58779,-1.37405,-2.16031
88497,884983,1726,-4,12058,-79,-184,-283,0.01314,-0.00167,0.99903,-0.60305,-1.40458,-2.16031
88498,884993,1736,-14,12022,-76,-178,-282,0.01375,-0.00229,0.99689,-0.58015,-1.35878,-2.15267
88499,885003,1756,-36,12074,-76,-184,-279,0.01498,-0.00364,0.99998,-0.58015,-1.40458,-2.12977
88500,885013,1718,-38,12066,-77,-185,-284,0.01265,-0.00376,0.9995,-0.58779,-1.41221,-2.16794
88501,885023,1802,-46,12022,-75,-178,-290,0.0178,-0.00425,0.99689,-0.57252,-1.35878,-2.21374
88502,885033,1752,-2,12096,-76,-176,-280,0.01473,-0.00155,1.00128,-0.58015,-1.34351,-2.1374
88503,885043,1726,-28,12066,-76,-178,-281,0.01314,-0.00315,0.9995,-0.58015,-1.35878,-2.14504
88504,885053,1730,-22,12056,-72,-186,-281,0.01338,-0.00278,0.99891,-0.54962,-1.41985,-2.14504
88505,885063,1752,-88,12054,-74,-191,-280,0.01473,-0.00683,0.99879,-0.56489,-1.45802,-2.1374
88506,885073,1726,-70,12048,-81,-188,-283,0.01314,-0.00572,0.99843,-0.61832,-1.43511,-2.16031
88507,885083,1754,-24,12122,-80,-182,-282,0.01486,-0.0029,1.00283,-0.61069,-1.38931,-2.15267
88508,885093,1770,-10,12090,-80,-185,-279,0.01584,-0.00204,1.00093,-0.61069,-1.41221,-2.12977
88509,885103,1738,-36,12052,-78,-189,-283,0.01387,-0.00364,0.99867,-0.59542,-1.44275,-2.16031
88510,885113,1758,-38,12014,-77,-186,-280,0.0151,-0.00376,0.99641,-0.58779,-1.41985,-2.1374
88511,885123,1744,-52,12060,-81,-186,-283,0.01424,-0.00462,0.99914,-0.61832,-1.41985,-2.16031
88512,885133,1772,-56,12048,-77,-180,-282,0.01596,-0.00486,0.99843,-0.58779,-1.37405,-2.15267
88513,885143,1766,-16,12044,-78,-182,-280,0.01559,-0.00241,0.99819,-0.59542,-1.38931,-2.1374
88514,885153,1722,-4,12066,-80,-187,-279,0.01289,-0.00167,0.9995,-0.61069,-1.42748,-2.12977
88515,885163,1722,-24,12054,-74,-190,-283,0.01289,-0.0029,0.99879,-0.56489,-1.45038,-2.16031
88516,885173,1694,-14,12054,-77,-184,-277,0.01117,-0.00229,0.99879,-0.58779,-1.40458,-2.1145
88517,885183,1748,-54,11982,-77,-183,-282,0.01449,-0.00474,0.99451,-0.58779,-1.39695,-2.15267
88518,885193,1702,-68,12064,-81,-182,-278,0.01167,-0.0056,0.99938,-0.61832,-1.38931,-2.12214
88519,885203,1670,-46,12082,-80,-188,-281,0.0097,-0.00425,1.00045,-0.61069,-1.43511,-2.14504
88520,885213,1756,-22,12038,-75,-186,-279,0.01498,-0.00278,0.99784,-0.57252,-1.41985,-2.12977
88521,885223,1738,-24,12034,-78,-186,-281,0.01387,-0.0029,0.9976,-0.59542,-1.41985,-2.14504
88522,885233,1790,-84,12074,-73,-184,-280,0.01707,-0.00658,0.99998,-0.55725,-1.40458,-2.1374
88523,885243,1744,0,12102,-81,-187,-284,0.01424,-0.00143,1.00164,-0.61832,-1.42748,-2.16794
88524,885253,1728,-6,11962,-78,-188,-279,0.01326,-0.0018,0.99332,-0.59542,-1.43511,-2.12977
88525,885263,1744,4,12004,-80,-188,-281,0.01424,-0.00118,0.99582,-0.61069,-1.43511,-2.14504
88526,885273,1732,-18,12058,-79,-187,-281,0.01351,-0.00253,0.99903,-0.60305,-1.42748,-2.14504
88527,885283,1706,-58,12064,-71,-181,-282,0.01191,-0.00499,0.99938,-0.54198,-1.38168,-2.15267
88528,885293,1750,-14,12070,-74,-186,-283,0.01461,-0.00229,0.99974,-0.56489,-1.41985,-2.16031
88529,885303,1710,6,12018,-77,-180,-282,0.01216,-0.00106,0.99665,-0.58779,-1.37405,-2.15267
88530,885313,1774,-56,12020,-81,-185,-280,0.01608,-0.00486,0.99677,-0.61832,-1.41221,-2.1374
88531,885323,1742,10,11976,-74,-184,-279,0.01412,-0.00082,0.99415,-0.56489,-1.40458,-2.12977
88532,885333,1728,-40,12070,-76,-179,-282,0.01326,-0.00388,0.99974,-0.58015,-1.36641,-2.15267
88533,885343,1706,0,12018,-84,-190,-285,0.01191,-0.00143,0.99665,-0.64122,-1.45038,-2.17557
88534,885353,1696,-32,12022,-81,-178,-284,0.0113,-0.00339,0.99689,-0.61832,-1.35878,-2.16794
88535,885363,1730,-36,12072,-75,-181,-277,0.01338,-0.00364,0.99986,-0.57252,-1.38168,-2.1145
88536,885373,1718,-18,12026,-84,-182,-285,0.01265,-0.00253,0.99712,-0.64122,-1.38931,-2.17557
88537,885383,1742,-40,12004,-80,-173,-281,0.01412,-0.00388,0.99582,-0.61069,-1.32061,-2.14504
88538,885393,1744,2,12070,-69,-176,-284,0.01424,-0.00131,0.99974,-0.52672,-1.34351,-2.16794
88539,885403,1708,0,12122,-76,-182,-281,0.01203,-0.00143,1.00283,-0.58015,-1.38931,-2.14504
88540,885413,1702,-24,12058,-79,-179,-280,0.01167,-0.0029,0.99903,-0.60305,-1.36641,-2.1374
88541,885423,1742,-26,12088,-80,-187,-281,0.01412,-0.00302,1.00081,-0.61069,-1.42748,-2.14504
88542,885433,1750,-42,12118,-84,-191,-286,0.01461,-0.00401,1.00259,-0.64122,-1.45802,-2.18321
88543,885443,1744,4,12028,-80,-189,-288,0.01424,-0.00118,0.99724,-0.61069,-1.44275,-2.19847
88544,885453,1746,-20,12058,-76,-187,-279,0.01437,-0.00266,0.99903,-0.58015,-1.42748,-2.12977
88545,885463,1706,-28,12090,-81,-192,-281,0.01191,-0.00315,1.00093,-0.61832,-1.46565,-2.14504
88546,885473,1760,4,12066,-78,-182,-280,0.01522,-0.00118,0.9995,-0.59542,-1.38931,-2.1374
88547,885483,1766,-22,12084,-84,-186,-282,0.01559,-0.00278,1.00057,-0.64122,-1.41985,-2.15267
88548,885493,1690,-42,12052,-81,-181,-281,0.01093,-0.00401,0.99867,-0.61832,-1.38168,-2.14504
88549,885503,1752,-36,12062,-80,-182,-280,0.01473,-0.00364,0.99926,-0.61069,-1.38931,-2.1374
88550,885513,1732,-26,12078,-79,-180,-281,0.01351,-0.00302,1.00021,-0.60305,-1.37405,-2.14504
88551,885523,1740,-2,11966,-78,-183,-285,0.014,-0.00155,0.99356,-0.59542,-1.39695,-2.17557
88552,885533,1718,-38,12022,-79,-191,-275,0.01265,-0.00376,0.99689,-0.60305,-1.45802,-2.09924
88553,885543,1736,-16,12078,-76,-190,-279,0.01375,-0.00241,1.00021,-0.58015,-1.45038,-2.12977
88554,885553,1776,-2,12058,-75,-185,-277,0.01621,-0.00155,0.99903,-0.57252,-1.41221,-2.1145
88555,885563,1720,-34,12100,-76,-187,-280,0.01277,-0.00351,1.00152,-0.58015,-1.42748,-2.1374
88556,885573,1730,-50,12052,-80,-184,-279,0.01338,-0.0045,0.99867,-0.61069,-1.40458,-2.12977
88557,885583,1674,-30,12022,-83,-187,-280,0.00995,-0.00327,0.99689,-0.63359,-1.42748,-2.1374
88558,885593,1768,-46,12044,-81,-183,-279,0.01572,-0.00425,0.99819,-0.61832,-1.39695,-2.12977
88559,885603,1724,-4,12002,-80,-188,-282,0.01302,-0.00167,0.9957,-0.61069,-1.43511,-2.15267
88560,885613,1688,-66,12056,-71,-181,-276,0.01081,-0.00548,0.99891,-0.54198,-1.38168,-2.10687
88561,885623,1726,-54,12028,-76,-184,-285,0.01314,-0.00474,0.99724,-0.58015,-1.40458,-2.17557
88562,885633,1712,-10,12068,-79,-182,-276,0.01228,-0.00204,0.99962,-0.60305,-1.38931,-2.10687
88563,885643,1732,0,12052,-79,-190,-280,0.01351,-0.00143,0.99867,-0.60305,-1.45038,-2.1374
88564,885653,1728,-8,12050,-78,-185,-281,0.01326,-0.00192,0.99855,-0.59542,-1.41221,-2.14504
88565,885663,1740,-50,12070,-83,-190,-280,0.014,-0.0045,0.99974,-0.63359,-1.45038,-2.1374
88566,885673,1746,-2,12080,-78,-184,-280,0.01437,-0.00155,1.00033,-0.59542,-1.40458,-2.1374
88567,885683,1736,-62,12054,-85,-178,-287,0.01375,-0.00523,0.99879,-0.64885,-1.35878,-2.19084
88568,885693,1800,-24,12088,-82,-174,-285,0.01768,-0.0029,1.00081,-0.62595,-1.32824,-2.17557
88569,885703,1716,-42,12050,-79,-185,-282,0.01252,-0.00401,0.99855,-0.60305,-1.41221,-2.15267
88570,885713,1746,-42,12068,-74,-182,-279,0.01437,-0.00401,0.99962,-0.56489,-1.38931,-2.12977
88571,885723,1750,-44,12102,-70,-176,-278,0.01461,-0.00413,1.00164,-0.53435,-1.34351,-2.12214
88572,885733,1718,-4,12072,-71,-180,-279,0.01265,-0.00167,0.99986,-0.54198,-1.37405,-2.12977
88573,885743,1714,-16,12104,-78,-185,-281,0.0124,-0.00241,1.00176,-0.59542,-1.41221,-2.14504
88574,885753,1716,-52,12058,-75,-180,-283,0.01252,-0.00462,0.99903,-0.57252,-1.37405,-2.16031
88575,885763,1694,-56,12026,-77,-186,-282,0.01117,-0.00486,0.99712,-0.58779,-1.41985,-2.15267
88576,885773,1760,-56,11988,-77,-183,-281,0.01522,-0.00486,0.99487,-0.58779,-1.39695,-2.14504
88577,885783,1754,-44,12024,-76,-175,-281,0.01486,-0.00413,0.99701,-0.58015,-1.33588,-2.14504
88578,885793,1714,-12,12026,-79,-182,-275,0.0124,-0.00217,0.99712,-0.60305,-1.38931,-2.09924
88579,885803,1704,-22,12044,-75,-185,-277,0.01179,-0.00278,0.99819,-0.57252,-1.41221,-2.1145
88580,885813,1750,-66,12090,-76,-177,-279,0.01461,-0.00548,1.00093,-0.58015,-1.35115,-2.12977
88581,885823,1734,-18,12062,-72,-183,-278,0.01363,-0.00253,0.99926,-0.54962,-1.39695,-2.12214
88582,885833,1708,-22,12056,-78,-192,-281,0.01203,-0.00278,0.99891,-0.59542,-1.46565,-2.14504
88583,885843,1706,-54,12070,-72,-180,-276,0.01191,-0.00474,0.99974,-0.54962,-1.37405,-2.10687
88584,885853,1746,-52,12068,-78,-181,-282,0.01437,-0.00462,0.99962,-0.59542,-1.38168,-2.15267
88585,885863,1716,-10,12038,-74,-190,-280,0.01252,-0.00204,0.99784,-0.56489,-1.45038,-2.1374
88586,885873,1766,-44,12036,-72,-186,-284,0.01559,-0.00413,0.99772,-0.54962,-1.41985,-2.16794
88587,885883,1712,6,12146,-75,-182,-283,0.01228,-0.00106,1.00425,-0.57252,-1.38931,-2.16031
88588,885893,1730,-32,12062,-79,-186,-281,0.01338,-0.00339,0.99926,-0.60305,-1.41985,-2.14504
88589,885903,1788,-6,12052,-74,-186,-285,0.01694,-0.0018,0.99867,-0.56489,-1.41985,-2.17557
88590,885913,1716,-18,12076,-77,-191,-278,0.01252,-0.00253,1.0001,-0.58779,-1.45802,-2.12214
88591,885923,1742,-58,12118,-75,-187,-274,0.01412,-0.00499,1.00259,-0.57252,-1.42748,-2.0916
88592,885933,1732,-36,12098,-76,-183,-279,0.01351,-0.00364,1.0014,-0.58015,-1.39695,-2.12977
88593,885943,1762,-60,12058,-78,-184,-279,0.01535,-0.00511,0.99903,-0.59542,-1.40458,-2.12977
88594,885953,1722,-30,12066,-76,-178,-286,0.01289,-0.00327,0.9995,-0.58015,-1.35878,-2.18321
88595,885963,1778,2,12006,-79,-174,-283,0.01633,-0.00131,0.99594,-0.60305,-1.32824,-2.16031
88596,885973,1772,-44,12056,-72,-175,-282,0.01596,-0.00413,0.99891,-0.54962,-1.33588,-2.15267
88597,885983,1778,-50,12052,-77,-182,-276,0.01633,-0.0045,0.99867,-0.58779,-1.38931,-2.10687
88598,885993,1752,-48,12008,-80,-190,-277,0.01473,-0.00437,0.99605,-0.61069,-1.45038,-2.1145
88599,886003,1738,-44,12106,-74,-190,-280,0.01387,-0.00413,1.00188,-0.56489,-1.45038,-2.1374
88600,886013,1740,-8,12104,-78,-194,-284,0.014,-0.00192,1.00176,-0.59542,-1.48092,-2.16794
88601,886023,1702,-56,12086,-75,-193,-286,0.01167,-0.00486,1.00069,-0.57252,-1.47328,-2.18321
88602,886033,1716,-44,12104,-77,-187,-283,0.01252,-0.00413,1.00176,-0.58779,-1.42748,-2.16031
88603,886043,1734,-10,12082,-72,-183,-279,0.01363,-0.00204,1.00045,-0.54962,-1.39695,-2.12977
88604,886053,1772,-24,12044,-81,-178,-283,0.01596,-0.0029,0.99819,-0.61832,-1.35878,-2.16031
88605,886063,1758,-68,12016,-75,-183,-284,0.0151,-0.0056,0.99653,-0.57252,-1.39695,-2.16794
88606,886073,1746,-34,12086,-79,-174,-280,0.01437,-0.00351,1.00069,-0.60305,-1.32824,-2.1374
88607,886083,1682,-44,12020,-83,-182,-279,0.01044,-0.00413,0.99677,-0.63359,-1.38931,-2.12977
88608,886093,1786,-36,12114,-78,-181,-281,0.01682,-0.00364,1.00235,-0.59542,-1.38168,-2.14504
88609,886103,1758,-8,12130,-76,-177,-281,0.0151,-0.00192,1.0033,-0.58015,-1.35115,-2.14504
88610,886113,1660,-48,12076,-75,-185,-282,0.00909,-0.00437,1.0001,-0.57252,-1.41221,-2.15267
88611,886123,1740,-38,12054,-71,-186,-282,0.014,-0.00376,0.99879,-0.54198,-1.41985,-2.15267
88612,886133,1714,-66,12054,-74,-186,-284,0.0124,-0.00548,0.99879,-0.56489,-1.41985,-2.16794
88613,886143,1722,-2,12084,-76,-188,-287,0.01289,-0.00155,1.00057,-0.58015,-1.43511,-2.19084
88614,886153,1728,-32,12168,-76,-196,-281,0.01326,-0.00339,1.00556,-0.58015,-1.49618,-2.14504
88615,886163,1728,-104,12100,-83,-185,-283,0.01326,-0.00781,1.00152,-0.63359,-1.41221,-2.16031
88616,886173,1756,-38,12014,-76,-180,-285,0.01498,-0.00376,0.99641,-0.58015,-1.37405,-2.17557
88617,886183,1758,-44,12010,-81,-187,-290,0.0151,-0.00413,0.99617,-0.61832,-1.42748,-2.21374
88618,886193,1728,-30,12062,-77,-183,-278,0.01326,-0.00327,0.99926,-0.58779,-1.39695,-2.12214
88619,886203,1728,-54,12030,-74,-185,-283,0.01326,-0.00474,0.99736,-0.56489,-1.41221,-2.16031
88620,886213,1718,-34,12076,-75,-177,-284,0.01265,-0.00351,1.0001,-0.57252,-1.35115,-2.16794
88621,886223,1716,-16,11992,-76,-178,-279,0.01252,-0.00241,0.9951,-0.58015,-1.35878,-2.12977
88622,886233,1714,-18,12092,-78,-178,-284,0.0124,-0.00253,1.00105,-0.59542,-1.35878,-2.16794
88623,886243,1748,-50,12024,-77,-185,-284,0.01449,-0.0045,0.99701,-0.58779,-1.41221,-2.16794
88624,886253,1738,-24,12092,-75,-177,-279,0.01387,-0.0029,1.00105,-0.57252,-1.35115,-2.12977
88625,886263,1700,-20,12048,-71,-182,-278,0.01154,-0.00266,0.99843,-0.54198,-1.38931,-2.12214
88626,886273,1712,-20,12090,-75,-185,-273,0.01228,-0.00266,1.00093,-0.57252,-1.41221,-2.08397
88627,886283,1740,-72,12060,-75,-181,-280,0.014,-0.00585,0.99914,-0.57252,-1.38168,-2.1374
88628,886293,1780,-18,12044,-78,-176,-282,0.01645,-0.00253,0.99819,-0.59542,-1.34351,-2.15267
88629,886303,1698,-36,12040,-79,-180,-281,0.01142,-0.00364,0.99796,-0.60305,-1.37405,-2.14504
88630,886313,1724,-36,12038,-73,-191,-285,0.01302,-0.00364,0.99784,-0.55725,-1.45802,-2.17557
88631,886323,1740,-44,12050,-79,-179,-284,0.014,-0.00413,0.99855,-0.60305,-1.36641,-2.16794
88632,886333,1730,-42,12020,-72,-179,-284,0.01338,-0.00401,0.99677,-0.54962,-1.36641,-2.16794
88633,886343,1772,-48,12016,-78,-175,-282,0.01596,-0.00437,0.99653,-0.59542,-1.33588,-2.15267
88634,886353,1752,-34,12010,-81,-175,-279,0.01473,-0.00351,0.99617,-0.61832,-1.33588,-2.12977
88635,886363,1758,-14,12076,-74,-185,-281,0.0151,-0.00229,1.0001,-0.56489,-1.41221,-2.14504
88636,886373,1754,-18,12024,-75,-181,-278,0.01486,-0.00253,0.99701,-0.57252,-1.38168,-2.12214
88637,886383,1772,8,12076,-75,-193,-278,0.01596,-0.00094,1.0001,-0.57252,-1.47328,-2.12214
88638,886393,1770,-46,12066,-74,-179,-280,0.01584,-0.00425,0.9995,-0.56489,-1.36641,-2.1374
88639,886403,1746,10,12028,-77,-178,-285,0.01437,-0.00082,0.99724,-0.58779,-1.35878,-2.17557
88640,886413,1764,-60,11960,-78,-189,-281,0.01547,-0.00511,0.9932,-0.59542,-1.44275,-2.14504
88641,886423,1782,-82,12048,-77,-180,-275,0.01657,-0.00646,0.99843,-0.58779,-1.37405,-2.09924
88642,886433,1770,-30,12064,-82,-180,-279,0.01584,-0.00327,0.99938,-0.62595,-1.37405,-2.12977
88643,886443,1782,-84,12088,-82,-178,-280,0.01657,-0.00658,1.00081,-0.62595,-1.35878,-2.1374
88644,886453,1728,-26,12048,-77,-189,-285,0.01326,-0.00302,0.99843,-0.58779,-1.44275,-2.17557
88645,886463,1732,-40,12104,-78,-182,-285,0.01351,-0.00388,1.00176,-0.59542,-1.38931,-2.17557
88646,886473,1722,-46,12114,-85,-181,-283,0.01289,-0.00425,1.00235,-0.64885,-1.38168,-2.16031
88647,886483,1748,-48,12058,-83,-187,-281,0.01449,-0.00437,0.99903,-0.63359,-1.42748,-2.14504
88648,886493,1746,-26,12042,-84,-189,-280,0.01437,-0.00302,0.99807,-0.64122,-1.44275,-2.1374
88649,886503,1718,-38,12048,-81,-185,-281,0.01265,-0.00376,0.99843,-0.61832,-1.41221,-2.14504
88650,886513,1774,-34,12020,-79,-183,-278,0.01608,-0.00351,0.99677,-0.60305,-1.39695,-2.12214
88651,886523,1752,-70,12052,-81,-184,-283,0.01473,-0.00572,0.99867,-0.61832,-1.40458,-2.16031
88652,886533,1742,-44,12080,-77,-182,-283,0.01412,-0.00413,1.00033,-0.58779,-1.38931,-2.16031
88653,886543,1728,-82,12074,-78,-182,-280,0.01326,-0.00646,0.99998,-0.59542,-1.38931,-2.1374
88654,886553,1738,-50,12080,-75,-185,-279,0.01387,-0.0045,1.00033,-0.57252,-1.41221,-2.12977
88655,886563,1770,-44,12108,-79,-188,-281,0.01584,-0.00413,1.002,-0.60305,-1.43511,-2.14504
88656,886573,1736,-62,12076,-81,-193,-279,0.01375,-0.00523,1.0001,-0.61832,-1.47328,-2.12977
88657,886583,1744,-10,12042,-82,-189,-280,0.01424,-0.00204,0.99807,-0.62595,-1.44275,-2.1374
88658,886593,1736,-22,12088,-77,-185,-275,0.01375,-0.00278,1.00081,-0.58779,-1.41221,-2.09924
88659,886603,1720,-18,12000,-79,-179,-281,0.01277,-0.00253,0.99558,-0.60305,-1.36641,-2.14504
88660,886613,1720,-52,12030,-80,-182,-279,0.01277,-0.00462,0.99736,-0.61069,-1.38931,-2.12977
88661,886623,1686,-34,12062,-80,-177,-278,0.01068,-0.00351,0.99926,-0.61069,-1.35115,-2.12214
88662,886633,1768,-18,12012,-77,-175,-274,0.01572,-0.00253,0.99629,-0.58779,-1.33588,-2.0916
88663,886643,1732,-10,12054,-85,-186,-281,0.01351,-0.00204,0.99879,-0.64885,-1.41985,-2.14504
88664,886653,1738,-32,12010,-84,-186,-286,0.01387,-0.00339,0.99617,-0.64122,-1.41985,-2.18321
88665,886663,1748,-48,12092,-81,-183,-282,0.01449,-0.00437,1.00105,-0.61832,-1.39695,-2.15267
88666,886673,1702,-74,12086,-78,-184,-283,0.01167,-0.00597,1.00069,-0.59542,-1.40458,-2.16031
88667,886683,1728,-42,12052,-78,-184,-287,0.01326,-0.00401,0.99867,-0.59542,-1.40458,-2.19084
88668,886693,1692,-32,12030,-76,-196,-280,0.01105,-0.00339,0.99736,-0.58015,-1.49618,-2.1374
88669,886703,1758,-40,12048,-78,-183,-276,0.0151,-0.00388,0.99843,-0.59542,-1.39695,-2.10687
88670,886713,1766,-26,12080,-79,-183,-279,0.01559,-0.00302,1.00033,-0.60305,-1.39695,-2.12977
88671,886723,1734,0,12052,-80,-183,-283,0.01363,-0.00143,0.99867,-0.61069,-1.39695,-2.16031
88672,886733,1740,-42,12094,-83,-177,-281,0.014,-0.00401,1.00116,-0.63359,-1.35115,-2.14504
88673,886743,1786,-56,12138,-78,-184,-282,0.01682,-0.00486,1.00378,-0.59542,-1.40458,-2.15267
88674,886753,1730,-44,12110,-75,-185,-285,0.01338,-0.00413,1.00212,-0.57252,-1.41221,-2.17557
88675,886763,1708,-14,12032,-78,-188,-283,0.01203,-0.00229,0.99748,-0.59542,-1.43511,-2.16031
88676,886773,1740,-32,12026,-77,-186,-284,0.014,-0.00339,0.99712,-0.58779,-1.41985,-2.16794
88677,886783,1716,-84,12012,-79,-182,-284,0.01252,-0.00658,0.99629,-0.60305,-1.38931,-2.16794
88678,886793,1702,-28,12056,-77,-178,-280,0.01167,-0.00315,0.99891,-0.58779,-1.35878,-2.1374
88679,886803,1748,-4,12060,-75,-187,-281,0.01449,-0.00167,0.99914,-0.57252,-1.42748,-2.14504
88680,886813,1714,-20,12002,-79,-180,-284,0.0124,-0.00266,0.9957,-0.60305,-1.37405,-2.16794
88681,886823,1716,-34,12042,-81,-186,-279,0.01252,-0.00351,0.99807,-0.61832,-1.41985,-2.12977
88682,886833,1712,-42,12036,-82,-178,-282,0.01228,-0.00401,0.99772,-0.62595,-1.35878,-2.15267
88683,886843,1720,-26,11990,-83,-181,-286,0.01277,-0.00302,0.99498,-0.63359,-1.38168,-2.18321
88684,886853,1696,-38,12054,-82,-181,-285,0.0113,-0.00376,0.99879,-0.62595,-1.38168,-2.17557
88685,886863,1720,-10,12022,-79,-183,-278,0.01277,-0.00204,0.99689,-0.60305,-1.39695,-2.12214
88686,886873,1746,-68,12034,-81,-179,-274,0.01437,-0.0056,0.9976,-0.61832,-1.36641,-2.0916
88687,886883,1694,-66,12102,-80,-182,-285,0.01117,-0.00548,1.00164,-0.61069,-1.38931,-2.17557
88688,886893,1776,-62,12066,-78,-182,-278,0.01621,-0.00523,0.9995,-0.59542,-1.38931,-2.12214
88689,886903,1748,-24,12058,-79,-184,-281,0.01449,-0.0029,0.99903,-0.60305,-1.40458,-2.14504
88690,886913,1738,24,12102,-78,-183,-283,0.01387,4e-05,1.00164,-0.59542,-1.39695,-2.16031
88691,886923,1732,-48,12060,-78,-180,-283,0.01351,-0.00437,0.99914,-0.59542,-1.37405,-2.16031
88692,886933,1766,-62,12062,-81,-182,-279,0.01559,-0.00523,0.99926,-0.61832,-1.38931,-2.12977
88693,886943,1720,-12,12138,-76,-173,-280,0.01277,-0.00217,1.00378,-0.58015,-1.32061,-2.1374
88694,886953,1688,-26,12032,-75,-174,-278,0.01081,-0.00302,0.99748,-0.57252,-1.32824,-2.12214
88695,886963,1714,-24,12096,-74,-181,-282,0.0124,-0.0029,1.00128,-0.56489,-1.38168,-2.15267
88696,886973,1702,-38,12012,-79,-179,-281,0.01167,-0.00376,0.99629,-0.60305,-1.36641,-2.14504
88697,886983,1720,-56,12110,-80,-181,-282,0.01277,-0.00486,1.00212,-0.61069,-1.38168,-2.15267
88698,886993,1746,-38,12116,-84,-186,-268,0.01437,-0.00376,1.00247,-0.64122,-1.41985,-2.0458
88699,887003,1730,-18,12056,-81,-180,-273,0.01338,-0.00253,0.99891,-0.61832,-1.37405,-2.08397
88700,887013,1742,-80,12060,-71,-181,-273,0.01412,-0.00634,0.99914,-0.54198,-1.38168,-2.08397
88701,887023,1696,-44,12052,-79,-193,-279,0.0113,-0.00413,0.99867,-0.60305,-1.47328,-2.12977
88702,887033,1730,-12,12104,-72,-189,-278,0.01338,-0.00217,1.00176,-0.54962,-1.44275,-2.12214
88703,887043,1756,-18,11988,-74,-187,-272,0.01498,-0.00253,0.99487,-0.56489,-1.42748,-2.07634
88704,887053,1718,-42,12042,-78,-191,-276,0.01265,-0.00401,0.99807,-0.59542,-1.45802,-2.10687
88705,887063,1710,-12,11978,-76,-183,-283,0.01216,-0.00217,0.99427,-0.58015,-1.39695,-2.16031
88706,887073,1698,-26,12066,-77,-185,-277,0.01142,-0.00302,0.9995,-0.58779,-1.41221,-2.1145
88707,887083,1738,-22,12094,-81,-189,-283,0.01387,-0.00278,1.00116,-0.61832,-1.44275,-2.16031
88708,887093,1758,-40,12018,-77,-186,-280,0.0151,-0.00388,0.99665,-0.58779,-1.41985,-2.1374
88709,887103,1752,-54,12074,-79,-177,-283,0.01473,-0.00474,0.99998,-0.60305,-1.35115,-2.16031
88710,887113,1710,18,12042,-73,-179,-278,0.01216,-0.00033,0.99807,-0.55725,-1.36641,-2.12214
88711,887123,1740,10,12074,-75,-186,-277,0.014,-0.00082,0.99998,-0.57252,-1.41985,-2.1145
88712,887133,1736,-22,12072,-84,-191,-282,0.01375,-0.00278,0.99986,-0.64122,-1.45802,-2.15267
88713,887143,1778,-52,12026,-78,-191,-281,0.01633,-0.00462,0.99712,-0.59542,-1.45802,-2.14504
88714,887153,1766,-28,12086,-75,-193,-283,0.01559,-0.00315,1.00069,-0.57252,-1.47328,-2.16031
88715,887163,1740,-24,12002,-77,-179,-280,0.014,-0.0029,0.9957,-0.58779,-1.36641,-2.1374
88716,887173,1710,-20,12078,-83,-176,-283,0.01216,-0.00266,1.00021,-0.63359,-1.34351,-2.16031
88717,887183,1758,-32,11946,-79,-178,-280,0.0151,-0.00339,0.99237,-0.60305,-1.35878,-2.1374
88718,887193,1738,-24,12004,-69,-188,-286,0.01387,-0.0029,0.99582,-0.52672,-1.43511,-2.18321
88719,887203,1742,4,12062,-81,-183,-282,0.01412,-0.00118,0.99926,-0.61832,-1.39695,-2.15267
88720,887213,1752,-16,11992,-80,-195,-284,0.01473,-0.00241,0.9951,-0.61069,-1.48855,-2.16794
88721,887223,1750,-52,12030,-81,-182,-277,0.01461,-0.00462,0.99736,-0.61832,-1.38931,-2.1145
88722,887233,1694,-58,11996,-79,-183,-282,0.01117,-0.00499,0.99534,-0.60305,-1.39695,-2.15267
88723,887243,1726,-30,12052,-82,-188,-277,0.01314,-0.00327,0.99867,-0.62595,-1.43511,-2.1145
88724,887253,1756,-60,12094,-78,-184,-275,0.01498,-0.00511,1.00116,-0.59542,-1.40458,-2.09924
88725,887263,1704,-20,12048,-79,-180,-281,0.01179,-0.00266,0.99843,-0.60305,-1.37405,-2.14504
88726,887273,1754,-66,12008,-79,-177,-282,0.01486,-0.00548,0.99605,-0.60305,-1.35115,-2.15267
88727,887283,1750,-50,12046,-79,-175,-282,0.01461,-0.0045,0.99831,-0.60305,-1.33588,-2.15267
88728,887293,1740,-36,12052,-77,-185,-283,0.014,-0.00364,0.99867,-0.58779,-1.41221,-2.16031
88729,887303,1752,-34,11996,-74,-190,-283,0.01473,-0.00351,0.99534,-0.56489,-1.45038,-2.16031
88730,887313,1716,-36,12076,-76,-194,-281,0.01252,-0.00364,1.0001,-0.58015,-1.48092,-2.14504
88731,887323,1748,-10,12100,-74,-190,-279,0.01449,-0.00204,1.00152,-0.56489,-1.45038,-2.12977
88732,887333,1718,-32,12052,-76,-184,-283,0.01265,-0.00339,0.99867,-0.58015,-1.40458,-2.16031
88733,887343,1740,-40,12014,-75,-187,-282,0.014,-0.00388,0.99641,-0.57252,-1.42748,-2.15267
88734,887353,1740,-24,12094,-81,-181,-279,0.014,-0.0029,1.00116,-0.61832,-1.38168,-2.12977
88735,887363,1778,-34,12108,-83,-178,-279,0.01633,-0.00351,1.002,-0.63359,-1.35878,-2.12977
88736,887373,1724,-46,12104,-76,-183,-283,0.01302,-0.00425,1.00176,-0.58015,-1.39695,-2.16031
88737,887383,1736,-66,12082,-81,-183,-287,0.01375,-0.00548,1.00045,-0.61832,-1.39695,-2.19084
88738,887393,1734,2,12088,-82,-181,-280,0.01363,-0.00131,1.00081,-0.62595,-1.38168,-2.1374
88739,887403,1734,-18,12070,-78,-177,-278,0.01363,-0.00253,0.99974,-0.59542,-1.35115,-2.12214
88740,887413,1692,-36,12032,-83,-181,-283,0.01105,-0.00364,0.99748,-0.63359,-1.38168,-2.16031
88741,887423,1722,-40,11984,-77,-182,-285,0.01289,-0.00388,0.99463,-0.58779,-1.38931,-2.17557
88742,887433,1748,-36,12016,-77,-184,-278,0.01449,-0.00364,0.99653,-0.58779,-1.40458,-2.12214
88743,887443,1726,-68,12066,-77,-192,-282,0.01314,-0.0056,0.9995,-0.58779,-1.46565,-2.15267
88744,887453,1772,-20,12046,-78,-183,-278,0.01596,-0.00266,0.99831,-0.59542,-1.39695,-2.12214
88745,887463,1728,-58,12118,-79,-185,-277,0.01326,-0.00499,1.00259,-0.60305,-1.41221,-2.1145
88746,887473,1786,-8,12002,-77,-181,-285,0.01682,-0.00192,0.9957,-0.58779,-1.38168,-2.17557
88747,887483,1734,-2,12008,-80,-185,-283,0.01363,-0.00155,0.99605,-0.61069,-1.41221,-2.16031
88748,887493,1732,-42,12040,-75,-179,-278,0.01351,-0.00401,0.99796,-0.57252,-1.36641,-2.12214
88749,887503,1720,-18,12116,-84,-179,-277,0.01277,-0.00253,1.00247,-0.64122,-1.36641,-2.1145
88750,887513,1756,-42,12066,-82,-181,-281,0.01498,-0.00401,0.9995,-0.62595,-1.38168,-2.14504
88751,887523,1734,-32,12024,-79,-179,-281,0.01363,-0.00339,0.99701,-0.60305,-1.36641,-2.14504
88752,887533,1752,-30,12088,-78,-182,-285,0.01473,-0.00327,1.00081,-0.59542,-1.38931,-2.17557
88753,887543,1770,-60,12054,-77,-177,-279,0.01584,-0.00511,0.99879,-0.58779,-1.35115,-2.12977
88754,887553,1744,-26,11948,-79,-184,-283,0.01424,-0.00302,0.99249,-0.60305,-1.40458,-2.16031
88755,887563,1760,-56,12020,-83,-193,-284,0.01522,-0.00486,0.99677,-0.63359,-1.47328,-2.16794
88756,887573,1708,-10,12014,-84,-183,-285,0.01203,-0.00204,0.99641,-0.64122,-1.39695,-2.17557
88757,887583,1764,-16,11998,-83,-178,-278,0.01547,-0.00241,0.99546,-0.63359,-1.35878,-2.12214
88758,887593,1766,-96,12024,-82,-184,-281,0.01559,-0.00732,0.99701,-0.62595,-1.40458,-2.14504
88759,887603,1714,-28,11994,-73,-194,-282,0.0124,-0.00315,0.99522,-0.55725,-1.48092,-2.15267
88760,887613,1736,-56,12068,-77,-187,-284,0.01375,-0.00486,0.99962,-0.58779,-1.42748,-2.16794
88761,887623,1720,-8,12066,-81,-192,-285,0.01277,-0.00192,0.9995,-0.61832,-1.46565,-2.17557
88762,887633,1776,-56,12048,-78,-178,-274,0.01621,-0.00486,0.99843,-0.59542,-1.35878,-2.0916
88763,887643,1752,-24,12060,-76,-191,-274,0.01473,-0.0029,0.99914,-0.58015,-1.45802,-2.0916
88764,887653,1708,4,12064,-76,-178,-284,0.01203,-0.00118,0.99938,-0.58015,-1.35878,-2.16794
88765,887663,1670,-30,12082,-76,-179,-282,0.0097,-0.00327,1.00045,-0.58015,-1.36641,-2.15267
88766,887673,1688,-20,12042,-79,-186,-279,0.01081,-0.00266,0.99807,-0.60305,-1.41985,-2.12977
88767,887683,1756,-22,12144,-80,-183,-282,0.01498,-0.00278,1.00414,-0.61069,-1.39695,-2.15267
88768,887693,1736,-58,12024,-82,-182,-281,0.01375,-0.00499,0.99701,-0.62595,-1.38931,-2.14504
88769,887703,1754,-2,12102,-82,-180,-283,0.01486,-0.00155,1.00164,-0.62595,-1.37405,-2.16031
88770,887713,1722,-82,12040,-82,-188,-281,0.01289,-0.00646,0.99796,-0.62595,-1.43511,-2.14504
88771,887723,1736,-56,12050,-76,-194,-275,0.01375,-0.00486,0.99855,-0.58015,-1.48092,-2.09924
88772,887733,1712,-26,12010,-74,-189,-278,0.01228,-0.00302,0.99617,-0.56489,-1.44275,-2.12214
88773,887743,1740,-12,12032,-81,-181,-280,0.014,-0.00217,0.99748,-0.61832,-1.38168,-2.1374
88774,887753,1708,-8,12088,-81,-185,-283,0.01203,-0.00192,1.00081,-0.61832,-1.41221,-2.16031
88775,887763,1738,-52,12076,-80,-186,-275,0.01387,-0.00462,1.0001,-0.61069,-1.41985,-2.09924
88776,887773,1700,-60,12082,-78,-183,-279,0.01154,-0.00511,1.00045,-0.59542,-1.39695,-2.12977
88777,887783,1726,-12,12060,-78,-180,-282,0.01314,-0.00217,0.99914,-0.59542,-1.37405,-2.15267
88778,887793,1710,-62,12062,-77,-179,-278,0.01216,-0.00523,0.99926,-0.58779,-1.36641,-2.12214
88779,887803,1754,-42,12018,-79,-185,-282,0.01486,-0.00401,0.99665,-0.60305,-1.41221,-2.15267
88780,887813,1732,-28,12090,-79,-183,-276,0.01351,-0.00315,1.00093,-0.60305,-1.39695,-2.10687
88781,887823,1706,-56,12066,-84,-179,-278,0.01191,-0.00486,0.9995,-0.64122,-1.36641,-2.12214
88782,887833,1714,-34,12054,-78,-187,-281,0.0124,-0.00351,0.99879,-0.59542,-1.42748,-2.14504
88783,887843,1776,-72,12046,-80,-188,-276,0.01621,-0.00585,0.99831,-0.61069,-1.43511,-2.10687
88784,887853,1698,-28,12088,-79,-178,-281,0.01142,-0.00315,1.00081,-0.60305,-1.35878,-2.14504
88785,887863,1732,-56,12028,-81,-179,-286,0.01351,-0.00486,0.99724,-0.61832,-1.36641,-2.18321
88786,887873,1720,-74,12068,-82,-185,-281,0.01277,-0.00597,0.99962,-0.62595,-1.41221,-2.14504
88787,887883,1702,-28,12058,-83,-183,-276,0.01167,-0.00315,0.99903,-0.63359,-1.39695,-2.10687
88788,887893,1740,-54,12050,-75,-179,-278,0.014,-0.00474,0.99855,-0.57252,-1.36641,-2.12214
88789,887903,1752,-8,12080,-77,-188,-277,0.01473,-0.00192,1.00033,-0.58779,-1.43511,-2.1145
88790,887913,1730,-76,12060,-81,-185,-281,0.01338,-0.00609,0.99914,-0.61832,-1.41221,-2.14504
88791,887923,1786,-8,12060,-81,-183,-284,0.01682,-0.00192,0.99914,-0.61832,-1.39695,-2.16794
88792,887933,1742,-84,12080,-81,-190,-283,0.01412,-0.00658,1.00033,-0.61832,-1.45038,-2.16031
88793,887943,1790,-24,12038,-76,-184,-283,0.01707,-0.0029,0.99784,-0.58015,-1.40458,-2.16031
88794,887953,1762,-46,12094,-74,-179,-281,0.01535,-0.00425,1.00116,-0.56489,-1.36641,-2.14504
88795,887963,1730,-28,12110,-78,-186,-282,0.01338,-0.00315,1.00212,-0.59542,-1.41985,-2.15267
88796,887973,1762,-86,12084,-78,-191,-283,0.01535,-0.0067,1.00057,-0.59542,-1.45802,-2.16031
88797,887983,1718,-72,12052,-74,-183,-287,0.01265,-0.00585,0.99867,-0.56489,-1.39695,-2.19084
88798,887993,1746,-22,12092,-75,-178,-277,0.01437,-0.00278,1.00105,-0.57252,-1.35878,-2.1145
88799,888003,1740,-62,12034,-81,-186,-280,0.014,-0.00523,0.9976,-0.61832,-1.41985,-2.1374
88800,888013,1788,-32,12100,-73,-186,-277,0.01694,-0.00339,1.00152,-0.55725,-1.41985,-2.1145
88801,888023,1732,-12,12058,-77,-184,-282,0.01351,-0.00217,0.99903,-0.58779,-1.40458,-2.15267
88802,888033,1724,-24,12050,-74,-184,-279,0.01302,-0.0029,0.99855,-0.56489,-1.40458,-2.12977
88803,888043,1756,-32,12104,-78,-178,-281,0.01498,-0.00339,1.00176,-0.59542,-1.35878,-2.14504
88804,888053,1702,-80,12096,-76,-181,-276,0.01167,-0.00634,1.00128,-0.58015,-1.38168,-2.10687
88805,888063,1750,-8,12120,-80,-177,-281,0.01461,-0.00192,1.00271,-0.61069,-1.35115,-2.14504
88806,888073,1694,-60,12072,-75,-175,-282,0.01117,-0.00511,0.99986,-0.57252,-1.33588,-2.15267
88807,888083,1752,8,12126,-74,-183,-280,0.01473,-0.00094,1.00307,-0.56489,-1.39695,-2.1374
88808,888093,1716,-22,12042,-75,-177,-288,0.01252,-0.00278,0.99807,-0.57252,-1.35115,-2.19847
88809,888103,1748,8,12076,-77,-177,-283,0.01449,-0.00094,1.0001,-0.58779,-1.35115,-2.16031
88810,888113,1738,-4,12058,-77,-178,-276,0.01387,-0.00167,0.99903,-0.58779,-1.35878,-2.10687
88811,888123,1764,-34,12064,-76,-181,-285,0.01547,-0.00351,0.99938,-0.58015,-1.38168,-2.17557
88812,888133,1740,-50,12120,-82,-175,-279,0.014,-0.0045,1.00271,-0.62595,-1.33588,-2.12977
88813,888143,1728,-14,12100,-74,-181,-279,0.01326,-0.00229,1.00152,-0.56489,-1.38168,-2.12977
88814,888153,1706,6,12120,-78,-181,-278,0.01191,-0.00106,1.00271,-0.59542,-1.38168,-2.12214
88815,888163,1734,-6,12072,-68,-192,-279,0.01363,-0.0018,0.99986,-0.51908,-1.46565,-2.12977
88816,888173,1738,-56,12082,-70,-185,-275,0.01387,-0.00486,1.00045,-0.53435,-1.41221,-2.09924
88817,888183,1768,-70,12038,-81,-187,-277,0.01572,-0.00572,0.99784,-0.61832,-1.42748,-2.1145
88818,888193,1744,-34,12124,-75,-188,-278,0.01424,-0.00351,1.00295,-0.57252,-1.43511,-2.12214
88819,888203,1720,-42,12056,-77,-190,-277,0.01277,-0.00401,0.99891,-0.58779,-1.45038,-2.1145
88820,888213,1736,-58,12110,-72,-181,-277,0.01375,-0.00499,1.00212,-0.54962,-1.38168,-2.1145
88821,888223,1748,-62,12072,-78,-189,-282,0.01449,-0.00523,0.99986,-0.59542,-1.44275,-2.15267
88822,888233,1720,-62,12086,-79,-188,-280,0.01277,-0.00523,1.00069,-0.60305,-1.43511,-2.1374
88823,888243,1674,-46,12018,-76,-183,-276,0.00995,-0.00425,0.99665,-0.58015,-1.39695,-2.10687
88824,888253,1784,-48,12082,-71,-183,-281,0.0167,-0.00437,1.00045,-0.54198,-1.39695,-2.14504
88825,888263,1702,-60,12050,-75,-189,-282,0.01167,-0.00511,0.99855,-0.57252,-1.44275,-2.15267
88826,888273,1696,-48,12046,-77,-183,-284,0.0113,-0.00437,0.99831,-0.58779,-1.39695,-2.16794
88827,888283,1714,-46,12114,-78,-191,-279,0.0124,-0.00425,1.00235,-0.59542,-1.45802,-2.12977
88828,888293,1726,-34,12148,-82,-184,-275,0.01314,-0.00351,1.00437,-0.62595,-1.40458,-2.09924
88829,888303,1742,-48,12004,-78,-182,-275,0.01412,-0.00437,0.99582,-0.59542,-1.38931,-2.09924
88830,888313,1726,-8,12042,-83,-178,-284,0.01314,-0.00192,0.99807,-0.63359,-1.35878,-2.16794
88831,888323,1702,-26,12006,-76,-184,-281,0.01167,-0.00302,0.99594,-0.58015,-1.40458,-2.14504
88832,888333,1720,-6,12026,-76,-181,-285,0.01277,-0.0018,0.99712,-0.58015,-1.38168,-2.17557
88833,888343,1736,-56,12036,-76,-178,-283,0.01375,-0.00486,0.99772,-0.58015,-1.35878,-2.16031
88834,888353,1716,-4,12070,-78,-181,-284,0.01252,-0.00167,0.99974,-0.59542,-1.38168,-2.16794
88835,888363,1714,-20,12064,-79,-185,-278,0.0124,-0.00266,0.99938,-0.60305,-1.41221,-2.12214
88836,888373,1722,-38,12122,-78,-192,-273,0.01289,-0.00376,1.00283,-0.59542,-1.46565,-2.08397
88837,888383,1728,-46,12042,-80,-189,-277,0.01326,-0.00425,0.99807,-0.61069,-1.44275,-2.1145
88838,888393,1728,-52,12040,-72,-189,-278,0.01326,-0.00462,0.99796,-0.54962,-1.44275,-2.12214
88839,888403,1708,-18,12114,-76,-186,-283,0.01203,-0.00253,1.00235,-0.58015,-1.41985,-2.16031
88840,888413,1732,8,12028,-71,-187,-281,0.01351,-0.00094,0.99724,-0.54198,-1.42748,-2.14504
88841,888423,1682,-38,12054,-77,-177,-285,0.01044,-0.00376,0.99879,-0.58779,-1.35115,-2.17557
88842,888433,1722,-58,12056,-79,-195,-284,0.01289,-0.00499,0.99891,-0.60305,-1.48855,-2.16794
88843,888443,1712,-36,12020,-81,-183,-281,0.01228,-0.00364,0.99677,-0.61832,-1.39695,-2.14504
88844,888453,1728,20,12034,-77,-187,-280,0.01326,-0.0002,0.9976,-0.58779,-1.42748,-2.1374
88845,888463,1766,-22,12072,-77,-185,-279,0.01559,-0.00278,0.99986,-0.58779,-1.41221,-2.12977
88846,888473,1760,-54,12084,-77,-181,-281,0.01522,-0.00474,1.00057,-0.58779,-1.38168,-2.14504
88847,888483,1760,-28,12028,-77,-179,-276,0.01522,-0.00315,0.99724,-0.58779,-1.36641,-2.10687
88848,888493,1754,-44,12110,-75,-189,-280,0.01486,-0.00413,1.00212,-0.57252,-1.44275,-2.1374
88849,888503,1760,-44,12032,-76,-180,-278,0.01522,-0.00413,0.99748,-0.58015,-1.37405,-2.12214
88850,888513,1772,-18,12046,-74,-186,-280,0.01596,-0.00253,0.99831,-0.56489,-1.41985,-2.1374
88851,888523,1768,-36,12090,-76,-188,-282,0.01572,-0.00364,1.00093,-0.58015,-1.43511,-2.15267
88852,888533,1720,-26,12066,-74,-188,-286,0.01277,-0.00302,0.9995,-0.56489,-1.43511,-2.18321
88853,888543,1742,-68,12090,-79,-181,-281,0.01412,-0.0056,1.00093,-0.60305,-1.38168,-2.14504
88854,888553,1746,-44,12070,-79,-182,-277,0.01437,-0.00413,0.99974,-0.60305,-1.38931,-2.1145
88855,888563,1682,-34,12090,-85,-191,-282,0.01044,-0.00351,1.00093,-0.64885,-1.45802,-2.15267
88856,888573,1726,-78,12090,-74,-183,-278,0.01314,-0.00621,1.00093,-0.56489,-1.39695,-2.12214
88857,888583,1696,-10,12098,-76,-187,-279,0.0113,-0.00204,1.0014,-0.58015,-1.42748,-2.12977
88858,888593,1698,-52,12026,-75,-186,-278,0.01142,-0.00462,0.99712,-0.57252,-1.41985,-2.12214
88859,888603,1762,-44,12074,-75,-180,-276,0.01535,-0.00413,0.99998,-0.57252,-1.37405,-2.10687
88860,888613,1738,-38,12058,-78,-186,-283,0.01387,-0.00376,0.99903,-0.59542,-1.41985,-2.16031
88861,888623,1798,-8,12044,-79,-183,-281,0.01756,-0.00192,0.99819,-0.60305,-1.39695,-2.14504
88862,888633,1758,-38,12070,-80,-186,-277,0.0151,-0.00376,0.99974,-0.61069,-1.41985,-2.1145
88863,888643,1686,-26,12056,-77,-189,-271,0.01068,-0.00302,0.99891,-0.58779,-1.44275,-2.0687
88864,888653,1662,-54,12130,-79,-182,-278,0.00921,-0.00474,1.0033,-0.60305,-1.38931,-2.12214
88865,888663,1686,-32,12040,-76,-186,-280,0.01068,-0.00339,0.99796,-0.58015,-1.41985,-2.1374
88866,888673,1752,-30,12112,-75,-188,-279,0.01473,-0.00327,1.00223,-0.57252,-1.43511,-2.12977
88867,888683,1756,-34,12068,-73,-185,-284,0.01498,-0.00351,0.99962,-0.55725,-1.41221,-2.16794
88868,888693,1718,-22,12018,-80,-178,-282,0.01265,-0.00278,0.99665,-0.61069,-1.35878,-2.15267
88869,888703,1734,-42,12048,-81,-176,-281,0.01363,-0.00401,0.99843,-0.61832,-1.34351,-2.14504
88870,888713,1718,-8,12072,-82,-185,-283,0.01265,-0.00192,0.99986,-0.62595,-1.41221,-2.16031
88871,888723,1702,-44,11970,-85,-188,-285,0.01167,-0.00413,0.9938,-0.64885,-1.43511,-2.17557
88872,888733,1730,-76,12124,-84,-184,-280,0.01338,-0.00609,1.00295,-0.64122,-1.40458,-2.1374
88873,888743,1678,-48,12030,-76,-182,-282,0.01019,-0.00437,0.99736,-0.58015,-1.38931,-2.15267
88874,888753,1726,-16,12052,-79,-192,-278,0.01314,-0.00241,0.99867,-0.60305,-1.46565,-2.12214
88875,888763,1742,-12,12018,-79,-176,-277,0.01412,-0.00217,0.99665,-0.60305,-1.34351,-2.1145
88876,888773,1758,-28,12070,-80,-182,-278,0.0151,-0.00315,0.99974,-0.61069,-1.38931,-2.12214
88877,888783,1780,-28,12074,-81,-186,-278,0.01645,-0.00315,0.99998,-0.61832,-1.41985,-2.12214
88878,888793,1708,50,12002,-74,-184,-278,0.01203,0.00164,0.9957,-0.56489,-1.40458,-2.12214
88879,888803,1710,-54,12078,-80,-183,-279,0.01216,-0.00474,1.00021,-0.61069,-1.39695,-2.12977
88880,888813,1746,-28,12016,-82,-187,-281,0.01437,-0.00315,0.99653,-0.62595,-1.42748,-2.14504
88881,888823,1756,-62,12052,-78,-179,-282,0.01498,-0.00523,0.99867,-0.59542,-1.36641,-2.15267
88882,888833,1720,-68,12152,-76,-180,-284,0.01277,-0.0056,1.00461,-0.58015,-1.37405,-2.16794
88883,888843,1758,-28,12026,-72,-175,-278,0.0151,-0.00315,0.99712,-0.54962,-1.33588,-2.12214
88884,888853,1684,-10,12080,-78,-180,-280,0.01056,-0.00204,1.00033,-0.59542,-1.37405,-2.1374
88885,888863,1718,-60,12102,-72,-179,-278,0.01265,-0.00511,1.00164,-0.54962,-1.36641,-2.12214
88886,888873,1740,-20,12042,-78,-189,-276,0.014,-0.00266,0.99807,-0.59542,-1.44275,-2.10687
88887,888883,1736,-22,12116,-76,-180,-277,0.01375,-0.00278,1.00247,-0.58015,-1.37405,-2.1145
88888,888893,1682,-18,12006,-77,-186,-281,0.01044,-0.00253,0.99594,-0.58779,-1.41985,-2.14504
88889,888903,1668,-38,12070,-78,-179,-276,0.00958,-0.00376,0.99974,-0.59542,-1.36641,-2.10687
88890,888913,1710,-22,12092,-81,-186,-278,0.01216,-0.00278,1.00105,-0.61832,-1.41985,-2.12214
88891,888923,1784,-12,12104,-80,-181,-277,0.0167,-0.00217,1.00176,-0.61069,-1.38168,-2.1145
88892,888933,1734,-20,12002,-81,-178,-279,0.01363,-0.00266,0.9957,-0.61832,-1.35878,-2.12977
88893,888943,1754,-18,11994,-72,-177,-275,0.01486,-0.00253,0.99522,-0.54962,-1.35115,-2.09924
88894,888953,1764,-26,12076,-76,-184,-279,0.01547,-0.00302,1.0001,-0.58015,-1.40458,-2.12977
88895,888963,1706,-24,12078,-80,-182,-282,0.01191,-0.0029,1.00021,-0.61069,-1.38931,-2.15267
88896,888973,1702,-36,12080,-83,-187,-282,0.01167,-0.00364,1.00033,-0.63359,-1.42748,-2.15267
88897,888983,1698,-26,12074,-75,-183,-279,0.01142,-0.00302,0.99998,-0.57252,-1.39695,-2.12977
88898,888993,1738,14,12064,-79,-185,-275,0.01387,-0.00057,0.99938,-0.60305,-1.41221,-2.09924
88899,889003,1754,-60,12082,-76,-189,-281,0.01486,-0.00511,1.00045,-0.58015,-1.44275,-2.14504
88900,889013,1750,-30,12052,-78,-187,-283,0.01461,-0.00327,0.99867,-0.59542,-1.42748,-2.16031
88901,889023,1766,-26,12076,-77,-185,-286,0.01559,-0.00302,1.0001,-0.58779,-1.41221,-2.18321
88902,889033,1770,-34,12022,-79,-182,-288,0.01584,-0.00351,0.99689,-0.60305,-1.38931,-2.19847
88903,889043,1736,-50,12002,-77,-189,-285,0.01375,-0.0045,0.9957,-0.58779,-1.44275,-2.17557
88904,889053,1722,-56,12136,-78,-177,-284,0.01289,-0.00486,1.00366,-0.59542,-1.35115,-2.16794
88905,889063,1794,-4,12026,-85,-183,-282,0.01731,-0.00167,0.99712,-0.64885,-1.39695,-2.15267
88906,889073,1750,-40,12082,-77,-178,-285,0.01461,-0.00388,1.00045,-0.58779,-1.35878,-2.17557
88907,889083,1708,-42,12044,-77,-182,-278,0.01203,-0.00401,0.99819,-0.58779,-1.38931,-2.12214
88908,889093,1756,-88,12054,-78,-183,-282,0.01498,-0.00683,0.99879,-0.59542,-1.39695,-2.15267
88909,889103,1702,-14,12064,-80,-186,-282,0.01167,-0.00229,0.99938,-0.61069,-1.41985,-2.15267
88910,889113,1736,-30,12016,-82,-185,-288,0.01375,-0.00327,0.99653,-0.62595,-1.41221,-2.19847
88911,889123,1750,-16,12036,-77,-177,-285,0.01461,-0.00241,0.99772,-0.58779,-1.35115,-2.17557
88912,889133,1694,-34,12072,-79,-178,-283,0.01117,-0.00351,0.99986,-0.60305,-1.35878,-2.16031
88913,889143,1702,-34,12012,-83,-173,-282,0.01167,-0.00351,0.99629,-0.63359,-1.32061,-2.15267
88914,889153,1740,-24,12054,-78,-182,-283,0.014,-0.0029,0.99879,-0.59542,-1.38931,-2.16031
88915,889163,1748,6,12030,-80,-182,-288,0.01449,-0.00106,0.99736,-0.61069,-1.38931,-2.19847
88916,889173,1734,-34,12090,-77,-190,-288,0.01363,-0.00351,1.00093,-0.58779,-1.45038,-2.19847
88917,889183,1750,-54,12068,-76,-180,-281,0.01461,-0.00474,0.99962,-0.58015,-1.37405,-2.14504
88918,889193,1710,-6,12046,-79,-179,-276,0.01216,-0.0018,0.99831,-0.60305,-1.36641,-2.10687
88919,889203,1702,-4,11986,-78,-187,-279,0.01167,-0.00167,0.99475,-0.59542,-1.42748,-2.12977
88920,889213,1732,-50,12014,-76,-186,-276,0.01351,-0.0045,0.99641,-0.58015,-1.41985,-2.10687
88921,889223,1702,-50,12052,-78,-181,-281,0.01167,-0.0045,0.99867,-0.59542,-1.38168,-2.14504
88922,889233,1746,-42,11994,-79,-185,-281,0.01437,-0.00401,0.99522,-0.60305,-1.41221,-2.14504
88923,889243,1778,-46,11996,-69,-191,-278,0.01633,-0.00425,0.99534,-0.52672,-1.45802,-2.12214
88924,889253,1722,-50,12088,-76,-176,-281,0.01289,-0.0045,1.00081,-0.58015,-1.34351,-2.14504
88925,889263,1746,-4,12068,-75,-185,-279,0.01437,-0.00167,0.99962,-0.57252,-1.41221,-2.12977
88926,889273,1698,-6,12104,-74,-189,-289,0.01142,-0.0018,1.00176,-0.56489,-1.44275,-2.20611
88927,889283,1720,-34,11990,-76,-188,-280,0.01277,-0.00351,0.99498,-0.58015,-1.43511,-2.1374
88928,889293,1776,-8,11992,-79,-185,-276,0.01621,-0.00192,0.9951,-0.60305,-1.41221,-2.10687
88929,889303,1696,-38,12118,-76,-178,-282,0.0113,-0.00376,1.00259,-0.58015,-1.35878,-2.15267
88930,889313,1708,-40,12038,-79,-189,-289,0.01203,-0.00388,0.99784,-0.60305,-1.44275,-2.20611
88931,889323,1776,-6,12052,-75,-188,-282,0.01621,-0.0018,0.99867,-0.57252,-1.43511,-2.15267
88932,889333,1746,-62,12064,-73,-178,-280,0.01437,-0.00523,0.99938,-0.55725,-1.35878,-2.1374
88933,889343,1716,-4,12076,-74,-184,-281,0.01252,-0.00167,1.0001,-0.56489,-1.40458,-2.14504
88934,889353,1746,-18,12086,-83,-193,-280,0.01437,-0.00253,1.00069,-0.63359,-1.47328,-2.1374
88935,889363,1696,-80,12122,-75,-201,-285,0.0113,-0.00634,1.00283,-0.57252,-1.53435,-2.17557
88936,889373,1720,-50,12038,-81,-191,-278,0.01277,-0.0045,0.99784,-0.61832,-1.45802,-2.12214
88937,889383,1718,-54,12014,-73,-187,-281,0.01265,-0.00474,0.99641,-0.55725,-1.42748,-2.14504
88938,889393,1710,-36,12138,-76,-185,-284,0.01216,-0.00364,1.00378,-0.58015,-1.41221,-2.16794
88939,889403,1706,-30,12124,-79,-188,-279,0.01191,-0.00327,1.00295,-0.60305,-1.43511,-2.12977
88940,889413,1732,-42,12142,-75,-184,-278,0.01351,-0.00401,1.00402,-0.57252,-1.40458,-2.12214
88941,889423,1706,-32,12062,-76,-195,-282,0.01191,-0.00339,0.99926,-0.58015,-1.48855,-2.15267
88942,889433,1770,-18,12068,-79,-186,-279,0.01584,-0.00253,0.99962,-0.60305,-1.41985,-2.12977
88943,889443,1754,-56,12126,-74,-191,-283,0.01486,-0.00486,1.00307,-0.56489,-1.45802,-2.16031
88944,889453,1734,-80,12042,-77,-186,-281,0.01363,-0.00634,0.99807,-0.58779,-1.41985,-2.14504
88945,889463,1716,-52,12090,-76,-188,-284,0.01252,-0.00462,1.00093,-0.58015,-1.43511,-2.16794
88946,889473,1742,-20,12080,-72,-188,-280,0.01412,-0.00266,1.00033,-0.54962,-1.43511,-2.1374
88947,889483,1746,-46,12030,-75,-172,-277,0.01437,-0.00425,0.99736,-0.57252,-1.31298,-2.1145
88948,889493,1728,-6,12012,-77,-179,-279,0.01326,-0.0018,0.99629,-0.58779,-1.36641,-2.12977
88949,889503,1732,-38,12098,-78,-180,-283,0.01351,-0.00376,1.0014,-0.59542,-1.37405,-2.16031
88950,889513,1716,-2,12114,-78,-177,-282,0.01252,-0.00155,1.00235,-0.59542,-1.35115,-2.15267
88951,889523,1736,-18,12080,-78,-180,-282,0.01375,-0.00253,1.00033,-0.59542,-1.37405,-2.15267
88952,889533,1730,-44,12180,-84,-188,-281,0.01338,-0.00413,1.00627,-0.64122,-1.43511,-2.14504
88953,889543,1730,-68,12108,-77,-186,-283,0.01338,-0.0056,1.002,-0.58779,-1.41985,-2.16031
88954,889553,1700,-48,12038,-75,-190,-284,0.01154,-0.00437,0.99784,-0.57252,-1.45038,-2.16794
88955,889563,1730,6,11990,-79,-183,-277,0.01338,-0.00106,0.99498,-0.60305,-1.39695,-2.1145
88956,889573,1764,26,12060,-76,-187,-277,0.01547,0.00017,0.99914,-0.58015,-1.42748,-2.1145
88957,889583,1730,-28,12096,-77,-185,-281,0.01338,-0.00315,1.00128,-0.58779,-1.41221,-2.14504
88958,889593,1728,-44,12028,-77,-177,-285,0.01326,-0.00413,0.99724,-0.58779,-1.35115,-2.17557
88959,889603,1792,-14,12000,-76,-182,-279,0.01719,-0.00229,0.99558,-0.58015,-1.38931,-2.12977
88960,889613,1738,-16,12034,-84,-184,-278,0.01387,-0.00241,0.9976,-0.64122,-1.40458,-2.12214
88961,889623,1768,-28,12078,-77,-182,-284,0.01572,-0.00315,1.00021,-0.58779,-1.38931,-2.16794
88962,889633,1722,-34,11948,-73,-182,-283,0.01289,-0.00351,0.99249,-0.55725,-1.38931,-2.16031
88963,889643,1720,-54,12106,-79,-179,-278,0.01277,-0.00474,1.00188,-0.60305,-1.36641,-2.12214
88964,889653,1712,-68,12078,-72,-178,-284,0.01228,-0.0056,1.00021,-0.54962,-1.35878,-2.16794
88965,889663,1732,-50,12098,-71,-176,-284,0.01351,-0.0045,1.0014,-0.54198,-1.34351,-2.16794
88966,889673,1714,-38,12062,-74,-191,-280,0.0124,-0.00376,0.99926,-0.56489,-1.45802,-2.1374
88967,889683,1704,-54,12056,-77,-183,-280,0.01179,-0.00474,0.99891,-0.58779,-1.39695,-2.1374
88968,889693,1716,-56,12058,-78,-182,-282,0.01252,-0.00486,0.99903,-0.59542,-1.38931,-2.15267
88969,889703,1720,-30,12092,-81,-178,-280,0.01277,-0.00327,1.00105,-0.61832,-1.35878,-2.1374
88970,889713,1760,-32,12052,-78,-173,-273,0.01522,-0.00339,0.99867,-0.59542,-1.32061,-2.08397
88971,889723,1702,-18,12046,-75,-184,-279,0.01167,-0.00253,0.99831,-0.57252,-1.40458,-2.12977
88972,889733,1766,-14,11996,-82,-188,-284,0.01559,-0.00229,0.99534,-0.62595,-1.43511,-2.16794
88973,889743,1700,-8,12002,-77,-180,-285,0.01154,-0.00192,0.9957,-0.58779,-1.37405,-2.17557
88974,889753,1700,-50,11998,-77,-187,-285,0.01154,-0.0045,0.99546,-0.58779,-1.42748,-2.17557
88975,889763,1764,-40,12056,-81,-189,-278,0.01547,-0.00388,0.99891,-0.61832,-1.44275,-2.12214
88976,889773,1714,-42,11974,-77,-191,-278,0.0124,-0.00401,0.99403,-0.58779,-1.45802,-2.12214
88977,889783,1750,-34,12062,-75,-187,-282,0.01461,-0.00351,0.99926,-0.57252,-1.42748,-2.15267
88978,889793,1738,-28,12040,-74,-183,-277,0.01387,-0.00315,0.99796,-0.56489,-1.39695,-2.1145
88979,889803,1742,-58,12110,-77,-183,-280,0.01412,-0.00499,1.00212,-0.58779,-1.39695,-2.1374
88980,889813,1784,-72,12164,-75,-183,-282,0.0167,-0.00585,1.00532,-0.57252,-1.39695,-2.15267
88981,889823,1738,-36,12004,-76,-193,-284,0.01387,-0.00364,0.99582,-0.58015,-1.47328,-2.16794
88982,889833,1712,-12,12022,-76,-186,-279,0.01228,-0.00217,0.99689,-0.58015,-1.41985,-2.12977
88983,889843,1694,0,12098,-81,-182,-277,0.01117,-0.00143,1.0014,-0.61832,-1.38931,-2.1145
88984,889853,1790,-36,12126,-78,-179,-279,0.01707,-0.00364,1.00307,-0.59542,-1.36641,-2.12977
88985,889863,1716,-8,12076,-78,-189,-283,0.01252,-0.00192,1.0001,-0.59542,-1.44275,-2.16031
88986,889873,1728,-4,12072,-80,-185,-277,0.01326,-0.00167,0.99986,-0.61069,-1.41221,-2.1145
88987,889883,1720,-30,12072,-78,-184,-278,0.01277,-0.00327,0.99986,-0.59542,-1.40458,-2.12214
88988,889893,1738,-42,12124,-81,-182,-279,0.01387,-0.00401,1.00295,-0.61832,-1.38931,-2.12977
88989,889903,1704,-86,12138,-79,-181,-279,0.01179,-0.0067,1.00378,-0.60305,-1.38168,-2.12977
88990,889913,1736,-76,12062,-75,-187,-281,0.01375,-0.00609,0.99926,-0.57252,-1.42748,-2.14504
88991,889923,1730,-32,12006,-76,-190,-279,0.01338,-0.00339,0.99594,-0.58015,-1.45038,-2.12977
88992,889933,1740,-44,12036,-76,-188,-287,0.014,-0.00413,0.99772,-0.58015,-1.43511,-2.19084
88993,889943,1718,-56,12100,-77,-183,-279,0.01265,-0.00486,1.00152,-0.58779,-1.39695,-2.12977
88994,889953,1716,-26,12024,-74,-192,-276,0.01252,-0.00302,0.99701,-0.56489,-1.46565,-2.10687
88995,889963,1760,-12,12074,-72,-187,-278,0.01522,-0.00217,0.99998,-0.54962,-1.42748,-2.12214
88996,889973,1696,-36,12102,-75,-193,-283,0.0113,-0.00364,1.00164,-0.57252,-1.47328,-2.16031
88997,889983,1704,-68,12008,-76,-192,-279,0.01179,-0.0056,0.99605,-0.58015,-1.46565,-2.12977
88998,889993,1752,-90,12058,-81,-192,-280,0.01473,-0.00695,0.99903,-0.61832,-1.46565,-2.1374
88999,890003,1708,-16,12140,-83,-189,-285,0.01203,-0.00241,1.0039,-0.63359,-1.44275,-2.17557
89000,890013,1728,-30,12096,-76,-185,-285,0.01326,-0.00327,1.00128,-0.58015,-1.41221,-2.17557
89001,890023,1752,-82,12072,-75,-190,-279,0.01473,-0.00646,0.99986,-0.57252,-1.45038,-2.12977
89002,890033,1778,-42,12044,-83,-185,-282,0.01633,-0.00401,0.99819,-0.63359,-1.41221,-2.15267
89003,890043,1734,16,12018,-77,-183,-276,0.01363,-0.00045,0.99665,-0.58779,-1.39695,-2.10687
89004,890053,1730,-24,12038,-76,-180,-279,0.01338,-0.0029,0.99784,-0.58015,-1.37405,-2.12977
89005,890063,1692,-52,12132,-80,-187,-284,0.01105,-0.00462,1.00342,-0.61069,-1.42748,-2.16794
89006,890073,1730,-70,12094,-75,-185,-286,0.01338,-0.00572,1.00116,-0.57252,-1.41221,-2.18321
89007,890083,1724,-38,12048,-81,-181,-281,0.01302,-0.00376,0.99843,-0.61832,-1.38168,-2.14504
89008,890093,1750,-52,11956,-79,-175,-278,0.01461,-0.00462,0.99296,-0.60305,-1.33588,-2.12214
89009,890103,1688,-8,12044,-79,-184,-287,0.01081,-0.00192,0.99819,-0.60305,-1.40458,-2.19084
89010,890113,1720,-10,12104,-78,-186,-284,0.01277,-0.00204,1.00176,-0.59542,-1.41985,-2.16794
89011,890123,1708,-58,12028,-78,-179,-279,0.01203,-0.00499,0.99724,-0.59542,-1.36641,-2.12977
89012,890133,1728,-84,12018,-83,-193,-285,0.01326,-0.00658,0.99665,-0.63359,-1.47328,-2.17557
89013,890143,1764,-18,12058,-81,-188,-283,0.01547,-0.00253,0.99903,-0.61832,-1.43511,-2.16031
89014,890153,1756,-32,12140,-79,-184,-278,0.01498,-0.00339,1.0039,-0.60305,-1.40458,-2.12214
89015,890163,1730,-42,12056,-77,-188,-285,0.01338,-0.00401,0.99891,-0.58779,-1.43511,-2.17557
89016,890173,1736,-22,12008,-77,-175,-284,0.01375,-0.00278,0.99605,-0.58779,-1.33588,-2.16794
89017,890183,1724,-46,12158,-77,-187,-281,0.01302,-0.00425,1.00497,-0.58779,-1.42748,-2.14504
89018,890193,1774,-78,12018,-84,-180,-277,0.01608,-0.00621,0.99665,-0.64122,-1.37405,-2.1145
89019,890203,1730,-42,12060,-87,-182,-281,0.01338,-0.00401,0.99914,-0.66412,-1.38931,-2.14504
89020,890213,1726,-52,12052,-84,-184,-285,0.01314,-0.00462,0.99867,-0.64122,-1.40458,-2.17557
89021,890223,1696,-54,12088,-77,-189,-281,0.0113,-0.00474,1.00081,-0.58779,-1.44275,-2.14504
89022,890233,1748,-10,12060,-78,-181,-280,0.01449,-0.00204,0.99914,-0.59542,-1.38168,-2.1374
89023,890243,1752,-16,12034,-79,-175,-279,0.01473,-0.00241,0.9976,-0.60305,-1.33588,-2.12977
89024,890253,1708,-52,12102,-77,-172,-280,0.01203,-0.00462,1.00164,-0.58779,-1.31298,-2.1374
89025,890263,1740,-40,12058,-77,-172,-277,0.014,-0.00388,0.99903,-0.58779,-1.31298,-2.1145
89026,890273,1664,-30,11982,-76,-177,-281,0.00933,-0.00327,0.99451,-0.58015,-1.35115,-2.14504
89027,890283,1726,-52,12010,-68,-181,-282,0.01314,-0.00462,0.99617,-0.51908,-1.38168,-2.15267
89028,890293,1712,-22,12112,-76,-177,-283,0.01228,-0.00278,1.00223,-0.58015,-1.35115,-2.16031
89029,890303,1716,-16,12072,-79,-181,-282,0.01252,-0.00241,0.99986,-0.60305,-1.38168,-2.15267
89030,890313,1764,-48,12008,-79,-185,-282,0.01547,-0.00437,0.99605,-0.60305,-1.41221,-2.15267
89031,890323,1760,10,12122,-82,-179,-278,0.01522,-0.00082,1.00283,-0.62595,-1.36641,-2.12214
89032,890333,1734,-38,12070,-79,-182,-284,0.01363,-0.00376,0.99974,-0.60305,-1.38931,-2.16794
89033,890343,1738,-42,12028,-72,-181,-275,0.01387,-0.00401,0.99724,-0.54962,-1.38168,-2.09924
89034,890353,1758,-84,12106,-79,-181,-280,0.0151,-0.00658,1.00188,-0.60305,-1.38168,-2.1374
89035,890363,1784,12,12016,-81,-188,-282,0.0167,-0.00069,0.99653,-0.61832,-1.43511,-2.15267
89036,890373,1778,-14,12066,-78,-183,-277,0.01633,-0.00229,0.9995,-0.59542,-1.39695,-2.1145
89037,890383,1738,-56,12078,-80,-190,-276,0.01387,-0.00486,1.00021,-0.61069,-1.45038,-2.10687
89038,890393,1718,-50,12066,-75,-181,-282,0.01265,-0.0045,0.9995,-0.57252,-1.38168,-2.15267
89039,890403,1774,-8,12048,-76,-183,-286,0.01608,-0.00192,0.99843,-0.58015,-1.39695,-2.18321
89040,890413,1750,10,12082,-74,-186,-282,0.01461,-0.00082,1.00045,-0.56489,-1.41985,-2.15267
89041,890423,1718,12,12018,-76,-191,-275,0.01265,-0.00069,0.99665,-0.58015,-1.45802,-2.09924
89042,890433,1722,-50,12132,-86,-183,-279,0.01289,-0.0045,1.00342,-0.65649,-1.39695,-2.12977
89043,890443,1728,-52,12070,-78,-182,-285,0.01326,-0.00462,0.99974,-0.59542,-1.38931,-2.17557
89044,890453,1720,-52,11996,-79,-195,-280,0.01277,-0.00462,0.99534,-0.60305,-1.48855,-2.1374
89045,890463,1722,2,12054,-76,-190,-281,0.01289,-0.00131,0.99879,-0.58015,-1.45038,-2.14504
89046,890473,1736,-8,12038,-78,-188,-281,0.01375,-0.00192,0.99784,-0.59542,-1.43511,-2.14504
89047,890483,1726,-38,12022,-85,-189,-277,0.01314,-0.00376,0.99689,-0.64885,-1.44275,-2.1145
89048,890493,1760,-18,12024,-77,-184,-281,0.01522,-0.00253,0.99701,-0.58779,-1.40458,-2.14504
89049,890503,1720,-8,12046,-78,-183,-283,0.01277,-0.00192,0.99831,-0.59542,-1.39695,-2.16031
89050,890513,1742,-68,12116,-76,-187,-285,0.01412,-0.0056,1.00247,-0.58015,-1.42748,-2.17557
89051,890523,1784,-38,12020,-75,-184,-278,0.0167,-0.00376,0.99677,-0.57252,-1.40458,-2.12214
89052,890533,1736,-34,12004,-79,-190,-284,0.01375,-0.00351,0.99582,-0.60305,-1.45038,-2.16794
89053,890543,1782,-12,12026,-80,-189,-285,0.01657,-0.00217,0.99712,-0.61069,-1.44275,-2.17557
89054,890553,1756,-52,12064,-85,-190,-276,0.01498,-0.00462,0.99938,-0.64885,-1.45038,-2.10687
89055,890563,1752,-32,11988,-81,-189,-284,0.01473,-0.00339,0.99487,-0.61832,-1.44275,-2.16794
89056,890573,1748,-60,12054,-77,-185,-282,0.01449,-0.00511,0.99879,-0.58779,-1.41221,-2.15267
89057,890583,1744,6,12054,-76,-188,-283,0.01424,-0.00106,0.99879,-0.58015,-1.43511,-2.16031
89058,890593,1766,-48,12080,-73,-181,-282,0.01559,-0.00437,1.00033,-0.55725,-1.38168,-2.15267
89059,890603,1696,-44,12058,-78,-181,-277,0.0113,-0.00413,0.99903,-0.59542,-1.38168,-2.1145
89060,890613,1778,-88,12080,-74,-184,-280,0.01633,-0.00683,1.00033,-0.56489,-1.40458,-2.1374
89061,890623,1766,-68,12018,-77,-186,-283,0.01559,-0.0056,0.99665,-0.58779,-1.41985,-2.16031
89062,890633,1758,-26,12028,-76,-174,-285,0.0151,-0.00302,0.99724,-0.58015,-1.32824,-2.17557
89063,890643,1698,10,12026,-77,-178,-280,0.01142,-0.00082,0.99712,-0.58779,-1.35878,-2.1374
89064,890653,1754,-24,12076,-78,-191,-282,0.01486,-0.0029,1.0001,-0.59542,-1.45802,-2.15267
89065,890663,1730,6,12036,-76,-185,-280,0.01338,-0.00106,0.99772,-0.58015,-1.41221,-2.1374
89066,890673,1736,-48,12082,-78,-182,-282,0.01375,-0.00437,1.00045,-0.59542,-1.38931,-2.15267
89067,890683,1736,-28,12036,-82,-190,-279,0.01375,-0.00315,0.99772,-0.62595,-1.45038,-2.12977
89068,890693,1742,-16,12096,-79,-182,-274,0.01412,-0.00241,1.00128,-0.60305,-1.38931,-2.0916
89069,890703,1706,-40,12110,-76,-189,-281,0.01191,-0.00388,1.00212,-0.58015,-1.44275,-2.14504
89070,890713,1694,-54,12088,-79,-187,-283,0.01117,-0.00474,1.00081,-0.60305,-1.42748,-2.16031
89071,890723,1744,-44,12058,-80,-187,-283,0.01424,-0.00413,0.99903,-0.61069,-1.42748,-2.16031
89072,890733,1724,-62,12024,-79,-186,-281,0.01302,-0.00523,0.99701,-0.60305,-1.41985,-2.14504
89073,890743,1772,-14,12022,-85,-185,-287,0.01596,-0.00229,0.99689,-0.64885,-1.41221,-2.19084
89074,890753,1764,-74,12098,-73,-193,-281,0.01547,-0.00597,1.0014,-0.55725,-1.47328,-2.14504
89075,890763,1772,10,12044,-75,-183,-276,0.01596,-0.00082,0.99819,-0.57252,-1.39695,-2.10687
89076,890773,1726,-40,12112,-77,-180,-287,0.01314,-0.00388,1.00223,-0.58779,-1.37405,-2.19084
89077,890783,1742,-8,12068,-78,-181,-286,0.01412,-0.00192,0.99962,-0.59542,-1.38168,-2.18321
89078,890793,1736,-38,12066,-80,-186,-284,0.01375,-0.00376,0.9995,-0.61069,-1.41985,-2.16794
89079,890803,1760,-60,12082,-79,-184,-283,0.01522,-0.00511,1.00045,-0.60305,-1.40458,-2.16031
89080,890813,1740,2,12012,-80,-180,-278,0.014,-0.00131,0.99629,-0.61069,-1.37405,-2.12214
89081,890823,1766,4,11992,-70,-189,-283,0.01559,-0.00118,0.9951,-0.53435,-1.44275,-2.16031
89082,890833,1766,-58,12110,-76,-188,-280,0.01559,-0.00499,1.00212,-0.58015,-1.43511,-2.1374
89083,890843,1724,-42,12062,-77,-187,-277,0.01302,-0.00401,0.99926,-0.58779,-1.42748,-2.1145
89084,890853,1720,-80,12054,-78,-186,-280,0.01277,-0.00634,0.99879,-0.59542,-1.41985,-2.1374
89085,890863,1720,-60,12018,-84,-187,-280,0.01277,-0.00511,0.99665,-0.64122,-1.42748,-2.1374
89086,890873,1744,-32,12094,-75,-186,-279,0.01424,-0.00339,1.00116,-0.57252,-1.41985,-2.12977
89087,890883,1752,-60,12076,-82,-184,-280,0.01473,-0.00511,1.0001,-0.62595,-1.40458,-2.1374
89088,890893,1754,-34,12044,-78,-180,-286,0.01486,-0.00351,0.99819,-0.59542,-1.37405,-2.18321
89089,890903,1740,12,12058,-75,-178,-284,0.014,-0.00069,0.99903,-0.57252,-1.35878,-2.16794
89090,890913,1678,0,12016,-77,-182,-282,0.01019,-0.00143,0.99653,-0.58779,-1.38931,-2.15267
89091,890923,1736,-28,12098,-77,-184,-284,0.01375,-0.00315,1.0014,-0.58779,-1.40458,-2.16794
89092,890933,1742,-64,12012,-83,-183,-277,0.01412,-0.00536,0.99629,-0.63359,-1.39695,-2.1145
89093,890943,1756,-36,12086,-79,-186,-280,0.01498,-0.00364,1.00069,-0.60305,-1.41985,-2.1374
89094,890953,1738,-32,12056,-79,-185,-286,0.01387,-0.00339,0.99891,-0.60305,-1.41221,-2.18321
89095,890963,1696,-44,12028,-82,-187,-283,0.0113,-0.00413,0.99724,-0.62595,-1.42748,-2.16031
89096,890973,1744,-38,12096,-79,-187,-283,0.01424,-0.00376,1.00128,-0.60305,-1.42748,-2.16031
89097,890983,1722,-40,12098,-82,-187,-286,0.01289,-0.00388,1.0014,-0.62595,-1.42748,-2.18321
89098,890993,1712,-26,12020,-78,-187,-282,0.01228,-0.00302,0.99677,-0.59542,-1.42748,-2.15267
89099,891003,1722,4,12070,-80,-188,-283,0.01289,-0.00118,0.99974,-0.61069,-1.43511,-2.16031
89100,891013,1720,24,12020,-84,-188,-281,0.01277,4e-05,0.99677,-0.64122,-1.43511,-2.14504
89101,891023,1718,-78,12056,-75,-182,-282,0.01265,-0.00621,0.99891,-0.57252,-1.38931,-2.15267
89102,891033,1724,-44,12038,-77,-182,-286,0.01302,-0.00413,0.99784,-0.58779,-1.38931,-2.18321
89103,891043,1702,-22,12100,-73,-185,-284,0.01167,-0.00278,1.00152,-0.55725,-1.41221,-2.16794
89104,891053,1730,-6,12054,-75,-186,-282,0.01338,-0.0018,0.99879,-0.57252,-1.41985,-2.15267
89105,891063,1740,-72,12014,-77,-188,-284,0.014,-0.00585,0.99641,-0.58779,-1.43511,-2.16794
89106,891073,1692,-44,12038,-80,-186,-286,0.01105,-0.00413,0.99784,-0.61069,-1.41985,-2.18321
89107,891083,1732,-18,12012,-78,-187,-286,0.01351,-0.00253,0.99629,-0.59542,-1.42748,-2.18321
89108,891093,1676,-40,12048,-81,-186,-281,0.01007,-0.00388,0.99843,-0.61832,-1.41985,-2.14504
89109,891103,1770,-16,12038,-76,-184,-280,0.01584,-0.00241,0.99784,-0.58015,-1.40458,-2.1374
89110,891113,1762,-52,12036,-75,-189,-282,0.01535,-0.00462,0.99772,-0.57252,-1.44275,-2.15267
89111,891123,1724,-26,12016,-78,-183,-285,0.01302,-0.00302,0.99653,-0.59542,-1.39695,-2.17557
89112,891133,1772,-22,12016,-79,-186,-278,0.01596,-0.00278,0.99653,-0.60305,-1.41985,-2.12214
89113,891143,1762,-18,12038,-76,-187,-277,0.01535,-0.00253,0.99784,-0.58015,-1.42748,-2.1145
89114,891153,1790,-68,12046,-85,-185,-277,0.01707,-0.0056,0.99831,-0.64885,-1.41221,-2.1145
89115,891163,1738,-28,12124,-78,-185,-282,0.01387,-0.00315,1.00295,-0.59542,-1.41221,-2.15267
89116,891173,1738,-36,12074,-81,-180,-282,0.01387,-0.00364,0.99998,-0.61832,-1.37405,-2.15267
89117,891183,1764,-8,12076,-83,-182,-285,0.01547,-0.00192,1.0001,-0.63359,-1.38931,-2.17557
89118,891193,1732,-4,12044,-81,-181,-278,0.01351,-0.00167,0.99819,-0.61832,-1.38168,-2.12214
89119,891203,1750,-30,12080,-80,-180,-281,0.01461,-0.00327,1.00033,-0.61069,-1.37405,-2.14504
89120,891213,1728,2,12084,-77,-187,-280,0.01326,-0.00131,1.00057,-0.58779,-1.42748,-2.1374
89121,891223,1698,-24,12084,-73,-187,-277,0.01142,-0.0029,1.00057,-0.55725,-1.42748,-2.1145
89122,891233,1748,-24,12072,-73,-186,-281,0.01449,-0.0029,0.99986,-0.55725,-1.41985,-2.14504
89123,891243,1688,-10,12064,-81,-185,-281,0.01081,-0.00204,0.99938,-0.61832,-1.41221,-2.14504
89124,891253,1712,-50,12130,-78,-181,-284,0.01228,-0.0045,1.0033,-0.59542,-1.38168,-2.16794
89125,891263,1724,-34,12032,-74,-183,-280,0.01302,-0.00351,0.99748,-0.56489,-1.39695,-2.1374
89126,891273,1714,-80,12020,-68,-181,-278,0.0124,-0.00634,0.99677,-0.51908,-1.38168,-2.12214
89127,891283,1722,-54,12076,-76,-177,-282,0.01289,-0.00474,1.0001,-0.58015,-1.35115,-2.15267
89128,891293,1772,-28,12130,-77,-178,-279,0.01596,-0.00315,1.0033,-0.58779,-1.35878,-2.12977
89129,891303,1746,-40,12010,-81,-180,-275,0.01437,-0.00388,0.99617,-0.61832,-1.37405,-2.09924
89130,891313,1750,-56,12036,-82,-179,-280,0.01461,-0.00486,0.99772,-0.62595,-1.36641,-2.1374
89131,891323,1764,-66,12024,-81,-180,-282,0.01547,-0.00548,0.99701,-0.61832,-1.37405,-2.15267
89132,891333,1720,-40,12072,-79,-178,-281,0.01277,-0.00388,0.99986,-0.60305,-1.35878,-2.14504
89133,891343,1776,-12,12068,-76,-184,-283,0.01621,-0.00217,0.99962,-0.58015,-1.40458,-2.16031
89134,891353,1726,-30,12126,-79,-188,-279,0.01314,-0.00327,1.00307,-0.60305,-1.43511,-2.12977
89135,891363,1738,-16,12096,-76,-187,-277,0.01387,-0.00241,1.00128,-0.58015,-1.42748,-2.1145
89136,891373,1756,-68,12012,-78,-190,-276,0.01498,-0.0056,0.99629,-0.59542,-1.45038,-2.10687
89137,891383,1722,-32,12028,-83,-197,-284,0.01289,-0.00339,0.99724,-0.63359,-1.50382,-2.16794
89138,891393,1728,-26,12034,-74,-191,-283,0.01326,-0.00302,0.9976,-0.56489,-1.45802,-2.16031
89139,891403,1756,-18,12034,-75,-193,-276,0.01498,-0.00253,0.9976,-0.57252,-1.47328,-2.10687
89140,891413,1778,-46,12018,-82,-187,-287,0.01633,-0.00425,0.99665,-0.62595,-1.42748,-2.19084
89141,891423,1734,-34,12048,-80,-177,-287,0.01363,-0.00351,0.99843,-0.61069,-1.35115,-2.19084
89142,891433,1742,-10,12040,-85,-182,-280,0.01412,-0.00204,0.99796,-0.64885,-1.38931,-2.1374
89143,891443,1760,-26,12026,-77,-185,-280,0.01522,-0.00302,0.99712,-0.58779,-1.41221,-2.1374
89144,891453,1682,-38,12104,-73,-185,-275,0.01044,-0.00376,1.00176,-0.55725,-1.41221,-2.09924
89145,891463,1728,0,12060,-73,-176,-277,0.01326,-0.00143,0.99914,-0.55725,-1.34351,-2.1145
89146,891473,1738,-34,12032,-72,-188,-276,0.01387,-0.00351,0.99748,-0.54962,-1.43511,-2.10687
89147,891483,1774,-28,12060,-75,-185,-279,0.01608,-0.00315,0.99914,-0.57252,-1.41221,-2.12977
89148,891493,1704,-22,12084,-77,-187,-281,0.01179,-0.00278,1.00057,-0.58779,-1.42748,-2.14504
89149,891503,1722,-40,12084,-82,-188,-279,0.01289,-0.00388,1.00057,-0.62595,-1.43511,-2.12977
89150,891513,1704,-52,12024,-84,-186,-278,0.01179,-0.00462,0.99701,-0.64122,-1.41985,-2.12214
89151,891523,1736,-38,11996,-78,-183,-279,0.01375,-0.00376,0.99534,-0.59542,-1.39695,-2.12977
89152,891533,1746,-48,12088,-79,-188,-280,0.01437,-0.00437,1.00081,-0.60305,-1.43511,-2.1374
89153,891543,1740,-26,12038,-69,-182,-286,0.014,-0.00302,0.99784,-0.52672,-1.38931,-2.18321
89154,891553,1774,-48,12074,-79,-185,-279,0.01608,-0.00437,0.99998,-0.60305,-1.41221,-2.12977
89155,891563,1768,-48,12082,-76,-185,-284,0.01572,-0.00437,1.00045,-0.58015,-1.41221,-2.16794
89156,891573,1742,-28,12036,-80,-190,-283,0.01412,-0.00315,0.99772,-0.61069,-1.45038,-2.16031
89157,891583,1738,-48,12074,-78,-189,-283,0.01387,-0.00437,0.99998,-0.59542,-1.44275,-2.16031
89158,891593,1728,-58,12104,-77,-185,-279,0.01326,-0.00499,1.00176,-0.58779,-1.41221,-2.12977
89159,891603,1718,-64,12116,-83,-188,-277,0.01265,-0.00536,1.00247,-0.63359,-1.43511,-2.1145
89160,891613,1782,8,12080,-77,-183,-281,0.01657,-0.00094,1.00033,-0.58779,-1.39695,-2.14504
89161,891623,1750,-52,12050,-76,-180,-278,0.01461,-0.00462,0.99855,-0.58015,-1.37405,-2.12214
89162,891633,1742,-40,12058,-70,-188,-276,0.01412,-0.00388,0.99903,-0.53435,-1.43511,-2.10687
89163,891643,1756,2,12010,-73,-182,-284,0.01498,-0.00131,0.99617,-0.55725,-1.38931,-2.16794
89164,891653,1738,-20,12042,-75,-189,-283,0.01387,-0.00266,0.99807,-0.57252,-1.44275,-2.16031
89165,891663,1702,-4,12128,-72,-191,-284,0.01167,-0.00167,1.00318,-0.54962,-1.45802,-2.16794
89166,891673,1726,-38,12044,-76,-181,-282,0.01314,-0.00376,0.99819,-0.58015,-1.38168,-2.15267
89167,891683,1780,-78,12052,-81,-180,-280,0.01645,-0.00621,0.99867,-0.61832,-1.37405,-2.1374
89168,891693,1752,-14,12056,-84,-179,-279,0.01473,-0.00229,0.99891,-0.64122,-1.36641,-2.12977
89169,891703,1752,-54,12102,-81,-191,-275,0.01473,-0.00474,1.00164,-0.61832,-1.45802,-2.09924
89170,891713,1710,-26,12118,-77,-177,-285,0.01216,-0.00302,1.00259,-0.58779,-1.35115,-2.17557
89171,891723,1764,-58,12016,-77,-186,-283,0.01547,-0.00499,0.99653,-0.58779,-1.41985,-2.16031
89172,891733,1722,-38,12016,-83,-182,-280,0.01289,-0.00376,0.99653,-0.63359,-1.38931,-2.1374
89173,891743,1710,-50,12066,-81,-183,-277,0.01216,-0.0045,0.9995,-0.61832,-1.39695,-2.1145
89174,891753,1684,-40,12126,-76,-185,-275,0.01056,-0.00388,1.00307,-0.58015,-1.41221,-2.09924
89175,891763,1738,18,12060,-82,-178,-280,0.01387,-0.00033,0.99914,-0.62595,-1.35878,-2.1374
89176,891773,1736,6,12022,-78,-178,-284,0.01375,-0.00106,0.99689,-0.59542,-1.35878,-2.16794
89177,891783,1716,2,12010,-80,-181,-289,0.01252,-0.00131,0.99617,-0.61069,-1.38168,-2.20611
89178,891793,1704,-24,12144,-71,-187,-282,0.01179,-0.0029,1.00414,-0.54198,-1.42748,-2.15267
89179,891803,1740,-4,12090,-83,-192,-279,0.014,-0.00167,1.00093,-0.63359,-1.46565,-2.12977
89180,891813,1726,-38,12012,-79,-180,-276,0.01314,-0.00376,0.99629,-0.60305,-1.37405,-2.10687
89181,891823,1752,-24,12018,-78,-176,-280,0.01473,-0.0029,0.99665,-0.59542,-1.34351,-2.1374
89182,891833,1756,-38,12080,-80,-180,-282,0.01498,-0.00376,1.00033,-0.61069,-1.37405,-2.15267
89183,891843,1748,-42,12084,-73,-178,-282,0.01449,-0.00401,1.00057,-0.55725,-1.35878,-2.15267
89184,891853,1656,-72,12062,-84,-175,-277,0.00884,-0.00585,0.99926,-0.64122,-1.33588,-2.1145
89185,891863,1748,-72,12052,-76,-183,-282,0.01449,-0.00585,0.99867,-0.58015,-1.39695,-2.15267
89186,891873,1720,-56,12088,-85,-184,-280,0.01277,-0.00486,1.00081,-0.64885,-1.40458,-2.1374
89187,891883,1708,-44,11984,-76,-185,-274,0.01203,-0.00413,0.99463,-0.58015,-1.41221,-2.0916
89188,891893,1698,-58,12054,-74,-186,-281,0.01142,-0.00499,0.99879,-0.56489,-1.41985,-2.14504
89189,891903,1716,-72,12080,-78,-185,-289,0.01252,-0.00585,1.00033,-0.59542,-1.41221,-2.20611
89190,891913,1774,-36,12080,-83,-183,-279,0.01608,-0.00364,1.00033,-0.63359,-1.39695,-2.12977
89191,891923,1740,-20,12110,-83,-186,-279,0.014,-0.00266,1.00212,-0.63359,-1.41985,-2.12977
89192,891933,1774,-58,12118,-75,-182,-280,0.01608,-0.00499,1.00259,-0.57252,-1.38931,-2.1374
89193,891943,1740,-52,11994,-79,-184,-281,0.014,-0.00462,0.99522,-0.60305,-1.40458,-2.14504
89194,891953,1770,-26,12054,-80,-185,-276,0.01584,-0.00302,0.99879,-0.61069,-1.41221,-2.10687
89195,891963,1730,-66,12050,-77,-184,-270,0.01338,-0.00548,0.99855,-0.58779,-1.40458,-2.06107
89196,891973,1702,-26,12058,-75,-188,-278,0.01167,-0.00302,0.99903,-0.57252,-1.43511,-2.12214
89197,891983,1718,-30,12112,-72,-187,-284,0.01265,-0.00327,1.00223,-0.54962,-1.42748,-2.16794
89198,891993,1744,-12,12008,-76,-196,-289,0.01424,-0.00217,0.99605,-0.58015,-1.49618,-2.20611
89199,892003,1724,-26,11996,-80,-183,-278,0.01302,-0.00302,0.99534,-0.61069,-1.39695,-2.12214
89200,892013,1718,-62,11980,-80,-184,-274,0.01265,-0.00523,0.99439,-0.61069,-1.40458,-2.0916
89201,892023,1718,0,12018,-76,-182,-274,0.01265,-0.00143,0.99665,-0.58015,-1.38931,-2.0916
89202,892033,1736,-62,12098,-82,-187,-282,0.01375,-0.00523,1.0014,-0.62595,-1.42748,-2.15267
89203,892043,1700,-22,12100,-72,-187,-274,0.01154,-0.00278,1.00152,-0.54962,-1.42748,-2.0916
89204,892053,1756,-14,12022,-75,-188,-276,0.01498,-0.00229,0.99689,-0.57252,-1.43511,-2.10687
89205,892063,1758,-6,12066,-79,-181,-281,0.0151,-0.0018,0.9995,-0.60305,-1.38168,-2.14504
89206,892073,1728,-58,11972,-79,-187,-277,0.01326,-0.00499,0.99392,-0.60305,-1.42748,-2.1145
89207,892083,1736,-32,12024,-70,-185,-275,0.01375,-0.00339,0.99701,-0.53435,-1.41221,-2.09924
89208,892093,1714,-8,12112,-82,-179,-277,0.0124,-0.00192,1.00223,-0.62595,-1.36641,-2.1145
89209,892103,1734,-74,12042,-81,-186,-283,0.01363,-0.00597,0.99807,-0.61832,-1.41985,-2.16031
89210,892113,1732,-8,12060,-77,-188,-280,0.01351,-0.00192,0.99914,-0.58779,-1.43511,-2.1374
89211,892123,1680,-42,12120,-78,-187,-282,0.01032,-0.00401,1.00271,-0.59542,-1.42748,-2.15267
89212,892133,1700,-52,12066,-78,-176,-278,0.01154,-0.00462,0.9995,-0.59542,-1.34351,-2.12214
89213,892143,1744,-4,12016,-77,-175,-279,0.01424,-0.00167,0.99653,-0.58779,-1.33588,-2.12977
89214,892153,1728,-20,12064,-78,-192,-286,0.01326,-0.00266,0.99938,-0.59542,-1.46565,-2.18321
89215,892163,1690,-8,12048,-75,-180,-281,0.01093,-0.00192,0.99843,-0.57252,-1.37405,-2.14504
89216,892173,1692,-10,12026,-80,-177,-286,0.01105,-0.00204,0.99712,-0.61069,-1.35115,-2.18321
89217,892183,1778,-36,12034,-77,-180,-282,0.01633,-0.00364,0.9976,-0.58779,-1.37405,-2.15267
89218,892193,1726,-20,12060,-70,-182,-280,0.01314,-0.00266,0.99914,-0.53435,-1.38931,-2.1374
89219,892203,1764,-62,12050,-85,-191,-280,0.01547,-0.00523,0.99855,-0.64885,-1.45802,-2.1374
89220,892213,1672,-6,12058,-80,-181,-280,0.00982,-0.0018,0.99903,-0.61069,-1.38168,-2.1374
89221,892223,1684,-38,12090,-84,-187,-279,0.01056,-0.00376,1.00093,-0.64122,-1.42748,-2.12977
89222,892233,1710,-46,12172,-82,-188,-278,0.01216,-0.00425,1.0058,-0.62595,-1.43511,-2.12214
89223,892243,1710,0,12002,-82,-186,-279,0.01216,-0.00143,0.9957,-0.62595,-1.41985,-2.12977
89224,892253,1772,-50,12140,-78,-179,-277,0.01596,-0.0045,1.0039,-0.59542,-1.36641,-2.1145
89225,892263,1778,-6,12048,-82,-177,-278,0.01633,-0.0018,0.99843,-0.62595,-1.35115,-2.12214
89226,892273,1736,-26,12036,-82,-181,-284,0.01375,-0.00302,0.99772,-0.62595,-1.38168,-2.16794
89227,892283,1726,-56,12056,-72,-183,-284,0.01314,-0.00486,0.99891,-0.54962,-1.39695,-2.16794
89228,892293,1744,-34,12072,-76,-184,-278,0.01424,-0.00351,0.99986,-0.58015,-1.40458,-2.12214
89229,892303,1742,0,12132,-80,-178,-280,0.01412,-0.00143,1.00342,-0.61069,-1.35878,-2.1374
89230,892313,1782,-34,12108,-78,-192,-283,0.01657,-0.00351,1.002,-0.59542,-1.46565,-2.16031
89231,892323,1684,-76,12060,-82,-184,-278,0.01056,-0.00609,0.99914,-0.62595,-1.40458,-2.12214
89232,892333,1718,0,12118,-80,-185,-283,0.01265,-0.00143,1.00259,-0.61069,-1.41221,-2.16031
89233,892343,1698,-26,12016,-77,-171,-277,0.01142,-0.00302,0.99653,-0.58779,-1.30534,-2.1145
89234,892353,1690,-94,12082,-80,-179,-280,0.01093,-0.0072,1.00045,-0.61069,-1.36641,-2.1374
89235,892363,1750,-36,12098,-77,-189,-283,0.01461,-0.00364,1.0014,-0.58779,-1.44275,-2.16031
89236,892373,1736,-44,12002,-84,-188,-279,0.01375,-0.00413,0.9957,-0.64122,-1.43511,-2.12977
89237,892383,1734,-22,12050,-71,-176,-281,0.01363,-0.00278,0.99855,-0.54198,-1.34351,-2.14504
89238,892393,1728,-28,12000,-78,-186,-279,0.01326,-0.00315,0.99558,-0.59542,-1.41985,-2.12977
89239,892403,1744,-32,12040,-81,-177,-274,0.01424,-0.00339,0.99796,-0.61832,-1.35115,-2.0916
89240,892413,1746,-18,12052,-84,-179,-281,0.01437,-0.00253,0.99867,-0.64122,-1.36641,-2.14504
89241,892423,1710,-68,11994,-79,-180,-277,0.01216,-0.0056,0.99522,-0.60305,-1.37405,-2.1145
89242,892433,1726,-40,12016,-79,-175,-280,0.01314,-0.00388,0.99653,-0.60305,-1.33588,-2.1374
89243,892443,1722,-26,12054,-79,-184,-280,0.01289,-0.00302,0.99879,-0.60305,-1.40458,-2.1374
89244,892453,1764,-36,12058,-82,-179,-285,0.01547,-0.00364,0.99903,-0.62595,-1.36641,-2.17557
89245,892463,1726,-28,12076,-75,-179,-282,0.01314,-0.00315,1.0001,-0.57252,-1.36641,-2.15267
89246,892473,1744,-72,12080,-77,-182,-279,0.01424,-0.00585,1.00033,-0.58779,-1.38931,-2.12977
89247,892483,1742,-20,12064,-84,-174,-278,0.01412,-0.00266,0.99938,-0.64122,-1.32824,-2.12214
89248,892493,1734,-62,12044,-82,-175,-279,0.01363,-0.00523,0.99819,-0.62595,-1.33588,-2.12977
89249,892503,1750,-48,12074,-81,-181,-280,0.01461,-0.00437,0.99998,-0.61832,-1.38168,-2.1374
89250,892513,1722,-12,12064,-78,-194,-282,0.01289,-0.00217,0.99938,-0.59542,-1.48092,-2.15267
89251,892523,1750,-14,12084,-77,-187,-285,0.01461,-0.00229,1.00057,-0.58779,-1.42748,-2.17557
89252,892533,1690,-24,12048,-78,-185,-284,0.01093,-0.0029,0.99843,-0.59542,-1.41221,-2.16794
89253,892543,1680,-10,12036,-75,-180,-282,0.01032,-0.00204,0.99772,-0.57252,-1.37405,-2.15267
89254,892553,1758,-52,12058,-72,-189,-282,0.0151,-0.00462,0.99903,-0.54962,-1.44275,-2.15267
89255,892563,1718,-16,12076,-72,-185,-276,0.01265,-0.00241,1.0001,-0.54962,-1.41221,-2.10687
89256,892573,1744,-28,12066,-72,-178,-280,0.01424,-0.00315,0.9995,-0.54962,-1.35878,-2.1374
89257,892583,1722,-46,12042,-75,-184,-282,0.01289,-0.00425,0.99807,-0.57252,-1.40458,-2.15267
89258,892593,1704,14,12066,-75,-183,-285,0.01179,-0.00057,0.9995,-0.57252,-1.39695,-2.17557
89259,892603,1726,-28,12034,-76,-191,-282,0.01314,-0.00315,0.9976,-0.58015,-1.45802,-2.15267
89260,892613,1694,-54,12080,-81,-181,-284,0.01117,-0.00474,1.00033,-0.61832,-1.38168,-2.16794
89261,892623,1764,-40,12014,-80,-181,-283,0.01547,-0.00388,0.99641,-0.61069,-1.38168,-2.16031
89262,892633,1706,-32,12026,-80,-187,-277,0.01191,-0.00339,0.99712,-0.61069,-1.42748,-2.1145
89263,892643,1742,-42,12126,-73,-186,-280,0.01412,-0.00401,1.00307,-0.55725,-1.41985,-2.1374
89264,892653,1740,-20,12000,-82,-186,-282,0.014,-0.00266,0.99558,-0.62595,-1.41985,-2.15267
89265,892663,1736,-24,12090,-84,-177,-279,0.01375,-0.0029,1.00093,-0.64122,-1.35115,-2.12977
89266,892673,1750,-56,12066,-76,-189,-280,0.01461,-0.00486,0.9995,-0.58015,-1.44275,-2.1374
89267,892683,1738,-60,12040,-77,-191,-277,0.01387,-0.00511,0.99796,-0.58779,-1.45802,-2.1145
89268,892693,1718,-38,12026,-79,-193,-283,0.01265,-0.00376,0.99712,-0.60305,-1.47328,-2.16031
89269,892703,1738,8,12052,-74,-184,-283,0.01387,-0.00094,0.99867,-0.56489,-1.40458,-2.16031
89270,892713,1734,-42,12030,-77,-187,-277,0.01363,-0.00401,0.99736,-0.58779,-1.42748,-2.1145
89271,892723,1734,6,12004,-73,-185,-283,0.01363,-0.00106,0.99582,-0.55725,-1.41221,-2.16031
89272,892733,1746,14,12064,-78,-190,-282,0.01437,-0.00057,0.99938,-0.59542,-1.45038,-2.15267
89273,892743,1734,-44,12024,-81,-186,-284,0.01363,-0.00413,0.99701,-0.61832,-1.41985,-2.16794
89274,892753,1732,-30,12092,-80,-187,-284,0.01351,-0.00327,1.00105,-0.61069,-1.42748,-2.16794
89275,892763,1704,-24,12066,-77,-191,-283,0.01179,-0.0029,0.9995,-0.58779,-1.45802,-2.16031
89276,892773,1780,-64,12100,-80,-180,-279,0.01645,-0.00536,1.00152,-0.61069,-1.37405,-2.12977
89277,892783,1692,-46,12098,-79,-184,-279,0.01105,-0.00425,1.0014,-0.60305,-1.40458,-2.12977
89278,892793,1784,-16,12060,-80,-186,-278,0.0167,-0.00241,0.99914,-0.61069,-1.41985,-2.12214
89279,892803,1732,-82,12090,-81,-181,-282,0.01351,-0.00646,1.00093,-0.61832,-1.38168,-2.15267
89280,892813,1766,-28,12028,-72,-187,-279,0.01559,-0.00315,0.99724,-0.54962,-1.42748,-2.12977
89281,892823,1714,2,12004,-76,-181,-279,0.0124,-0.00131,0.99582,-0.58015,-1.38168,-2.12977
89282,892833,1730,-52,12022,-76,-188,-286,0.01338,-0.00462,0.99689,-0.58015,-1.43511,-2.18321
89283,892843,1730,-34,12062,-76,-181,-284,0.01338,-0.00351,0.99926,-0.58015,-1.38168,-2.16794
89284,892853,1664,-6,12120,-78,-197,-285,0.00933,-0.0018,1.00271,-0.59542,-1.50382,-2.17557
89285,892863,1710,-16,12082,-72,-188,-287,0.01216,-0.00241,1.00045,-0.54962,-1.43511,-2.19084
89286,892873,1658,-42,12148,-83,-187,-278,0.00897,-0.00401,1.00437,-0.63359,-1.42748,-2.12214
89287,892883,1768,-46,11990,-80,-182,-280,0.01572,-0.00425,0.99498,-0.61069,-1.38931,-2.1374
89288,892893,1750,-60,12024,-79,-183,-280,0.01461,-0.00511,0.99701,-0.60305,-1.39695,-2.1374
89289,892903,1760,-40,12088,-82,-187,-283,0.01522,-0.00388,1.00081,-0.62595,-1.42748,-2.16031
89290,892913,1752,-42,12082,-80,-192,-285,0.01473,-0.00401,1.00045,-0.61069,-1.46565,-2.17557
89291,892923,1734,-10,12068,-80,-182,-284,0.01363,-0.00204,0.99962,-0.61069,-1.38931,-2.16794
89292,892933,1742,-82,12112,-78,-176,-285,0.01412,-0.00646,1.00223,-0.59542,-1.34351,-2.17557
89293,892943,1718,-38,12052,-84,-178,-288,0.01265,-0.00376,0.99867,-0.64122,-1.35878,-2.19847
89294,892953,1736,-38,12060,-77,-184,-285,0.01375,-0.00376,0.99914,-0.58779,-1.40458,-2.17557
89295,892963,1662,-40,12018,-74,-184,-283,0.00921,-0.00388,0.99665,-0.56489,-1.40458,-2.16031
89296,892973,1734,-72,12070,-76,-187,-284,0.01363,-0.00585,0.99974,-0.58015,-1.42748,-2.16794
89297,892983,1754,-76,12048,-73,-187,-276,0.01486,-0.00609,0.99843,-0.55725,-1.42748,-2.10687
89298,892993,1702,-32,12008,-79,-190,-279,0.01167,-0.00339,0.99605,-0.60305,-1.45038,-2.12977
89299,893003,1694,-14,12034,-86,-185,-283,0.01117,-0.00229,0.9976,-0.65649,-1.41221,-2.16031
89300,893013,1686,0,12096,-85,-183,-276,0.01068,-0.00143,1.00128,-0.64885,-1.39695,-2.10687
89301,893023,1722,-64,12122,-72,-181,-286,0.01289,-0.00536,1.00283,-0.54962,-1.38168,-2.18321
89302,893033,1772,-58,12038,-75,-181,-283,0.01596,-0.00499,0.99784,-0.57252,-1.38168,-2.16031
89303,893043,1756,20,12070,-75,-187,-279,0.01498,-0.0002,0.99974,-0.57252,-1.42748,-2.12977
89304,893053,1738,-38,12030,-75,-193,-285,0.01387,-0.00376,0.99736,-0.57252,-1.47328,-2.17557
89305,893063,1678,-56,12044,-77,-184,-286,0.01019,-0.00486,0.99819,-0.58779,-1.40458,-2.18321
89306,893073,1748,-56,12056,-80,-189,-283,0.01449,-0.00486,0.99891,-0.61069,-1.44275,-2.16031
89307,893083,1776,-32,12058,-80,-189,-276,0.01621,-0.00339,0.99903,-0.61069,-1.44275,-2.10687
89308,893093,1774,-18,12002,-76,-180,-275,0.01608,-0.00253,0.9957,-0.58015,-1.37405,-2.09924
89309,893103,1776,-58,12070,-79,-175,-278,0.01621,-0.00499,0.99974,-0.60305,-1.33588,-2.12214
89310,893113,1726,-40,12040,-81,-173,-282,0.01314,-0.00388,0.99796,-0.61832,-1.32061,-2.15267
89311,893123,1700,8,12028,-75,-185,-286,0.01154,-0.00094,0.99724,-0.57252,-1.41221,-2.18321
89312,893133,1704,-42,11992,-75,-185,-283,0.01179,-0.00401,0.9951,-0.57252,-1.41221,-2.16031
89313,893143,1726,-44,12108,-81,-183,-288,0.01314,-0.00413,1.002,-0.61832,-1.39695,-2.19847
89314,893153,1732,-68,11994,-81,-185,-283,0.01351,-0.0056,0.99522,-0.61832,-1.41221,-2.16031
89315,893163,1732,-26,12020,-72,-185,-280,0.01351,-0.00302,0.99677,-0.54962,-1.41221,-2.1374
89316,893173,1690,-32,12052,-73,-182,-282,0.01093,-0.00339,0.99867,-0.55725,-1.38931,-2.15267
89317,893183,1730,-36,12080,-79,-191,-283,0.01338,-0.00364,1.00033,-0.60305,-1.45802,-2.16031
89318,893193,1726,-58,12076,-77,-186,-282,0.01314,-0.00499,1.0001,-0.58779,-1.41985,-2.15267
89319,893203,1762,12,12134,-75,-187,-281,0.01535,-0.00069,1.00354,-0.57252,-1.42748,-2.14504
89320,893213,1756,-74,12118,-82,-182,-285,0.01498,-0.00597,1.00259,-0.62595,-1.38931,-2.17557
89321,893223,1720,-12,12076,-82,-184,-283,0.01277,-0.00217,1.0001,-0.62595,-1.40458,-2.16031
89322,893233,1722,-6,12056,-72,-185,-282,0.01289,-0.0018,0.99891,-0.54962,-1.41221,-2.15267
89323,893243,1750,-32,12006,-75,-192,-281,0.01461,-0.00339,0.99594,-0.57252,-1.46565,-2.14504
89324,893253,1752,-36,12114,-78,-188,-278,0.01473,-0.00364,1.00235,-0.59542,-1.43511,-2.12214
89325,893263,1704,-38,12086,-75,-184,-279,0.01179,-0.00376,1.00069,-0.57252,-1.40458,-2.12977
89326,893273,1738,-66,12128,-80,-186,-287,0.01387,-0.00548,1.00318,-0.61069,-1.41985,-2.19084
89327,893283,1728,-52,12080,-76,-187,-280,0.01326,-0.00462,1.00033,-0.58015,-1.42748,-2.1374
89328,893293,1712,-26,12066,-81,-179,-280,0.01228,-0.00302,0.9995,-0.61832,-1.36641,-2.1374
89329,893303,1766,-30,11992,-75,-180,-280,0.01559,-0.00327,0.9951,-0.57252,-1.37405,-2.1374
89330,893313,1740,-18,12080,-79,-193,-279,0.014,-0.00253,1.00033,-0.60305,-1.47328,-2.12977
89331,893323,1712,-20,12102,-81,-188,-277,0.01228,-0.00266,1.00164,-0.61832,-1.43511,-2.1145
89332,893333,1748,-62,12050,-76,-185,-282,0.01449,-0.00523,0.99855,-0.58015,-1.41221,-2.15267
89333,893343,1660,-34,12090,-78,-173,-283,0.00909,-0.00351,1.00093,-0.59542,-1.32061,-2.16031
89334,893353,1712,-34,12076,-82,-188,-284,0.01228,-0.00351,1.0001,-0.62595,-1.43511,-2.16794
89335,893363,1704,-16,12038,-73,-184,-283,0.01179,-0.00241,0.99784,-0.55725,-1.40458,-2.16031
89336,893373,1758,-58,12076,-74,-186,-284,0.0151,-0.00499,1.0001,-0.56489,-1.41985,-2.16794
89337,893383,1734,-44,12096,-72,-178,-282,0.01363,-0.00413,1.00128,-0.54962,-1.35878,-2.15267
89338,893393,1704,-20,12116,-81,-180,-287,0.01179,-0.00266,1.00247,-0.61832,-1.37405,-2.19084
89339,893403,1748,-38,12118,-78,-188,-276,0.01449,-0.00376,1.00259,-0.59542,-1.43511,-2.10687
89340,893413,1748,-32,12084,-83,-188,-276,0.01449,-0.00339,1.00057,-0.63359,-1.43511,-2.10687
89341,893423,1752,-54,12040,-76,-187,-274,0.01473,-0.00474,0.99796,-0.58015,-1.42748,-2.0916
89342,893433,1746,-20,12036,-74,-193,-277,0.01437,-0.00266,0.99772,-0.56489,-1.47328,-2.1145
89343,893443,1700,-4,12068,-72,-183,-284,0.01154,-0.00167,0.99962,-0.54962,-1.39695,-2.16794
89344,893453,1734,-10,12046,-77,-190,-285,0.01363,-0.00204,0.99831,-0.58779,-1.45038,-2.17557
89345,893463,1708,-16,12022,-77,-194,-283,0.01203,-0.00241,0.99689,-0.58779,-1.48092,-2.16031
89346,893473,1740,-26,12088,-75,-187,-281,0.014,-0.00302,1.00081,-0.57252,-1.42748,-2.14504
89347,893483,1784,-22,12066,-73,-184,-285,0.0167,-0.00278,0.9995,-0.55725,-1.40458,-2.17557
89348,893493,1748,6,12042,-75,-176,-288,0.01449,-0.00106,0.99807,-0.57252,-1.34351,-2.19847
89349,893503,1770,-42,12080,-80,-190,-283,0.01584,-0.00401,1.00033,-0.61069,-1.45038,-2.16031
89350,893513,1718,-12,12104,-75,-182,-282,0.01265,-0.00217,1.00176,-0.57252,-1.38931,-2.15267
89351,893523,1730,-10,11980,-79,-182,-278,0.01338,-0.00204,0.99439,-0.60305,-1.38931,-2.12214
89352,893533,1744,-52,12076,-75,-184,-279,0.01424,-0.00462,1.0001,-0.57252,-1.40458,-2.12977
89353,893543,1756,-40,12022,-78,-177,-281,0.01498,-0.00388,0.99689,-0.59542,-1.35115,-2.14504
89354,893553,1694,-54,12030,-82,-183,-277,0.01117,-0.00474,0.99736,-0.62595,-1.39695,-2.1145
89355,893563,1712,-48,12042,-86,-180,-277,0.01228,-0.00437,0.99807,-0.65649,-1.37405,-2.1145
89356,893573,1748,-28,12034,-78,-189,-285,0.01449,-0.00315,0.9976,-0.59542,-1.44275,-2.17557
89357,893583,1692,-14,12120,-77,-188,-287,0.01105,-0.00229,1.00271,-0.58779,-1.43511,-2.19084
89358,893593,1740,-54,12072,-76,-181,-277,0.014,-0.00474,0.99986,-0.58015,-1.38168,-2.1145
89359,893603,1760,-50,12068,-81,-183,-278,0.01522,-0.0045,0.99962,-0.61832,-1.39695,-2.12214
89360,893613,1700,-12,12066,-82,-185,-277,0.01154,-0.00217,0.9995,-0.62595,-1.41221,-2.1145
89361,893623,1754,-28,12072,-78,-187,-279,0.01486,-0.00315,0.99986,-0.59542,-1.42748,-2.12977
89362,893633,1686,-22,12076,-74,-190,-277,0.01068,-0.00278,1.0001,-0.56489,-1.45038,-2.1145
89363,893643,1732,-68,12022,-76,-180,-276,0.01351,-0.0056,0.99689,-0.58015,-1.37405,-2.10687
89364,893653,1718,-58,12024,-83,-185,-282,0.01265,-0.00499,0.99701,-0.63359,-1.41221,-2.15267
89365,893663,1684,-6,12012,-75,-181,-279,0.01056,-0.0018,0.99629,-0.57252,-1.38168,-2.12977
89366,893673,1748,-30,12030,-76,-179,-282,0.01449,-0.00327,0.99736,-0.58015,-1.36641,-2.15267
89367,893683,1700,-74,11976,-77,-181,-280,0.01154,-0.00597,0.99415,-0.58779,-1.38168,-2.1374
89368,893693,1706,-38,12056,-79,-183,-280,0.01191,-0.00376,0.99891,-0.60305,-1.39695,-2.1374
89369,893703,1734,-22,12120,-77,-185,-281,0.01363,-0.00278,1.00271,-0.58779,-1.41221,-2.14504
89370,893713,1758,-22,12116,-81,-182,-281,0.0151,-0.00278,1.00247,-0.61832,-1.38931,-2.14504
89371,893723,1720,-32,12036,-78,-185,-281,0.01277,-0.00339,0.99772,-0.59542,-1.41221,-2.14504
89372,893733,1750,-52,12070,-80,-182,-277,0.01461,-0.00462,0.99974,-0.61069,-1.38931,-2.1145
89373,893743,1706,-50,12042,-82,-184,-278,0.01191,-0.0045,0.99807,-0.62595,-1.40458,-2.12214
89374,893753,1740,-42,12026,-81,-188,-283,0.014,-0.00401,0.99712,-0.61832,-1.43511,-2.16031
89375,893763,1696,-24,12082,-75,-191,-285,0.0113,-0.0029,1.00045,-0.57252,-1.45802,-2.17557
89376,893773,1734,-48,12014,-78,-184,-277,0.01363,-0.00437,0.99641,-0.59542,-1.40458,-2.1145
89377,893783,1718,-8,12014,-82,-185,-282,0.01265,-0.00192,0.99641,-0.62595,-1.41221,-2.15267
89378,893793,1724,-36,12110,-77,-185,-284,0.01302,-0.00364,1.00212,-0.58779,-1.41221,-2.16794
89379,893803,1712,-8,12022,-78,-177,-281,0.01228,-0.00192,0.99689,-0.59542,-1.35115,-2.14504
89380,893813,1738,-42,12090,-78,-186,-281,0.01387,-0.00401,1.00093,-0.59542,-1.41985,-2.14504
89381,893823,1726,-12,12080,-76,-179,-279,0.01314,-0.00217,1.00033,-0.58015,-1.36641,-2.12977
89382,893833,1728,-58,12102,-81,-178,-279,0.01326,-0.00499,1.00164,-0.61832,-1.35878,-2.12977
89383,893843,1728,-44,12012,-76,-187,-280,0.01326,-0.00413,0.99629,-0.58015,-1.42748,-2.1374
89384,893853,1682,4,12094,-77,-190,-279,0.01044,-0.00118,1.00116,-0.58779,-1.45038,-2.12977
89385,893863,1666,-40,12092,-82,-185,-281,0.00946,-0.00388,1.00105,-0.62595,-1.41221,-2.14504
89386,893873,1730,-48,12020,-85,-186,-277,0.01338,-0.00437,0.99677,-0.64885,-1.41985,-2.1145
89387,893883,1726,-26,12056,-84,-186,-283,0.01314,-0.00302,0.99891,-0.64122,-1.41985,-2.16031
89388,893893,1736,4,12108,-80,-179,-280,0.01375,-0.00118,1.002,-0.61069,-1.36641,-2.1374
89389,893903,1700,-36,12060,-79,-190,-279,0.01154,-0.00364,0.99914,-0.60305,-1.45038,-2.12977
89390,893913,1732,-80,12086,-81,-196,-279,0.01351,-0.00634,1.00069,-0.61832,-1.49618,-2.12977
89391,893923,1706,-90,12070,-76,-189,-282,0.01191,-0.00695,0.99974,-0.58015,-1.44275,-2.15267
89392,893933,1700,18,12022,-83,-188,-281,0.01154,-0.00033,0.99689,-0.63359,-1.43511,-2.14504
89393,893943,1750,-56,12072,-83,-181,-276,0.01461,-0.00486,0.99986,-0.63359,-1.38168,-2.10687
89394,893953,1750,-22,12016,-77,-181,-275,0.01461,-0.00278,0.99653,-0.58779,-1.38168,-2.09924
89395,893963,1744,-44,12026,-70,-191,-283,0.01424,-0.00413,0.99712,-0.53435,-1.45802,-2.16031
89396,893973,1744,-30,12030,-78,-192,-279,0.01424,-0.00327,0.99736,-0.59542,-1.46565,-2.12977
89397,893983,1700,-38,12052,-82,-175,-278,0.01154,-0.00376,0.99867,-0.62595,-1.33588,-2.12214
89398,893993,1696,-44,12088,-75,-179,-285,0.0113,-0.00413,1.00081,-0.57252,-1.36641,-2.17557
89399,894003,1700,-88,11956,-79,-172,-282,0.01154,-0.00683,0.99296,-0.60305,-1.31298,-2.15267
89400,894013,1720,10,12048,-82,-180,-279,0.01277,-0.00082,0.99843,-0.62595,-1.37405,-2.12977
89401,894023,1746,-22,12076,-80,-184,-279,0.01437,-0.00278,1.0001,-0.61069,-1.40458,-2.12977
89402,894033,1734,-6,12026,-83,-183,-280,0.01363,-0.0018,0.99712,-0.63359,-1.39695,-2.1374
89403,894043,1740,-40,12120,-81,-184,-282,0.014,-0.00388,1.00271,-0.61832,-1.40458,-2.15267
89404,894053,1718,-14,12086,-77,-189,-283,0.01265,-0.00229,1.00069,-0.58779,-1.44275,-2.16031
89405,894063,1668,-8,11972,-82,-180,-280,0.00958,-0.00192,0.99392,-0.62595,-1.37405,-2.1374
89406,894073,1736,-26,12052,-79,-181,-279,0.01375,-0.00302,0.99867,-0.60305,-1.38168,-2.12977
89407,894083,1762,-44,12092,-80,-188,-277,0.01535,-0.00413,1.00105,-0.61069,-1.43511,-2.1145
89408,894093,1784,-48,12096,-74,-182,-277,0.0167,-0.00437,1.00128,-0.56489,-1.38931,-2.1145
89409,894103,1702,-58,12098,-78,-194,-281,0.01167,-0.00499,1.0014,-0.59542,-1.48092,-2.14504
89410,894113,1724,-22,12056,-79,-188,-282,0.01302,-0.00278,0.99891,-0.60305,-1.43511,-2.15267
89411,894123,1756,-32,12084,-79,-183,-281,0.01498,-0.00339,1.00057,-0.60305,-1.39695,-2.14504
89412,894133,1714,-34,12092,-80,-173,-281,0.0124,-0.00351,1.00105,-0.61069,-1.32061,-2.14504
89413,894143,1764,-58,12040,-77,-172,-278,0.01547,-0.00499,0.99796,-0.58779,-1.31298,-2.12214
89414,894153,1744,-22,12056,-81,-184,-284,0.01424,-0.00278,0.99891,-0.61832,-1.40458,-2.16794
89415,894163,1742,-18,12020,-75,-178,-279,0.01412,-0.00253,0.99677,-0.57252,-1.35878,-2.12977
89416,894173,1762,-32,12030,-74,-179,-284,0.01535,-0.00339,0.99736,-0.56489,-1.36641,-2.16794
89417,894183,1736,-88,12044,-73,-183,-280,0.01375,-0.00683,0.99819,-0.55725,-1.39695,-2.1374
89418,894193,1748,12,12050,-76,-184,-280,0.01449,-0.00069,0.99855,-0.58015,-1.40458,-2.1374
89419,894203,1706,4,12006,-74,-184,-284,0.01191,-0.00118,0.99594,-0.56489,-1.40458,-2.16794
89420,894213,1722,-92,12086,-77,-182,-275,0.01289,-0.00707,1.00069,-0.58779,-1.38931,-2.09924
89421,894223,1712,-74,12072,-83,-185,-280,0.01228,-0.00597,0.99986,-0.63359,-1.41221,-2.1374
89422,894233,1766,-82,12062,-74,-183,-284,0.01559,-0.00646,0.99926,-0.56489,-1.39695,-2.16794
89423,894243,1780,-4,12104,-79,-183,-283,0.01645,-0.00167,1.00176,-0.60305,-1.39695,-2.16031
89424,894253,1742,-22,12090,-78,-184,-275,0.01412,-0.00278,1.00093,-0.59542,-1.40458,-2.09924
89425,894263,1770,-58,12050,-80,-185,-278,0.01584,-0.00499,0.99855,-0.61069,-1.41221,-2.12214
89426,894273,1766,-32,12092,-81,-184,-275,0.01559,-0.00339,1.00105,-0.61832,-1.40458,-2.09924
89427,894283,1736,-20,12038,-80,-185,-273,0.01375,-0.00266,0.99784,-0.61069,-1.41221,-2.08397
89428,894293,1734,-34,12100,-75,-180,-288,0.01363,-0.00351,1.00152,-0.57252,-1.37405,-2.19847
89429,894303,1746,-42,12048,-70,-184,-283,0.01437,-0.00401,0.99843,-0.53435,-1.40458,-2.16031
89430,894313,1774,-74,12088,-77,-175,-276,0.01608,-0.00597,1.00081,-0.58779,-1.33588,-2.10687
89431,894323,1734,-14,12112,-73,-176,-279,0.01363,-0.00229,1.00223,-0.55725,-1.34351,-2.12977
89432,894333,1726,-44,12050,-81,-181,-285,0.01314,-0.00413,0.99855,-0.61832,-1.38168,-2.17557
89433,894343,1738,-18,12034,-80,-189,-287,0.01387,-0.00253,0.9976,-0.61069,-1.44275,-2.19084
89434,894353,1766,-38,12044,-82,-186,-284,0.01559,-0.00376,0.99819,-0.62595,-1.41985,-2.16794
89435,894363,1752,-20,12028,-82,-179,-281,0.01473,-0.00266,0.99724,-0.62595,-1.36641,-2.14504
89436,894373,1696,-44,12082,-83,-191,-275,0.0113,-0.00413,1.00045,-0.63359,-1.45802,-2.09924
89437,894383,1730,-56,12064,-77,-189,-277,0.01338,-0.00486,0.99938,-0.58779,-1.44275,-2.1145
89438,894393,1702,-38,12092,-79,-187,-279,0.01167,-0.00376,1.00105,-0.60305,-1.42748,-2.12977
89439,894403,1776,-54,12102,-74,-178,-277,0.01621,-0.00474,1.00164,-0.56489,-1.35878,-2.1145
89440,894413,1724,-34,12078,-74,-169,-277,0.01302,-0.00351,1.00021,-0.56489,-1.29008,-2.1145
89441,894423,1740,-30,12084,-81,-176,-284,0.014,-0.00327,1.00057,-0.61832,-1.34351,-2.16794
89442,894433,1726,-34,12048,-84,-184,-287,0.01314,-0.00351,0.99843,-0.64122,-1.40458,-2.19084
89443,894443,1746,-50,12032,-76,-183,-283,0.01437,-0.0045,0.99748,-0.58015,-1.39695,-2.16031
89444,894453,1724,-66,12064,-77,-187,-278,0.01302,-0.00548,0.99938,-0.58779,-1.42748,-2.12214
89445,894463,1756,-42,12038,-74,-179,-282,0.01498,-0.00401,0.99784,-0.56489,-1.36641,-2.15267
89446,894473,1680,-32,12086,-77,-182,-278,0.01032,-0.00339,1.00069,-0.58779,-1.38931,-2.12214
89447,894483,1748,-60,12024,-78,-178,-285,0.01449,-0.00511,0.99701,-0.59542,-1.35878,-2.17557
89448,894493,1746,-46,12152,-80,-183,-285,0.01437,-0.00425,1.00461,-0.61069,-1.39695,-2.17557
89449,894503,1704,8,12032,-76,-178,-283,0.01179,-0.00094,0.99748,-0.58015,-1.35878,-2.16031
89450,894513,1714,42,12078,-73,-179,-280,0.0124,0.00115,1.00021,-0.55725,-1.36641,-2.1374
89451,894523,1676,4,12124,-75,-187,-280,0.01007,-0.00118,1.00295,-0.57252,-1.42748,-2.1374
89452,894533,1764,-44,12012,-74,-187,-284,0.01547,-0.00413,0.99629,-0.56489,-1.42748,-2.16794
89453,894543,1770,-14,12056,-76,-180,-286,0.01584,-0.00229,0.99891,-0.58015,-1.37405,-2.18321
89454,894553,1734,-18,12024,-77,-185,-278,0.01363,-0.00253,0.99701,-0.58779,-1.41221,-2.12214
89455,894563,1758,-68,12080,-78,-178,-279,0.0151,-0.0056,1.00033,-0.59542,-1.35878,-2.12977
89456,894573,1720,-70,12046,-75,-182,-282,0.01277,-0.00572,0.99831,-0.57252,-1.38931,-2.15267
89457,894583,1728,-44,12018,-75,-186,-277,0.01326,-0.00413,0.99665,-0.57252,-1.41985,-2.1145
89458,894593,1742,-22,12056,-73,-180,-280,0.01412,-0.00278,0.99891,-0.55725,-1.37405,-2.1374
89459,894603,1736,-46,12070,-73,-193,-281,0.01375,-0.00425,0.99974,-0.55725,-1.47328,-2.14504
89460,894613,1722,4,12062,-75,-196,-285,0.01289,-0.00118,0.99926,-0.57252,-1.49618,-2.17557
89461,894623,1764,-16,12084,-72,-188,-287,0.01547,-0.00241,1.00057,-0.54962,-1.43511,-2.19084
89462,894633,1720,-78,12054,-68,-178,-290,0.01277,-0.00621,0.99879,-0.51908,-1.35878,-2.21374
89463,894643,1730,20,12110,-85,-182,-282,0.01338,-0.0002,1.00212,-0.64885,-1.38931,-2.15267
89464,894653,1698,-26,11990,-81,-186,-277,0.01142,-0.00302,0.99498,-0.61832,-1.41985,-2.1145
89465,894663,1756,-16,12102,-82,-191,-277,0.01498,-0.00241,1.00164,-0.62595,-1.45802,-2.1145
89466,894673,1778,-34,12094,-78,-182,-283,0.01633,-0.00351,1.00116,-0.59542,-1.38931,-2.16031
89467,894683,1674,-52,12038,-80,-178,-280,0.00995,-0.00462,0.99784,-0.61069,-1.35878,-2.1374
89468,894693,1710,-66,12102,-82,-177,-283,0.01216,-0.00548,1.00164,-0.62595,-1.35115,-2.16031
89469,894703,1754,-40,12022,-80,-190,-284,0.01486,-0.00388,0.99689,-0.61069,-1.45038,-2.16794
89470,894713,1754,-34,12058,-75,-189,-277,0.01486,-0.00351,0.99903,-0.57252,-1.44275,-2.1145
89471,894723,1776,-10,12030,-81,-190,-277,0.01621,-0.00204,0.99736,-0.61832,-1.45038,-2.1145
89472,894733,1702,-10,12090,-79,-183,-280,0.01167,-0.00204,1.00093,-0.60305,-1.39695,-2.1374
89473,894743,1742,-50,12064,-88,-176,-281,0.01412,-0.0045,0.99938,-0.67176,-1.34351,-2.14504
89474,894753,1738,-60,12166,-79,-175,-274,0.01387,-0.00511,1.00544,-0.60305,-1.33588,-2.0916
89475,894763,1726,-40,12052,-75,-183,-278,0.01314,-0.00388,0.99867,-0.57252,-1.39695,-2.12214
89476,894773,1754,-44,12040,-81,-183,-283,0.01486,-0.00413,0.99796,-0.61832,-1.39695,-2.16031
89477,894783,1748,-22,11958,-71,-190,-280,0.01449,-0.00278,0.99308,-0.54198,-1.45038,-2.1374
89478,894793,1736,-36,12000,-74,-186,-279,0.01375,-0.00364,0.99558,-0.56489,-1.41985,-2.12977
89479,894803,1782,-40,12018,-80,-180,-285,0.01657,-0.00388,0.99665,-0.61069,-1.37405,-2.17557
89480,894813,1764,28,12020,-76,-179,-279,0.01547,0.00029,0.99677,-0.58015,-1.36641,-2.12977
89481,894823,1744,-38,12066,-77,-183,-277,0.01424,-0.00376,0.9995,-0.58779,-1.39695,-2.1145
89482,894833,1698,-28,12010,-76,-185,-275,0.01142,-0.00315,0.99617,-0.58015,-1.41221,-2.09924
89483,894843,1750,-46,12044,-83,-184,-280,0.01461,-0.00425,0.99819,-0.63359,-1.40458,-2.1374
89484,894853,1762,16,12060,-84,-177,-281,0.01535,-0.00045,0.99914,-0.64122,-1.35115,-2.14504
89485,894863,1740,-20,12020,-77,-188,-288,0.014,-0.00266,0.99677,-0.58779,-1.43511,-2.19847
89486,894873,1736,-32,12014,-77,-185,-276,0.01375,-0.00339,0.99641,-0.58779,-1.41221,-2.10687
89487,894883,1744,-46,12070,-75,-179,-287,0.01424,-0.00425,0.99974,-0.57252,-1.36641,-2.19084
89488,894893,1820,-78,12080,-78,-182,-280,0.01891,-0.00621,1.00033,-0.59542,-1.38931,-2.1374
89489,894903,1702,-38,12016,-76,-180,-282,0.01167,-0.00376,0.99653,-0.58015,-1.37405,-2.15267
89490,894913,1746,-12,12100,-72,-178,-279,0.01437,-0.00217,1.00152,-0.54962,-1.35878,-2.12977
89491,894923,1742,-20,12108,-77,-182,-282,0.01412,-0.00266,1.002,-0.58779,-1.38931,-2.15267
89492,894933,1754,-42,12100,-73,-183,-284,0.01486,-0.00401,1.00152,-0.55725,-1.39695,-2.16794
89493,894943,1754,-12,12042,-76,-186,-285,0.01486,-0.00217,0.99807,-0.58015,-1.41985,-2.17557
89494,894953,1762,-50,12040,-77,-183,-285,0.01535,-0.0045,0.99796,-0.58779,-1.39695,-2.17557
89495,894963,1752,-46,12008,-74,-194,-285,0.01473,-0.00425,0.99605,-0.56489,-1.48092,-2.17557
89496,894973,1718,-54,12148,-77,-182,-289,0.01265,-0.00474,1.00437,-0.58779,-1.38931,-2.20611
89497,894983,1736,-54,12114,-76,-187,-280,0.01375,-0.00474,1.00235,-0.58015,-1.42748,-2.1374
89498,894993,1746,-44,12060,-74,-186,-276,0.01437,-0.00413,0.99914,-0.56489,-1.41985,-2.10687
89499,895003,1662,-8,12022,-73,-186,-281,0.00921,-0.00192,0.99689,-0.55725,-1.41985,-2.14504
89500,895013,1754,-32,12048,-73,-175,-281,0.01486,-0.00339,0.99843,-0.55725,-1.33588,-2.14504
89501,895023,1770,-88,12016,-77,-180,-283,0.01584,-0.00683,0.99653,-0.58779,-1.37405,-2.16031
89502,895033,1728,-38,12002,-73,-180,-280,0.01326,-0.00376,0.9957,-0.55725,-1.37405,-2.1374
89503,895043,1730,6,12052,-75,-188,-278,0.01338,-0.00106,0.99867,-0.57252,-1.43511,-2.12214
89504,895053,1732,-44,12090,-78,-182,-276,0.01351,-0.00413,1.00093,-0.59542,-1.38931,-2.10687
89505,895063,1730,-62,12058,-78,-179,-280,0.01338,-0.00523,0.99903,-0.59542,-1.36641,-2.1374
89506,895073,1784,-44,12028,-79,-178,-282,0.0167,-0.00413,0.99724,-0.60305,-1.35878,-2.15267
89507,895083,1736,4,12102,-79,-184,-281,0.01375,-0.00118,1.00164,-0.60305,-1.40458,-2.14504
89508,895093,1714,-46,12016,-78,-191,-281,0.0124,-0.00425,0.99653,-0.59542,-1.45802,-2.14504
89509,895103,1690,-22,12018,-79,-185,-283,0.01093,-0.00278,0.99665,-0.60305,-1.41221,-2.16031
89510,895113,1690,-10,11944,-72,-192,-284,0.01093,-0.00204,0.99225,-0.54962,-1.46565,-2.16794
89511,895123,1774,-16,12056,-74,-180,-282,0.01608,-0.00241,0.99891,-0.56489,-1.37405,-2.15267
89512,895133,1744,-26,12058,-73,-182,-280,0.01424,-0.00302,0.99903,-0.55725,-1.38931,-2.1374
89513,895143,1754,-48,12092,-76,-175,-279,0.01486,-0.00437,1.00105,-0.58015,-1.33588,-2.12977
89514,895153,1682,-46,12072,-71,-181,-281,0.01044,-0.00425,0.99986,-0.54198,-1.38168,-2.14504
89515,895163,1738,-22,12074,-75,-183,-282,0.01387,-0.00278,0.99998,-0.57252,-1.39695,-2.15267
89516,895173,1722,-10,12070,-73,-180,-283,0.01289,-0.00204,0.99974,-0.55725,-1.37405,-2.16031
89517,895183,1698,-30,12092,-70,-184,-282,0.01142,-0.00327,1.00105,-0.53435,-1.40458,-2.15267
89518,895193,1702,-84,12058,-76,-193,-277,0.01167,-0.00658,0.99903,-0.58015,-1.47328,-2.1145
89519,895203,1712,-38,12088,-76,-188,-283,0.01228,-0.00376,1.00081,-0.58015,-1.43511,-2.16031
89520,895213,1762,-52,12064,-72,-174,-282,0.01535,-0.00462,0.99938,-0.54962,-1.32824,-2.15267
89521,895223,1724,-20,12084,-74,-183,-279,0.01302,-0.00266,1.00057,-0.56489,-1.39695,-2.12977
89522,895233,1732,-50,12036,-78,-189,-277,0.01351,-0.0045,0.99772,-0.59542,-1.44275,-2.1145
89523,895243,1736,-68,12066,-76,-173,-282,0.01375,-0.0056,0.9995,-0.58015,-1.32061,-2.15267
89524,895253,1740,-42,12022,-78,-178,-283,0.014,-0.00401,0.99689,-0.59542,-1.35878,-2.16031
89525,895263,1734,-56,11996,-72,-173,-288,0.01363,-0.00486,0.99534,-0.54962,-1.32061,-2.19847
89526,895273,1732,-24,12050,-72,-179,-281,0.01351,-0.0029,0.99855,-0.54962,-1.36641,-2.14504
89527,895283,1766,-56,12138,-74,-186,-278,0.01559,-0.00486,1.00378,-0.56489,-1.41985,-2.12214
89528,895293,1742,-4,12096,-78,-185,-276,0.01412,-0.00167,1.00128,-0.59542,-1.41221,-2.10687
89529,895303,1750,-38,12056,-78,-187,-279,0.01461,-0.00376,0.99891,-0.59542,-1.42748,-2.12977
89530,895313,1744,-20,12072,-76,-184,-273,0.01424,-0.00266,0.99986,-0.58015,-1.40458,-2.08397
89531,895323,1726,-38,12000,-81,-192,-277,0.01314,-0.00376,0.99558,-0.61832,-1.46565,-2.1145
89532,895333,1702,-34,12046,-83,-185,-279,0.01167,-0.00351,0.99831,-0.63359,-1.41221,-2.12977
89533,895343,1756,-34,12086,-77,-185,-282,0.01498,-0.00351,1.00069,-0.58779,-1.41221,-2.15267
89534,895353,1718,-78,12016,-77,-183,-284,0.01265,-0.00621,0.99653,-0.58779,-1.39695,-2.16794
89535,895363,1764,-54,12084,-80,-184,-278,0.01547,-0.00474,1.00057,-0.61069,-1.40458,-2.12214
89536,895373,1756,-68,12048,-84,-180,-281,0.01498,-0.0056,0.99843,-0.64122,-1.37405,-2.14504
89537,895383,1724,-38,12110,-75,-186,-280,0.01302,-0.00376,1.00212,-0.57252,-1.41985,-2.1374
89538,895393,1708,-44,11992,-74,-182,-282,0.01203,-0.00413,0.9951,-0.56489,-1.38931,-2.15267
89539,895403,1728,-24,12058,-80,-188,-279,0.01326,-0.0029,0.99903,-0.61069,-1.43511,-2.12977
89540,895413,1718,-36,12030,-85,-178,-280,0.01265,-0.00364,0.99736,-0.64885,-1.35878,-2.1374
89541,895423,1754,-62,12046,-81,-179,-276,0.01486,-0.00523,0.99831,-0.61832,-1.36641,-2.10687
89542,895433,1726,-54,12084,-75,-179,-281,0.01314,-0.00474,1.00057,-0.57252,-1.36641,-2.14504
89543,895443,1728,-72,12104,-78,-173,-285,0.01326,-0.00585,1.00176,-0.59542,-1.32061,-2.17557
89544,895453,1750,-70,12108,-81,-184,-279,0.01461,-0.00572,1.002,-0.61832,-1.40458,-2.12977
89545,895463,1748,-32,12060,-80,-175,-281,0.01449,-0.00339,0.99914,-0.61069,-1.33588,-2.14504
89546,895473,1716,-62,12036,-77,-182,-275,0.01252,-0.00523,0.99772,-0.58779,-1.38931,-2.09924
89547,895483,1706,-58,12012,-78,-185,-279,0.01191,-0.00499,0.99629,-0.59542,-1.41221,-2.12977
89548,895493,1706,-24,12068,-78,-181,-289,0.01191,-0.0029,0.99962,-0.59542,-1.38168,-2.20611
89549,895503,1744,-30,12030,-76,-190,-285,0.01424,-0.00327,0.99736,-0.58015,-1.45038,-2.17557
89550,895513,1706,-10,12060,-76,-195,-286,0.01191,-0.00204,0.99914,-0.58015,-1.48855,-2.18321
89551,895523,1728,-62,12004,-77,-183,-283,0.01326,-0.00523,0.99582,-0.58779,-1.39695,-2.16031
89552,895533,1710,-66,12050,-75,-191,-284,0.01216,-0.00548,0.99855,-0.57252,-1.45802,-2.16794
89553,895543,1776,16,12018,-79,-192,-286,0.01621,-0.00045,0.99665,-0.60305,-1.46565,-2.18321
89554,895553,1718,-52,12060,-80,-184,-277,0.01265,-0.00462,0.99914,-0.61069,-1.40458,-2.1145
89555,895563,1724,-46,12030,-75,-186,-283,0.01302,-0.00425,0.99736,-0.57252,-1.41985,-2.16031
89556,895573,1728,-40,12068,-79,-187,-281,0.01326,-0.00388,0.99962,-0.60305,-1.42748,-2.14504
89557,895583,1730,-10,12050,-83,-185,-278,0.01338,-0.00204,0.99855,-0.63359,-1.41221,-2.12214
89558,895593,1728,-34,12016,-77,-194,-276,0.01326,-0.00351,0.99653,-0.58779,-1.48092,-2.10687
89559,895603,1708,-62,12112,-83,-187,-285,0.01203,-0.00523,1.00223,-0.63359,-1.42748,-2.17557
89560,895613,1750,-4,12082,-81,-176,-280,0.01461,-0.00167,1.00045,-0.61832,-1.34351,-2.1374
89561,895623,1742,-20,12066,-75,-186,-282,0.01412,-0.00266,0.9995,-0.57252,-1.41985,-2.15267
89562,895633,1728,-36,12058,-80,-174,-283,0.01326,-0.00364,0.99903,-0.61069,-1.32824,-2.16031
89563,895643,1732,-26,11994,-78,-181,-286,0.01351,-0.00302,0.99522,-0.59542,-1.38168,-2.18321
89564,895653,1722,-26,12038,-79,-180,-283,0.01289,-0.00302,0.99784,-0.60305,-1.37405,-2.16031
89565,895663,1670,-60,12046,-84,-187,-282,0.0097,-0.00511,0.99831,-0.64122,-1.42748,-2.15267
89566,895673,1718,-70,12100,-78,-189,-284,0.01265,-0.00572,1.00152,-0.59542,-1.44275,-2.16794
89567,895683,1722,-28,12096,-77,-182,-275,0.01289,-0.00315,1.00128,-0.58779,-1.38931,-2.09924
89568,895693,1728,-26,12076,-75,-180,-286,0.01326,-0.00302,1.0001,-0.57252,-1.37405,-2.18321
89569,895703,1734,-32,12074,-71,-195,-284,0.01363,-0.00339,0.99998,-0.54198,-1.48855,-2.16794
89570,895713,1738,-20,12022,-76,-177,-281,0.01387,-0.00266,0.99689,-0.58015,-1.35115,-2.14504
89571,895723,1756,-54,12040,-77,-187,-282,0.01498,-0.00474,0.99796,-0.58779,-1.42748,-2.15267
89572,895733,1778,10,12046,-77,-182,-282,0.01633,-0.00082,0.99831,-0.58779,-1.38931,-2.15267
89573,895743,1710,-16,12048,-81,-177,-282,0.01216,-0.00241,0.99843,-0.61832,-1.35115,-2.15267
89574,895753,1734,-60,12084,-80,-182,-285,0.01363,-0.00511,1.00057,-0.61069,-1.38931,-2.17557
89575,895763,1738,-44,12040,-78,-183,-284,0.01387,-0.00413,0.99796,-0.59542,-1.39695,-2.16794
89576,895773,1722,-30,12072,-76,-186,-282,0.01289,-0.00327,0.99986,-0.58015,-1.41985,-2.15267
89577,895783,1684,-40,12092,-79,-190,-284,0.01056,-0.00388,1.00105,-0.60305,-1.45038,-2.16794
89578,895793,1722,-32,12080,-80,-177,-285,0.01289,-0.00339,1.00033,-0.61069,-1.35115,-2.17557
89579,895803,1786,-18,12070,-81,-185,-283,0.01682,-0.00253,0.99974,-0.61832,-1.41221,-2.16031
89580,895813,1736,-46,12112,-73,-183,-286,0.01375,-0.00425,1.00223,-0.55725,-1.39695,-2.18321
89581,895823,1710,-32,12038,-71,-188,-277,0.01216,-0.00339,0.99784,-0.54198,-1.43511,-2.1145
89582,895833,1742,-26,12020,-72,-185,-280,0.01412,-0.00302,0.99677,-0.54962,-1.41221,-2.1374
89583,895843,1696,-54,12060,-75,-188,-281,0.0113,-0.00474,0.99914,-0.57252,-1.43511,-2.14504
89584,895853,1736,-30,12038,-79,-183,-287,0.01375,-0.00327,0.99784,-0.60305,-1.39695,-2.19084
89585,895863,1758,-40,12028,-74,-176,-286,0.0151,-0.00388,0.99724,-0.56489,-1.34351,-2.18321
89586,895873,1724,-62,12036,-75,-187,-277,0.01302,-0.00523,0.99772,-0.57252,-1.42748,-2.1145
89587,895883,1750,-20,12014,-78,-185,-285,0.01461,-0.00266,0.99641,-0.59542,-1.41221,-2.17557
89588,895893,1724,-14,12038,-74,-186,-288,0.01302,-0.00229,0.99784,-0.56489,-1.41985,-2.19847
89589,895903,1732,-74,12090,-78,-183,-286,0.01351,-0.00597,1.00093,-0.59542,-1.39695,-2.18321
89590,895913,1706,-42,12050,-76,-185,-284,0.01191,-0.00401,0.99855,-0.58015,-1.41221,-2.16794
89591,895923,1734,-32,12090,-75,-177,-278,0.01363,-0.00339,1.00093,-0.57252,-1.35115,-2.12214
89592,895933,1748,-8,12104,-79,-185,-282,0.01449,-0.00192,1.00176,-0.60305,-1.41221,-2.15267
89593,895943,1742,-16,12112,-81,-185,-278,0.01412,-0.00241,1.00223,-0.61832,-1.41221,-2.12214
89594,895953,1738,-26,12026,-80,-177,-283,0.01387,-0.00302,0.99712,-0.61069,-1.35115,-2.16031
89595,895963,1744,-8,12076,-72,-182,-285,0.01424,-0.00192,1.0001,-0.54962,-1.38931,-2.17557
89596,895973,1764,-42,12036,-75,-192,-280,0.01547,-0.00401,0.99772,-0.57252,-1.46565,-2.1374
89597,895983,1752,0,12026,-78,-175,-284,0.01473,-0.00143,0.99712,-0.59542,-1.33588,-2.16794
89598,895993,1778,-22,12084,-74,-178,-280,0.01633,-0.00278,1.00057,-0.56489,-1.35878,-2.1374
89599,896003,1758,-14,12040,-78,-188,-282,0.0151,-0.00229,0.99796,-0.59542,-1.43511,-2.15267
89600,896013,1728,-44,11992,-72,-187,-278,0.01326,-0.00413,0.9951,-0.54962,-1.42748,-2.12214
89601,896023,1724,-28,12008,-75,-182,-286,0.01302,-0.00315,0.99605,-0.57252,-1.38931,-2.18321
89602,896033,1778,30,12042,-73,-182,-283,0.01633,0.00041,0.99807,-0.55725,-1.38931,-2.16031
89603,896043,1772,-54,11982,-76,-180,-282,0.01596,-0.00474,0.99451,-0.58015,-1.37405,-2.15267
89604,896053,1734,-54,12066,-81,-178,-281,0.01363,-0.00474,0.9995,-0.61832,-1.35878,-2.14504
89605,896063,1708,-26,11998,-71,-179,-274,0.01203,-0.00302,0.99546,-0.54198,-1.36641,-2.0916
89606,896073,1744,-6,12056,-75,-189,-278,0.01424,-0.0018,0.99891,-0.57252,-1.44275,-2.12214
89607,896083,1724,-58,12006,-77,-182,-281,0.01302,-0.00499,0.99594,-0.58779,-1.38931,-2.14504
89608,896093,1740,-62,12120,-76,-185,-281,0.014,-0.00523,1.00271,-0.58015,-1.41221,-2.14504
89609,896103,1728,4,12118,-72,-190,-278,0.01326,-0.00118,1.00259,-0.54962,-1.45038,-2.12214
89610,896113,1756,-52,12082,-72,-185,-281,0.01498,-0.00462,1.00045,-0.54962,-1.41221,-2.14504
89611,896123,1780,-82,12066,-74,-187,-283,0.01645,-0.00646,0.9995,-0.56489,-1.42748,-2.16031
89612,896133,1732,-52,12066,-71,-186,-283,0.01351,-0.00462,0.9995,-0.54198,-1.41985,-2.16031
89613,896143,1746,-52,12064,-72,-197,-282,0.01437,-0.00462,0.99938,-0.54962,-1.50382,-2.15267
89614,896153,1750,-38,12086,-72,-193,-279,0.01461,-0.00376,1.00069,-0.54962,-1.47328,-2.12977
89615,896163,1756,-42,12104,-76,-187,-277,0.01498,-0.00401,1.00176,-0.58015,-1.42748,-2.1145
89616,896173,1774,-70,12100,-77,-182,-282,0.01608,-0.00572,1.00152,-0.58779,-1.38931,-2.15267
89617,896183,1734,-48,11986,-76,-181,-281,0.01363,-0.00437,0.99475,-0.58015,-1.38168,-2.14504
89618,896193,1692,-12,12036,-82,-181,-277,0.01105,-0.00217,0.99772,-0.62595,-1.38168,-2.1145
89619,896203,1726,-42,12060,-78,-186,-280,0.01314,-0.00401,0.99914,-0.59542,-1.41985,-2.1374
89620,896213,1728,-30,12070,-80,-188,-283,0.01326,-0.00327,0.99974,-0.61069,-1.43511,-2.16031
89621,896223,1780,-60,12040,-79,-187,-278,0.01645,-0.00511,0.99796,-0.60305,-1.42748,-2.12214
89622,896233,1730,-54,12008,-75,-179,-284,0.01338,-0.00474,0.99605,-0.57252,-1.36641,-2.16794
89623,896243,1748,-2,12024,-75,-186,-282,0.01449,-0.00155,0.99701,-0.57252,-1.41985,-2.15267
89624,896253,1734,-8,12086,-79,-182,-281,0.01363,-0.00192,1.00069,-0.60305,-1.38931,-2.14504
89625,896263,1722,-50,12072,-74,-179,-282,0.01289,-0.0045,0.99986,-0.56489,-1.36641,-2.15267
89626,896273,1754,-34,12042,-68,-176,-278,0.01486,-0.00351,0.99807,-0.51908,-1.34351,-2.12214
89627,896283,1726,-16,12062,-79,-199,-279,0.01314,-0.00241,0.99926,-0.60305,-1.51908,-2.12977
89628,896293,1760,-16,12024,-77,-190,-283,0.01522,-0.00241,0.99701,-0.58779,-1.45038,-2.16031
89629,896303,1736,2,12092,-75,-184,-279,0.01375,-0.00131,1.00105,-0.57252,-1.40458,-2.12977
89630,896313,1706,-80,11942,-74,-187,-280,0.01191,-0.00634,0.99213,-0.56489,-1.42748,-2.1374
89631,896323,1768,-20,11970,-75,-191,-281,0.01572,-0.00266,0.9938,-0.57252,-1.45802,-2.14504
89632,896333,1738,6,12058,-78,-189,-282,0.01387,-0.00106,0.99903,-0.59542,-1.44275,-2.15267
89633,896343,1722,-42,12024,-74,-181,-279,0.01289,-0.00401,0.99701,-0.56489,-1.38168,-2.12977
89634,896353,1752,-8,12090,-79,-185,-281,0.01473,-0.00192,1.00093,-0.60305,-1.41221,-2.14504
89635,896363,1704,-32,12044,-79,-185,-284,0.01179,-0.00339,0.99819,-0.60305,-1.41221,-2.16794
89636,896373,1710,32,12086,-77,-187,-283,0.01216,0.00053,1.00069,-0.58779,-1.42748,-2.16031
89637,896383,1754,-52,12022,-73,-183,-281,0.01486,-0.00462,0.99689,-0.55725,-1.39695,-2.14504
89638,896393,1730,-30,12072,-79,-183,-279,0.01338,-0.00327,0.99986,-0.60305,-1.39695,-2.12977
89639,896403,1732,-50,12030,-83,-184,-281,0.01351,-0.0045,0.99736,-0.63359,-1.40458,-2.14504
89640,896413,1708,-28,12020,-77,-180,-281,0.01203,-0.00315,0.99677,-0.58779,-1.37405,-2.14504
89641,896423,1706,-6,12058,-73,-171,-278,0.01191,-0.0018,0.99903,-0.55725,-1.30534,-2.12214
89642,896433,1724,-64,12080,-74,-174,-284,0.01302,-0.00536,1.00033,-0.56489,-1.32824,-2.16794
89643,896443,1716,-50,12094,-76,-185,-275,0.01252,-0.0045,1.00116,-0.58015,-1.41221,-2.09924
89644,896453,1790,-60,11970,-78,-181,-274,0.01707,-0.00511,0.9938,-0.59542,-1.38168,-2.0916
89645,896463,1724,-24,12048,-79,-178,-280,0.01302,-0.0029,0.99843,-0.60305,-1.35878,-2.1374
89646,896473,1750,-54,12052,-80,-186,-287,0.01461,-0.00474,0.99867,-0.61069,-1.41985,-2.19084
89647,896483,1740,-8,12038,-76,-194,-280,0.014,-0.00192,0.99784,-0.58015,-1.48092,-2.1374
89648,896493,1728,-60,12036,-76,-183,-279,0.01326,-0.00511,0.99772,-0.58015,-1.39695,-2.12977
89649,896503,1718,-14,11984,-70,-169,-283,0.01265,-0.00229,0.99463,-0.53435,-1.29008,-2.16031
89650,896513,1750,0,12022,-74,-189,-282,0.01461,-0.00143,0.99689,-0.56489,-1.44275,-2.15267
89651,896523,1752,-18,12100,-77,-184,-278,0.01473,-0.00253,1.00152,-0.58779,-1.40458,-2.12214
89652,896533,1736,-42,12048,-75,-179,-279,0.01375,-0.00401,0.99843,-0.57252,-1.36641,-2.12977
89653,896543,1762,-54,12000,-76,-185,-276,0.01535,-0.00474,0.99558,-0.58015,-1.41221,-2.10687
89654,896553,1738,-60,11984,-74,-192,-282,0.01387,-0.00511,0.99463,-0.56489,-1.46565,-2.15267
89655,896563,1712,-62,12062,-76,-196,-284,0.01228,-0.00523,0.99926,-0.58015,-1.49618,-2.16794
89656,896573,1692,-54,12102,-81,-183,-277,0.01105,-0.00474,1.00164,-0.61832,-1.39695,-2.1145
89657,896583,1766,-40,12070,-76,-179,-285,0.01559,-0.00388,0.99974,-0.58015,-1.36641,-2.17557
89658,896593,1720,0,12000,-80,-186,-285,0.01277,-0.00143,0.99558,-0.61069,-1.41985,-2.17557
89659,896603,1678,-28,12008,-80,-178,-282,0.01019,-0.00315,0.99605,-0.61069,-1.35878,-2.15267
89660,896613,1744,-50,12030,-81,-187,-277,0.01424,-0.0045,0.99736,-0.61832,-1.42748,-2.1145
89661,896623,1736,-66,12036,-76,-184,-272,0.01375,-0.00548,0.99772,-0.58015,-1.40458,-2.07634
89662,896633,1750,-38,12020,-76,-188,-275,0.01461,-0.00376,0.99677,-0.58015,-1.43511,-2.09924
89663,896643,1740,18,11978,-77,-191,-281,0.014,-0.00033,0.99427,-0.58779,-1.45802,-2.14504
89664,896653,1718,12,12078,-73,-185,-285,0.01265,-0.00069,1.00021,-0.55725,-1.41221,-2.17557
89665,896663,1712,-56,12098,-80,-187,-282,0.01228,-0.00486,1.0014,-0.61069,-1.42748,-2.15267
89666,896673,1702,-84,12010,-75,-184,-285,0.01167,-0.00658,0.99617,-0.57252,-1.40458,-2.17557
89667,896683,1676,-48,12040,-74,-176,-278,0.01007,-0.00437,0.99796,-0.56489,-1.34351,-2.12214
89668,896693,1708,-48,12060,-76,-172,-280,0.01203,-0.00437,0.99914,-0.58015,-1.31298,-2.1374
89669,896703,1686,-20,12008,-85,-188,-278,0.01068,-0.00266,0.99605,-0.64885,-1.43511,-2.12214
89670,896713,1738,-32,12050,-82,-183,-283,0.01387,-0.00339,0.99855,-0.62595,-1.39695,-2.16031
89671,896723,1736,-38,12030,-77,-180,-273,0.01375,-0.00376,0.99736,-0.58779,-1.37405,-2.08397
89672,896733,1734,-16,12018,-80,-183,-277,0.01363,-0.00241,0.99665,-0.61069,-1.39695,-2.1145
89673,896743,1720,-20,12124,-82,-185,-281,0.01277,-0.00266,1.00295,-0.62595,-1.41221,-2.14504
89674,896753,1754,6,12088,-80,-182,-282,0.01486,-0.00106,1.00081,-0.61069,-1.38931,-2.15267
89675,896763,1766,-4,12086,-76,-185,-277,0.01559,-0.00167,1.00069,-0.58015,-1.41221,-2.1145
89676,896773,1696,-16,12040,-80,-180,-276,0.0113,-0.00241,0.99796,-0.61069,-1.37405,-2.10687
89677,896783,1708,-60,12054,-76,-179,-280,0.01203,-0.00511,0.99879,-0.58015,-1.36641,-2.1374
89678,896793,1764,-84,12082,-74,-184,-278,0.01547,-0.00658,1.00045,-0.56489,-1.40458,-2.12214
89679,896803,1734,-46,12012,-77,-181,-278,0.01363,-0.00425,0.99629,-0.58779,-1.38168,-2.12214
89680,896813,1712,-42,12058,-73,-190,-280,0.01228,-0.00401,0.99903,-0.55725,-1.45038,-2.1374
89681,896823,1722,-74,12072,-78,-182,-276,0.01289,-0.00597,0.99986,-0.59542,-1.38931,-2.10687
89682,896833,1746,12,12106,-80,-178,-277,0.01437,-0.00069,1.00188,-0.61069,-1.35878,-2.1145
89683,896843,1744,-20,12064,-74,-188,-281,0.01424,-0.00266,0.99938,-0.56489,-1.43511,-2.14504
89684,896853,1748,-10,12006,-79,-186,-280,0.01449,-0.00204,0.99594,-0.60305,-1.41985,-2.1374
89685,896863,1724,-10,12032,-81,-183,-275,0.01302,-0.00204,0.99748,-0.61832,-1.39695,-2.09924
89686,896873,1742,-58,12074,-77,-184,-281,0.01412,-0.00499,0.99998,-0.58779,-1.40458,-2.14504
89687,896883,1720,-74,12032,-75,-188,-281,0.01277,-0.00597,0.99748,-0.57252,-1.43511,-2.14504
89688,896893,1782,-54,12044,-78,-180,-279,0.01657,-0.00474,0.99819,-0.59542,-1.37405,-2.12977
89689,896903,1742,-44,12062,-75,-184,-284,0.01412,-0.00413,0.99926,-0.57252,-1.40458,-2.16794
89690,896913,1708,-34,11990,-83,-190,-284,0.01203,-0.00351,0.99498,-0.63359,-1.45038,-2.16794
89691,896923,1754,-64,12020,-78,-188,-283,0.01486,-0.00536,0.99677,-0.59542,-1.43511,-2.16031
89692,896933,1742,-56,12036,-79,-184,-282,0.01412,-0.00486,0.99772,-0.60305,-1.40458,-2.15267
89693,896943,1760,-36,12054,-81,-179,-280,0.01522,-0.00364,0.99879,-0.61832,-1.36641,-2.1374
89694,896953,1758,-20,12040,-76,-178,-278,0.0151,-0.00266,0.99796,-0.58015,-1.35878,-2.12214
89695,896963,1720,2,11994,-69,-184,-277,0.01277,-0.00131,0.99522,-0.52672,-1.40458,-2.1145
89696,896973,1738,-54,12112,-79,-182,-284,0.01387,-0.00474,1.00223,-0.60305,-1.38931,-2.16794
89697,896983,1780,-48,12094,-76,-189,-283,0.01645,-0.00437,1.00116,-0.58015,-1.44275,-2.16031
89698,896993,1732,-28,12034,-73,-181,-286,0.01351,-0.00315,0.9976,-0.55725,-1.38168,-2.18321
89699,897003,1752,4,12020,-79,-189,-282,0.01473,-0.00118,0.99677,-0.60305,-1.44275,-2.15267
89700,897013,1732,-34,12116,-82,-180,-282,0.01351,-0.00351,1.00247,-0.62595,-1.37405,-2.15267
89701,897023,1700,-70,12068,-79,-179,-280,0.01154,-0.00572,0.99962,-0.60305,-1.36641,-2.1374
89702,897033,1754,-26,12026,-81,-184,-277,0.01486,-0.00302,0.99712,-0.61832,-1.40458,-2.1145
89703,897043,1718,-48,11966,-79,-182,-280,0.01265,-0.00437,0.99356,-0.60305,-1.38931,-2.1374
89704,897053,1750,-36,11960,-79,-184,-282,0.01461,-0.00364,0.9932,-0.60305,-1.40458,-2.15267
89705,897063,1692,-56,12078,-76,-185,-284,0.01105,-0.00486,1.00021,-0.58015,-1.41221,-2.16794
89706,897073,1716,-96,12016,-79,-188,-281,0.01252,-0.00732,0.99653,-0.60305,-1.43511,-2.14504
89707,897083,1692,-22,12032,-74,-172,-282,0.01105,-0.00278,0.99748,-0.56489,-1.31298,-2.15267
89708,897093,1734,-20,12066,-75,-183,-281,0.01363,-0.00266,0.9995,-0.57252,-1.39695,-2.14504
89709,897103,1720,8,12106,-70,-188,-280,0.01277,-0.00094,1.00188,-0.53435,-1.43511,-2.1374
89710,897113,1776,-48,12084,-73,-189,-281,0.01621,-0.00437,1.00057,-0.55725,-1.44275,-2.14504
89711,897123,1720,-26,12084,-73,-186,-284,0.01277,-0.00302,1.00057,-0.55725,-1.41985,-2.16794
89712,897133,1784,-22,12014,-75,-181,-280,0.0167,-0.00278,0.99641,-0.57252,-1.38168,-2.1374
89713,897143,1716,32,12094,-79,-180,-282,0.01252,0.00053,1.00116,-0.60305,-1.37405,-2.15267
89714,897153,1720,-38,12014,-81,-179,-276,0.01277,-0.00376,0.99641,-0.61832,-1.36641,-2.10687
89715,897163,1726,-24,12042,-83,-185,-279,0.01314,-0.0029,0.99807,-0.63359,-1.41221,-2.12977
89716,897173,1790,-16,12028,-80,-189,-281,0.01707,-0.00241,0.99724,-0.61069,-1.44275,-2.14504
89717,897183,1706,-32,12112,-79,-183,-280,0.01191,-0.00339,1.00223,-0.60305,-1.39695,-2.1374
89718,897193,1704,-32,12098,-79,-185,-286,0.01179,-0.00339,1.0014,-0.60305,-1.41221,-2.18321
89719,897203,1712,-32,12134,-73,-177,-285,0.01228,-0.00339,1.00354,-0.55725,-1.35115,-2.17557
89720,897213,1698,-12,12032,-81,-187,-285,0.01142,-0.00217,0.99748,-0.61832,-1.42748,-2.17557
89721,897223,1678,-2,12028,-78,-188,-281,0.01019,-0.00155,0.99724,-0.59542,-1.43511,-2.14504
89722,897233,1676,-6,12042,-76,-186,-277,0.01007,-0.0018,0.99807,-0.58015,-1.41985,-2.1145
89723,897243,1740,-26,12098,-80,-182,-278,0.014,-0.00302,1.0014,-0.61069,-1.38931,-2.12214
89724,897253,1718,-10,12070,-76,-180,-284,0.01265,-0.00204,0.99974,-0.58015,-1.37405,-2.16794
89725,897263,1742,-16,11980,-79,-187,-286,0.01412,-0.00241,0.99439,-0.60305,-1.42748,-2.18321
89726,897273,1708,-10,12014,-77,-186,-283,0.01203,-0.00204,0.99641,-0.58779,-1.41985,-2.16031
89727,897283,1714,-42,11936,-76,-182,-278,0.0124,-0.00401,0.99178,-0.58015,-1.38931,-2.12214
89728,897293,1760,-44,12058,-77,-179,-276,0.01522,-0.00413,0.99903,-0.58779,-1.36641,-2.10687
89729,897303,1752,-52,12124,-76,-179,-278,0.01473,-0.00462,1.00295,-0.58015,-1.36641,-2.12214
89730,897313,1752,-66,12072,-83,-183,-286,0.01473,-0.00548,0.99986,-0.63359,-1.39695,-2.18321
89731,897323,1738,-40,12076,-79,-194,-285,0.01387,-0.00388,1.0001,-0.60305,-1.48092,-2.17557
89732,897333,1686,-44,12034,-77,-193,-281,0.01068,-0.00413,0.9976,-0.58779,-1.47328,-2.14504
89733,897343,1760,-84,12116,-80,-177,-284,0.01522,-0.00658,1.00247,-0.61069,-1.35115,-2.16794
89734,897353,1754,-30,12064,-78,-182,-281,0.01486,-0.00327,0.99938,-0.59542,-1.38931,-2.14504
89735,897363,1678,-48,12090,-78,-187,-277,0.01019,-0.00437,1.00093,-0.59542,-1.42748,-2.1145
89736,897373,1718,-48,12034,-80,-189,-277,0.01265,-0.00437,0.9976,-0.61069,-1.44275,-2.1145
89737,897383,1762,-38,12088,-74,-187,-278,0.01535,-0.00376,1.00081,-0.56489,-1.42748,-2.12214
89738,897393,1722,-46,12072,-69,-183,-280,0.01289,-0.00425,0.99986,-0.52672,-1.39695,-2.1374
89739,897403,1700,-34,12112,-71,-193,-280,0.01154,-0.00351,1.00223,-0.54198,-1.47328,-2.1374
89740,897413,1734,22,12124,-76,-188,-279,0.01363,-8e-05,1.00295,-0.58015,-1.43511,-2.12977
89741,897423,1758,-30,12080,-77,-184,-280,0.0151,-0.00327,1.00033,-0.58779,-1.40458,-2.1374
89742,897433,1742,-24,12116,-77,-184,-283,0.01412,-0.0029,1.00247,-0.58779,-1.40458,-2.16031
89743,897443,1716,-4,12006,-73,-183,-285,0.01252,-0.00167,0.99594,-0.55725,-1.39695,-2.17557
89744,897453,1760,-36,12034,-74,-175,-281,0.01522,-0.00364,0.9976,-0.56489,-1.33588,-2.14504
89745,897463,1728,-66,12048,-76,-173,-284,0.01326,-0.00548,0.99843,-0.58015,-1.32061,-2.16794
89746,897473,1744,-44,12078,-76,-183,-282,0.01424,-0.00413,1.00021,-0.58015,-1.39695,-2.15267
89747,897483,1732,12,12094,-78,-192,-286,0.01351,-0.00069,1.00116,-0.59542,-1.46565,-2.18321
89748,897493,1722,-24,12118,-81,-195,-284,0.01289,-0.0029,1.00259,-0.61832,-1.48855,-2.16794
89749,897503,1698,-8,12066,-77,-184,-279,0.01142,-0.00192,0.9995,-0.58779,-1.40458,-2.12977
89750,897513,1726,-72,12092,-76,-177,-278,0.01314,-0.00585,1.00105,-0.58015,-1.35115,-2.12214
89751,897523,1742,-46,12034,-78,-179,-286,0.01412,-0.00425,0.9976,-0.59542,-1.36641,-2.18321
89752,897533,1716,-58,12014,-73,-182,-285,0.01252,-0.00499,0.99641,-0.55725,-1.38931,-2.17557
89753,897543,1640,-20,12014,-78,-176,-284,0.00786,-0.00266,0.99641,-0.59542,-1.34351,-2.16794
89754,897553,1760,-60,12102,-77,-189,-280,0.01522,-0.00511,1.00164,-0.58779,-1.44275,-2.1374
89755,897563,1754,-62,12034,-74,-196,-274,0.01486,-0.00523,0.9976,-0.56489,-1.49618,-2.0916
89756,897573,1764,-20,12062,-78,-184,-283,0.01547,-0.00266,0.99926,-0.59542,-1.40458,-2.16031
89757,897583,1720,-22,12030,-77,-194,-285,0.01277,-0.00278,0.99736,-0.58779,-1.48092,-2.17557
89758,897593,1740,-36,12030,-77,-189,-279,0.014,-0.00364,0.99736,-0.58779,-1.44275,-2.12977
89759,897603,1726,-48,12084,-74,-184,-279,0.01314,-0.00437,1.00057,-0.56489,-1.40458,-2.12977
89760,897613,1696,-38,12114,-73,-180,-279,0.0113,-0.00376,1.00235,-0.55725,-1.37405,-2.12977
89761,897623,1774,-10,12120,-78,-186,-277,0.01608,-0.00204,1.00271,-0.59542,-1.41985,-2.1145
89762,897633,1664,-52,12120,-80,-195,-278,0.00933,-0.00462,1.00271,-0.61069,-1.48855,-2.12214
89763,897643,1748,-40,11996,-81,-188,-284,0.01449,-0.00388,0.99534,-0.61832,-1.43511,-2.16794
89764,897653,1706,-60,12038,-74,-180,-283,0.01191,-0.00511,0.99784,-0.56489,-1.37405,-2.16031
89765,897663,1758,-58,12044,-71,-180,-286,0.0151,-0.00499,0.99819,-0.54198,-1.37405,-2.18321
89766,897673,1710,-40,12082,-79,-188,-281,0.01216,-0.00388,1.00045,-0.60305,-1.43511,-2.14504
89767,897683,1674,-28,12056,-85,-184,-280,0.00995,-0.00315,0.99891,-0.64885,-1.40458,-2.1374
89768,897693,1732,-20,12006,-80,-187,-282,0.01351,-0.00266,0.99594,-0.61069,-1.42748,-2.15267
89769,897703,1732,2,12116,-78,-185,-282,0.01351,-0.00131,1.00247,-0.59542,-1.41221,-2.15267
89770,897713,1698,-24,12076,-77,-183,-274,0.01142,-0.0029,1.0001,-0.58779,-1.39695,-2.0916
89771,897723,1712,-36,12080,-78,-179,-279,0.01228,-0.00364,1.00033,-0.59542,-1.36641,-2.12977
89772,897733,1736,-30,12020,-79,-181,-288,0.01375,-0.00327,0.99677,-0.60305,-1.38168,-2.19847
89773,897743,1738,-58,12016,-76,-178,-281,0.01387,-0.00499,0.99653,-0.58015,-1.35878,-2.14504
89774,897753,1732,-44,11986,-79,-177,-278,0.01351,-0.00413,0.99475,-0.60305,-1.35115,-2.12214
89775,897763,1726,-18,12044,-83,-185,-282,0.01314,-0.00253,0.99819,-0.63359,-1.41221,-2.15267
89776,897773,1762,-32,12026,-79,-190,-283,0.01535,-0.00339,0.99712,-0.60305,-1.45038,-2.16031
89777,897783,1716,-42,12036,-80,-189,-276,0.01252,-0.00401,0.99772,-0.61069,-1.44275,-2.10687
89778,897793,1774,-20,12116,-76,-186,-279,0.01608,-0.00266,1.00247,-0.58015,-1.41985,-2.12977
89779,897803,1736,24,12098,-72,-183,-278,0.01375,4e-05,1.0014,-0.54962,-1.39695,-2.12214
89780,897813,1724,-4,12092,-74,-185,-279,0.01302,-0.00167,1.00105,-0.56489,-1.41221,-2.12977
89781,897823,1762,-52,12092,-78,-181,-276,0.01535,-0.00462,1.00105,-0.59542,-1.38168,-2.10687
89782,897833,1776,-62,12074,-74,-185,-285,0.01621,-0.00523,0.99998,-0.56489,-1.41221,-2.17557
89783,897843,1732,-6,12086,-78,-182,-285,0.01351,-0.0018,1.00069,-0.59542,-1.38931,-2.17557
89784,897853,1734,-20,12152,-71,-186,-283,0.01363,-0.00266,1.00461,-0.54198,-1.41985,-2.16031
89785,897863,1732,0,12074,-78,-189,-285,0.01351,-0.00143,0.99998,-0.59542,-1.44275,-2.17557
89786,897873,1754,-62,12020,-76,-182,-284,0.01486,-0.00523,0.99677,-0.58015,-1.38931,-2.16794
89787,897883,1718,-52,12058,-74,-187,-282,0.01265,-0.00462,0.99903,-0.56489,-1.42748,-2.15267
89788,897893,1730,-2,11996,-73,-184,-277,0.01338,-0.00155,0.99534,-0.55725,-1.40458,-2.1145
89789,897903,1740,-52,12036,-76,-185,-280,0.014,-0.00462,0.99772,-0.58015,-1.41221,-2.1374
89790,897913,1722,-34,12074,-77,-182,-280,0.01289,-0.00351,0.99998,-0.58779,-1.38931,-2.1374
89791,897923,1732,-66,12110,-78,-187,-285,0.01351,-0.00548,1.00212,-0.59542,-1.42748,-2.17557
89792,897933,1756,-44,12084,-72,-186,-285,0.01498,-0.00413,1.00057,-0.54962,-1.41985,-2.17557
89793,897943,1746,-28,12034,-73,-192,-287,0.01437,-0.00315,0.9976,-0.55725,-1.46565,-2.19084
89794,897953,1700,-30,12036,-76,-188,-277,0.01154,-0.00327,0.99772,-0.58015,-1.43511,-2.1145
89795,897963,1746,-68,12060,-72,-191,-277,0.01437,-0.0056,0.99914,-0.54962,-1.45802,-2.1145
89796,897973,1738,-30,12138,-78,-173,-284,0.01387,-0.00327,1.00378,-0.59542,-1.32061,-2.16794
89797,897983,1726,-6,12146,-76,-186,-284,0.01314,-0.0018,1.00425,-0.58015,-1.41985,-2.16794
89798,897993,1722,-20,12054,-73,-181,-281,0.01289,-0.00266,0.99879,-0.55725,-1.38168,-2.14504
89799,898003,1780,-50,12052,-79,-189,-280,0.01645,-0.0045,0.99867,-0.60305,-1.44275,-2.1374
89800,898013,1740,-12,12006,-82,-177,-280,0.014,-0.00217,0.99594,-0.62595,-1.35115,-2.1374
89801,898023,1762,-14,12036,-76,-176,-281,0.01535,-0.00229,0.99772,-0.58015,-1.34351,-2.14504
89802,898033,1746,-46,12064,-76,-180,-286,0.01437,-0.00425,0.99938,-0.58015,-1.37405,-2.18321
89803,898043,1768,-74,12060,-78,-183,-289,0.01572,-0.00597,0.99914,-0.59542,-1.39695,-2.20611
89804,898053,1752,-28,12090,-77,-185,-284,0.01473,-0.00315,1.00093,-0.58779,-1.41221,-2.16794
89805,898063,1756,-34,12120,-76,-181,-279,0.01498,-0.00351,1.00271,-0.58015,-1.38168,-2.12977
89806,898073,1724,-32,12088,-84,-186,-282,0.01302,-0.00339,1.00081,-0.64122,-1.41985,-2.15267
89807,898083,1688,-6,12100,-76,-182,-283,0.01081,-0.0018,1.00152,-0.58015,-1.38931,-2.16031
89808,898093,1698,-20,12042,-79,-174,-285,0.01142,-0.00266,0.99807,-0.60305,-1.32824,-2.17557
89809,898103,1702,-38,12070,-77,-177,-283,0.01167,-0.00376,0.99974,-0.58779,-1.35115,-2.16031
89810,898113,1714,-30,12048,-76,-188,-281,0.0124,-0.00327,0.99843,-0.58015,-1.43511,-2.14504
89811,898123,1752,-8,12060,-76,-182,-284,0.01473,-0.00192,0.99914,-0.58015,-1.38931,-2.16794
89812,898133,1726,-20,12104,-77,-180,-278,0.01314,-0.00266,1.00176,-0.58779,-1.37405,-2.12214
89813,898143,1766,-12,11952,-77,-187,-281,0.01559,-0.00217,0.99273,-0.58779,-1.42748,-2.14504
89814,898153,1750,2,12096,-75,-179,-281,0.01461,-0.00131,1.00128,-0.57252,-1.36641,-2.14504
89815,898163,1716,-36,12088,-76,-180,-278,0.01252,-0.00364,1.00081,-0.58015,-1.37405,-2.12214
89816,898173,1696,-28,12068,-74,-187,-278,0.0113,-0.00315,0.99962,-0.56489,-1.42748,-2.12214
89817,898183,1724,-78,11990,-76,-181,-275,0.01302,-0.00621,0.99498,-0.58015,-1.38168,-2.09924
89818,898193,1784,-22,12058,-79,-185,-280,0.0167,-0.00278,0.99903,-0.60305,-1.41221,-2.1374
89819,898203,1740,-18,12076,-75,-183,-281,0.014,-0.00253,1.0001,-0.57252,-1.39695,-2.14504
89820,898213,1728,-58,12012,-78,-188,-277,0.01326,-0.00499,0.99629,-0.59542,-1.43511,-2.1145
89821,898223,1716,-38,12050,-79,-180,-281,0.01252,-0.00376,0.99855,-0.60305,-1.37405,-2.14504
89822,898233,1762,2,12106,-78,-180,-282,0.01535,-0.00131,1.00188,-0.59542,-1.37405,-2.15267
89823,898243,1716,-18,12090,-78,-182,-286,0.01252,-0.00253,1.00093,-0.59542,-1.38931,-2.18321
89824,898253,1746,-52,12076,-78,-181,-281,0.01437,-0.00462,1.0001,-0.59542,-1.38168,-2.14504
89825,898263,1760,-72,12034,-80,-184,-284,0.01522,-0.00585,0.9976,-0.61069,-1.40458,-2.16794
89826,898273,1732,-58,12058,-74,-182,-281,0.01351,-0.00499,0.99903,-0.56489,-1.38931,-2.14504
89827,898283,1748,-48,11998,-70,-184,-282,0.01449,-0.00437,0.99546,-0.53435,-1.40458,-2.15267
89828,898293,1706,-6,12010,-74,-181,-284,0.01191,-0.0018,0.99617,-0.56489,-1.38168,-2.16794
89829,898303,1734,-30,12072,-78,-184,-282,0.01363,-0.00327,0.99986,-0.59542,-1.40458,-2.15267
89830,898313,1742,-98,12046,-75,-189,-282,0.01412,-0.00744,0.99831,-0.57252,-1.44275,-2.15267
89831,898323,1754,-42,12066,-82,-197,-287,0.01486,-0.00401,0.9995,-0.62595,-1.50382,-2.19084
89832,898333,1716,-28,12078,-74,-178,-282,0.01252,-0.00315,1.00021,-0.56489,-1.35878,-2.15267
89833,898343,1736,-18,12038,-80,-183,-276,0.01375,-0.00253,0.99784,-0.61069,-1.39695,-2.10687
89834,898353,1742,-40,12056,-77,-183,-280,0.01412,-0.00388,0.99891,-0.58779,-1.39695,-2.1374
89835,898363,1714,-58,12082,-76,-180,-279,0.0124,-0.00499,1.00045,-0.58015,-1.37405,-2.12977
89836,898373,1744,-48,12074,-80,-185,-282,0.01424,-0.00437,0.99998,-0.61069,-1.41221,-2.15267
89837,898383,1736,18,12000,-78,-188,-280,0.01375,-0.00033,0.99558,-0.59542,-1.43511,-2.1374
89838,898393,1718,-68,11962,-82,-184,-281,0.01265,-0.0056,0.99332,-0.62595,-1.40458,-2.14504
89839,898403,1742,-72,12038,-79,-186,-273,0.01412,-0.00585,0.99784,-0.60305,-1.41985,-2.08397
89840,898413,1764,4,12060,-73,-193,-280,0.01547,-0.00118,0.99914,-0.55725,-1.47328,-2.1374
89841,898423,1714,-8,12022,-71,-185,-285,0.0124,-0.00192,0.99689,-0.54198,-1.41221,-2.17557
89842,898433,1700,-16,12100,-73,-177,-282,0.01154,-0.00241,1.00152,-0.55725,-1.35115,-2.15267
89843,898443,1718,-30,12044,-77,-187,-283,0.01265,-0.00327,0.99819,-0.58779,-1.42748,-2.16031
89844,898453,1780,-48,12062,-78,-184,-287,0.01645,-0.00437,0.99926,-0.59542,-1.40458,-2.19084
89845,898463,1720,-24,12076,-76,-180,-283,0.01277,-0.0029,1.0001,-0.58015,-1.37405,-2.16031
89846,898473,1760,-50,12064,-81,-186,-283,0.01522,-0.0045,0.99938,-0.61832,-1.41985,-2.16031
89847,898483,1722,-12,12020,-78,-183,-278,0.01289,-0.00217,0.99677,-0.59542,-1.39695,-2.12214
89848,898493,1730,-22,12100,-76,-186,-279,0.01338,-0.00278,1.00152,-0.58015,-1.41985,-2.12977
89849,898503,1780,-26,12068,-78,-189,-281,0.01645,-0.00302,0.99962,-0.59542,-1.44275,-2.14504
89850,898513,1694,-2,12008,-76,-182,-283,0.01117,-0.00155,0.99605,-0.58015,-1.38931,-2.16031
89851,898523,1764,-44,12022,-72,-185,-281,0.01547,-0.00413,0.99689,-0.54962,-1.41221,-2.14504
89852,898533,1722,-42,12052,-78,-192,-282,0.01289,-0.00401,0.99867,-0.59542,-1.46565,-2.15267
89853,898543,1782,-54,12092,-75,-183,-284,0.01657,-0.00474,1.00105,-0.57252,-1.39695,-2.16794
89854,898553,1720,-12,12016,-74,-180,-286,0.01277,-0.00217,0.99653,-0.56489,-1.37405,-2.18321
89855,898563,1718,-12,12020,-72,-178,-279,0.01265,-0.00217,0.99677,-0.54962,-1.35878,-2.12977
89856,898573,1750,-60,12040,-77,-175,-280,0.01461,-0.00511,0.99796,-0.58779,-1.33588,-2.1374
89857,898583,1732,-14,12064,-82,-177,-280,0.01351,-0.00229,0.99938,-0.62595,-1.35115,-2.1374
89858,898593,1706,-44,12060,-75,-190,-282,0.01191,-0.00413,0.99914,-0.57252,-1.45038,-2.15267
89859,898603,1710,-70,12062,-78,-186,-279,0.01216,-0.00572,0.99926,-0.59542,-1.41985,-2.12977
89860,898613,1754,-22,12056,-79,-187,-278,0.01486,-0.00278,0.99891,-0.60305,-1.42748,-2.12214
89861,898623,1722,-74,11982,-80,-187,-285,0.01289,-0.00597,0.99451,-0.61069,-1.42748,-2.17557
89862,898633,1730,-20,12114,-68,-178,-281,0.01338,-0.00266,1.00235,-0.51908,-1.35878,-2.14504
89863,898643,1764,-36,12088,-78,-178,-282,0.01547,-0.00364,1.00081,-0.59542,-1.35878,-2.15267
89864,898653,1714,4,12050,-83,-181,-282,0.0124,-0.00118,0.99855,-0.63359,-1.38168,-2.15267
89865,898663,1724,16,12006,-82,-183,-283,0.01302,-0.00045,0.99594,-0.62595,-1.39695,-2.16031
89866,898673,1726,-40,12042,-80,-183,-284,0.01314,-0.00388,0.99807,-0.61069,-1.39695,-2.16794
89867,898683,1746,-32,12120,-83,-181,-280,0.01437,-0.00339,1.00271,-0.63359,-1.38168,-2.1374
89868,898693,1708,-58,12036,-81,-179,-282,0.01203,-0.00499,0.99772,-0.61832,-1.36641,-2.15267
89869,898703,1716,-18,12072,-80,-192,-286,0.01252,-0.00253,0.99986,-0.61069,-1.46565,-2.18321
89870,898713,1708,-54,12034,-81,-180,-283,0.01203,-0.00474,0.9976,-0.61832,-1.37405,-2.16031
89871,898723,1746,-62,12100,-86,-184,-275,0.01437,-0.00523,1.00152,-0.65649,-1.40458,-2.09924
89872,898733,1756,-2,12114,-83,-186,-281,0.01498,-0.00155,1.00235,-0.63359,-1.41985,-2.14504
89873,898743,1718,-28,12064,-82,-186,-286,0.01265,-0.00315,0.99938,-0.62595,-1.41985,-2.18321
89874,898753,1692,-52,12050,-76,-183,-278,0.01105,-0.00462,0.99855,-0.58015,-1.39695,-2.12214
89875,898763,1746,-48,12092,-76,-182,-282,0.01437,-0.00437,1.00105,-0.58015,-1.38931,-2.15267
89876,898773,1746,-54,12022,-75,-187,-283,0.01437,-0.00474,0.99689,-0.57252,-1.42748,-2.16031
89877,898783,1702,-44,12056,-77,-188,-283,0.01167,-0.00413,0.99891,-0.58779,-1.43511,-2.16031
89878,898793,1714,-18,12138,-75,-188,-278,0.0124,-0.00253,1.00378,-0.57252,-1.43511,-2.12214
89879,898803,1716,-34,12064,-72,-174,-278,0.01252,-0.00351,0.99938,-0.54962,-1.32824,-2.12214
89880,898813,1742,-56,12076,-78,-180,-280,0.01412,-0.00486,1.0001,-0.59542,-1.37405,-2.1374
89881,898823,1746,-56,12094,-83,-177,-282,0.01437,-0.00486,1.00116,-0.63359,-1.35115,-2.15267
89882,898833,1756,-76,12054,-79,-185,-280,0.01498,-0.00609,0.99879,-0.60305,-1.41221,-2.1374
89883,898843,1774,0,12064,-80,-183,-280,0.01608,-0.00143,0.99938,-0.61069,-1.39695,-2.1374
89884,898853,1722,-66,12064,-78,-185,-283,0.01289,-0.00548,0.99938,-0.59542,-1.41221,-2.16031
89885,898863,1740,-58,12044,-77,-191,-281,0.014,-0.00499,0.99819,-0.58779,-1.45802,-2.14504
89886,898873,1746,10,12038,-77,-183,-282,0.01437,-0.00082,0.99784,-0.58779,-1.39695,-2.15267
89887,898883,1722,-36,11982,-77,-184,-277,0.01289,-0.00364,0.99451,-0.58779,-1.40458,-2.1145
89888,898893,1740,-28,12064,-75,-171,-280,0.014,-0.00315,0.99938,-0.57252,-1.30534,-2.1374
89889,898903,1722,-46,12022,-76,-176,-279,0.01289,-0.00425,0.99689,-0.58015,-1.34351,-2.12977
89890,898913,1752,-38,12018,-71,-180,-278,0.01473,-0.00376,0.99665,-0.54198,-1.37405,-2.12214
89891,898923,1746,-40,12066,-77,-182,-278,0.01437,-0.00388,0.9995,-0.58779,-1.38931,-2.12214
89892,898933,1708,-10,12004,-82,-187,-286,0.01203,-0.00204,0.99582,-0.62595,-1.42748,-2.18321
89893,898943,1716,-50,12030,-79,-184,-283,0.01252,-0.0045,0.99736,-0.60305,-1.40458,-2.16031
89894,898953,1712,-2,12032,-82,-179,-282,0.01228,-0.00155,0.99748,-0.62595,-1.36641,-2.15267
89895,898963,1698,-42,12036,-78,-190,-277,0.01142,-0.00401,0.99772,-0.59542,-1.45038,-2.1145
89896,898973,1762,-72,12128,-74,-187,-286,0.01535,-0.00585,1.00318,-0.56489,-1.42748,-2.18321
89897,898983,1708,-22,12086,-79,-182,-287,0.01203,-0.00278,1.00069,-0.60305,-1.38931,-2.19084
89898,898993,1760,-84,12022,-73,-180,-282,0.01522,-0.00658,0.99689,-0.55725,-1.37405,-2.15267
89899,899003,1728,-26,12078,-73,-186,-281,0.01326,-0.00302,1.00021,-0.55725,-1.41985,-2.14504
89900,899013,1754,-36,12018,-75,-180,-287,0.01486,-0.00364,0.99665,-0.57252,-1.37405,-2.19084
89901,899023,1782,-50,12062,-79,-187,-288,0.01657,-0.0045,0.99926,-0.60305,-1.42748,-2.19847
89902,899033,1728,-4,12050,-72,-186,-282,0.01326,-0.00167,0.99855,-0.54962,-1.41985,-2.15267
89903,899043,1694,-58,12002,-78,-183,-283,0.01117,-0.00499,0.9957,-0.59542,-1.39695,-2.16031
89904,899053,1740,-46,12104,-78,-183,-283,0.014,-0.00425,1.00176,-0.59542,-1.39695,-2.16031
89905,899063,1746,-32,12028,-79,-184,-281,0.01437,-0.00339,0.99724,-0.60305,-1.40458,-2.14504
89906,899073,1724,-36,12084,-80,-185,-274,0.01302,-0.00364,1.00057,-0.61069,-1.41221,-2.0916
89907,899083,1690,-2,12040,-77,-190,-280,0.01093,-0.00155,0.99796,-0.58779,-1.45038,-2.1374
89908,899093,1678,-54,11964,-81,-185,-284,0.01019,-0.00474,0.99344,-0.61832,-1.41221,-2.16794
89909,899103,1746,-42,12010,-79,-185,-278,0.01437,-0.00401,0.99617,-0.60305,-1.41221,-2.12214
89910,899113,1720,-52,12122,-76,-182,-282,0.01277,-0.00462,1.00283,-0.58015,-1.38931,-2.15267
89911,899123,1734,-46,12080,-78,-179,-284,0.01363,-0.00425,1.00033,-0.59542,-1.36641,-2.16794
89912,899133,1710,-28,12074,-77,-180,-281,0.01216,-0.00315,0.99998,-0.58779,-1.37405,-2.14504
89913,899143,1726,-26,12064,-70,-176,-284,0.01314,-0.00302,0.99938,-0.53435,-1.34351,-2.16794
89914,899153,1724,-26,12034,-81,-188,-282,0.01302,-0.00302,0.9976,-0.61832,-1.43511,-2.15267
89915,899163,1728,-62,12088,-79,-183,-280,0.01326,-0.00523,1.00081,-0.60305,-1.39695,-2.1374
89916,899173,1776,-24,12020,-79,-172,-287,0.01621,-0.0029,0.99677,-0.60305,-1.31298,-2.19084
89917,899183,1752,48,12054,-78,-179,-285,0.01473,0.00152,0.99879,-0.59542,-1.36641,-2.17557
89918,899193,1752,-52,12084,-80,-187,-282,0.01473,-0.00462,1.00057,-0.61069,-1.42748,-2.15267
89919,899203,1700,-54,12038,-77,-178,-281,0.01154,-0.00474,0.99784,-0.58779,-1.35878,-2.14504
89920,899213,1734,-64,12102,-79,-191,-282,0.01363,-0.00536,1.00164,-0.60305,-1.45802,-2.15267
89921,899223,1704,-18,12068,-77,-183,-278,0.01179,-0.00253,0.99962,-0.58779,-1.39695,-2.12214
89922,899233,1740,-28,12072,-77,-177,-281,0.014,-0.00315,0.99986,-0.58779,-1.35115,-2.14504
89923,899243,1750,10,12020,-73,-180,-283,0.01461,-0.00082,0.99677,-0.55725,-1.37405,-2.16031
89924,899253,1776,-8,12096,-72,-180,-282,0.01621,-0.00192,1.00128,-0.54962,-1.37405,-2.15267
89925,899263,1768,-56,12114,-75,-185,-280,0.01572,-0.00486,1.00235,-0.57252,-1.41221,-2.1374
89926,899273,1728,-20,12080,-82,-192,-280,0.01326,-0.00266,1.00033,-0.62595,-1.46565,-2.1374
89927,899283,1682,-42,12042,-73,-184,-285,0.01044,-0.00401,0.99807,-0.55725,-1.40458,-2.17557
89928,899293,1746,-68,12044,-72,-178,-279,0.01437,-0.0056,0.99819,-0.54962,-1.35878,-2.12977
89929,899303,1722,-72,12098,-82,-185,-280,0.01289,-0.00585,1.0014,-0.62595,-1.41221,-2.1374
89930,899313,1690,-36,12118,-79,-184,-278,0.01093,-0.00364,1.00259,-0.60305,-1.40458,-2.12214
89931,899323,1710,-30,12144,-72,-180,-283,0.01216,-0.00327,1.00414,-0.54962,-1.37405,-2.16031
89932,899333,1716,-28,12032,-76,-188,-279,0.01252,-0.00315,0.99748,-0.58015,-1.43511,-2.12977
89933,899343,1694,-68,12046,-77,-196,-279,0.01117,-0.0056,0.99831,-0.58779,-1.49618,-2.12977
89934,899353,1760,-52,12030,-75,-192,-278,0.01522,-0.00462,0.99736,-0.57252,-1.46565,-2.12214
89935,899363,1724,-16,12006,-83,-183,-283,0.01302,-0.00241,0.99594,-0.63359,-1.39695,-2.16031
89936,899373,1754,-34,12076,-76,-181,-279,0.01486,-0.00351,1.0001,-0.58015,-1.38168,-2.12977
89937,899383,1758,-44,12058,-78,-188,-275,0.0151,-0.00413,0.99903,-0.59542,-1.43511,-2.09924
89938,899393,1712,-34,12032,-77,-181,-277,0.01228,-0.00351,0.99748,-0.58779,-1.38168,-2.1145
89939,899403,1740,-72,12050,-79,-188,-285,0.014,-0.00585,0.99855,-0.60305,-1.43511,-2.17557
89940,899413,1762,-88,12044,-77,-178,-285,0.01535,-0.00683,0.99819,-0.58779,-1.35878,-2.17557
89941,899423,1800,-58,12044,-80,-186,-283,0.01768,-0.00499,0.99819,-0.61069,-1.41985,-2.16031
89942,899433,1752,-58,12088,-82,-189,-279,0.01473,-0.00499,1.00081,-0.62595,-1.44275,-2.12977
89943,899443,1658,-42,12074,-75,-180,-280,0.00897,-0.00401,0.99998,-0.57252,-1.37405,-2.1374
89944,899453,1700,-50,12034,-79,-182,-282,0.01154,-0.0045,0.9976,-0.60305,-1.38931,-2.15267
89945,899463,1756,-72,12090,-80,-179,-276,0.01498,-0.00585,1.00093,-0.61069,-1.36641,-2.10687
89946,899473,1746,-42,11944,-75,-184,-284,0.01437,-0.00401,0.99225,-0.57252,-1.40458,-2.16794
89947,899483,1738,-58,12086,-75,-177,-281,0.01387,-0.00499,1.00069,-0.57252,-1.35115,-2.14504
89948,899493,1758,-46,12100,-80,-182,-278,0.0151,-0.00425,1.00152,-0.61069,-1.38931,-2.12214
89949,899503,1750,-18,12040,-77,-187,-280,0.01461,-0.00253,0.99796,-0.58779,-1.42748,-2.1374
89950,899513,1712,-4,12010,-76,-182,-282,0.01228,-0.00167,0.99617,-0.58015,-1.38931,-2.15267
89951,899523,1764,-40,12042,-73,-182,-280,0.01547,-0.00388,0.99807,-0.55725,-1.38931,-2.1374
89952,899533,1718,-22,12092,-80,-178,-281,0.01265,-0.00278,1.00105,-0.61069,-1.35878,-2.14504
89953,899543,1700,-64,12068,-76,-193,-278,0.01154,-0.00536,0.99962,-0.58015,-1.47328,-2.12214
89954,899553,1750,-72,12024,-82,-190,-278,0.01461,-0.00585,0.99701,-0.62595,-1.45038,-2.12214
89955,899563,1742,-8,11976,-80,-188,-281,0.01412,-0.00192,0.99415,-0.61069,-1.43511,-2.14504
89956,899573,1738,-32,12048,-69,-192,-279,0.01387,-0.00339,0.99843,-0.52672,-1.46565,-2.12977
89957,899583,1714,-60,12034,-71,-174,-280,0.0124,-0.00511,0.9976,-0.54198,-1.32824,-2.1374
89958,899593,1730,-66,12038,-75,-178,-279,0.01338,-0.00548,0.99784,-0.57252,-1.35878,-2.12977
89959,899603,1706,-38,12034,-83,-182,-281,0.01191,-0.00376,0.9976,-0.63359,-1.38931,-2.14504
89960,899613,1736,-42,12046,-79,-177,-284,0.01375,-0.00401,0.99831,-0.60305,-1.35115,-2.16794
89961,899623,1738,-10,12122,-81,-186,-275,0.01387,-0.00204,1.00283,-0.61832,-1.41985,-2.09924
89962,899633,1754,-46,12066,-80,-181,-281,0.01486,-0.00425,0.9995,-0.61069,-1.38168,-2.14504
89963,899643,1750,-46,12042,-79,-184,-277,0.01461,-0.00425,0.99807,-0.60305,-1.40458,-2.1145
89964,899653,1720,-34,12094,-76,-190,-281,0.01277,-0.00351,1.00116,-0.58015,-1.45038,-2.14504
89965,899663,1720,-14,12038,-76,-182,-284,0.01277,-0.00229,0.99784,-0.58015,-1.38931,-2.16794
89966,899673,1720,-18,12092,-79,-184,-282,0.01277,-0.00253,1.00105,-0.60305,-1.40458,-2.15267
89967,899683,1702,-66,12024,-79,-192,-278,0.01167,-0.00548,0.99701,-0.60305,-1.46565,-2.12214
89968,899693,1718,-30,12050,-81,-190,-278,0.01265,-0.00327,0.99855,-0.61832,-1.45038,-2.12214
89969,899703,1724,-46,12008,-76,-181,-283,0.01302,-0.00425,0.99605,-0.58015,-1.38168,-2.16031
89970,899713,1774,-30,12062,-79,-180,-283,0.01608,-0.00327,0.99926,-0.60305,-1.37405,-2.16031
89971,899723,1698,-34,12118,-77,-183,-281,0.01142,-0.00351,1.00259,-0.58779,-1.39695,-2.14504
89972,899733,1722,-68,12080,-80,-189,-281,0.01289,-0.0056,1.00033,-0.61069,-1.44275,-2.14504
89973,899743,1790,-38,12070,-79,-189,-276,0.01707,-0.00376,0.99974,-0.60305,-1.44275,-2.10687
89974,899753,1752,-20,12072,-72,-176,-282,0.01473,-0.00266,0.99986,-0.54962,-1.34351,-2.15267
89975,899763,1734,-4,12074,-75,-180,-285,0.01363,-0.00167,0.99998,-0.57252,-1.37405,-2.17557
89976,899773,1768,-26,12078,-78,-181,-273,0.01572,-0.00302,1.00021,-0.59542,-1.38168,-2.08397
89977,899783,1738,2,12038,-76,-175,-277,0.01387,-0.00131,0.99784,-0.58015,-1.33588,-2.1145
89978,899793,1768,-10,12060,-76,-183,-281,0.01572,-0.00204,0.99914,-0.58015,-1.39695,-2.14504
89979,899803,1720,-50,12068,-72,-174,-286,0.01277,-0.0045,0.99962,-0.54962,-1.32824,-2.18321
89980,899813,1718,-38,12090,-75,-177,-281,0.01265,-0.00376,1.00093,-0.57252,-1.35115,-2.14504
89981,899823,1732,-56,12098,-76,-176,-280,0.01351,-0.00486,1.0014,-0.58015,-1.34351,-2.1374
89982,899833,1734,-32,12032,-73,-181,-283,0.01363,-0.00339,0.99748,-0.55725,-1.38168,-2.16031
89983,899843,1728,-8,12048,-73,-183,-278,0.01326,-0.00192,0.99843,-0.55725,-1.39695,-2.12214
89984,899853,1742,-6,12082,-74,-188,-282,0.01412,-0.0018,1.00045,-0.56489,-1.43511,-2.15267
89985,899863,1704,-22,12084,-80,-185,-287,0.01179,-0.00278,1.00057,-0.61069,-1.41221,-2.19084
89986,899873,1728,-70,12048,-78,-180,-283,0.01326,-0.00572,0.99843,-0.59542,-1.37405,-2.16031
89987,899883,1758,-52,12096,-76,-180,-282,0.0151,-0.00462,1.00128,-0.58015,-1.37405,-2.15267
89988,899893,1698,-30,12020,-74,-179,-280,0.01142,-0.00327,0.99677,-0.56489,-1.36641,-2.1374
89989,899903,1752,-34,11978,-80,-183,-279,0.01473,-0.00351,0.99427,-0.61069,-1.39695,-2.12977
89990,899913,1754,-34,12058,-80,-174,-281,0.01486,-0.00351,0.99903,-0.61069,-1.32824,-2.14504
89991,899923,1754,-60,12052,-76,-184,-285,0.01486,-0.00511,0.99867,-0.58015,-1.40458,-2.17557
89992,899933,1692,-32,12020,-78,-192,-283,0.01105,-0.00339,0.99677,-0.59542,-1.46565,-2.16031
89993,899943,1752,-58,12028,-75,-187,-277,0.01473,-0.00499,0.99724,-0.57252,-1.42748,-2.1145
89994,899953,1740,-72,12010,-78,-186,-283,0.014,-0.00585,0.99617,-0.59542,-1.41985,-2.16031
89995,899963,1740,-48,12014,-79,-174,-284,0.014,-0.00437,0.99641,-0.60305,-1.32824,-2.16794
89996,899973,1702,-18,12042,-82,-177,-283,0.01167,-0.00253,0.99807,-0.62595,-1.35115,-2.16031
89997,899983,1706,-2,12012,-82,-187,-285,0.01191,-0.00155,0.99629,-0.62595,-1.42748,-2.17557
89998,899993,1748,-56,12034,-82,-186,-283,0.01449,-0.00486,0.9976,-0.62595,-1.41985,-2.16031
89999,900003,1696,-40,12048,-81,-181,-286,0.0113,-0.00388,0.99843,-0.61832,-1.38168,-2.18321
90000,900013,1776,-82,11990,-74,-188,-282,0.01621,-0.00646,0.99498,-0.56489,-1.43511,-2.15267
90001,900023,1764,-62,12052,-77,-183,-283,0.01547,-0.00523,0.99867,-0.58779,-1.39695,-2.16031
90002,900033,1698,6,12074,-75,-190,-279,0.01142,-0.00106,0.99998,-0.57252,-1.45038,-2.12977
90003,900043,1708,-62,12120,-80,-187,-276,0.01203,-0.00523,1.00271,-0.61069,-1.42748,-2.10687
90004,900053,1720,-12,12064,-80,-186,-281,0.01277,-0.00217,0.99938,-0.61069,-1.41985,-2.14504
90005,900063,1710,-14,12076,-74,-178,-279,0.01216,-0.00229,1.0001,-0.56489,-1.35878,-2.12977
90006,900073,1728,-22,12030,-76,-189,-277,0.01326,-0.00278,0.99736,-0.58015,-1.44275,-2.1145
90007,900083,1708,-40,12046,-77,-181,-275,0.01203,-0.00388,0.99831,-0.58779,-1.38168,-2.09924
90008,900093,1770,-30,12072,-78,-187,-275,0.01584,-0.00327,0.99986,-0.59542,-1.42748,-2.09924
90009,900103,1752,-40,12018,-81,-185,-280,0.01473,-0.00388,0.99665,-0.61832,-1.41221,-2.1374
90010,900113,1708,2,12088,-83,-188,-277,0.01203,-0.00131,1.00081,-0.63359,-1.43511,-2.1145
90011,900123,1690,-42,12094,-78,-182,-277,0.01093,-0.00401,1.00116,-0.59542,-1.38931,-2.1145
90012,900133,1756,-58,12062,-75,-177,-284,0.01498,-0.00499,0.99926,-0.57252,-1.35115,-2.16794
90013,900143,1756,-56,12044,-79,-173,-282,0.01498,-0.00486,0.99819,-0.60305,-1.32061,-2.15267
90014,900153,1684,-56,12052,-78,-174,-280,0.01056,-0.00486,0.99867,-0.59542,-1.32824,-2.1374
90015,900163,1734,-34,12050,-75,-183,-284,0.01363,-0.00351,0.99855,-0.57252,-1.39695,-2.16794
90016,900173,1734,-20,12044,-74,-189,-284,0.01363,-0.00266,0.99819,-0.56489,-1.44275,-2.16794
90017,900183,1700,-48,12116,-78,-190,-285,0.01154,-0.00437,1.00247,-0.59542,-1.45038,-2.17557
90018,900193,1722,-60,12032,-82,-182,-280,0.01289,-0.00511,0.99748,-0.62595,-1.38931,-2.1374
90019,900203,1718,-52,12074,-80,-173,-278,0.01265,-0.00462,0.99998,-0.61069,-1.32061,-2.12214
90020,900213,1798,-62,12102,-78,-190,-280,0.01756,-0.00523,1.00164,-0.59542,-1.45038,-2.1374
90021,900223,1706,-78,12092,-71,-184,-278,0.01191,-0.00621,1.00105,-0.54198,-1.40458,-2.12214
90022,900233,1726,-46,12030,-79,-186,-278,0.01314,-0.00425,0.99736,-0.60305,-1.41985,-2.12214
90023,900243,1738,-52,12040,-71,-180,-283,0.01387,-0.00462,0.99796,-0.54198,-1.37405,-2.16031
90024,900253,1718,-26,12010,-74,-181,-277,0.01265,-0.00302,0.99617,-0.56489,-1.38168,-2.1145
90025,900263,1718,-32,12046,-78,-184,-282,0.01265,-0.00339,0.99831,-0.59542,-1.40458,-2.15267
90026,900273,1730,-62,12082,-78,-186,-282,0.01338,-0.00523,1.00045,-0.59542,-1.41985,-2.15267
90027,900283,1762,-38,12090,-82,-186,-283,0.01535,-0.00376,1.00093,-0.62595,-1.41985,-2.16031
90028,900293,1746,0,12018,-76,-181,-278,0.01437,-0.00143,0.99665,-0.58015,-1.38168,-2.12214
90029,900303,1690,-18,12020,-76,-179,-278,0.01093,-0.00253,0.99677,-0.58015,-1.36641,-2.12214
90030,900313,1696,-46,12032,-79,-186,-280,0.0113,-0.00425,0.99748,-0.60305,-1.41985,-2.1374
90031,900323,1766,-58,12002,-76,-179,-284,0.01559,-0.00499,0.9957,-0.58015,-1.36641,-2.16794
90032,900333,1724,-2,12088,-74,-187,-280,0.01302,-0.00155,1.00081,-0.56489,-1.42748,-2.1374
90033,900343,1768,-42,12064,-73,-191,-286,0.01572,-0.00401,0.99938,-0.55725,-1.45802,-2.18321
90034,900353,1718,-48,12058,-77,-185,-276,0.01265,-0.00437,0.99903,-0.58779,-1.41221,-2.10687
90035,900363,1716,-52,12070,-78,-189,-278,0.01252,-0.00462,0.99974,-0.59542,-1.44275,-2.12214
90036,900373,1750,-58,12042,-80,-176,-284,0.01461,-0.00499,0.99807,-0.61069,-1.34351,-2.16794
90037,900383,1696,0,12030,-83,-182,-282,0.0113,-0.00143,0.99736,-0.63359,-1.38931,-2.15267
90038,900393,1778,-84,12084,-77,-183,-282,0.01633,-0.00658,1.00057,-0.58779,-1.39695,-2.15267
90039,900403,1708,-48,12082,-82,-182,-283,0.01203,-0.00437,1.00045,-0.62595,-1.38931,-2.16031
90040,900413,1740,-42,11994,-80,-189,-280,0.014,-0.00401,0.99522,-0.61069,-1.44275,-2.1374
90041,900423,1690,22,12072,-79,-180,-278,0.01093,-8e-05,0.99986,-0.60305,-1.37405,-2.12214
90042,900433,1748,8,11998,-80,-182,-282,0.01449,-0.00094,0.99546,-0.61069,-1.38931,-2.15267
90043,900443,1776,-38,12010,-79,-187,-281,0.01621,-0.00376,0.99617,-0.60305,-1.42748,-2.14504
90044,900453,1720,-70,12006,-79,-187,-279,0.01277,-0.00572,0.99594,-0.60305,-1.42748,-2.12977
90045,900463,1734,-26,12054,-79,-193,-280,0.01363,-0.00302,0.99879,-0.60305,-1.47328,-2.1374
90046,900473,1726,-42,12056,-79,-189,-285,0.01314,-0.00401,0.99891,-0.60305,-1.44275,-2.17557
90047,900483,1756,-8,12042,-81,-183,-289,0.01498,-0.00192,0.99807,-0.61832,-1.39695,-2.20611
90048,900493,1730,-8,12060,-82,-183,-286,0.01338,-0.00192,0.99914,-0.62595,-1.39695,-2.18321
90049,900503,1722,-14,12080,-79,-184,-282,0.01289,-0.00229,1.00033,-0.60305,-1.40458,-2.15267
90050,900513,1748,-32,12090,-71,-183,-281,0.01449,-0.00339,1.00093,-0.54198,-1.39695,-2.14504
90051,900523,1766,-36,12066,-70,-176,-280,0.01559,-0.00364,0.9995,-0.53435,-1.34351,-2.1374
90052,900533,1752,-4,12026,-74,-182,-286,0.01473,-0.00167,0.99712,-0.56489,-1.38931,-2.18321
90053,900543,1716,-22,12028,-79,-176,-285,0.01252,-0.00278,0.99724,-0.60305,-1.34351,-2.17557
90054,900553,1694,-22,12100,-81,-170,-278,0.01117,-0.00278,1.00152,-0.61832,-1.29771,-2.12214
90055,900563,1736,-50,12048,-77,-175,-280,0.01375,-0.0045,0.99843,-0.58779,-1.33588,-2.1374
90056,900573,1722,-20,12074,-75,-183,-281,0.01289,-0.00266,0.99998,-0.57252,-1.39695,-2.14504
90057,900583,1728,-60,12120,-74,-195,-276,0.01326,-0.00511,1.00271,-0.56489,-1.48855,-2.10687
90058,900593,1766,-50,12152,-75,-176,-287,0.01559,-0.0045,1.00461,-0.57252,-1.34351,-2.19084
90059,900603,1744,-32,12084,-73,-179,-286,0.01424,-0.00339,1.00057,-0.55725,-1.36641,-2.18321
90060,900613,1764,-32,12010,-78,-176,-284,0.01547,-0.00339,0.99617,-0.59542,-1.34351,-2.16794
90061,900623,1736,-44,12046,-76,-174,-282,0.01375,-0.00413,0.99831,-0.58015,-1.32824,-2.15267
90062,900633,1720,-68,12054,-72,-180,-282,0.01277,-0.0056,0.99879,-0.54962,-1.37405,-2.15267
90063,900643,1698,-14,12068,-75,-180,-289,0.01142,-0.00229,0.99962,-0.57252,-1.37405,-2.20611
90064,900653,1740,-70,12088,-75,-175,-279,0.014,-0.00572,1.00081,-0.57252,-1.33588,-2.12977
90065,900663,1758,-52,12086,-82,-185,-280,0.0151,-0.00462,1.00069,-0.62595,-1.41221,-2.1374
90066,900673,1742,-30,12032,-76,-183,-272,0.01412,-0.00327,0.99748,-0.58015,-1.39695,-2.07634
90067,900683,1720,-28,12074,-75,-185,-275,0.01277,-0.00315,0.99998,-0.57252,-1.41221,-2.09924
90068,900693,1708,-22,12074,-77,-189,-281,0.01203,-0.00278,0.99998,-0.58779,-1.44275,-2.14504
90069,900703,1724,-36,12074,-76,-185,-284,0.01302,-0.00364,0.99998,-0.58015,-1.41221,-2.16794
90070,900713,1702,-52,12032,-81,-196,-284,0.01167,-0.00462,0.99748,-0.61832,-1.49618,-2.16794
90071,900723,1716,-96,12082,-77,-186,-278,0.01252,-0.00732,1.00045,-0.58779,-1.41985,-2.12214
90072,900733,1766,-28,12046,-75,-176,-283,0.01559,-0.00315,0.99831,-0.57252,-1.34351,-2.16031
90073,900743,1704,20,12058,-78,-177,-276,0.01179,-0.0002,0.99903,-0.59542,-1.35115,-2.10687
90074,900753,1738,-34,12022,-81,-181,-283,0.01387,-0.00351,0.99689,-0.61832,-1.38168,-2.16031
90075,900763,1734,-58,12042,-83,-190,-279,0.01363,-0.00499,0.99807,-0.63359,-1.45038,-2.12977
90076,900773,1736,-64,12038,-81,-185,-283,0.01375,-0.00536,0.99784,-0.61832,-1.41221,-2.16031
90077,900783,1752,-20,12018,-78,-180,-284,0.01473,-0.00266,0.99665,-0.59542,-1.37405,-2.16794
90078,900793,1764,-16,12058,-74,-195,-284,0.01547,-0.00241,0.99903,-0.56489,-1.48855,-2.16794
90079,900803,1722,-70,12020,-76,-186,-283,0.01289,-0.00572,0.99677,-0.58015,-1.41985,-2.16031
90080,900813,1698,-26,12176,-81,-182,-282,0.01142,-0.00302,1.00604,-0.61832,-1.38931,-2.15267
90081,900823,1756,-48,12026,-76,-197,-280,0.01498,-0.00437,0.99712,-0.58015,-1.50382,-2.1374
90082,900833,1708,-42,12068,-77,-189,-287,0.01203,-0.00401,0.99962,-0.58779,-1.44275,-2.19084
90083,900843,1738,-38,12044,-74,-183,-279,0.01387,-0.00376,0.99819,-0.56489,-1.39695,-2.12977
90084,900853,1734,-12,12100,-82,-188,-278,0.01363,-0.00217,1.00152,-0.62595,-1.43511,-2.12214
90085,900863,1732,-54,11994,-83,-188,-279,0.01351,-0.00474,0.99522,-0.63359,-1.43511,-2.12977
90086,900873,1756,-34,11960,-80,-182,-280,0.01498,-0.00351,0.9932,-0.61069,-1.38931,-2.1374
90087,900883,1736,2,12076,-78,-182,-282,0.01375,-0.00131,1.0001,-0.59542,-1.38931,-2.15267
90088,900893,1782,-48,11978,-82,-185,-283,0.01657,-0.00437,0.99427,-0.62595,-1.41221,-2.16031
90089,900903,1724,-14,12086,-79,-186,-279,0.01302,-0.00229,1.00069,-0.60305,-1.41985,-2.12977
90090,900913,1712,-20,12002,-78,-189,-284,0.01228,-0.00266,0.9957,-0.59542,-1.44275,-2.16794
90091,900923,1764,-10,12046,-79,-180,-284,0.01547,-0.00204,0.99831,-0.60305,-1.37405,-2.16794
90092,900933,1768,-40,12068,-77,-177,-278,0.01572,-0.00388,0.99962,-0.58779,-1.35115,-2.12214
90093,900943,1752,-70,12092,-72,-185,-284,0.01473,-0.00572,1.00105,-0.54962,-1.41221,-2.16794
90094,900953,1730,-60,12114,-75,-181,-282,0.01338,-0.00511,1.00235,-0.57252,-1.38168,-2.15267
90095,900963,1712,34,12040,-76,-184,-286,0.01228,0.00066,0.99796,-0.58015,-1.40458,-2.18321
90096,900973,1690,-46,12008,-77,-190,-285,0.01093,-0.00425,0.99605,-0.58779,-1.45038,-2.17557
90097,900983,1714,-34,12100,-83,-182,-285,0.0124,-0.00351,1.00152,-0.63359,-1.38931,-2.17557
90098,900993,1720,-64,12102,-73,-189,-281,0.01277,-0.00536,1.00164,-0.55725,-1.44275,-2.14504
90099,901003,1686,-58,12062,-75,-191,-285,0.01068,-0.00499,0.99926,-0.57252,-1.45802,-2.17557
90100,901013,1782,-36,12082,-73,-186,-287,0.01657,-0.00364,1.00045,-0.55725,-1.41985,-2.19084
90101,901023,1748,-48,12062,-82,-183,-279,0.01449,-0.00437,0.99926,-0.62595,-1.39695,-2.12977
90102,901033,1762,-68,12034,-76,-188,-282,0.01535,-0.0056,0.9976,-0.58015,-1.43511,-2.15267
90103,901043,1730,20,12046,-76,-187,-282,0.01338,-0.0002,0.99831,-0.58015,-1.42748,-2.15267
90104,901053,1708,6,12002,-79,-181,-278,0.01203,-0.00106,0.9957,-0.60305,-1.38168,-2.12214
90105,901063,1762,-44,11994,-83,-180,-275,0.01535,-0.00413,0.99522,-0.63359,-1.37405,-2.09924
90106,901073,1770,-34,12006,-79,-183,-277,0.01584,-0.00351,0.99594,-0.60305,-1.39695,-2.1145
90107,901083,1682,-34,12014,-80,-181,-279,0.01044,-0.00351,0.99641,-0.61069,-1.38168,-2.12977
90108,901093,1732,32,11986,-74,-174,-281,0.01351,0.00053,0.99475,-0.56489,-1.32824,-2.14504
90109,901103,1730,-28,12060,-74,-186,-283,0.01338,-0.00315,0.99914,-0.56489,-1.41985,-2.16031
90110,901113,1728,-42,12074,-78,-191,-275,0.01326,-0.00401,0.99998,-0.59542,-1.45802,-2.09924
90111,901123,1776,-54,12040,-77,-185,-276,0.01621,-0.00474,0.99796,-0.58779,-1.41221,-2.10687
90112,901133,1734,-10,12030,-76,-186,-280,0.01363,-0.00204,0.99736,-0.58015,-1.41985,-2.1374
90113,901143,1734,-38,12048,-73,-179,-280,0.01363,-0.00376,0.99843,-0.55725,-1.36641,-2.1374
90114,901153,1738,-10,12124,-80,-185,-284,0.01387,-0.00204,1.00295,-0.61069,-1.41221,-2.16794
90115,901163,1754,8,12094,-80,-189,-280,0.01486,-0.00094,1.00116,-0.61069,-1.44275,-2.1374
90116,901173,1768,-16,12060,-77,-178,-283,0.01572,-0.00241,0.99914,-0.58779,-1.35878,-2.16031
90117,901183,1766,-28,12006,-76,-180,-278,0.01559,-0.00315,0.99594,-0.58015,-1.37405,-2.12214
90118,901193,1738,-30,12036,-76,-188,-276,0.01387,-0.00327,0.99772,-0.58015,-1.43511,-2.10687
90119,901203,1758,-66,12062,-82,-191,-277,0.0151,-0.00548,0.99926,-0.62595,-1.45802,-2.1145
90120,901213,1750,-64,12044,-79,-187,-278,0.01461,-0.00536,0.99819,-0.60305,-1.42748,-2.12214
90121,901223,1722,-36,12110,-78,-178,-286,0.01289,-0.00364,1.00212,-0.59542,-1.35878,-2.18321
90122,901233,1738,0,12044,-76,-178,-279,0.01387,-0.00143,0.99819,-0.58015,-1.35878,-2.12977
90123,901243,1728,-2,12062,-73,-180,-283,0.01326,-0.00155,0.99926,-0.55725,-1.37405,-2.16031
90124,901253,1738,-24,12124,-74,-182,-282,0.01387,-0.0029,1.00295,-0.56489,-1.38931,-2.15267
90125,901263,1734,-76,12072,-84,-181,-279,0.01363,-0.00609,0.99986,-0.64122,-1.38168,-2.12977
90126,901273,1726,-30,12008,-77,-187,-286,0.01314,-0.00327,0.99605,-0.58779,-1.42748,-2.18321
90127,901283,1764,-38,12086,-84,-187,-282,0.01547,-0.00376,1.00069,-0.64122,-1.42748,-2.15267
90128,901293,1674,-40,12100,-77,-181,-281,0.00995,-0.00388,1.00152,-0.58779,-1.38168,-2.14504
90129,901303,1724,-42,12084,-75,-179,-278,0.01302,-0.00401,1.00057,-0.57252,-1.36641,-2.12214
90130,901313,1732,-24,12120,-75,-186,-278,0.01351,-0.0029,1.00271,-0.57252,-1.41985,-2.12214
90131,901323,1710,40,12022,-78,-181,-285,0.01216,0.00102,0.99689,-0.59542,-1.38168,-2.17557
90132,901333,1700,4,12000,-76,-178,-277,0.01154,-0.00118,0.99558,-0.58015,-1.35878,-2.1145
90133,901343,1726,-32,12092,-77,-186,-278,0.01314,-0.00339,1.00105,-0.58779,-1.41985,-2.12214
90134,901353,1724,4,12000,-79,-189,-285,0.01302,-0.00118,0.99558,-0.60305,-1.44275,-2.17557
90135,901363,1754,-24,12018,-75,-176,-278,0.01486,-0.0029,0.99665,-0.57252,-1.34351,-2.12214
90136,901373,1710,-30,12058,-77,-187,-279,0.01216,-0.00327,0.99903,-0.58779,-1.42748,-2.12977
90137,901383,1738,-20,12016,-80,-188,-280,0.01387,-0.00266,0.99653,-0.61069,-1.43511,-2.1374
90138,901393,1728,-14,12078,-82,-185,-283,0.01326,-0.00229,1.00021,-0.62595,-1.41221,-2.16031
90139,901403,1726,2,12116,-76,-190,-280,0.01314,-0.00131,1.00247,-0.58015,-1.45038,-2.1374
90140,901413,1714,-82,12076,-76,-185,-283,0.0124,-0.00646,1.0001,-0.58015,-1.41221,-2.16031
90141,901423,1770,-18,12072,-80,-181,-283,0.01584,-0.00253,0.99986,-0.61069,-1.38168,-2.16031
90142,901433,1788,-62,12046,-77,-187,-282,0.01694,-0.00523,0.99831,-0.58779,-1.42748,-2.15267
90143,901443,1748,-50,12028,-70,-184,-278,0.01449,-0.0045,0.99724,-0.53435,-1.40458,-2.12214
90144,901453,1762,-10,12000,-73,-188,-280,0.01535,-0.00204,0.99558,-0.55725,-1.43511,-2.1374
90145,901463,1730,-38,12112,-81,-175,-275,0.01338,-0.00376,1.00223,-0.61832,-1.33588,-2.09924
90146,901473,1710,-54,12052,-79,-178,-276,0.01216,-0.00474,0.99867,-0.60305,-1.35878,-2.10687
90147,901483,1776,-68,12026,-81,-188,-278,0.01621,-0.0056,0.99712,-0.61832,-1.43511,-2.12214
90148,901493,1730,-18,12064,-82,-182,-283,0.01338,-0.00253,0.99938,-0.62595,-1.38931,-2.16031
90149,901503,1694,8,12014,-75,-176,-282,0.01117,-0.00094,0.99641,-0.57252,-1.34351,-2.15267
90150,901513,1720,-8,12118,-77,-178,-285,0.01277,-0.00192,1.00259,-0.58779,-1.35878,-2.17557
90151,901523,1750,2,12034,-76,-191,-280,0.01461,-0.00131,0.9976,-0.58015,-1.45802,-2.1374
90152,901533,1746,-48,11986,-81,-185,-279,0.01437,-0.00437,0.99475,-0.61832,-1.41221,-2.12977
90153,901543,1772,-22,12066,-79,-177,-278,0.01596,-0.00278,0.9995,-0.60305,-1.35115,-2.12214
90154,901553,1792,-2,12026,-82,-185,-278,0.01719,-0.00155,0.99712,-0.62595,-1.41221,-2.12214
90155,901563,1776,-32,12090,-71,-180,-279,0.01621,-0.00339,1.00093,-0.54198,-1.37405,-2.12977
90156,901573,1704,-40,12010,-76,-188,-281,0.01179,-0.00388,0.99617,-0.58015,-1.43511,-2.14504
90157,901583,1744,-78,12096,-76,-187,-287,0.01424,-0.00621,1.00128,-0.58015,-1.42748,-2.19084
90158,901593,1762,-18,12016,-76,-184,-281,0.01535,-0.00253,0.99653,-0.58015,-1.40458,-2.14504
90159,901603,1678,-32,12068,-76,-189,-285,0.01019,-0.00339,0.99962,-0.58015,-1.44275,-2.17557
90160,901613,1726,-58,11990,-79,-178,-282,0.01314,-0.00499,0.99498,-0.60305,-1.35878,-2.15267
90161,901623,1738,-64,12110,-75,-187,-277,0.01387,-0.00536,1.00212,-0.57252,-1.42748,-2.1145
90162,901633,1776,-8,12050,-71,-183,-276,0.01621,-0.00192,0.99855,-0.54198,-1.39695,-2.10687
90163,901643,1742,-24,12050,-75,-191,-281,0.01412,-0.0029,0.99855,-0.57252,-1.45802,-2.14504
90164,901653,1728,-44,12052,-74,-188,-284,0.01326,-0.00413,0.99867,-0.56489,-1.43511,-2.16794
90165,901663,1744,-28,12072,-71,-190,-283,0.01424,-0.00315,0.99986,-0.54198,-1.45038,-2.16031
90166,901673,1742,-18,12100,-74,-185,-287,0.01412,-0.00253,1.00152,-0.56489,-1.41221,-2.19084
90167,901683,1754,-26,12046,-79,-185,-283,0.01486,-0.00302,0.99831,-0.60305,-1.41221,-2.16031
90168,901693,1740,-40,12078,-79,-177,-279,0.014,-0.00388,1.00021,-0.60305,-1.35115,-2.12977
90169,901703,1736,-54,12094,-74,-175,-279,0.01375,-0.00474,1.00116,-0.56489,-1.33588,-2.12977
90170,901713,1710,-64,12058,-82,-178,-278,0.01216,-0.00536,0.99903,-0.62595,-1.35878,-2.12214
90171,901723,1744,-2,12076,-79,-182,-277,0.01424,-0.00155,1.0001,-0.60305,-1.38931,-2.1145
90172,901733,1712,-38,12064,-78,-192,-281,0.01228,-0.00376,0.99938,-0.59542,-1.46565,-2.14504
90173,901743,1746,12,12060,-75,-185,-282,0.01437,-0.00069,0.99914,-0.57252,-1.41221,-2.15267
90174,901753,1724,-34,12092,-80,-179,-273,0.01302,-0.00351,1.00105,-0.61069,-1.36641,-2.08397
90175,901763,1708,-34,12042,-80,-184,-282,0.01203,-0.00351,0.99807,-0.61069,-1.40458,-2.15267
90176,901773,1730,-18,12034,-79,-184,-279,0.01338,-0.00253,0.9976,-0.60305,-1.40458,-2.12977
90177,901783,1724,-44,11986,-81,-187,-278,0.01302,-0.00413,0.99475,-0.61832,-1.42748,-2.12214
90178,901793,1774,-28,12040,-78,-176,-276,0.01608,-0.00315,0.99796,-0.59542,-1.34351,-2.10687
90179,901803,1710,-36,12052,-79,-185,-280,0.01216,-0.00364,0.99867,-0.60305,-1.41221,-2.1374
90180,901813,1704,-22,12056,-84,-183,-279,0.01179,-0.00278,0.99891,-0.64122,-1.39695,-2.12977
90181,901823,1736,-16,12066,-78,-191,-281,0.01375,-0.00241,0.9995,-0.59542,-1.45802,-2.14504
90182,901833,1758,-68,12048,-79,-184,-281,0.0151,-0.0056,0.99843,-0.60305,-1.40458,-2.14504
90183,901843,1736,-12,12062,-77,-186,-280,0.01375,-0.00217,0.99926,-0.58779,-1.41985,-2.1374
90184,901853,1718,-24,12080,-73,-183,-282,0.01265,-0.0029,1.00033,-0.55725,-1.39695,-2.15267
90185,901863,1720,-58,12004,-84,-178,-283,0.01277,-0.00499,0.99582,-0.64122,-1.35878,-2.16031
90186,901873,1772,-40,12118,-84,-182,-284,0.01596,-0.00388,1.00259,-0.64122,-1.38931,-2.16794
90187,901883,1698,-72,12054,-85,-184,-284,0.01142,-0.00585,0.99879,-0.64885,-1.40458,-2.16794
90188,901893,1714,-28,12032,-79,-180,-285,0.0124,-0.00315,0.99748,-0.60305,-1.37405,-2.17557
90189,901903,1710,-38,12016,-78,-190,-280,0.01216,-0.00376,0.99653,-0.59542,-1.45038,-2.1374
90190,901913,1746,-40,12058,-75,-191,-286,0.01437,-0.00388,0.99903,-0.57252,-1.45802,-2.18321
90191,901923,1736,-82,12006,-82,-182,-287,0.01375,-0.00646,0.99594,-0.62595,-1.38931,-2.19084
90192,901933,1730,-58,12092,-74,-184,-281,0.01338,-0.00499,1.00105,-0.56489,-1.40458,-2.14504
90193,901943,1740,-6,12014,-76,-180,-279,0.014,-0.0018,0.99641,-0.58015,-1.37405,-2.12977
90194,901953,1722,-14,12126,-81,-184,-289,0.01289,-0.00229,1.00307,-0.61832,-1.40458,-2.20611
90195,901963,1744,-46,12072,-75,-180,-286,0.01424,-0.00425,0.99986,-0.57252,-1.37405,-2.18321
90196,901973,1790,-8,12074,-76,-182,-278,0.01707,-0.00192,0.99998,-0.58015,-1.38931,-2.12214
90197,901983,1762,-36,12016,-80,-180,-277,0.01535,-0.00364,0.99653,-0.61069,-1.37405,-2.1145
90198,901993,1694,6,12094,-78,-180,-282,0.01117,-0.00106,1.00116,-0.59542,-1.37405,-2.15267
90199,902003,1750,-52,12086,-81,-183,-281,0.01461,-0.00462,1.00069,-0.61832,-1.39695,-2.14504
90200,902013,1764,-44,12042,-79,-192,-282,0.01547,-0.00413,0.99807,-0.60305,-1.46565,-2.15267
90201,902023,1710,-32,12072,-77,-179,-275,0.01216,-0.00339,0.99986,-0.58779,-1.36641,-2.09924
90202,902033,1716,-22,12028,-78,-179,-280,0.01252,-0.00278,0.99724,-0.59542,-1.36641,-2.1374
90203,902043,1688,-24,12016,-81,-184,-283,0.01081,-0.0029,0.99653,-0.61832,-1.40458,-2.16031
90204,902053,1760,-80,12088,-84,-192,-276,0.01522,-0.00634,1.00081,-0.64122,-1.46565,-2.10687
90205,902063,1750,-52,12044,-81,-188,-273,0.01461,-0.00462,0.99819,-0.61832,-1.43511,-2.08397
90206,902073,1754,-56,12046,-73,-175,-274,0.01486,-0.00486,0.99831,-0.55725,-1.33588,-2.0916
90207,902083,1762,6,12154,-80,-180,-280,0.01535,-0.00106,1.00473,-0.61069,-1.37405,-2.1374
90208,902093,1746,-56,12070,-77,-185,-280,0.01437,-0.00486,0.99974,-0.58779,-1.41221,-2.1374
90209,902103,1752,-10,12042,-72,-172,-283,0.01473,-0.00204,0.99807,-0.54962,-1.31298,-2.16031
90210,902113,1702,-58,12046,-77,-179,-280,0.01167,-0.00499,0.99831,-0.58779,-1.36641,-2.1374
90211,902123,1712,-78,12094,-78,-188,-280,0.01228,-0.00621,1.00116,-0.59542,-1.43511,-2.1374
90212,902133,1772,-24,12030,-77,-190,-285,0.01596,-0.0029,0.99736,-0.58779,-1.45038,-2.17557
90213,902143,1718,-34,12054,-86,-188,-285,0.01265,-0.00351,0.99879,-0.65649,-1.43511,-2.17557
90214,902153,1734,-56,12078,-74,-181,-282,0.01363,-0.00486,1.00021,-0.56489,-1.38168,-2.15267
90215,902163,1740,-6,12072,-76,-185,-283,0.014,-0.0018,0.99986,-0.58015,-1.41221,-2.16031
90216,902173,1750,-22,12120,-76,-192,-282,0.01461,-0.00278,1.00271,-0.58015,-1.46565,-2.15267
90217,902183,1740,2,12028,-75,-183,-275,0.014,-0.00131,0.99724,-0.57252,-1.39695,-2.09924
90218,902193,1696,-36,12070,-76,-179,-279,0.0113,-0.00364,0.99974,-0.58015,-1.36641,-2.12977
90219,902203,1730,-46,12090,-77,-178,-289,0.01338,-0.00425,1.00093,-0.58779,-1.35878,-2.20611
90220,902213,1752,-42,12008,-65,-179,-288,0.01473,-0.00401,0.99605,-0.49618,-1.36641,-2.19847
90221,902223,1712,-72,12084,-73,-182,-286,0.01228,-0.00585,1.00057,-0.55725,-1.38931,-2.18321
90222,902233,1726,-46,12068,-75,-191,-287,0.01314,-0.00425,0.99962,-0.57252,-1.45802,-2.19084
90223,902243,1786,-34,12076,-76,-186,-281,0.01682,-0.00351,1.0001,-0.58015,-1.41985,-2.14504
90224,902253,1698,-30,12022,-73,-175,-287,0.01142,-0.00327,0.99689,-0.55725,-1.33588,-2.19084
90225,902263,1748,-60,12064,-75,-182,-286,0.01449,-0.00511,0.99938,-0.57252,-1.38931,-2.18321
90226,902273,1744,-44,12026,-78,-189,-281,0.01424,-0.00413,0.99712,-0.59542,-1.44275,-2.14504
90227,902283,1680,-52,12082,-77,-183,-283,0.01032,-0.00462,1.00045,-0.58779,-1.39695,-2.16031
90228,902293,1778,-18,11978,-78,-185,-283,0.01633,-0.00253,0.99427,-0.59542,-1.41221,-2.16031
90229,902303,1710,-20,12038,-77,-184,-284,0.01216,-0.00266,0.99784,-0.58779,-1.40458,-2.16794
90230,902313,1728,-34,12122,-73,-179,-285,0.01326,-0.00351,1.00283,-0.55725,-1.36641,-2.17557
90231,902323,1738,-62,11950,-77,-182,-285,0.01387,-0.00523,0.99261,-0.58779,-1.38931,-2.17557
90232,902333,1714,-10,11996,-78,-172,-287,0.0124,-0.00204,0.99534,-0.59542,-1.31298,-2.19084
90233,902343,1720,-4,12054,-74,-182,-279,0.01277,-0.00167,0.99879,-0.56489,-1.38931,-2.12977
90234,902353,1718,10,12066,-76,-188,-284,0.01265,-0.00082,0.9995,-0.58015,-1.43511,-2.16794
90235,902363,1772,-50,12042,-78,-181,-284,0.01596,-0.0045,0.99807,-0.59542,-1.38168,-2.16794
90236,902373,1736,-36,12012,-78,-180,-284,0.01375,-0.00364,0.99629,-0.59542,-1.37405,-2.16794
90237,902383,1702,-36,12108,-75,-184,-280,0.01167,-0.00364,1.002,-0.57252,-1.40458,-2.1374
90238,902393,1698,-28,12098,-77,-183,-285,0.01142,-0.00315,1.0014,-0.58779,-1.39695,-2.17557
90239,902403,1710,-18,12070,-80,-189,-285,0.01216,-0.00253,0.99974,-0.61069,-1.44275,-2.17557
90240,902413,1724,-72,12062,-78,-185,-280,0.01302,-0.00585,0.99926,-0.59542,-1.41221,-2.1374
90241,902423,1724,-64,12068,-83,-179,-278,0.01302,-0.00536,0.99962,-0.63359,-1.36641,-2.12214
90242,902433,1714,-6,12094,-79,-180,-279,0.0124,-0.0018,1.00116,-0.60305,-1.37405,-2.12977
90243,902443,1768,4,12068,-75,-176,-283,0.01572,-0.00118,0.99962,-0.57252,-1.34351,-2.16031
90244,902453,1730,-40,12096,-76,-179,-285,0.01338,-0.00388,1.00128,-0.58015,-1.36641,-2.17557
90245,902463,1746,-2,12078,-77,-183,-279,0.01437,-0.00155,1.00021,-0.58779,-1.39695,-2.12977
90246,902473,1728,-2,12088,-72,-184,-281,0.01326,-0.00155,1.00081,-0.54962,-1.40458,-2.14504
90247,902483,1720,-28,12084,-77,-181,-284,0.01277,-0.00315,1.00057,-0.58779,-1.38168,-2.16794
90248,902493,1742,-12,12142,-76,-187,-276,0.01412,-0.00217,1.00402,-0.58015,-1.42748,-2.10687
90249,902503,1766,-22,12018,-76,-187,-278,0.01559,-0.00278,0.99665,-0.58015,-1.42748,-2.12214
90250,902513,1728,0,12054,-84,-184,-284,0.01326,-0.00143,0.99879,-0.64122,-1.40458,-2.16794
90251,902523,1728,-64,12094,-82,-186,-278,0.01326,-0.00536,1.00116,-0.62595,-1.41985,-2.12214
90252,902533,1762,-30,12058,-80,-181,-283,0.01535,-0.00327,0.99903,-0.61069,-1.38168,-2.16031
90253,902543,1750,-38,12082,-78,-181,-288,0.01461,-0.00376,1.00045,-0.59542,-1.38168,-2.19847
90254,902553,1728,-38,12020,-79,-181,-283,0.01326,-0.00376,0.99677,-0.60305,-1.38168,-2.16031
90255,902563,1746,-12,12084,-72,-184,-286,0.01437,-0.00217,1.00057,-0.54962,-1.40458,-2.18321
90256,902573,1720,-30,12044,-81,-187,-283,0.01277,-0.00327,0.99819,-0.61832,-1.42748,-2.16031
90257,902583,1752,-30,12086,-85,-190,-283,0.01473,-0.00327,1.00069,-0.64885,-1.45038,-2.16031
90258,902593,1754,-36,12038,-73,-187,-288,0.01486,-0.00364,0.99784,-0.55725,-1.42748,-2.19847
90259,902603,1724,-30,12020,-74,-184,-284,0.01302,-0.00327,0.99677,-0.56489,-1.40458,-2.16794
90260,902613,1706,-56,12054,-75,-180,-276,0.01191,-0.00486,0.99879,-0.57252,-1.37405,-2.10687
90261,902623,1752,-38,12054,-80,-183,-284,0.01473,-0.00376,0.99879,-0.61069,-1.39695,-2.16794
90262,902633,1740,-72,12082,-78,-183,-286,0.014,-0.00585,1.00045,-0.59542,-1.39695,-2.18321
90263,902643,1746,-72,12086,-83,-186,-285,0.01437,-0.00585,1.00069,-0.63359,-1.41985,-2.17557
90264,902653,1736,-26,12048,-83,-190,-281,0.01375,-0.00302,0.99843,-0.63359,-1.45038,-2.14504
90265,902663,1748,-26,12000,-78,-182,-280,0.01449,-0.00302,0.99558,-0.59542,-1.38931,-2.1374
90266,902673,1712,-12,12016,-78,-182,-281,0.01228,-0.00217,0.99653,-0.59542,-1.38931,-2.14504
90267,902683,1724,-52,12108,-73,-182,-280,0.01302,-0.00462,1.002,-0.55725,-1.38931,-2.1374
90268,902693,1742,14,12080,-74,-180,-274,0.01412,-0.00057,1.00033,-0.56489,-1.37405,-2.0916
90269,902703,1750,-12,12074,-86,-186,-279,0.01461,-0.00217,0.99998,-0.65649,-1.41985,-2.12977
90270,902713,1754,-52,12106,-83,-185,-281,0.01486,-0.00462,1.00188,-0.63359,-1.41221,-2.14504
90271,902723,1714,-28,12064,-79,-186,-275,0.0124,-0.00315,0.99938,-0.60305,-1.41985,-2.09924
90272,902733,1728,-50,12098,-74,-196,-283,0.01326,-0.0045,1.0014,-0.56489,-1.49618,-2.16031
90273,902743,1740,-8,11998,-74,-191,-280,0.014,-0.00192,0.99546,-0.56489,-1.45802,-2.1374
90274,902753,1712,-30,11992,-82,-196,-282,0.01228,-0.00327,0.9951,-0.62595,-1.49618,-2.15267
90275,902763,1754,-32,12046,-74,-185,-280,0.01486,-0.00339,0.99831,-0.56489,-1.41221,-2.1374
90276,902773,1760,-8,12028,-76,-181,-282,0.01522,-0.00192,0.99724,-0.58015,-1.38168,-2.15267
90277,902783,1744,-38,12044,-77,-182,-286,0.01424,-0.00376,0.99819,-0.58779,-1.38931,-2.18321
90278,902793,1748,-22,12094,-77,-181,-274,0.01449,-0.00278,1.00116,-0.58779,-1.38168,-2.0916
90279,902803,1702,-12,12072,-82,-183,-279,0.01167,-0.00217,0.99986,-0.62595,-1.39695,-2.12977
90280,902813,1738,-68,12032,-81,-182,-279,0.01387,-0.0056,0.99748,-0.61832,-1.38931,-2.12977
90281,902823,1746,-58,12050,-81,-189,-277,0.01437,-0.00499,0.99855,-0.61832,-1.44275,-2.1145
90282,902833,1724,-16,12010,-73,-183,-288,0.01302,-0.00241,0.99617,-0.55725,-1.39695,-2.19847
90283,902843,1722,18,12042,-77,-189,-281,0.01289,-0.00033,0.99807,-0.58779,-1.44275,-2.14504
90284,902853,1724,-20,12112,-79,-186,-278,0.01302,-0.00266,1.00223,-0.60305,-1.41985,-2.12214
90285,902863,1704,-50,12008,-74,-180,-286,0.01179,-0.0045,0.99605,-0.56489,-1.37405,-2.18321
90286,902873,1730,-40,12056,-72,-182,-287,0.01338,-0.00388,0.99891,-0.54962,-1.38931,-2.19084
90287,902883,1726,2,12020,-75,-188,-273,0.01314,-0.00131,0.99677,-0.57252,-1.43511,-2.08397
90288,902893,1698,-54,12010,-77,-195,-276,0.01142,-0.00474,0.99617,-0.58779,-1.48855,-2.10687
90289,902903,1748,-56,11988,-83,-185,-275,0.01449,-0.00486,0.99487,-0.63359,-1.41221,-2.09924
90290,902913,1728,-52,12054,-80,-198,-279,0.01326,-0.00462,0.99879,-0.61069,-1.51145,-2.12977
90291,902923,1744,-18,12134,-81,-188,-280,0.01424,-0.00253,1.00354,-0.61832,-1.43511,-2.1374
90292,902933,1750,-60,12082,-83,-183,-283,0.01461,-0.00511,1.00045,-0.63359,-1.39695,-2.16031
90293,902943,1712,-42,12180,-78,-192,-279,0.01228,-0.00401,1.00627,-0.59542,-1.46565,-2.12977
90294,902953,1746,-76,12032,-78,-184,-276,0.01437,-0.00609,0.99748,-0.59542,-1.40458,-2.10687
90295,902963,1688,-44,12052,-81,-179,-282,0.01081,-0.00413,0.99867,-0.61832,-1.36641,-2.15267
90296,902973,1722,-38,12088,-83,-177,-280,0.01289,-0.00376,1.00081,-0.63359,-1.35115,-2.1374
90297,902983,1704,-36,12020,-78,-185,-281,0.01179,-0.00364,0.99677,-0.59542,-1.41221,-2.14504
90298,902993,1700,-48,11996,-82,-184,-278,0.01154,-0.00437,0.99534,-0.62595,-1.40458,-2.12214
90299,903003,1726,-42,11994,-84,-189,-279,0.01314,-0.00401,0.99522,-0.64122,-1.44275,-2.12977
90300,903013,1708,-14,12064,-78,-192,-278,0.01203,-0.00229,0.99938,-0.59542,-1.46565,-2.12214
90301,903023,1756,14,12004,-77,-185,-280,0.01498,-0.00057,0.99582,-0.58779,-1.41221,-2.1374
90302,903033,1712,-4,12048,-67,-190,-279,0.01228,-0.00167,0.99843,-0.51145,-1.45038,-2.12977
90303,903043,1718,-32,12034,-78,-188,-278,0.01265,-0.00339,0.9976,-0.59542,-1.43511,-2.12214
90304,903053,1738,0,12056,-78,-177,-276,0.01387,-0.00143,0.99891,-0.59542,-1.35115,-2.10687
90305,903063,1694,-36,12040,-79,-180,-277,0.01117,-0.00364,0.99796,-0.60305,-1.37405,-2.1145
90306,903073,1758,-62,12004,-76,-188,-282,0.0151,-0.00523,0.99582,-0.58015,-1.43511,-2.15267
90307,903083,1730,-90,12066,-80,-187,-281,0.01338,-0.00695,0.9995,-0.61069,-1.42748,-2.14504
90308,903093,1744,-50,12014,-77,-189,-278,0.01424,-0.0045,0.99641,-0.58779,-1.44275,-2.12214
90309,903103,1722,-38,12072,-81,-189,-279,0.01289,-0.00376,0.99986,-0.61832,-1.44275,-2.12977
90310,903113,1684,-56,12076,-76,-184,-277,0.01056,-0.00486,1.0001,-0.58015,-1.40458,-2.1145
90311,903123,1732,-58,12076,-74,-176,-281,0.01351,-0.00499,1.0001,-0.56489,-1.34351,-2.14504
90312,903133,1730,-30,12028,-74,-188,-284,0.01338,-0.00327,0.99724,-0.56489,-1.43511,-2.16794
90313,903143,1698,-10,12034,-78,-188,-280,0.01142,-0.00204,0.9976,-0.59542,-1.43511,-2.1374
90314,903153,1704,-84,11982,-80,-190,-284,0.01179,-0.00658,0.99451,-0.61069,-1.45038,-2.16794
90315,903163,1700,-56,12046,-74,-187,-287,0.01154,-0.00486,0.99831,-0.56489,-1.42748,-2.19084
90316,903173,1756,-18,12086,-75,-177,-290,0.01498,-0.00253,1.00069,-0.57252,-1.35115,-2.21374
90317,903183,1720,-22,12056,-74,-184,-281,0.01277,-0.00278,0.99891,-0.56489,-1.40458,-2.14504
90318,903193,1752,-10,12060,-74,-187,-275,0.01473,-0.00204,0.99914,-0.56489,-1.42748,-2.09924
90319,903203,1774,-50,12072,-80,-185,-278,0.01608,-0.0045,0.99986,-0.61069,-1.41221,-2.12214
90320,903213,1814,-40,12064,-80,-188,-283,0.01854,-0.00388,0.99938,-0.61069,-1.43511,-2.16031
90321,903223,1742,-6,12050,-76,-187,-282,0.01412,-0.0018,0.99855,-0.58015,-1.42748,-2.15267
90322,903233,1746,-50,11998,-80,-191,-282,0.01437,-0.0045,0.99546,-0.61069,-1.45802,-2.15267
90323,903243,1754,-76,12078,-77,-193,-279,0.01486,-0.00609,1.00021,-0.58779,-1.47328,-2.12977
90324,903253,1742,-54,12074,-76,-186,-281,0.01412,-0.00474,0.99998,-0.58015,-1.41985,-2.14504
90325,903263,1684,-22,12064,-79,-182,-277,0.01056,-0.00278,0.99938,-0.60305,-1.38931,-2.1145
90326,903273,1700,-6,12076,-76,-188,-283,0.01154,-0.0018,1.0001,-0.58015,-1.43511,-2.16031
90327,903283,1688,-42,12064,-79,-182,-286,0.01081,-0.00401,0.99938,-0.60305,-1.38931,-2.18321
90328,903293,1740,-18,12086,-79,-177,-282,0.014,-0.00253,1.00069,-0.60305,-1.35115,-2.15267
90329,903303,1726,-60,12070,-76,-178,-282,0.01314,-0.00511,0.99974,-0.58015,-1.35878,-2.15267
90330,903313,1700,-22,12078,-79,-185,-287,0.01154,-0.00278,1.00021,-0.60305,-1.41221,-2.19084
90331,903323,1762,-22,12102,-74,-177,-291,0.01535,-0.00278,1.00164,-0.56489,-1.35115,-2.22137
90332,903333,1690,-38,12086,-77,-174,-283,0.01093,-0.00376,1.00069,-0.58779,-1.32824,-2.16031
90333,903343,1692,-2,12060,-79,-182,-279,0.01105,-0.00155,0.99914,-0.60305,-1.38931,-2.12977
90334,903353,1770,-84,11988,-82,-180,-280,0.01584,-0.00658,0.99487,-0.62595,-1.37405,-2.1374
90335,903363,1724,-18,12088,-79,-193,-286,0.01302,-0.00253,1.00081,-0.60305,-1.47328,-2.18321
90336,903373,1674,4,12044,-73,-189,-286,0.00995,-0.00118,0.99819,-0.55725,-1.44275,-2.18321
90337,903383,1708,-30,12070,-74,-180,-281,0.01203,-0.00327,0.99974,-0.56489,-1.37405,-2.14504
90338,903393,1688,-56,12006,-74,-186,-277,0.01081,-0.00486,0.99594,-0.56489,-1.41985,-2.1145
90339,903403,1722,8,12038,-77,-177,-280,0.01289,-0.00094,0.99784,-0.58779,-1.35115,-2.1374
90340,903413,1714,-30,12084,-84,-184,-281,0.0124,-0.00327,1.00057,-0.64122,-1.40458,-2.14504
90341,903423,1712,-28,12054,-81,-190,-280,0.01228,-0.00315,0.99879,-0.61832,-1.45038,-2.1374
90342,903433,1724,-34,11972,-82,-181,-285,0.01302,-0.00351,0.99392,-0.62595,-1.38168,-2.17557
90343,903443,1746,-52,12084,-79,-178,-282,0.01437,-0.00462,1.00057,-0.60305,-1.35878,-2.15267
90344,903453,1706,-30,12082,-79,-180,-282,0.01191,-0.00327,1.00045,-0.60305,-1.37405,-2.15267
90345,903463,1700,-52,12050,-79,-184,-284,0.01154,-0.00462,0.99855,-0.60305,-1.40458,-2.16794
90346,903473,1714,-54,12048,-72,-190,-284,0.0124,-0.00474,0.99843,-0.54962,-1.45038,-2.16794
90347,903483,1718,-68,12090,-82,-182,-276,0.01265,-0.0056,1.00093,-0.62595,-1.38931,-2.10687
90348,903493,1722,-18,12044,-74,-183,-279,0.01289,-0.00253,0.99819,-0.56489,-1.39695,-2.12977
90349,903503,1724,-24,12050,-74,-185,-278,0.01302,-0.0029,0.99855,-0.56489,-1.41221,-2.12214
90350,903513,1732,-74,12070,-75,-186,-275,0.01351,-0.00597,0.99974,-0.57252,-1.41985,-2.09924
90351,903523,1682,-72,12034,-81,-179,-275,0.01044,-0.00585,0.9976,-0.61832,-1.36641,-2.09924
90352,903533,1712,-60,12034,-80,-178,-280,0.01228,-0.00511,0.9976,-0.61069,-1.35878,-2.1374
90353,903543,1744,-34,12026,-76,-184,-278,0.01424,-0.00351,0.99712,-0.58015,-1.40458,-2.12214
90354,903553,1718,-24,12032,-81,-183,-280,0.01265,-0.0029,0.99748,-0.61832,-1.39695,-2.1374
90355,903563,1714,-24,12062,-81,-183,-279,0.0124,-0.0029,0.99926,-0.61832,-1.39695,-2.12977
90356,903573,1760,-74,12050,-78,-178,-276,0.01522,-0.00597,0.99855,-0.59542,-1.35878,-2.10687
90357,903583,1736,-2,12064,-77,-185,-281,0.01375,-0.00155,0.99938,-0.58779,-1.41221,-2.14504
90358,903593,1748,6,12046,-75,-176,-282,0.01449,-0.00106,0.99831,-0.57252,-1.34351,-2.15267
90359,903603,1716,-30,11982,-78,-178,-281,0.01252,-0.00327,0.99451,-0.59542,-1.35878,-2.14504
90360,903613,1740,-64,12042,-82,-184,-283,0.014,-0.00536,0.99807,-0.62595,-1.40458,-2.16031
90361,903623,1726,-12,11994,-82,-183,-278,0.01314,-0.00217,0.99522,-0.62595,-1.39695,-2.12214
90362,903633,1724,-50,12020,-71,-186,-276,0.01302,-0.0045,0.99677,-0.54198,-1.41985,-2.10687
90363,903643,1748,-42,12154,-73,-187,-279,0.01449,-0.00401,1.00473,-0.55725,-1.42748,-2.12977
90364,903653,1716,0,12016,-79,-192,-279,0.01252,-0.00143,0.99653,-0.60305,-1.46565,-2.12977
90365,903663,1744,-46,12054,-81,-191,-286,0.01424,-0.00425,0.99879,-0.61832,-1.45802,-2.18321
90366,903673,1692,-12,12030,-82,-190,-281,0.01105,-0.00217,0.99736,-0.62595,-1.45038,-2.14504
90367,903683,1698,-6,12042,-74,-185,-282,0.01142,-0.0018,0.99807,-0.56489,-1.41221,-2.15267
90368,903693,1682,-16,12076,-78,-180,-281,0.01044,-0.00241,1.0001,-0.59542,-1.37405,-2.14504
90369,903703,1726,-56,12014,-78,-179,-282,0.01314,-0.00486,0.99641,-0.59542,-1.36641,-2.15267
90370,903713,1770,-44,12108,-75,-182,-279,0.01584,-0.00413,1.002,-0.57252,-1.38931,-2.12977
90371,903723,1732,-14,12104,-75,-177,-274,0.01351,-0.00229,1.00176,-0.57252,-1.35115,-2.0916
90372,903733,1728,-42,12084,-78,-184,-285,0.01326,-0.00401,1.00057,-0.59542,-1.40458,-2.17557
90373,903743,1742,-56,12024,-79,-191,-282,0.01412,-0.00486,0.99701,-0.60305,-1.45802,-2.15267
90374,903753,1762,-56,12104,-74,-188,-288,0.01535,-0.00486,1.00176,-0.56489,-1.43511,-2.19847
90375,903763,1766,-18,12044,-76,-180,-286,0.01559,-0.00253,0.99819,-0.58015,-1.37405,-2.18321
90376,903773,1752,0,12062,-74,-173,-284,0.01473,-0.00143,0.99926,-0.56489,-1.32061,-2.16794
90377,903783,1734,0,12024,-83,-188,-281,0.01363,-0.00143,0.99701,-0.63359,-1.43511,-2.14504
90378,903793,1740,-50,12034,-79,-186,-286,0.014,-0.0045,0.9976,-0.60305,-1.41985,-2.18321
90379,903803,1730,-56,12068,-72,-176,-283,0.01338,-0.00486,0.99962,-0.54962,-1.34351,-2.16031
90380,903813,1672,-38,12062,-78,-182,-283,0.00982,-0.00376,0.99926,-0.59542,-1.38931,-2.16031
90381,903823,1730,-44,12072,-78,-187,-280,0.01338,-0.00413,0.99986,-0.59542,-1.42748,-2.1374
90382,903833,1726,-22,11938,-77,-189,-282,0.01314,-0.00278,0.9919,-0.58779,-1.44275,-2.15267
90383,903843,1696,-28,12098,-85,-182,-282,0.0113,-0.00315,1.0014,-0.64885,-1.38931,-2.15267
90384,903853,1754,-60,12026,-76,-188,-283,0.01486,-0.00511,0.99712,-0.58015,-1.43511,-2.16031
90385,903863,1748,-40,12010,-75,-178,-280,0.01449,-0.00388,0.99617,-0.57252,-1.35878,-2.1374
90386,903873,1754,-58,12038,-75,-181,-283,0.01486,-0.00499,0.99784,-0.57252,-1.38168,-2.16031
90387,903883,1736,-46,12002,-72,-183,-286,0.01375,-0.00425,0.9957,-0.54962,-1.39695,-2.18321
90388,903893,1690,-24,12062,-75,-179,-283,0.01093,-0.0029,0.99926,-0.57252,-1.36641,-2.16031
90389,903903,1742,-22,12096,-82,-183,-279,0.01412,-0.00278,1.00128,-0.62595,-1.39695,-2.12977
90390,903913,1774,-56,12026,-77,-185,-281,0.01608,-0.00486,0.99712,-0.58779,-1.41221,-2.14504
90391,903923,1768,-68,12044,-73,-183,-283,0.01572,-0.0056,0.99819,-0.55725,-1.39695,-2.16031
90392,903933,1708,-74,12074,-81,-190,-287,0.01203,-0.00597,0.99998,-0.61832,-1.45038,-2.19084
90393,903943,1746,-28,12040,-72,-194,-279,0.01437,-0.00315,0.99796,-0.54962,-1.48092,-2.12977
90394,903953,1728,-6,12036,-73,-187,-283,0.01326,-0.0018,0.99772,-0.55725,-1.42748,-2.16031
90395,903963,1782,-42,12102,-77,-180,-276,0.01657,-0.00401,1.00164,-0.58779,-1.37405,-2.10687
90396,903973,1738,-44,12096,-80,-183,-278,0.01387,-0.00413,1.00128,-0.61069,-1.39695,-2.12214
90397,903983,1728,-60,11986,-79,-178,-273,0.01326,-0.00511,0.99475,-0.60305,-1.35878,-2.08397
90398,903993,1684,-4,12066,-75,-180,-280,0.01056,-0.00167,0.9995,-0.57252,-1.37405,-2.1374
90399,904003,1746,-48,12120,-79,-189,-285,0.01437,-0.00437,1.00271,-0.60305,-1.44275,-2.17557
90400,904013,1716,-50,12088,-80,-189,-278,0.01252,-0.0045,1.00081,-0.61069,-1.44275,-2.12214
90401,904023,1740,4,12056,-76,-186,-279,0.014,-0.00118,0.99891,-0.58015,-1.41985,-2.12977
90402,904033,1736,-30,12056,-75,-185,-279,0.01375,-0.00327,0.99891,-0.57252,-1.41221,-2.12977
90403,904043,1776,-32,12130,-81,-185,-277,0.01621,-0.00339,1.0033,-0.61832,-1.41221,-2.1145
90404,904053,1726,-58,12044,-75,-185,-283,0.01314,-0.00499,0.99819,-0.57252,-1.41221,-2.16031
90405,904063,1746,-64,12028,-73,-185,-284,0.01437,-0.00536,0.99724,-0.55725,-1.41221,-2.16794
90406,904073,1756,10,12086,-70,-184,-276,0.01498,-0.00082,1.00069,-0.53435,-1.40458,-2.10687
90407,904083,1768,0,12100,-71,-182,-279,0.01572,-0.00143,1.00152,-0.54198,-1.38931,-2.12977
90408,904093,1758,-10,12048,-72,-187,-281,0.0151,-0.00204,0.99843,-0.54962,-1.42748,-2.14504
90409,904103,1748,-38,12046,-78,-187,-278,0.01449,-0.00376,0.99831,-0.59542,-1.42748,-2.12214
90410,904113,1776,-66,12084,-78,-183,-284,0.01621,-0.00548,1.00057,-0.59542,-1.39695,-2.16794
90411,904123,1760,12,12056,-71,-190,-280,0.01522,-0.00069,0.99891,-0.54198,-1.45038,-2.1374
90412,904133,1704,-36,12108,-74,-194,-286,0.01179,-0.00364,1.002,-0.56489,-1.48092,-2.18321
90413,904143,1736,-46,12044,-79,-185,-282,0.01375,-0.00425,0.99819,-0.60305,-1.41221,-2.15267
90414,904153,1718,-56,12114,-77,-188,-282,0.01265,-0.00486,1.00235,-0.58779,-1.43511,-2.15267
90415,904163,1660,-24,12062,-79,-178,-284,0.00909,-0.0029,0.99926,-0.60305,-1.35878,-2.16794
90416,904173,1724,20,12052,-77,-183,-281,0.01302,-0.0002,0.99867,-0.58779,-1.39695,-2.14504
90417,904183,1724,-48,12070,-75,-189,-277,0.01302,-0.00437,0.99974,-0.57252,-1.44275,-2.1145
90418,904193,1758,-70,12062,-75,-187,-281,0.0151,-0.00572,0.99926,-0.57252,-1.42748,-2.14504
90419,904203,1754,2,12004,-76,-188,-281,0.01486,-0.00131,0.99582,-0.58015,-1.43511,-2.14504
90420,904213,1704,-12,12016,-79,-182,-280,0.01179,-0.00217,0.99653,-0.60305,-1.38931,-2.1374
90421,904223,1734,-8,12048,-87,-191,-286,0.01363,-0.00192,0.99843,-0.66412,-1.45802,-2.18321
90422,904233,1754,-58,12024,-78,-187,-283,0.01486,-0.00499,0.99701,-0.59542,-1.42748,-2.16031
90423,904243,1730,-98,12030,-70,-184,-284,0.01338,-0.00744,0.99736,-0.53435,-1.40458,-2.16794
90424,904253,1720,-50,12000,-78,-180,-279,0.01277,-0.0045,0.99558,-0.59542,-1.37405,-2.12977
90425,904263,1716,-40,12020,-77,-184,-283,0.01252,-0.00388,0.99677,-0.58779,-1.40458,-2.16031
90426,904273,1722,-8,12066,-71,-193,-277,0.01289,-0.00192,0.9995,-0.54198,-1.47328,-2.1145
90427,904283,1744,-50,12072,-72,-184,-279,0.01424,-0.0045,0.99986,-0.54962,-1.40458,-2.12977
90428,904293,1712,-40,12032,-77,-178,-283,0.01228,-0.00388,0.99748,-0.58779,-1.35878,-2.16031
90429,904303,1678,-42,11978,-80,-184,-285,0.01019,-0.00401,0.99427,-0.61069,-1.40458,-2.17557
90430,904313,1716,-26,11988,-75,-187,-287,0.01252,-0.00302,0.99487,-0.57252,-1.42748,-2.19084
90431,904323,1722,-58,12056,-79,-190,-284,0.01289,-0.00499,0.99891,-0.60305,-1.45038,-2.16794
90432,904333,1750,-46,12082,-84,-176,-286,0.01461,-0.00425,1.00045,-0.64122,-1.34351,-2.18321
90433,904343,1728,8,12024,-84,-188,-282,0.01326,-0.00094,0.99701,-0.64122,-1.43511,-2.15267
90434,904353,1750,-14,12022,-79,-192,-280,0.01461,-0.00229,0.99689,-0.60305,-1.46565,-2.1374
90435,904363,1716,-30,12056,-78,-186,-285,0.01252,-0.00327,0.99891,-0.59542,-1.41985,-2.17557
90436,904373,1738,-38,12128,-76,-186,-278,0.01387,-0.00376,1.00318,-0.58015,-1.41985,-2.12214
90437,904383,1722,-10,11984,-78,-188,-277,0.01289,-0.00204,0.99463,-0.59542,-1.43511,-2.1145
90438,904393,1694,-44,12086,-75,-187,-277,0.01117,-0.00413,1.00069,-0.57252,-1.42748,-2.1145
90439,904403,1752,-28,12070,-73,-190,-280,0.01473,-0.00315,0.99974,-0.55725,-1.45038,-2.1374
90440,904413,1700,-18,12058,-76,-181,-282,0.01154,-0.00253,0.99903,-0.58015,-1.38168,-2.15267
90441,904423,1726,-44,12108,-76,-186,-280,0.01314,-0.00413,1.002,-0.58015,-1.41985,-2.1374
90442,904433,1714,-48,12094,-80,-185,-275,0.0124,-0.00437,1.00116,-0.61069,-1.41221,-2.09924
90443,904443,1728,-44,12086,-82,-194,-278,0.01326,-0.00413,1.00069,-0.62595,-1.48092,-2.12214
90444,904453,1754,-30,12030,-83,-188,-279,0.01486,-0.00327,0.99736,-0.63359,-1.43511,-2.12977
90445,904463,1702,-22,12118,-79,-190,-283,0.01167,-0.00278,1.00259,-0.60305,-1.45038,-2.16031
90446,904473,1748,-26,12056,-79,-186,-281,0.01449,-0.00302,0.99891,-0.60305,-1.41985,-2.14504
90447,904483,1736,-32,12028,-77,-189,-279,0.01375,-0.00339,0.99724,-0.58779,-1.44275,-2.12977
90448,904493,1726,-20,12054,-78,-179,-276,0.01314,-0.00266,0.99879,-0.59542,-1.36641,-2.10687
90449,904503,1740,-66,12044,-78,-181,-276,0.014,-0.00548,0.99819,-0.59542,-1.38168,-2.10687
90450,904513,1730,-48,12042,-79,-186,-281,0.01338,-0.00437,0.99807,-0.60305,-1.41985,-2.14504
90451,904523,1744,-24,12026,-78,-187,-279,0.01424,-0.0029,0.99712,-0.59542,-1.42748,-2.12977
90452,904533,1696,-32,12056,-81,-184,-277,0.0113,-0.00339,0.99891,-0.61832,-1.40458,-2.1145
90453,904543,1786,20,12044,-79,-183,-280,0.01682,-0.0002,0.99819,-0.60305,-1.39695,-2.1374
90454,904553,1716,-50,12060,-82,-190,-282,0.01252,-0.0045,0.99914,-0.62595,-1.45038,-2.15267
90455,904563,1742,-28,12068,-84,-183,-287,0.01412,-0.00315,0.99962,-0.64122,-1.39695,-2.19084
90456,904573,1738,-32,12068,-80,-184,-281,0.01387,-0.00339,0.99962,-0.61069,-1.40458,-2.14504
90457,904583,1698,-40,12008,-74,-188,-282,0.01142,-0.00388,0.99605,-0.56489,-1.43511,-2.15267
90458,904593,1760,-8,12026,-78,-182,-286,0.01522,-0.00192,0.99712,-0.59542,-1.38931,-2.18321
90459,904603,1742,-8,12078,-74,-185,-283,0.01412,-0.00192,1.00021,-0.56489,-1.41221,-2.16031
90460,904613,1684,2,12080,-73,-182,-284,0.01056,-0.00131,1.00033,-0.55725,-1.38931,-2.16794
90461,904623,1778,-22,12078,-76,-181,-279,0.01633,-0.00278,1.00021,-0.58015,-1.38168,-2.12977
90462,904633,1760,-42,12166,-75,-180,-283,0.01522,-0.00401,1.00544,-0.57252,-1.37405,-2.16031
90463,904643,1732,-54,12082,-77,-185,-281,0.01351,-0.00474,1.00045,-0.58779,-1.41221,-2.14504
90464,904653,1730,-32,12054,-80,-180,-283,0.01338,-0.00339,0.99879,-0.61069,-1.37405,-2.16031
90465,904663,1764,-44,12030,-76,-182,-277,0.01547,-0.00413,0.99736,-0.58015,-1.38931,-2.1145
90466,904673,1764,-62,12070,-80,-187,-280,0.01547,-0.00523,0.99974,-0.61069,-1.42748,-2.1374
90467,904683,1704,-4,12162,-85,-189,-284,0.01179,-0.00167,1.00521,-0.64885,-1.44275,-2.16794
90468,904693,1734,-64,12044,-76,-186,-278,0.01363,-0.00536,0.99819,-0.58015,-1.41985,-2.12214
90469,904703,1714,12,12000,-77,-181,-279,0.0124,-0.00069,0.99558,-0.58779,-1.38168,-2.12977
90470,904713,1694,-42,12076,-75,-190,-285,0.01117,-0.00401,1.0001,-0.57252,-1.45038,-2.17557
90471,904723,1734,-24,12132,-77,-181,-282,0.01363,-0.0029,1.00342,-0.58779,-1.38168,-2.15267
90472,904733,1728,-38,12070,-81,-182,-282,0.01326,-0.00376,0.99974,-0.61832,-1.38931,-2.15267
90473,904743,1716,-60,12036,-74,-185,-285,0.01252,-0.00511,0.99772,-0.56489,-1.41221,-2.17557
90474,904753,1696,-46,11974,-82,-183,-286,0.0113,-0.00425,0.99403,-0.62595,-1.39695,-2.18321
90475,904763,1718,-8,12102,-84,-186,-280,0.01265,-0.00192,1.00164,-0.64122,-1.41985,-2.1374
90476,904773,1752,-10,12070,-80,-191,-276,0.01473,-0.00204,0.99974,-0.61069,-1.45802,-2.10687
90477,904783,1744,10,12060,-78,-191,-282,0.01424,-0.00082,0.99914,-0.59542,-1.45802,-2.15267
90478,904793,1706,-60,12012,-88,-184,-282,0.01191,-0.00511,0.99629,-0.67176,-1.40458,-2.15267
90479,904803,1762,-46,12096,-84,-185,-281,0.01535,-0.00425,1.00128,-0.64122,-1.41221,-2.14504
90480,904813,1704,-24,12122,-80,-186,-279,0.01179,-0.0029,1.00283,-0.61069,-1.41985,-2.12977
90481,904823,1730,-66,12030,-79,-176,-281,0.01338,-0.00548,0.99736,-0.60305,-1.34351,-2.14504
90482,904833,1706,6,12092,-76,-181,-279,0.01191,-0.00106,1.00105,-0.58015,-1.38168,-2.12977
90483,904843,1666,-18,12036,-77,-178,-285,0.00946,-0.00253,0.99772,-0.58779,-1.35878,-2.17557
90484,904853,1712,-62,11960,-84,-183,-285,0.01228,-0.00523,0.9932,-0.64122,-1.39695,-2.17557
90485,904863,1714,-26,12114,-78,-186,-279,0.0124,-0.00302,1.00235,-0.59542,-1.41985,-2.12977
90486,904873,1728,-8,12114,-78,-190,-276,0.01326,-0.00192,1.00235,-0.59542,-1.45038,-2.10687
90487,904883,1712,2,11980,-77,-186,-280,0.01228,-0.00131,0.99439,-0.58779,-1.41985,-2.1374
90488,904893,1704,-34,12064,-73,-187,-277,0.01179,-0.00351,0.99938,-0.55725,-1.42748,-2.1145
90489,904903,1700,-78,12078,-80,-186,-277,0.01154,-0.00621,1.00021,-0.61069,-1.41985,-2.1145
90490,904913,1712,-56,12072,-79,-181,-283,0.01228,-0.00486,0.99986,-0.60305,-1.38168,-2.16031
90491,904923,1732,-68,12074,-74,-175,-285,0.01351,-0.0056,0.99998,-0.56489,-1.33588,-2.17557
90492,904933,1718,8,12196,-79,-178,-281,0.01265,-0.00094,1.00723,-0.60305,-1.35878,-2.14504
90493,904943,1746,10,12042,-79,-177,-278,0.01437,-0.00082,0.99807,-0.60305,-1.35115,-2.12214
90494,904953,1720,-60,12052,-81,-192,-283,0.01277,-0.00511,0.99867,-0.61832,-1.46565,-2.16031
90495,904963,1762,-60,12070,-81,-183,-281,0.01535,-0.00511,0.99974,-0.61832,-1.39695,-2.14504
90496,904973,1746,-24,12064,-80,-180,-283,0.01437,-0.0029,0.99938,-0.61069,-1.37405,-2.16031
90497,904983,1766,-34,12032,-86,-195,-284,0.01559,-0.00351,0.99748,-0.65649,-1.48855,-2.16794
90498,904993,1730,-56,12134,-80,-187,-284,0.01338,-0.00486,1.00354,-0.61069,-1.42748,-2.16794
90499,905003,1730,-20,12082,-80,-184,-276,0.01338,-0.00266,1.00045,-0.61069,-1.40458,-2.10687
90500,905013,1722,-52,12104,-74,-174,-277,0.01289,-0.00462,1.00176,-0.56489,-1.32824,-2.1145
90501,905023,1720,18,12104,-80,-181,-278,0.01277,-0.00033,1.00176,-0.61069,-1.38168,-2.12214
90502,905033,1744,-44,12012,-74,-184,-290,0.01424,-0.00413,0.99629,-0.56489,-1.40458,-2.21374
90503,905043,1766,-54,11978,-75,-179,-284,0.01559,-0.00474,0.99427,-0.57252,-1.36641,-2.16794
90504,905053,1758,-40,12034,-74,-183,-282,0.0151,-0.00388,0.9976,-0.56489,-1.39695,-2.15267
90505,905063,1736,-50,12048,-69,-176,-289,0.01375,-0.0045,0.99843,-0.52672,-1.34351,-2.20611
90506,905073,1700,-18,12046,-78,-178,-284,0.01154,-0.00253,0.99831,-0.59542,-1.35878,-2.16794
90507,905083,1724,-56,12070,-75,-192,-283,0.01302,-0.00486,0.99974,-0.57252,-1.46565,-2.16031
90508,905093,1738,-28,11990,-73,-192,-282,0.01387,-0.00315,0.99498,-0.55725,-1.46565,-2.15267
90509,905103,1732,-64,11968,-79,-186,-284,0.01351,-0.00536,0.99368,-0.60305,-1.41985,-2.16794
90510,905113,1764,-8,11998,-76,-184,-280,0.01547,-0.00192,0.99546,-0.58015,-1.40458,-2.1374
90511,905123,1736,-6,12104,-75,-182,-279,0.01375,-0.0018,1.00176,-0.57252,-1.38931,-2.12977
90512,905133,1744,-44,12052,-72,-183,-283,0.01424,-0.00413,0.99867,-0.54962,-1.39695,-2.16031
90513,905143,1748,-70,12072,-82,-185,-283,0.01449,-0.00572,0.99986,-0.62595,-1.41221,-2.16031
90514,905153,1722,-34,12060,-75,-180,-281,0.01289,-0.00351,0.99914,-0.57252,-1.37405,-2.14504
90515,905163,1694,-20,12060,-80,-179,-281,0.01117,-0.00266,0.99914,-0.61069,-1.36641,-2.14504
90516,905173,1758,-30,12056,-80,-177,-284,0.0151,-0.00327,0.99891,-0.61069,-1.35115,-2.16794
90517,905183,1752,-30,12048,-79,-184,-279,0.01473,-0.00327,0.99843,-0.60305,-1.40458,-2.12977
90518,905193,1738,-32,12062,-78,-180,-280,0.01387,-0.00339,0.99926,-0.59542,-1.37405,-2.1374
90519,905203,1726,-58,12002,-76,-184,-282,0.01314,-0.00499,0.9957,-0.58015,-1.40458,-2.15267
90520,905213,1758,-22,11956,-83,-180,-278,0.0151,-0.00278,0.99296,-0.63359,-1.37405,-2.12214
90521,905223,1740,-42,12024,-81,-185,-283,0.014,-0.00401,0.99701,-0.61832,-1.41221,-2.16031
90522,905233,1732,-50,12128,-74,-183,-285,0.01351,-0.0045,1.00318,-0.56489,-1.39695,-2.17557
90523,905243,1724,-6,12068,-77,-180,-285,0.01302,-0.0018,0.99962,-0.58779,-1.37405,-2.17557
90524,905253,1744,-24,12108,-85,-180,-290,0.01424,-0.0029,1.002,-0.64885,-1.37405,-2.21374
90525,905263,1718,-60,12062,-76,-180,-277,0.01265,-0.00511,0.99926,-0.58015,-1.37405,-2.1145
90526,905273,1754,-20,12062,-77,-189,-285,0.01486,-0.00266,0.99926,-0.58779,-1.44275,-2.17557
90527,905283,1734,-12,12038,-83,-183,-283,0.01363,-0.00217,0.99784,-0.63359,-1.39695,-2.16031
90528,905293,1744,-12,12008,-80,-185,-280,0.01424,-0.00217,0.99605,-0.61069,-1.41221,-2.1374
90529,905303,1754,-38,12090,-83,-182,-281,0.01486,-0.00376,1.00093,-0.63359,-1.38931,-2.14504
90530,905313,1716,-24,12078,-78,-183,-279,0.01252,-0.0029,1.00021,-0.59542,-1.39695,-2.12977
90531,905323,1722,-26,12042,-77,-180,-277,0.01289,-0.00302,0.99807,-0.58779,-1.37405,-2.1145
90532,905333,1676,-86,12098,-72,-184,-278,0.01007,-0.0067,1.0014,-0.54962,-1.40458,-2.12214
90533,905343,1736,-46,12096,-79,-175,-275,0.01375,-0.00425,1.00128,-0.60305,-1.33588,-2.09924
90534,905353,1764,-30,12122,-77,-180,-283,0.01547,-0.00327,1.00283,-0.58779,-1.37405,-2.16031
90535,905363,1754,-26,12062,-73,-182,-280,0.01486,-0.00302,0.99926,-0.55725,-1.38931,-2.1374
90536,905373,1718,-16,12076,-75,-185,-282,0.01265,-0.00241,1.0001,-0.57252,-1.41221,-2.15267
90537,905383,1742,-16,12078,-82,-179,-285,0.01412,-0.00241,1.00021,-0.62595,-1.36641,-2.17557
90538,905393,1752,-32,12024,-75,-186,-284,0.01473,-0.00339,0.99701,-0.57252,-1.41985,-2.16794
90539,905403,1694,-20,12044,-80,-194,-285,0.01117,-0.00266,0.99819,-0.61069,-1.48092,-2.17557
90540,905413,1692,-6,12076,-78,-183,-286,0.01105,-0.0018,1.0001,-0.59542,-1.39695,-2.18321
90541,905423,1734,-4,12080,-77,-185,-284,0.01363,-0.00167,1.00033,-0.58779,-1.41221,-2.16794
90542,905433,1758,-40,12104,-78,-181,-275,0.0151,-0.00388,1.00176,-0.59542,-1.38168,-2.09924
90543,905443,1698,-26,12104,-74,-185,-281,0.01142,-0.00302,1.00176,-0.56489,-1.41221,-2.14504
90544,905453,1730,-18,12028,-72,-179,-277,0.01338,-0.00253,0.99724,-0.54962,-1.36641,-2.1145
90545,905463,1706,-10,12030,-75,-177,-279,0.01191,-0.00204,0.99736,-0.57252,-1.35115,-2.12977
90546,905473,1700,-16,12032,-75,-183,-279,0.01154,-0.00241,0.99748,-0.57252,-1.39695,-2.12977
90547,905483,1710,-54,12040,-76,-185,-275,0.01216,-0.00474,0.99796,-0.58015,-1.41221,-2.09924
90548,905493,1736,-32,12038,-77,-185,-276,0.01375,-0.00339,0.99784,-0.58779,-1.41221,-2.10687
90549,905503,1754,-24,12120,-79,-192,-283,0.01486,-0.0029,1.00271,-0.60305,-1.46565,-2.16031
90550,905513,1682,0,12012,-76,-183,-284,0.01044,-0.00143,0.99629,-0.58015,-1.39695,-2.16794
90551,905523,1692,-48,12014,-79,-191,-279,0.01105,-0.00437,0.99641,-0.60305,-1.45802,-2.12977
90552,905533,1688,-96,12014,-76,-191,-278,0.01081,-0.00732,0.99641,-0.58015,-1.45802,-2.12214
90553,905543,1702,-22,12072,-78,-189,-283,0.01167,-0.00278,0.99986,-0.59542,-1.44275,-2.16031
90554,905553,1732,-20,12060,-79,-184,-279,0.01351,-0.00266,0.99914,-0.60305,-1.40458,-2.12977
90555,905563,1730,-32,12054,-77,-191,-280,0.01338,-0.00339,0.99879,-0.58779,-1.45802,-2.1374
90556,905573,1768,-68,12024,-75,-190,-281,0.01572,-0.0056,0.99701,-0.57252,-1.45038,-2.14504
90557,905583,1746,-20,11970,-74,-187,-279,0.01437,-0.00266,0.9938,-0.56489,-1.42748,-2.12977
90558,905593,1692,0,12038,-81,-184,-281,0.01105,-0.00143,0.99784,-0.61832,-1.40458,-2.14504
90559,905603,1790,-38,12096,-76,-175,-284,0.01707,-0.00376,1.00128,-0.58015,-1.33588,-2.16794
90560,905613,1726,-56,11998,-81,-189,-284,0.01314,-0.00486,0.99546,-0.61832,-1.44275,-2.16794
90561,905623,1752,-44,12050,-76,-185,-285,0.01473,-0.00413,0.99855,-0.58015,-1.41221,-2.17557
90562,905633,1714,-56,12026,-78,-179,-284,0.0124,-0.00486,0.99712,-0.59542,-1.36641,-2.16794
90563,905643,1700,-50,12076,-75,-177,-278,0.01154,-0.0045,1.0001,-0.57252,-1.35115,-2.12214
90564,905653,1756,-18,12054,-73,-184,-282,0.01498,-0.00253,0.99879,-0.55725,-1.40458,-2.15267
90565,905663,1724,-52,12064,-78,-187,-288,0.01302,-0.00462,0.99938,-0.59542,-1.42748,-2.19847
90566,905673,1770,-38,12042,-78,-178,-289,0.01584,-0.00376,0.99807,-0.59542,-1.35878,-2.20611
90567,905683,1704,-36,12102,-79,-182,-280,0.01179,-0.00364,1.00164,-0.60305,-1.38931,-2.1374
90568,905693,1714,-18,12030,-74,-174,-278,0.0124,-0.00253,0.99736,-0.56489,-1.32824,-2.12214
90569,905703,1724,-42,12010,-78,-182,-277,0.01302,-0.00401,0.99617,-0.59542,-1.38931,-2.1145
90570,905713,1702,-98,12012,-84,-184,-280,0.01167,-0.00744,0.99629,-0.64122,-1.40458,-2.1374
90571,905723,1668,-32,12042,-77,-191,-276,0.00958,-0.00339,0.99807,-0.58779,-1.45802,-2.10687
90572,905733,1694,-60,12016,-85,-194,-274,0.01117,-0.00511,0.99653,-0.64885,-1.48092,-2.0916
90573,905743,1722,-34,12122,-82,-188,-275,0.01289,-0.00351,1.00283,-0.62595,-1.43511,-2.09924
90574,905753,1766,-28,12018,-75,-182,-281,0.01559,-0.00315,0.99665,-0.57252,-1.38931,-2.14504
90575,905763,1734,-10,12068,-81,-192,-285,0.01363,-0.00204,0.99962,-0.61832,-1.46565,-2.17557
90576,905773,1734,-16,12026,-76,-189,-280,0.01363,-0.00241,0.99712,-0.58015,-1.44275,-2.1374
90577,905783,1740,-32,12070,-74,-186,-278,0.014,-0.00339,0.99974,-0.56489,-1.41985,-2.12214
90578,905793,1782,-44,12074,-75,-188,-279,0.01657,-0.00413,0.99998,-0.57252,-1.43511,-2.12977
90579,905803,1734,-78,11992,-76,-185,-285,0.01363,-0.00621,0.9951,-0.58015,-1.41221,-2.17557
90580,905813,1752,-42,12100,-82,-181,-279,0.01473,-0.00401,1.00152,-0.62595,-1.38168,-2.12977
90581,905823,1782,-52,12068,-75,-178,-279,0.01657,-0.00462,0.99962,-0.57252,-1.35878,-2.12977
90582,905833,1724,-58,12038,-86,-183,-273,0.01302,-0.00499,0.99784,-0.65649,-1.39695,-2.08397
90583,905843,1748,-56,12066,-80,-188,-279,0.01449,-0.00486,0.9995,-0.61069,-1.43511,-2.12977
90584,905853,1682,-30,12012,-83,-179,-284,0.01044,-0.00327,0.99629,-0.63359,-1.36641,-2.16794
90585,905863,1732,-20,12074,-78,-185,-288,0.01351,-0.00266,0.99998,-0.59542,-1.41221,-2.19847
90586,905873,1730,-66,12044,-78,-183,-282,0.01338,-0.00548,0.99819,-0.59542,-1.39695,-2.15267
90587,905883,1750,-58,12092,-79,-188,-286,0.01461,-0.00499,1.00105,-0.60305,-1.43511,-2.18321
90588,905893,1754,-34,12046,-77,-189,-283,0.01486,-0.00351,0.99831,-0.58779,-1.44275,-2.16031
90589,905903,1754,-52,12072,-77,-186,-283,0.01486,-0.00462,0.99986,-0.58779,-1.41985,-2.16031
90590,905913,1776,-32,12016,-77,-184,-282,0.01621,-0.00339,0.99653,-0.58779,-1.40458,-2.15267
90591,905923,1722,-4,12066,-77,-190,-278,0.01289,-0.00167,0.9995,-0.58779,-1.45038,-2.12214
90592,905933,1750,-54,12088,-81,-186,-277,0.01461,-0.00474,1.00081,-0.61832,-1.41985,-2.1145
90593,905943,1756,-18,12038,-80,-176,-282,0.01498,-0.00253,0.99784,-0.61069,-1.34351,-2.15267
90594,905953,1768,-12,12050,-75,-184,-287,0.01572,-0.00217,0.99855,-0.57252,-1.40458,-2.19084
90595,905963,1718,-46,12092,-75,-184,-275,0.01265,-0.00425,1.00105,-0.57252,-1.40458,-2.09924
90596,905973,1790,-4,12062,-83,-188,-277,0.01707,-0.00167,0.99926,-0.63359,-1.43511,-2.1145
90597,905983,1730,-42,12068,-81,-194,-283,0.01338,-0.00401,0.99962,-0.61832,-1.48092,-2.16031
90598,905993,1720,2,12088,-74,-190,-278,0.01277,-0.00131,1.00081,-0.56489,-1.45038,-2.12214
90599,906003,1740,-18,12102,-76,-187,-280,0.014,-0.00253,1.00164,-0.58015,-1.42748,-2.1374
90600,906013,1734,-56,12048,-77,-183,-282,0.01363,-0.00486,0.99843,-0.58779,-1.39695,-2.15267
90601,906023,1716,-30,12032,-83,-192,-285,0.01252,-0.00327,0.99748,-0.63359,-1.46565,-2.17557
90602,906033,1758,-66,12094,-82,-186,-282,0.0151,-0.00548,1.00116,-0.62595,-1.41985,-2.15267
90603,906043,1728,-44,12092,-79,-185,-283,0.01326,-0.00413,1.00105,-0.60305,-1.41221,-2.16031
90604,906053,1772,-90,12022,-77,-178,-282,0.01596,-0.00695,0.99689,-0.58779,-1.35878,-2.15267
90605,906063,1776,-24,12046,-77,-186,-283,0.01621,-0.0029,0.99831,-0.58779,-1.41985,-2.16031
90606,906073,1720,-16,12028,-75,-189,-282,0.01277,-0.00241,0.99724,-0.57252,-1.44275,-2.15267
90607,906083,1700,-36,12028,-74,-187,-278,0.01154,-0.00364,0.99724,-0.56489,-1.42748,-2.12214
90608,906093,1750,-60,12056,-80,-188,-275,0.01461,-0.00511,0.99891,-0.61069,-1.43511,-2.09924
90609,906103,1752,-48,12054,-80,-188,-274,0.01473,-0.00437,0.99879,-0.61069,-1.43511,-2.0916
90610,906113,1730,-58,11986,-76,-175,-280,0.01338,-0.00499,0.99475,-0.58015,-1.33588,-2.1374
90611,906123,1740,-58,12024,-80,-187,-284,0.014,-0.00499,0.99701,-0.61069,-1.42748,-2.16794
90612,906133,1710,-36,12136,-84,-180,-282,0.01216,-0.00364,1.00366,-0.64122,-1.37405,-2.15267
90613,906143,1722,-28,12040,-81,-181,-276,0.01289,-0.00315,0.99796,-0.61832,-1.38168,-2.10687
90614,906153,1768,-46,12076,-78,-188,-281,0.01572,-0.00425,1.0001,-0.59542,-1.43511,-2.14504
90615,906163,1730,-42,11962,-82,-181,-282,0.01338,-0.00401,0.99332,-0.62595,-1.38168,-2.15267
90616,906173,1764,-30,12086,-75,-178,-281,0.01547,-0.00327,1.00069,-0.57252,-1.35878,-2.14504
90617,906183,1720,-54,12078,-78,-183,-284,0.01277,-0.00474,1.00021,-0.59542,-1.39695,-2.16794
90618,906193,1698,-42,12056,-81,-175,-279,0.01142,-0.00401,0.99891,-0.61832,-1.33588,-2.12977
90619,906203,1728,-16,12064,-75,-182,-285,0.01326,-0.00241,0.99938,-0.57252,-1.38931,-2.17557
90620,906213,1750,-34,12056,-70,-190,-280,0.01461,-0.00351,0.99891,-0.53435,-1.45038,-2.1374
90621,906223,1764,-10,12034,-77,-191,-282,0.01547,-0.00204,0.9976,-0.58779,-1.45802,-2.15267
90622,906233,1752,-20,12056,-76,-186,-277,0.01473,-0.00266,0.99891,-0.58015,-1.41985,-2.1145
90623,906243,1764,-16,12012,-73,-179,-280,0.01547,-0.00241,0.99629,-0.55725,-1.36641,-2.1374
90624,906253,1724,-34,12078,-72,-185,-283,0.01302,-0.00351,1.00021,-0.54962,-1.41221,-2.16031
90625,906263,1758,-22,12018,-74,-186,-281,0.0151,-0.00278,0.99665,-0.56489,-1.41985,-2.14504
90626,906273,1694,-22,12038,-82,-187,-279,0.01117,-0.00278,0.99784,-0.62595,-1.42748,-2.12977
90627,906283,1726,-32,12064,-74,-183,-284,0.01314,-0.00339,0.99938,-0.56489,-1.39695,-2.16794
90628,906293,1716,-26,12054,-79,-183,-277,0.01252,-0.00302,0.99879,-0.60305,-1.39695,-2.1145
90629,906303,1760,-58,12072,-74,-187,-274,0.01522,-0.00499,0.99986,-0.56489,-1.42748,-2.0916
90630,906313,1706,-62,12028,-77,-186,-280,0.01191,-0.00523,0.99724,-0.58779,-1.41985,-2.1374
90631,906323,1746,-24,12030,-79,-184,-276,0.01437,-0.0029,0.99736,-0.60305,-1.40458,-2.10687
90632,906333,1736,-20,12062,-82,-189,-277,0.01375,-0.00266,0.99926,-0.62595,-1.44275,-2.1145
90633,906343,1710,12,12054,-85,-186,-281,0.01216,-0.00069,0.99879,-0.64885,-1.41985,-2.14504
90634,906353,1676,-8,12030,-76,-183,-282,0.01007,-0.00192,0.99736,-0.58015,-1.39695,-2.15267
90635,906363,1724,-78,12080,-77,-185,-279,0.01302,-0.00621,1.00033,-0.58779,-1.41221,-2.12977
90636,906373,1732,-18,12068,-76,-178,-278,0.01351,-0.00253,0.99962,-0.58015,-1.35878,-2.12214
90637,906383,1750,-18,11958,-77,-186,-280,0.01461,-0.00253,0.99308,-0.58779,-1.41985,-2.1374
90638,906393,1730,-40,12030,-73,-175,-281,0.01338,-0.00388,0.99736,-0.55725,-1.33588,-2.14504
90639,906403,1726,-32,11994,-82,-186,-280,0.01314,-0.00339,0.99522,-0.62595,-1.41985,-2.1374
90640,906413,1730,-14,12016,-83,-191,-278,0.01338,-0.00229,0.99653,-0.63359,-1.45802,-2.12214
90641,906423,1740,-26,12010,-81,-184,-279,0.014,-0.00302,0.99617,-0.61832,-1.40458,-2.12977
90642,906433,1724,-36,12012,-74,-189,-278,0.01302,-0.00364,0.99629,-0.56489,-1.44275,-2.12214
90643,906443,1742,-24,12050,-75,-190,-280,0.01412,-0.0029,0.99855,-0.57252,-1.45038,-2.1374
90644,906453,1738,-68,12082,-76,-184,-275,0.01387,-0.0056,1.00045,-0.58015,-1.40458,-2.09924
90645,906463,1706,-42,12020,-75,-183,-278,0.01191,-0.00401,0.99677,-0.57252,-1.39695,-2.12214
90646,906473,1742,-32,12036,-78,-192,-282,0.01412,-0.00339,0.99772,-0.59542,-1.46565,-2.15267
90647,906483,1742,-28,12086,-75,-188,-286,0.01412,-0.00315,1.00069,-0.57252,-1.43511,-2.18321
90648,906493,1778,-32,12026,-77,-190,-283,0.01633,-0.00339,0.99712,-0.58779,-1.45038,-2.16031
90649,906503,1764,4,12098,-78,-183,-279,0.01547,-0.00118,1.0014,-0.59542,-1.39695,-2.12977
90650,906513,1754,-66,12036,-78,-186,-279,0.01486,-0.00548,0.99772,-0.59542,-1.41985,-2.12977
90651,906523,1758,-72,12056,-80,-192,-285,0.0151,-0.00585,0.99891,-0.61069,-1.46565,-2.17557
90652,906533,1738,-32,12076,-75,-186,-286,0.01387,-0.00339,1.0001,-0.57252,-1.41985,-2.18321
90653,906543,1736,-38,12042,-73,-179,-275,0.01375,-0.00376,0.99807,-0.55725,-1.36641,-2.09924
90654,906553,1758,-36,12010,-75,-188,-278,0.0151,-0.00364,0.99617,-0.57252,-1.43511,-2.12214
90655,906563,1752,-24,12036,-78,-178,-278,0.01473,-0.0029,0.99772,-0.59542,-1.35878,-2.12214
90656,906573,1714,-46,12076,-76,-186,-282,0.0124,-0.00425,1.0001,-0.58015,-1.41985,-2.15267
90657,906583,1734,-14,12128,-70,-187,-277,0.01363,-0.00229,1.00318,-0.53435,-1.42748,-2.1145
90658,906593,1696,-20,12058,-79,-181,-275,0.0113,-0.00266,0.99903,-0.60305,-1.38168,-2.09924
90659,906603,1754,-74,12024,-82,-178,-275,0.01486,-0.00597,0.99701,-0.62595,-1.35878,-2.09924
90660,906613,1698,-74,12076,-78,-187,-277,0.01142,-0.00597,1.0001,-0.59542,-1.42748,-2.1145
90661,906623,1728,-22,12098,-79,-188,-282,0.01326,-0.00278,1.0014,-0.60305,-1.43511,-2.15267
90662,906633,1730,14,12072,-76,-189,-281,0.01338,-0.00057,0.99986,-0.58015,-1.44275,-2.14504
90663,906643,1738,-62,12022,-79,-178,-283,0.01387,-0.00523,0.99689,-0.60305,-1.35878,-2.16031
90664,906653,1758,-48,12014,-78,-180,-278,0.0151,-0.00437,0.99641,-0.59542,-1.37405,-2.12214
90665,906663,1722,14,12034,-76,-182,-281,0.01289,-0.00057,0.9976,-0.58015,-1.38931,-2.14504
90666,906673,1700,-68,12048,-74,-186,-281,0.01154,-0.0056,0.99843,-0.56489,-1.41985,-2.14504
90667,906683,1752,-30,12118,-68,-181,-288,0.01473,-0.00327,1.00259,-0.51908,-1.38168,-2.19847
90668,906693,1706,-54,12048,-76,-186,-282,0.01191,-0.00474,0.99843,-0.58015,-1.41985,-2.15267
90669,906703,1712,0,12108,-78,-185,-280,0.01228,-0.00143,1.002,-0.59542,-1.41221,-2.1374
90670,906713,1738,-24,12086,-73,-179,-279,0.01387,-0.0029,1.00069,-0.55725,-1.36641,-2.12977
90671,906723,1704,-58,12068,-81,-186,-279,0.01179,-0.00499,0.99962,-0.61832,-1.41985,-2.12977
90672,906733,1700,-48,12096,-83,-185,-284,0.01154,-0.00437,1.00128,-0.63359,-1.41221,-2.16794
90673,906743,1780,-48,12010,-82,-186,-283,0.01645,-0.00437,0.99617,-0.62595,-1.41985,-2.16031
90674,906753,1680,-24,12026,-81,-198,-277,0.01032,-0.0029,0.99712,-0.61832,-1.51145,-2.1145
90675,906763,1702,-44,12058,-76,-189,-288,0.01167,-0.00413,0.99903,-0.58015,-1.44275,-2.19847
90676,906773,1756,-28,12066,-78,-186,-288,0.01498,-0.00315,0.9995,-0.59542,-1.41985,-2.19847
90677,906783,1728,-4,12080,-79,-184,-282,0.01326,-0.00167,1.00033,-0.60305,-1.40458,-2.15267
90678,906793,1724,-8,12040,-76,-191,-284,0.01302,-0.00192,0.99796,-0.58015,-1.45802,-2.16794
90679,906803,1686,-34,12104,-77,-192,-281,0.01068,-0.00351,1.00176,-0.58779,-1.46565,-2.14504
90680,906813,1706,-18,12094,-79,-178,-279,0.01191,-0.00253,1.00116,-0.60305,-1.35878,-2.12977
90681,906823,1712,-52,12042,-79,-181,-283,0.01228,-0.00462,0.99807,-0.60305,-1.38168,-2.16031
90682,906833,1702,-32,12074,-74,-185,-281,0.01167,-0.00339,0.99998,-0.56489,-1.41221,-2.14504
90683,906843,1770,-24,12060,-78,-185,-281,0.01584,-0.0029,0.99914,-0.59542,-1.41221,-2.14504
90684,906853,1754,-44,12042,-80,-188,-277,0.01486,-0.00413,0.99807,-0.61069,-1.43511,-2.1145
90685,906863,1726,-60,12066,-82,-181,-285,0.01314,-0.00511,0.9995,-0.62595,-1.38168,-2.17557
90686,906873,1722,-66,12056,-76,-190,-276,0.01289,-0.00548,0.99891,-0.58015,-1.45038,-2.10687
90687,906883,1770,-30,12070,-78,-187,-273,0.01584,-0.00327,0.99974,-0.59542,-1.42748,-2.08397
90688,906893,1756,-54,12074,-74,-180,-283,0.01498,-0.00474,0.99998,-0.56489,-1.37405,-2.16031
90689,906903,1718,-72,12050,-74,-181,-277,0.01265,-0.00585,0.99855,-0.56489,-1.38168,-2.1145
90690,906913,1700,-52,12072,-72,-179,-277,0.01154,-0.00462,0.99986,-0.54962,-1.36641,-2.1145
90691,906923,1696,20,12040,-76,-184,-275,0.0113,-0.0002,0.99796,-0.58015,-1.40458,-2.09924
90692,906933,1736,-34,12124,-75,-182,-278,0.01375,-0.00351,1.00295,-0.57252,-1.38931,-2.12214
90693,906943,1734,-70,12090,-82,-188,-284,0.01363,-0.00572,1.00093,-0.62595,-1.43511,-2.16794
90694,906953,1784,-18,12110,-81,-179,-277,0.0167,-0.00253,1.00212,-0.61832,-1.36641,-2.1145
90695,906963,1796,-22,12008,-76,-182,-280,0.01743,-0.00278,0.99605,-0.58015,-1.38931,-2.1374
90696,906973,1746,-20,12096,-80,-183,-281,0.01437,-0.00266,1.00128,-0.61069,-1.39695,-2.14504
90697,906983,1700,-16,12080,-77,-198,-285,0.01154,-0.00241,1.00033,-0.58779,-1.51145,-2.17557
90698,906993,1766,-52,12038,-75,-190,-280,0.01559,-0.00462,0.99784,-0.57252,-1.45038,-2.1374
90699,907003,1738,18,12066,-79,-187,-277,0.01387,-0.00033,0.9995,-0.60305,-1.42748,-2.1145
90700,907013,1702,0,12098,-79,-181,-280,0.01167,-0.00143,1.0014,-0.60305,-1.38168,-2.1374
90701,907023,1740,-32,11994,-76,-182,-280,0.014,-0.00339,0.99522,-0.58015,-1.38931,-2.1374
90702,907033,1698,-10,12112,-82,-181,-282,0.01142,-0.00204,1.00223,-0.62595,-1.38168,-2.15267
90703,907043,1748,8,12106,-73,-178,-285,0.01449,-0.00094,1.00188,-0.55725,-1.35878,-2.17557
90704,907053,1734,-34,12042,-77,-173,-289,0.01363,-0.00351,0.99807,-0.58779,-1.32061,-2.20611
90705,907063,1752,-52,12054,-74,-187,-279,0.01473,-0.00462,0.99879,-0.56489,-1.42748,-2.12977
90706,907073,1720,-28,12108,-76,-178,-278,0.01277,-0.00315,1.002,-0.58015,-1.35878,-2.12214
90707,907083,1700,-70,12072,-75,-182,-279,0.01154,-0.00572,0.99986,-0.57252,-1.38931,-2.12977
90708,907093,1754,-42,12028,-77,-182,-279,0.01486,-0.00401,0.99724,-0.58779,-1.38931,-2.12977
90709,907103,1764,2,12060,-71,-179,-281,0.01547,-0.00131,0.99914,-0.54198,-1.36641,-2.14504
90710,907113,1780,-46,12082,-73,-194,-279,0.01645,-0.00425,1.00045,-0.55725,-1.48092,-2.12977
90711,907123,1770,-66,12088,-81,-179,-280,0.01584,-0.00548,1.00081,-0.61832,-1.36641,-2.1374
90712,907133,1750,-36,12084,-75,-177,-280,0.01461,-0.00364,1.00057,-0.57252,-1.35115,-2.1374
90713,907143,1734,-44,12016,-79,-184,-287,0.01363,-0.00413,0.99653,-0.60305,-1.40458,-2.19084
90714,907153,1714,-66,12072,-78,-187,-284,0.0124,-0.00548,0.99986,-0.59542,-1.42748,-2.16794
90715,907163,1720,-42,12016,-81,-189,-282,0.01277,-0.00401,0.99653,-0.61832,-1.44275,-2.15267
90716,907173,1770,-6,12012,-76,-185,-281,0.01584,-0.0018,0.99629,-0.58015,-1.41221,-2.14504
90717,907183,1770,-18,12088,-75,-184,-278,0.01584,-0.00253,1.00081,-0.57252,-1.40458,-2.12214
90718,907193,1740,-34,12096,-81,-183,-283,0.014,-0.00351,1.00128,-0.61832,-1.39695,-2.16031
90719,907203,1698,-20,12040,-79,-190,-283,0.01142,-0.00266,0.99796,-0.60305,-1.45038,-2.16031
90720,907213,1762,-50,12032,-71,-182,-278,0.01535,-0.0045,0.99748,-0.54198,-1.38931,-2.12214
90721,907223,1668,-46,12050,-80,-183,-279,0.00958,-0.00425,0.99855,-0.61069,-1.39695,-2.12977
90722,907233,1746,-38,12096,-78,-185,-278,0.01437,-0.00376,1.00128,-0.59542,-1.41221,-2.12214
90723,907243,1714,-38,12052,-75,-181,-279,0.0124,-0.00376,0.99867,-0.57252,-1.38168,-2.12977
90724,907253,1742,-26,12068,-76,-181,-279,0.01412,-0.00302,0.99962,-0.58015,-1.38168,-2.12977
90725,907263,1776,-34,12082,-80,-186,-276,0.01621,-0.00351,1.00045,-0.61069,-1.41985,-2.10687
90726,907273,1748,-50,12046,-77,-188,-280,0.01449,-0.0045,0.99831,-0.58779,-1.43511,-2.1374
90727,907283,1772,-36,12074,-74,-188,-283,0.01596,-0.00364,0.99998,-0.56489,-1.43511,-2.16031
90728,907293,1722,-14,12048,-71,-184,-279,0.01289,-0.00229,0.99843,-0.54198,-1.40458,-2.12977
90729,907303,1770,-52,12050,-76,-177,-282,0.01584,-0.00462,0.99855,-0.58015,-1.35115,-2.15267
90730,907313,1750,-74,12054,-77,-171,-279,0.01461,-0.00597,0.99879,-0.58779,-1.30534,-2.12977
90731,907323,1738,-14,12062,-80,-185,-282,0.01387,-0.00229,0.99926,-0.61069,-1.41221,-2.15267
90732,907333,1720,-4,12054,-77,-185,-277,0.01277,-0.00167,0.99879,-0.58779,-1.41221,-2.1145
90733,907343,1696,-14,12026,-77,-189,-277,0.0113,-0.00229,0.99712,-0.58779,-1.44275,-2.1145
90734,907353,1686,-34,12058,-76,-187,-280,0.01068,-0.00351,0.99903,-0.58015,-1.42748,-2.1374
90735,907363,1722,-48,12066,-81,-175,-290,0.01289,-0.00437,0.9995,-0.61832,-1.33588,-2.21374
90736,907373,1726,-22,12074,-76,-178,-286,0.01314,-0.00278,0.99998,-0.58015,-1.35878,-2.18321
90737,907383,1718,-40,12056,-76,-178,-280,0.01265,-0.00388,0.99891,-0.58015,-1.35878,-2.1374
90738,907393,1714,-50,12036,-79,-187,-275,0.0124,-0.0045,0.99772,-0.60305,-1.42748,-2.09924
90739,907403,1718,-42,12072,-80,-188,-280,0.01265,-0.00401,0.99986,-0.61069,-1.43511,-2.1374
90740,907413,1662,40,12060,-74,-182,-282,0.00921,0.00102,0.99914,-0.56489,-1.38931,-2.15267
90741,907423,1726,-20,12000,-76,-180,-280,0.01314,-0.00266,0.99558,-0.58015,-1.37405,-2.1374
90742,907433,1710,-28,12068,-80,-179,-276,0.01216,-0.00315,0.99962,-0.61069,-1.36641,-2.10687
90743,907443,1750,-6,12102,-77,-188,-280,0.01461,-0.0018,1.00164,-0.58779,-1.43511,-2.1374
90744,907453,1724,-32,12054,-84,-186,-281,0.01302,-0.00339,0.99879,-0.64122,-1.41985,-2.14504
90745,907463,1710,-50,12116,-79,-186,-282,0.01216,-0.0045,1.00247,-0.60305,-1.41985,-2.15267
90746,907473,1754,-30,12056,-81,-184,-279,0.01486,-0.00327,0.99891,-0.61832,-1.40458,-2.12977
90747,907483,1744,-34,12022,-81,-190,-284,0.01424,-0.00351,0.99689,-0.61832,-1.45038,-2.16794
90748,907493,1730,-46,12060,-74,-182,-279,0.01338,-0.00425,0.99914,-0.56489,-1.38931,-2.12977
90749,907503,1740,16,12044,-75,-176,-282,0.014,-0.00045,0.99819,-0.57252,-1.34351,-2.15267
90750,907513,1710,-14,12048,-78,-182,-281,0.01216,-0.00229,0.99843,-0.59542,-1.38931,-2.14504
90751,907523,1692,-48,11988,-76,-175,-280,0.01105,-0.00437,0.99487,-0.58015,-1.33588,-2.1374
90752,907533,1700,-56,12066,-77,-190,-275,0.01154,-0.00486,0.9995,-0.58779,-1.45038,-2.09924
90753,907543,1720,-64,12024,-75,-191,-278,0.01277,-0.00536,0.99701,-0.57252,-1.45802,-2.12214
90754,907553,1688,-18,12098,-79,-180,-282,0.01081,-0.00253,1.0014,-0.60305,-1.37405,-2.15267
90755,907563,1754,-24,12080,-80,-190,-282,0.01486,-0.0029,1.00033,-0.61069,-1.45038,-2.15267
90756,907573,1776,-36,12050,-77,-188,-281,0.01621,-0.00364,0.99855,-0.58779,-1.43511,-2.14504
90757,907583,1720,-48,12088,-75,-181,-281,0.01277,-0.00437,1.00081,-0.57252,-1.38168,-2.14504
90758,907593,1724,-34,12056,-77,-175,-278,0.01302,-0.00351,0.99891,-0.58779,-1.33588,-2.12214
90759,907603,1728,-4,12096,-79,-178,-279,0.01326,-0.00167,1.00128,-0.60305,-1.35878,-2.12977
90760,907613,1688,-46,12026,-83,-187,-281,0.01081,-0.00425,0.99712,-0.63359,-1.42748,-2.14504
90761,907623,1730,-16,12080,-73,-184,-282,0.01338,-0.00241,1.00033,-0.55725,-1.40458,-2.15267
90762,907633,1754,-42,12100,-69,-180,-278,0.01486,-0.00401,1.00152,-0.52672,-1.37405,-2.12214
90763,907643,1780,-36,12110,-75,-186,-285,0.01645,-0.00364,1.00212,-0.57252,-1.41985,-2.17557
90764,907653,1712,-6,12024,-71,-186,-284,0.01228,-0.0018,0.99701,-0.54198,-1.41985,-2.16794
90765,907663,1744,-36,12096,-77,-185,-271,0.01424,-0.00364,1.00128,-0.58779,-1.41221,-2.0687
90766,907673,1686,-64,12034,-77,-193,-279,0.01068,-0.00536,0.9976,-0.58779,-1.47328,-2.12977
90767,907683,1704,-10,12028,-74,-186,-291,0.01179,-0.00204,0.99724,-0.56489,-1.41985,-2.22137
90768,907693,1692,-26,12012,-75,-177,-277,0.01105,-0.00302,0.99629,-0.57252,-1.35115,-2.1145
90769,907703,1744,-50,12012,-81,-188,-278,0.01424,-0.0045,0.99629,-0.61832,-1.43511,-2.12214
90770,907713,1770,-86,12044,-79,-181,-277,0.01584,-0.0067,0.99819,-0.60305,-1.38168,-2.1145
90771,907723,1736,-14,12022,-78,-185,-278,0.01375,-0.00229,0.99689,-0.59542,-1.41221,-2.12214
90772,907733,1704,-16,12030,-82,-184,-278,0.01179,-0.00241,0.99736,-0.62595,-1.40458,-2.12214
90773,907743,1694,-52,12008,-80,-180,-280,0.01117,-0.00462,0.99605,-0.61069,-1.37405,-2.1374
90774,907753,1726,-36,12062,-83,-191,-281,0.01314,-0.00364,0.99926,-0.63359,-1.45802,-2.14504
90775,907763,1718,-62,12104,-78,-197,-279,0.01265,-0.00523,1.00176,-0.59542,-1.50382,-2.12977
90776,907773,1750,-6,12056,-81,-188,-282,0.01461,-0.0018,0.99891,-0.61832,-1.43511,-2.15267
90777,907783,1702,-10,12044,-79,-182,-282,0.01167,-0.00204,0.99819,-0.60305,-1.38931,-2.15267
90778,907793,1714,-26,12074,-83,-186,-278,0.0124,-0.00302,0.99998,-0.63359,-1.41985,-2.12214
90779,907803,1764,-58,12048,-85,-188,-283,0.01547,-0.00499,0.99843,-0.64885,-1.43511,-2.16031
90780,907813,1734,-22,12088,-78,-184,-285,0.01363,-0.00278,1.00081,-0.59542,-1.40458,-2.17557
90781,907823,1712,-58,12056,-81,-186,-288,0.01228,-0.00499,0.99891,-0.61832,-1.41985,-2.19847
90782,907833,1714,-50,11984,-78,-189,-275,0.0124,-0.0045,0.99463,-0.59542,-1.44275,-2.09924
90783,907843,1730,-20,12064,-85,-186,-279,0.01338,-0.00266,0.99938,-0.64885,-1.41985,-2.12977
90784,907853,1732,-86,12072,-81,-184,-287,0.01351,-0.0067,0.99986,-0.61832,-1.40458,-2.19084
90785,907863,1724,16,12022,-76,-180,-282,0.01302,-0.00045,0.99689,-0.58015,-1.37405,-2.15267
90786,907873,1758,-48,12132,-79,-176,-284,0.0151,-0.00437,1.00342,-0.60305,-1.34351,-2.16794
90787,907883,1746,-32,12036,-81,-197,-282,0.01437,-0.00339,0.99772,-0.61832,-1.50382,-2.15267
90788,907893,1732,-38,12078,-78,-187,-280,0.01351,-0.00376,1.00021,-0.59542,-1.42748,-2.1374
90789,907903,1758,-64,11960,-82,-182,-282,0.0151,-0.00536,0.9932,-0.62595,-1.38931,-2.15267
90790,907913,1730,-24,12076,-81,-186,-283,0.01338,-0.0029,1.0001,-0.61832,-1.41985,-2.16031
90791,907923,1698,-66,12044,-77,-190,-286,0.01142,-0.00548,0.99819,-0.58779,-1.45038,-2.18321
90792,907933,1728,-46,12014,-71,-181,-284,0.01326,-0.00425,0.99641,-0.54198,-1.38168,-2.16794
90793,907943,1750,-62,12046,-74,-179,-279,0.01461,-0.00523,0.99831,-0.56489,-1.36641,-2.12977
90794,907953,1706,26,12086,-73,-186,-281,0.01191,0.00017,1.00069,-0.55725,-1.41985,-2.14504
90795,907963,1708,-20,12118,-72,-189,-281,0.01203,-0.00266,1.00259,-0.54962,-1.44275,-2.14504
90796,907973,1728,-30,12018,-75,-191,-279,0.01326,-0.00327,0.99665,-0.57252,-1.45802,-2.12977
90797,907983,1710,-30,12036,-76,-189,-285,0.01216,-0.00327,0.99772,-0.58015,-1.44275,-2.17557
90798,907993,1706,-18,12026,-73,-192,-283,0.01191,-0.00253,0.99712,-0.55725,-1.46565,-2.16031
90799,908003,1756,14,12038,-83,-185,-283,0.01498,-0.00057,0.99784,-0.63359,-1.41221,-2.16031
90800,908013,1690,0,12038,-76,-188,-282,0.01093,-0.00143,0.99784,-0.58015,-1.43511,-2.15267
90801,908023,1684,-54,12008,-76,-190,-279,0.01056,-0.00474,0.99605,-0.58015,-1.45038,-2.12977
90802,908033,1752,-46,12044,-79,-191,-280,0.01473,-0.00425,0.99819,-0.60305,-1.45802,-2.1374
90803,908043,1690,-50,12050,-79,-191,-284,0.01093,-0.0045,0.99855,-0.60305,-1.45802,-2.16794
90804,908053,1728,-32,12044,-82,-180,-282,0.01326,-0.00339,0.99819,-0.62595,-1.37405,-2.15267
90805,908063,1696,-22,12006,-78,-184,-281,0.0113,-0.00278,0.99594,-0.59542,-1.40458,-2.14504
90806,908073,1722,-52,12016,-75,-187,-277,0.01289,-0.00462,0.99653,-0.57252,-1.42748,-2.1145
90807,908083,1714,-64,12072,-78,-192,-276,0.0124,-0.00536,0.99986,-0.59542,-1.46565,-2.10687
90808,908093,1720,4,12070,-77,-189,-282,0.01277,-0.00118,0.99974,-0.58779,-1.44275,-2.15267
90809,908103,1708,-40,12088,-79,-191,-285,0.01203,-0.00388,1.00081,-0.60305,-1.45802,-2.17557
90810,908113,1748,-70,12114,-82,-179,-281,0.01449,-0.00572,1.00235,-0.62595,-1.36641,-2.14504
90811,908123,1756,-48,12024,-77,-184,-284,0.01498,-0.00437,0.99701,-0.58779,-1.40458,-2.16794
90812,908133,1764,-24,12032,-78,-182,-285,0.01547,-0.0029,0.99748,-0.59542,-1.38931,-2.17557
90813,908143,1790,-10,12000,-84,-184,-282,0.01707,-0.00204,0.99558,-0.64122,-1.40458,-2.15267
90814,908153,1750,-30,12016,-78,-181,-285,0.01461,-0.00327,0.99653,-0.59542,-1.38168,-2.17557
90815,908163,1698,44,12050,-82,-188,-285,0.01142,0.00127,0.99855,-0.62595,-1.43511,-2.17557
90816,908173,1730,-18,12014,-76,-181,-279,0.01338,-0.00253,0.99641,-0.58015,-1.38168,-2.12977
90817,908183,1738,-12,12068,-76,-184,-273,0.01387,-0.00217,0.99962,-0.58015,-1.40458,-2.08397
90818,908193,1744,-48,12066,-75,-185,-282,0.01424,-0.00437,0.9995,-0.57252,-1.41221,-2.15267
90819,908203,1742,-38,12056,-79,-187,-280,0.01412,-0.00376,0.99891,-0.60305,-1.42748,-2.1374
90820,908213,1700,-2,12032,-77,-186,-280,0.01154,-0.00155,0.99748,-0.58779,-1.41985,-2.1374
90821,908223,1726,2,12140,-71,-194,-278,0.01314,-0.00131,1.0039,-0.54198,-1.48092,-2.12214
90822,908233,1736,-28,12098,-68,-185,-281,0.01375,-0.00315,1.0014,-0.51908,-1.41221,-2.14504
90823,908243,1726,-28,12056,-76,-181,-282,0.01314,-0.00315,0.99891,-0.58015,-1.38168,-2.15267
90824,908253,1754,-58,12058,-76,-179,-284,0.01486,-0.00499,0.99903,-0.58015,-1.36641,-2.16794
90825,908263,1750,-16,12096,-79,-187,-284,0.01461,-0.00241,1.00128,-0.60305,-1.42748,-2.16794
90826,908273,1744,-52,12066,-80,-179,-284,0.01424,-0.00462,0.9995,-0.61069,-1.36641,-2.16794
90827,908283,1734,-46,12084,-84,-183,-282,0.01363,-0.00425,1.00057,-0.64122,-1.39695,-2.15267
90828,908293,1742,-52,12026,-81,-183,-280,0.01412,-0.00462,0.99712,-0.61832,-1.39695,-2.1374
90829,908303,1698,-18,12006,-82,-182,-291,0.01142,-0.00253,0.99594,-0.62595,-1.38931,-2.22137
90830,908313,1738,-12,12062,-77,-185,-282,0.01387,-0.00217,0.99926,-0.58779,-1.41221,-2.15267
90831,908323,1724,-82,12008,-76,-185,-280,0.01302,-0.00646,0.99605,-0.58015,-1.41221,-2.1374
90832,908333,1718,-40,12100,-78,-175,-280,0.01265,-0.00388,1.00152,-0.59542,-1.33588,-2.1374
90833,908343,1658,-34,12120,-82,-182,-279,0.00897,-0.00351,1.00271,-0.62595,-1.38931,-2.12977
90834,908353,1722,-48,12104,-82,-186,-279,0.01289,-0.00437,1.00176,-0.62595,-1.41985,-2.12977
90835,908363,1696,-34,12024,-80,-183,-283,0.0113,-0.00351,0.99701,-0.61069,-1.39695,-2.16031
90836,908373,1764,-44,12082,-78,-192,-279,0.01547,-0.00413,1.00045,-0.59542,-1.46565,-2.12977
90837,908383,1726,-34,12032,-80,-187,-283,0.01314,-0.00351,0.99748,-0.61069,-1.42748,-2.16031
90838,908393,1696,-24,12110,-81,-187,-283,0.0113,-0.0029,1.00212,-0.61832,-1.42748,-2.16031
90839,908403,1726,-26,12042,-73,-176,-277,0.01314,-0.00302,0.99807,-0.55725,-1.34351,-2.1145
90840,908413,1742,-30,12090,-78,-188,-280,0.01412,-0.00327,1.00093,-0.59542,-1.43511,-2.1374
90841,908423,1754,-22,12026,-72,-189,-281,0.01486,-0.00278,0.99712,-0.54962,-1.44275,-2.14504
90842,908433,1710,-12,12024,-79,-183,-282,0.01216,-0.00217,0.99701,-0.60305,-1.39695,-2.15267
90843,908443,1712,8,12008,-76,-180,-281,0.01228,-0.00094,0.99605,-0.58015,-1.37405,-2.14504
90844,908453,1776,-58,12004,-73,-189,-282,0.01621,-0.00499,0.99582,-0.55725,-1.44275,-2.15267
90845,908463,1762,-80,12074,-73,-191,-279,0.01535,-0.00634,0.99998,-0.55725,-1.45802,-2.12977
90846,908473,1728,-20,12040,-77,-181,-279,0.01326,-0.00266,0.99796,-0.58779,-1.38168,-2.12977
90847,908483,1744,-18,12010,-79,-181,-281,0.01424,-0.00253,0.99617,-0.60305,-1.38168,-2.14504
90848,908493,1714,-4,12052,-78,-191,-281,0.0124,-0.00167,0.99867,-0.59542,-1.45802,-2.14504
90849,908503,1738,-80,12026,-80,-186,-278,0.01387,-0.00634,0.99712,-0.61069,-1.41985,-2.12214
90850,908513,1708,-82,12074,-81,-187,-284,0.01203,-0.00646,0.99998,-0.61832,-1.42748,-2.16794
90851,908523,1734,-10,12090,-77,-176,-282,0.01363,-0.00204,1.00093,-0.58779,-1.34351,-2.15267
90852,908533,1746,-46,12112,-79,-175,-283,0.01437,-0.00425,1.00223,-0.60305,-1.33588,-2.16031
90853,908543,1782,-62,12108,-77,-184,-280,0.01657,-0.00523,1.002,-0.58779,-1.40458,-2.1374
90854,908553,1758,-44,12040,-78,-184,-279,0.0151,-0.00413,0.99796,-0.59542,-1.40458,-2.12977
90855,908563,1752,-32,12064,-74,-187,-280,0.01473,-0.00339,0.99938,-0.56489,-1.42748,-2.1374
90856,908573,1678,-24,12076,-80,-190,-283,0.01019,-0.0029,1.0001,-0.61069,-1.45038,-2.16031
90857,908583,1706,-18,12076,-73,-185,-281,0.01191,-0.00253,1.0001,-0.55725,-1.41221,-2.14504
90858,908593,1704,-38,11994,-74,-173,-278,0.01179,-0.00376,0.99522,-0.56489,-1.32061,-2.12214
90859,908603,1720,0,12048,-77,-172,-281,0.01277,-0.00143,0.99843,-0.58779,-1.31298,-2.14504
90860,908613,1736,-32,12030,-74,-185,-279,0.01375,-0.00339,0.99736,-0.56489,-1.41221,-2.12977
90861,908623,1706,14,12052,-77,-181,-281,0.01191,-0.00057,0.99867,-0.58779,-1.38168,-2.14504
90862,908633,1716,2,12032,-76,-181,-281,0.01252,-0.00131,0.99748,-0.58015,-1.38168,-2.14504
90863,908643,1732,-40,12012,-76,-185,-283,0.01351,-0.00388,0.99629,-0.58015,-1.41221,-2.16031
90864,908653,1718,-32,11986,-75,-196,-281,0.01265,-0.00339,0.99475,-0.57252,-1.49618,-2.14504
90865,908663,1778,-28,12056,-77,-193,-285,0.01633,-0.00315,0.99891,-0.58779,-1.47328,-2.17557
90866,908673,1732,-20,12016,-81,-184,-281,0.01351,-0.00266,0.99653,-0.61832,-1.40458,-2.14504
90867,908683,1688,-26,12086,-81,-183,-279,0.01081,-0.00302,1.00069,-0.61832,-1.39695,-2.12977
90868,908693,1752,-46,12074,-81,-183,-280,0.01473,-0.00425,0.99998,-0.61832,-1.39695,-2.1374
90869,908703,1724,-44,12108,-71,-186,-281,0.01302,-0.00413,1.002,-0.54198,-1.41985,-2.14504
90870,908713,1740,-6,12076,-81,-179,-280,0.014,-0.0018,1.0001,-0.61832,-1.36641,-2.1374
90871,908723,1726,-38,12014,-78,-184,-280,0.01314,-0.00376,0.99641,-0.59542,-1.40458,-2.1374
90872,908733,1756,-88,12030,-76,-191,-283,0.01498,-0.00683,0.99736,-0.58015,-1.45802,-2.16031
90873,908743,1746,-18,12030,-77,-184,-278,0.01437,-0.00253,0.99736,-0.58779,-1.40458,-2.12214
90874,908753,1770,-32,12082,-84,-184,-277,0.01584,-0.00339,1.00045,-0.64122,-1.40458,-2.1145
90875,908763,1656,-12,12072,-74,-180,-277,0.00884,-0.00217,0.99986,-0.56489,-1.37405,-2.1145
90876,908773,1724,-32,12068,-83,-171,-285,0.01302,-0.00339,0.99962,-0.63359,-1.30534,-2.17557
90877,908783,1744,-48,12008,-84,-189,-280,0.01424,-0.00437,0.99605,-0.64122,-1.44275,-2.1374
90878,908793,1744,-30,12038,-78,-179,-279,0.01424,-0.00327,0.99784,-0.59542,-1.36641,-2.12977
90879,908803,1718,-78,12070,-79,-186,-278,0.01265,-0.00621,0.99974,-0.60305,-1.41985,-2.12214
90880,908813,1766,-8,12100,-80,-176,-283,0.01559,-0.00192,1.00152,-0.61069,-1.34351,-2.16031
90881,908823,1716,-2,12040,-75,-194,-281,0.01252,-0.00155,0.99796,-0.57252,-1.48092,-2.14504
90882,908833,1784,-86,12138,-76,-181,-284,0.0167,-0.0067,1.00378,-0.58015,-1.38168,-2.16794
90883,908843,1716,-44,12014,-76,-181,-280,0.01252,-0.00413,0.99641,-0.58015,-1.38168,-2.1374
90884,908853,1688,-38,12064,-72,-183,-279,0.01081,-0.00376,0.99938,-0.54962,-1.39695,-2.12977
90885,908863,1756,-46,12052,-81,-174,-281,0.01498,-0.00425,0.99867,-0.61832,-1.32824,-2.14504
90886,908873,1742,6,12018,-79,-189,-282,0.01412,-0.00106,0.99665,-0.60305,-1.44275,-2.15267
90887,908883,1704,-50,11990,-87,-192,-285,0.01179,-0.0045,0.99498,-0.66412,-1.46565,-2.17557
90888,908893,1726,30,12050,-76,-178,-286,0.01314,0.00041,0.99855,-0.58015,-1.35878,-2.18321
90889,908903,1752,-30,12018,-77,-182,-276,0.01473,-0.00327,0.99665,-0.58779,-1.38931,-2.10687
90890,908913,1778,-40,12040,-74,-183,-281,0.01633,-0.00388,0.99796,-0.56489,-1.39695,-2.14504
90891,908923,1700,-72,12082,-76,-178,-286,0.01154,-0.00585,1.00045,-0.58015,-1.35878,-2.18321
90892,908933,1772,16,12060,-81,-180,-283,0.01596,-0.00045,0.99914,-0.61832,-1.37405,-2.16031
90893,908943,1736,-28,12026,-74,-183,-278,0.01375,-0.00315,0.99712,-0.56489,-1.39695,-2.12214
90894,908953,1750,-62,12118,-80,-190,-277,0.01461,-0.00523,1.00259,-0.61069,-1.45038,-2.1145
90895,908963,1726,-34,12064,-78,-189,-282,0.01314,-0.00351,0.99938,-0.59542,-1.44275,-2.15267
90896,908973,1676,10,12052,-74,-183,-281,0.01007,-0.00082,0.99867,-0.56489,-1.39695,-2.14504
90897,908983,1682,6,12116,-80,-181,-279,0.01044,-0.00106,1.00247,-0.61069,-1.38168,-2.12977
90898,908993,1714,-50,12118,-83,-176,-282,0.0124,-0.0045,1.00259,-0.63359,-1.34351,-2.15267
90899,909003,1724,-60,12052,-82,-183,-280,0.01302,-0.00511,0.99867,-0.62595,-1.39695,-2.1374
90900,909013,1674,18,12076,-73,-180,-282,0.00995,-0.00033,1.0001,-0.55725,-1.37405,-2.15267
90901,909023,1730,16,12066,-80,-183,-286,0.01338,-0.00045,0.9995,-0.61069,-1.39695,-2.18321
90902,909033,1726,8,12042,-82,-180,-287,0.01314,-0.00094,0.99807,-0.62595,-1.37405,-2.19084
90903,909043,1786,-16,12088,-81,-193,-285,0.01682,-0.00241,1.00081,-0.61832,-1.47328,-2.17557
90904,909053,1714,-14,12054,-73,-183,-281,0.0124,-0.00229,0.99879,-0.55725,-1.39695,-2.14504
90905,909063,1732,-36,12098,-80,-184,-284,0.01351,-0.00364,1.0014,-0.61069,-1.40458,-2.16794
90906,909073,1740,12,12134,-76,-184,-279,0.014,-0.00069,1.00354,-0.58015,-1.40458,-2.12977
90907,909083,1760,-16,11960,-78,-189,-283,0.01522,-0.00241,0.9932,-0.59542,-1.44275,-2.16031
90908,909093,1722,-102,12082,-78,-192,-284,0.01289,-0.00769,1.00045,-0.59542,-1.46565,-2.16794
90909,909103,1730,-52,12036,-79,-177,-281,0.01338,-0.00462,0.99772,-0.60305,-1.35115,-2.14504
90910,909113,1752,-12,12036,-83,-180,-281,0.01473,-0.00217,0.99772,-0.63359,-1.37405,-2.14504
90911,909123,1716,-32,11966,-84,-193,-281,0.01252,-0.00339,0.99356,-0.64122,-1.47328,-2.14504
90912,909133,1720,-36,12102,-79,-193,-279,0.01277,-0.00364,1.00164,-0.60305,-1.47328,-2.12977
90913,909143,1754,-34,12106,-75,-185,-282,0.01486,-0.00351,1.00188,-0.57252,-1.41221,-2.15267
90914,909153,1734,-48,11988,-78,-176,-285,0.01363,-0.00437,0.99487,-0.59542,-1.34351,-2.17557
90915,909163,1696,-26,12038,-79,-182,-279,0.0113,-0.00302,0.99784,-0.60305,-1.38931,-2.12977
90916,909173,1742,-2,12054,-77,-186,-284,0.01412,-0.00155,0.99879,-0.58779,-1.41985,-2.16794
90917,909183,1754,-38,12090,-78,-188,-282,0.01486,-0.00376,1.00093,-0.59542,-1.43511,-2.15267
90918,909193,1748,2,12036,-74,-183,-280,0.01449,-0.00131,0.99772,-0.56489,-1.39695,-2.1374
90919,909203,1738,-26,12060,-79,-184,-283,0.01387,-0.00302,0.99914,-0.60305,-1.40458,-2.16031
90920,909213,1752,-6,12036,-72,-191,-280,0.01473,-0.0018,0.99772,-0.54962,-1.45802,-2.1374
90921,909223,1708,-54,12046,-77,-186,-282,0.01203,-0.00474,0.99831,-0.58779,-1.41985,-2.15267
90922,909233,1742,-30,12094,-82,-186,-278,0.01412,-0.00327,1.00116,-0.62595,-1.41985,-2.12214
90923,909243,1744,-38,12046,-74,-178,-274,0.01424,-0.00376,0.99831,-0.56489,-1.35878,-2.0916
90924,909253,1706,-10,12016,-76,-183,-280,0.01191,-0.00204,0.99653,-0.58015,-1.39695,-2.1374
90925,909263,1730,-70,12070,-81,-182,-277,0.01338,-0.00572,0.99974,-0.61832,-1.38931,-2.1145
90926,909273,1752,-34,12062,-77,-185,-279,0.01473,-0.00351,0.99926,-0.58779,-1.41221,-2.12977
90927,909283,1710,-44,12070,-75,-180,-286,0.01216,-0.00413,0.99974,-0.57252,-1.37405,-2.18321
90928,909293,1746,-26,12106,-73,-188,-277,0.01437,-0.00302,1.00188,-0.55725,-1.43511,-2.1145
90929,909303,1710,-26,12030,-77,-184,-280,0.01216,-0.00302,0.99736,-0.58779,-1.40458,-2.1374
90930,909313,1746,-90,12084,-78,-186,-283,0.01437,-0.00695,1.00057,-0.59542,-1.41985,-2.16031
90931,909323,1776,-44,12006,-78,-176,-275,0.01621,-0.00413,0.99594,-0.59542,-1.34351,-2.09924
90932,909333,1738,16,12052,-77,-177,-276,0.01387,-0.00045,0.99867,-0.58779,-1.35115,-2.10687
90933,909343,1714,16,12018,-84,-184,-279,0.0124,-0.00045,0.99665,-0.64122,-1.40458,-2.12977
90934,909353,1722,-20,12042,-77,-185,-278,0.01289,-0.00266,0.99807,-0.58779,-1.41221,-2.12214
90935,909363,1738,-34,12056,-78,-173,-282,0.01387,-0.00351,0.99891,-0.59542,-1.32061,-2.15267
90936,909373,1750,-48,12068,-75,-178,-280,0.01461,-0.00437,0.99962,-0.57252,-1.35878,-2.1374
90937,909383,1730,-48,11996,-74,-180,-277,0.01338,-0.00437,0.99534,-0.56489,-1.37405,-2.1145
90938,909393,1746,-26,12066,-77,-180,-279,0.01437,-0.00302,0.9995,-0.58779,-1.37405,-2.12977
90939,909403,1716,-38,12048,-78,-183,-283,0.01252,-0.00376,0.99843,-0.59542,-1.39695,-2.16031
90940,909413,1706,-32,11992,-79,-188,-281,0.01191,-0.00339,0.9951,-0.60305,-1.43511,-2.14504
90941,909423,1724,-54,12098,-74,-181,-277,0.01302,-0.00474,1.0014,-0.56489,-1.38168,-2.1145
90942,909433,1770,-26,12088,-79,-183,-282,0.01584,-0.00302,1.00081,-0.60305,-1.39695,-2.15267
90943,909443,1762,-70,12044,-78,-185,-282,0.01535,-0.00572,0.99819,-0.59542,-1.41221,-2.15267
90944,909453,1700,-16,12006,-80,-183,-275,0.01154,-0.00241,0.99594,-0.61069,-1.39695,-2.09924
90945,909463,1690,-48,12110,-80,-182,-274,0.01093,-0.00437,1.00212,-0.61069,-1.38931,-2.0916
90946,909473,1696,-14,12074,-73,-184,-283,0.0113,-0.00229,0.99998,-0.55725,-1.40458,-2.16031
90947,909483,1716,-42,12034,-78,-181,-279,0.01252,-0.00401,0.9976,-0.59542,-1.38168,-2.12977
90948,909493,1772,-34,12074,-75,-187,-277,0.01596,-0.00351,0.99998,-0.57252,-1.42748,-2.1145
90949,909503,1728,-2,12076,-78,-183,-280,0.01326,-0.00155,1.0001,-0.59542,-1.39695,-2.1374
90950,909513,1738,-6,12126,-81,-179,-281,0.01387,-0.0018,1.00307,-0.61832,-1.36641,-2.14504
90951,909523,1738,-44,12022,-78,-170,-284,0.01387,-0.00413,0.99689,-0.59542,-1.29771,-2.16794
90952,909533,1702,-66,12034,-79,-179,-279,0.01167,-0.00548,0.9976,-0.60305,-1.36641,-2.12977
90953,909543,1728,-48,12070,-78,-179,-277,0.01326,-0.00437,0.99974,-0.59542,-1.36641,-2.1145
90954,909553,1778,-24,12090,-75,-190,-283,0.01633,-0.0029,1.00093,-0.57252,-1.45038,-2.16031
90955,909563,1792,-38,12088,-74,-186,-286,0.01719,-0.00376,1.00081,-0.56489,-1.41985,-2.18321
90956,909573,1714,-44,12084,-69,-182,-282,0.0124,-0.00413,1.00057,-0.52672,-1.38931,-2.15267
90957,909583,1738,-58,12034,-73,-188,-279,0.01387,-0.00499,0.9976,-0.55725,-1.43511,-2.12977
90958,909593,1722,-14,12092,-70,-188,-276,0.01289,-0.00229,1.00105,-0.53435,-1.43511,-2.10687
90959,909603,1702,-32,12042,-70,-183,-282,0.01167,-0.00339,0.99807,-0.53435,-1.39695,-2.15267
90960,909613,1718,-14,12062,-74,-188,-282,0.01265,-0.00229,0.99926,-0.56489,-1.43511,-2.15267
90961,909623,1762,-54,12100,-75,-184,-283,0.01535,-0.00474,1.00152,-0.57252,-1.40458,-2.16031
90962,909633,1742,-2,12124,-77,-187,-279,0.01412,-0.00155,1.00295,-0.58779,-1.42748,-2.12977
90963,909643,1742,-72,12046,-74,-186,-281,0.01412,-0.00585,0.99831,-0.56489,-1.41985,-2.14504
90964,909653,1748,-26,12054,-73,-180,-287,0.01449,-0.00302,0.99879,-0.55725,-1.37405,-2.19084
90965,909663,1736,-26,12018,-80,-179,-283,0.01375,-0.00302,0.99665,-0.61069,-1.36641,-2.16031
90966,909673,1730,-46,12056,-81,-188,-282,0.01338,-0.00425,0.99891,-0.61832,-1.43511,-2.15267
90967,909683,1742,-8,12092,-80,-177,-277,0.01412,-0.00192,1.00105,-0.61069,-1.35115,-2.1145
90968,909693,1722,10,12078,-79,-181,-281,0.01289,-0.00082,1.00021,-0.60305,-1.38168,-2.14504
90969,909703,1756,-22,12026,-81,-180,-283,0.01498,-0.00278,0.99712,-0.61832,-1.37405,-2.16031
90970,909713,1766,-36,12046,-75,-184,-287,0.01559,-0.00364,0.99831,-0.57252,-1.40458,-2.19084
90971,909723,1740,0,12086,-80,-185,-280,0.014,-0.00143,1.00069,-0.61069,-1.41221,-2.1374
90972,909733,1744,-68,12006,-71,-183,-279,0.01424,-0.0056,0.99594,-0.54198,-1.39695,-2.12977
90973,909743,1712,-26,12054,-75,-183,-277,0.01228,-0.00302,0.99879,-0.57252,-1.39695,-2.1145
90974,909753,1674,-46,12084,-77,-183,-277,0.00995,-0.00425,1.00057,-0.58779,-1.39695,-2.1145
90975,909763,1702,-38,12036,-79,-177,-281,0.01167,-0.00376,0.99772,-0.60305,-1.35115,-2.14504
90976,909773,1750,-36,12056,-81,-189,-281,0.01461,-0.00364,0.99891,-0.61832,-1.44275,-2.14504
90977,909783,1768,-28,12056,-78,-186,-278,0.01572,-0.00315,0.99891,-0.59542,-1.41985,-2.12214
90978,909793,1722,-10,12074,-71,-182,-282,0.01289,-0.00204,0.99998,-0.54198,-1.38931,-2.15267
90979,909803,1732,-12,12022,-74,-182,-284,0.01351,-0.00217,0.99689,-0.56489,-1.38931,-2.16794
90980,909813,1778,-32,12152,-72,-184,-280,0.01633,-0.00339,1.00461,-0.54962,-1.40458,-2.1374
90981,909823,1686,-38,12142,-76,-194,-282,0.01068,-0.00376,1.00402,-0.58015,-1.48092,-2.15267
90982,909833,1686,-30,12074,-79,-189,-286,0.01068,-0.00327,0.99998,-0.60305,-1.44275,-2.18321
90983,909843,1724,-28,12062,-83,-180,-279,0.01302,-0.00315,0.99926,-0.63359,-1.37405,-2.12977
90984,909853,1740,8,12110,-76,-187,-279,0.014,-0.00094,1.00212,-0.58015,-1.42748,-2.12977
90985,909863,1694,-68,11960,-76,-187,-281,0.01117,-0.0056,0.9932,-0.58015,-1.42748,-2.14504
90986,909873,1744,-14,12036,-76,-190,-283,0.01424,-0.00229,0.99772,-0.58015,-1.45038,-2.16031
90987,909883,1742,-70,12076,-80,-185,-279,0.01412,-0.00572,1.0001,-0.61069,-1.41221,-2.12977
90988,909893,1704,10,12042,-74,-179,-275,0.01179,-0.00082,0.99807,-0.56489,-1.36641,-2.09924
90989,909903,1714,-12,12070,-69,-183,-282,0.0124,-0.00217,0.99974,-0.52672,-1.39695,-2.15267
90990,909913,1718,-24,12038,-73,-185,-283,0.01265,-0.0029,0.99784,-0.55725,-1.41221,-2.16031
90991,909923,1714,0,12014,-76,-178,-283,0.0124,-0.00143,0.99641,-0.58015,-1.35878,-2.16031
90992,909933,1738,-32,12054,-76,-178,-284,0.01387,-0.00339,0.99879,-0.58015,-1.35878,-2.16794
90993,909943,1788,-28,12080,-74,-181,-277,0.01694,-0.00315,1.00033,-0.56489,-1.38168,-2.1145
90994,909953,1714,-36,12068,-80,-183,-278,0.0124,-0.00364,0.99962,-0.61069,-1.39695,-2.12214
90995,909963,1706,-8,12046,-76,-183,-276,0.01191,-0.00192,0.99831,-0.58015,-1.39695,-2.10687
90996,909973,1738,-50,12066,-74,-187,-281,0.01387,-0.0045,0.9995,-0.56489,-1.42748,-2.14504
90997,909983,1794,-46,12062,-80,-180,-283,0.01731,-0.00425,0.99926,-0.61069,-1.37405,-2.16031
90998,909993,1720,-26,12038,-82,-183,-276,0.01277,-0.00302,0.99784,-0.62595,-1.39695,-2.10687
90999,910003,1748,-26,12014,-81,-180,-280,0.01449,-0.00302,0.99641,-0.61832,-1.37405,-2.1374
91000,910013,1730,-30,12074,-79,-185,-281,0.01338,-0.00327,0.99998,-0.60305,-1.41221,-2.14504
91001,910023,1720,4,12104,-76,-179,-281,0.01277,-0.00118,1.00176,-0.58015,-1.36641,-2.14504
91002,910033,1744,-50,12070,-78,-181,-278,0.01424,-0.0045,0.99974,-0.59542,-1.38168,-2.12214
91003,910043,1724,-24,12006,-76,-186,-278,0.01302,-0.0029,0.99594,-0.58015,-1.41985,-2.12214
91004,910053,1766,-52,12078,-79,-187,-276,0.01559,-0.00462,1.00021,-0.60305,-1.42748,-2.10687
91005,910063,1706,-32,12028,-76,-186,-284,0.01191,-0.00339,0.99724,-0.58015,-1.41985,-2.16794
91006,910073,1710,-32,12030,-75,-190,-282,0.01216,-0.00339,0.99736,-0.57252,-1.45038,-2.15267
91007,910083,1746,-36,12038,-78,-191,-280,0.01437,-0.00364,0.99784,-0.59542,-1.45802,-2.1374
91008,910093,1748,-40,12052,-80,-186,-280,0.01449,-0.00388,0.99867,-0.61069,-1.41985,-2.1374
91009,910103,1706,-68,12084,-77,-184,-278,0.01191,-0.0056,1.00057,-0.58779,-1.40458,-2.12214
91010,910113,1714,-32,12076,-77,-182,-280,0.0124,-0.00339,1.0001,-0.58779,-1.38931,-2.1374
91011,910123,1726,-28,12122,-77,-181,-282,0.01314,-0.00315,1.00283,-0.58779,-1.38168,-2.15267
91012,910133,1734,-34,12072,-79,-172,-278,0.01363,-0.00351,0.99986,-0.60305,-1.31298,-2.12214
91013,910143,1740,-22,12062,-78,-184,-284,0.014,-0.00278,0.99926,-0.59542,-1.40458,-2.16794
91014,910153,1722,-42,12052,-73,-189,-282,0.01289,-0.00401,0.99867,-0.55725,-1.44275,-2.15267
91015,910163,1750,-44,12096,-76,-186,-281,0.01461,-0.00413,1.00128,-0.58015,-1.41985,-2.14504
91016,910173,1708,-34,12054,-81,-186,-279,0.01203,-0.00351,0.99879,-0.61832,-1.41985,-2.12977
91017,910183,1742,16,12110,-81,-183,-281,0.01412,-0.00045,1.00212,-0.61832,-1.39695,-2.14504
91018,910193,1748,-46,12100,-77,-176,-279,0.01449,-0.00425,1.00152,-0.58779,-1.34351,-2.12977
91019,910203,1740,-46,12006,-76,-183,-284,0.014,-0.00425,0.99594,-0.58015,-1.39695,-2.16794
91020,910213,1726,-48,12110,-82,-178,-281,0.01314,-0.00437,1.00212,-0.62595,-1.35878,-2.14504
91021,910223,1726,-62,12092,-77,-174,-279,0.01314,-0.00523,1.00105,-0.58779,-1.32824,-2.12977
91022,910233,1708,-14,12082,-78,-181,-284,0.01203,-0.00229,1.00045,-0.59542,-1.38168,-2.16794
91023,910243,1744,-2,12058,-75,-182,-281,0.01424,-0.00155,0.99903,-0.57252,-1.38931,-2.14504
91024,910253,1764,-8,11982,-79,-181,-279,0.01547,-0.00192,0.99451,-0.60305,-1.38168,-2.12977
91025,910263,1738,-10,12042,-80,-188,-285,0.01387,-0.00204,0.99807,-0.61069,-1.43511,-2.17557
91026,910273,1722,-48,12070,-82,-188,-278,0.01289,-0.00437,0.99974,-0.62595,-1.43511,-2.12214
91027,910283,1730,-44,12030,-79,-183,-284,0.01338,-0.00413,0.99736,-0.60305,-1.39695,-2.16794
91028,910293,1728,-42,12076,-82,-180,-280,0.01326,-0.00401,1.0001,-0.62595,-1.37405,-2.1374
91029,910303,1738,-40,12078,-79,-178,-279,0.01387,-0.00388,1.00021,-0.60305,-1.35878,-2.12977
91030,910313,1752,-42,12042,-82,-185,-272,0.01473,-0.00401,0.99807,-0.62595,-1.41221,-2.07634
91031,910323,1730,-34,12082,-84,-181,-279,0.01338,-0.00351,1.00045,-0.64122,-1.38168,-2.12977
91032,910333,1736,-44,12102,-78,-190,-281,0.01375,-0.00413,1.00164,-0.59542,-1.45038,-2.14504
91033,910343,1794,-36,12070,-79,-179,-285,0.01731,-0.00364,0.99974,-0.60305,-1.36641,-2.17557
91034,910353,1714,-30,12048,-80,-189,-276,0.0124,-0.00327,0.99843,-0.61069,-1.44275,-2.10687
91035,910363,1746,-36,12028,-80,-186,-283,0.01437,-0.00364,0.99724,-0.61069,-1.41985,-2.16031
91036,910373,1738,-44,12062,-75,-186,-281,0.01387,-0.00413,0.99926,-0.57252,-1.41985,-2.14504
91037,910383,1750,-14,12066,-74,-182,-280,0.01461,-0.00229,0.9995,-0.56489,-1.38931,-2.1374
91038,910393,1740,-34,12030,-72,-193,-280,0.014,-0.00351,0.99736,-0.54962,-1.47328,-2.1374
91039,910403,1704,2,12048,-81,-192,-282,0.01179,-0.00131,0.99843,-0.61832,-1.46565,-2.15267
91040,910413,1796,-48,12042,-83,-188,-277,0.01743,-0.00437,0.99807,-0.63359,-1.43511,-2.1145
91041,910423,1746,-20,12096,-81,-184,-280,0.01437,-0.00266,1.00128,-0.61832,-1.40458,-2.1374
91042,910433,1694,-10,12036,-85,-186,-282,0.01117,-0.00204,0.99772,-0.64885,-1.41985,-2.15267
91043,910443,1738,-58,12006,-81,-187,-281,0.01387,-0.00499,0.99594,-0.61832,-1.42748,-2.14504
91044,910453,1756,-18,12060,-74,-191,-279,0.01498,-0.00253,0.99914,-0.56489,-1.45802,-2.12977
91045,910463,1742,-36,12070,-77,-190,-282,0.01412,-0.00364,0.99974,-0.58779,-1.45038,-2.15267
91046,910473,1718,-42,12044,-79,-178,-282,0.01265,-0.00401,0.99819,-0.60305,-1.35878,-2.15267
91047,910483,1748,-16,11972,-80,-178,-280,0.01449,-0.00241,0.99392,-0.61069,-1.35878,-2.1374
91048,910493,1724,-52,12006,-78,-177,-285,0.01302,-0.00462,0.99594,-0.59542,-1.35115,-2.17557
91049,910503,1752,-32,12066,-75,-172,-281,0.01473,-0.00339,0.9995,-0.57252,-1.31298,-2.14504
91050,910513,1708,-34,12032,-79,-180,-285,0.01203,-0.00351,0.99748,-0.60305,-1.37405,-2.17557
91051,910523,1720,-34,12012,-87,-180,-282,0.01277,-0.00351,0.99629,-0.66412,-1.37405,-2.15267
91052,910533,1734,-38,12050,-77,-187,-277,0.01363,-0.00376,0.99855,-0.58779,-1.42748,-2.1145
91053,910543,1678,-52,11968,-76,-185,-281,0.01019,-0.00462,0.99368,-0.58015,-1.41221,-2.14504
91054,910553,1758,-38,11998,-82,-179,-278,0.0151,-0.00376,0.99546,-0.62595,-1.36641,-2.12214
91055,910563,1696,-6,12088,-77,-190,-281,0.0113,-0.0018,1.00081,-0.58779,-1.45038,-2.14504
91056,910573,1756,-12,12040,-77,-183,-279,0.01498,-0.00217,0.99796,-0.58779,-1.39695,-2.12977
91057,910583,1708,-2,12064,-78,-183,-278,0.01203,-0.00155,0.99938,-0.59542,-1.39695,-2.12214
91058,910593,1716,8,12096,-81,-181,-278,0.01252,-0.00094,1.00128,-0.61832,-1.38168,-2.12214
91059,910603,1756,-30,12064,-79,-180,-280,0.01498,-0.00327,0.99938,-0.60305,-1.37405,-2.1374
91060,910613,1758,-32,12002,-83,-176,-283,0.0151,-0.00339,0.9957,-0.63359,-1.34351,-2.16031
91061,910623,1736,-16,12070,-81,-186,-282,0.01375,-0.00241,0.99974,-0.61832,-1.41985,-2.15267
91062,910633,1722,-10,12084,-81,-187,-283,0.01289,-0.00204,1.00057,-0.61832,-1.42748,-2.16031
91063,910643,1764,-70,12034,-85,-185,-282,0.01547,-0.00572,0.9976,-0.64885,-1.41221,-2.15267
91064,910653,1722,-32,12040,-88,-185,-280,0.01289,-0.00339,0.99796,-0.67176,-1.41221,-2.1374
91065,910663,1714,-8,11986,-73,-188,-280,0.0124,-0.00192,0.99475,-0.55725,-1.43511,-2.1374
91066,910673,1700,2,11976,-74,-194,-281,0.01154,-0.00131,0.99415,-0.56489,-1.48092,-2.14504
91067,910683,1748,2,12024,-77,-184,-278,0.01449,-0.00131,0.99701,-0.58779,-1.40458,-2.12214
91068,910693,1760,-46,12014,-76,-168,-281,0.01522,-0.00425,0.99641,-0.58015,-1.28244,-2.14504
91069,910703,1734,-10,12040,-78,-170,-281,0.01363,-0.00204,0.99796,-0.59542,-1.29771,-2.14504
91070,910713,1746,-4,12052,-87,-176,-287,0.01437,-0.00167,0.99867,-0.66412,-1.34351,-2.19084
91071,910723,1756,-26,12058,-82,-188,-287,0.01498,-0.00302,0.99903,-0.62595,-1.43511,-2.19084
91072,910733,1734,-74,12050,-74,-181,-282,0.01363,-0.00597,0.99855,-0.56489,-1.38168,-2.15267
91073,910743,1786,-74,12010,-79,-189,-280,0.01682,-0.00597,0.99617,-0.60305,-1.44275,-2.1374
91074,910753,1720,-12,12060,-78,-186,-278,0.01277,-0.00217,0.99914,-0.59542,-1.41985,-2.12214
91075,910763,1724,-4,11996,-78,-185,-278,0.01302,-0.00167,0.99534,-0.59542,-1.41221,-2.12214
91076,910773,1784,-80,12174,-74,-180,-284,0.0167,-0.00634,1.00592,-0.56489,-1.37405,-2.16794
91077,910783,1752,-82,12090,-78,-183,-284,0.01473,-0.00646,1.00093,-0.59542,-1.39695,-2.16794
91078,910793,1748,-24,12166,-76,-185,-280,0.01449,-0.0029,1.00544,-0.58015,-1.41221,-2.1374
91079,910803,1716,-18,12028,-77,-193,-278,0.01252,-0.00253,0.99724,-0.58779,-1.47328,-2.12214
91080,910813,1720,-40,12042,-83,-184,-280,0.01277,-0.00388,0.99807,-0.63359,-1.40458,-2.1374
91081,910823,1754,-94,12094,-76,-179,-279,0.01486,-0.0072,1.00116,-0.58015,-1.36641,-2.12977
91082,910833,1686,8,12076,-82,-182,-281,0.01068,-0.00094,1.0001,-0.62595,-1.38931,-2.14504
91083,910843,1698,-22,12036,-79,-183,-285,0.01142,-0.00278,0.99772,-0.60305,-1.39695,-2.17557
91084,910853,1754,-14,12052,-80,-184,-280,0.01486,-0.00229,0.99867,-0.61069,-1.40458,-2.1374
91085,910863,1732,-40,12024,-77,-194,-280,0.01351,-0.00388,0.99701,-0.58779,-1.48092,-2.1374
91086,910873,1754,-40,12016,-74,-183,-274,0.01486,-0.00388,0.99653,-0.56489,-1.39695,-2.0916
91087,910883,1732,-42,12002,-70,-181,-278,0.01351,-0.00401,0.9957,-0.53435,-1.38168,-2.12214
91088,910893,1724,-42,12084,-78,-184,-281,0.01302,-0.00401,1.00057,-0.59542,-1.40458,-2.14504
91089,910903,1696,-34,12070,-79,-193,-282,0.0113,-0.00351,0.99974,-0.60305,-1.47328,-2.15267
91090,910913,1720,-76,12036,-80,-192,-279,0.01277,-0.00609,0.99772,-0.61069,-1.46565,-2.12977
91091,910923,1726,-56,12036,-73,-188,-281,0.01314,-0.00486,0.99772,-0.55725,-1.43511,-2.14504
91092,910933,1756,-42,12064,-76,-183,-280,0.01498,-0.00401,0.99938,-0.58015,-1.39695,-2.1374
91093,910943,1730,-18,12076,-79,-178,-281,0.01338,-0.00253,1.0001,-0.60305,-1.35878,-2.14504
91094,910953,1708,-52,12054,-80,-176,-288,0.01203,-0.00462,0.99879,-0.61069,-1.34351,-2.19847
91095,910963,1706,-44,12028,-77,-183,-278,0.01191,-0.00413,0.99724,-0.58779,-1.39695,-2.12214
91096,910973,1716,-66,12016,-78,-179,-283,0.01252,-0.00548,0.99653,-0.59542,-1.36641,-2.16031
91097,910983,1740,-34,12006,-79,-182,-279,0.014,-0.00351,0.99594,-0.60305,-1.38931,-2.12977
91098,910993,1702,-72,12110,-78,-181,-280,0.01167,-0.00585,1.00212,-0.59542,-1.38168,-2.1374
91099,911003,1760,-50,12094,-79,-180,-285,0.01522,-0.0045,1.00116,-0.60305,-1.37405,-2.17557
91100,911013,1724,-34,12068,-70,-184,-287,0.01302,-0.00351,0.99962,-0.53435,-1.40458,-2.19084
91101,911023,1736,-42,12068,-76,-180,-276,0.01375,-0.00401,0.99962,-0.58015,-1.37405,-2.10687
91102,911033,1732,-78,12010,-82,-180,-278,0.01351,-0.00621,0.99617,-0.62595,-1.37405,-2.12214
91103,911043,1736,-66,12038,-76,-185,-279,0.01375,-0.00548,0.99784,-0.58015,-1.41221,-2.12977
91104,911053,1768,-54,12066,-79,-179,-281,0.01572,-0.00474,0.9995,-0.60305,-1.36641,-2.14504
91105,911063,1700,6,12052,-76,-189,-278,0.01154,-0.00106,0.99867,-0.58015,-1.44275,-2.12214
91106,911073,1728,-10,12070,-80,-181,-275,0.01326,-0.00204,0.99974,-0.61069,-1.38168,-2.09924
91107,911083,1754,-62,12092,-77,-182,-277,0.01486,-0.00523,1.00105,-0.58779,-1.38931,-2.1145
91108,911093,1744,-56,12046,-77,-186,-279,0.01424,-0.00486,0.99831,-0.58779,-1.41985,-2.12977
91109,911103,1730,-34,12032,-81,-177,-283,0.01338,-0.00351,0.99748,-0.61832,-1.35115,-2.16031
91110,911113,1744,-2,12030,-81,-178,-285,0.01424,-0.00155,0.99736,-0.61832,-1.35878,-2.17557
91111,911123,1714,-42,12042,-83,-189,-279,0.0124,-0.00401,0.99807,-0.63359,-1.44275,-2.12977
91112,911133,1744,-38,12020,-81,-181,-282,0.01424,-0.00376,0.99677,-0.61832,-1.38168,-2.15267
91113,911143,1772,-56,12044,-74,-181,-281,0.01596,-0.00486,0.99819,-0.56489,-1.38168,-2.14504
91114,911153,1750,-20,12128,-82,-176,-282,0.01461,-0.00266,1.00318,-0.62595,-1.34351,-2.15267
91115,911163,1754,-26,12096,-75,-182,-281,0.01486,-0.00302,1.00128,-0.57252,-1.38931,-2.14504
91116,911173,1708,-26,12062,-77,-186,-280,0.01203,-0.00302,0.99926,-0.58779,-1.41985,-2.1374
91117,911183,1708,-50,12088,-82,-185,-278,0.01203,-0.0045,1.00081,-0.62595,-1.41221,-2.12214
91118,911193,1726,-12,12074,-70,-188,-285,0.01314,-0.00217,0.99998,-0.53435,-1.43511,-2.17557
91119,911203,1738,-24,12080,-77,-180,-286,0.01387,-0.0029,1.00033,-0.58779,-1.37405,-2.18321
91120,911213,1720,-68,12072,-81,-184,-277,0.01277,-0.0056,0.99986,-0.61832,-1.40458,-2.1145
91121,911223,1738,-44,12088,-83,-186,-282,0.01387,-0.00413,1.00081,-0.63359,-1.41985,-2.15267
91122,911233,1780,-44,12060,-85,-175,-282,0.01645,-0.00413,0.99914,-0.64885,-1.33588,-2.15267
91123,911243,1678,16,12058,-81,-182,-279,0.01019,-0.00045,0.99903,-0.61832,-1.38931,-2.12977
91124,911253,1704,-4,12042,-80,-189,-282,0.01179,-0.00167,0.99807,-0.61069,-1.44275,-2.15267
91125,911263,1724,-44,12068,-77,-180,-287,0.01302,-0.00413,0.99962,-0.58779,-1.37405,-2.19084
91126,911273,1714,-36,12054,-78,-185,-283,0.0124,-0.00364,0.99879,-0.59542,-1.41221,-2.16031
91127,911283,1740,-34,12072,-76,-187,-281,0.014,-0.00351,0.99986,-0.58015,-1.42748,-2.14504
91128,911293,1752,2,12110,-80,-180,-283,0.01473,-0.00131,1.00212,-0.61069,-1.37405,-2.16031
91129,911303,1742,-38,12126,-79,-186,-284,0.01412,-0.00376,1.00307,-0.60305,-1.41985,-2.16794
91130,911313,1738,-30,12050,-73,-188,-285,0.01387,-0.00327,0.99855,-0.55725,-1.43511,-2.17557
91131,911323,1740,-32,12008,-75,-185,-285,0.014,-0.00339,0.99605,-0.57252,-1.41221,-2.17557
91132,911333,1716,14,12026,-84,-182,-279,0.01252,-0.00057,0.99712,-0.64122,-1.38931,-2.12977
91133,911343,1682,-34,12092,-81,-188,-278,0.01044,-0.00351,1.00105,-0.61832,-1.43511,-2.12214
91134,911353,1742,-46,12058,-82,-188,-279,0.01412,-0.00425,0.99903,-0.62595,-1.43511,-2.12977
91135,911363,1744,-60,12040,-82,-185,-273,0.01424,-0.00511,0.99796,-0.62595,-1.41221,-2.08397
91136,911373,1728,-8,12038,-78,-185,-284,0.01326,-0.00192,0.99784,-0.59542,-1.41221,-2.16794
91137,911383,1714,-48,11992,-74,-182,-284,0.0124,-0.00437,0.9951,-0.56489,-1.38931,-2.16794
91138,911393,1692,-28,12038,-79,-194,-284,0.01105,-0.00315,0.99784,-0.60305,-1.48092,-2.16794
91139,911403,1742,-64,12010,-80,-192,-282,0.01412,-0.00536,0.99617,-0.61069,-1.46565,-2.15267
91140,911413,1720,-40,12070,-74,-192,-277,0.01277,-0.00388,0.99974,-0.56489,-1.46565,-2.1145
91141,911423,1716,-16,12122,-81,-185,-287,0.01252,-0.00241,1.00283,-0.61832,-1.41221,-2.19084
91142,911433,1768,12,12016,-79,-185,-278,0.01572,-0.00069,0.99653,-0.60305,-1.41221,-2.12214
91143,911443,1736,-46,12042,-84,-183,-278,0.01375,-0.00425,0.99807,-0.64122,-1.39695,-2.12214
91144,911453,1710,-12,12008,-80,-183,-284,0.01216,-0.00217,0.99605,-0.61069,-1.39695,-2.16794
91145,911463,1704,-68,11950,-80,-184,-278,0.01179,-0.0056,0.99261,-0.61069,-1.40458,-2.12214
91146,911473,1772,-56,12046,-76,-181,-281,0.01596,-0.00486,0.99831,-0.58015,-1.38168,-2.14504
91147,911483,1702,-66,12040,-78,-184,-283,0.01167,-0.00548,0.99796,-0.59542,-1.40458,-2.16031
91148,911493,1726,-70,12040,-81,-188,-283,0.01314,-0.00572,0.99796,-0.61832,-1.43511,-2.16031
91149,911503,1770,-36,12066,-79,-187,-283,0.01584,-0.00364,0.9995,-0.60305,-1.42748,-2.16031
91150,911513,1716,38,12074,-75,-184,-282,0.01252,0.0009,0.99998,-0.57252,-1.40458,-2.15267
91151,911523,1738,-4,12074,-82,-188,-281,0.01387,-0.00167,0.99998,-0.62595,-1.43511,-2.14504
91152,911533,1702,-56,12030,-85,-177,-281,0.01167,-0.00486,0.99736,-0.64885,-1.35115,-2.14504
91153,911543,1730,-56,12092,-76,-173,-279,0.01338,-0.00486,1.00105,-0.58015,-1.32061,-2.12977
91154,911553,1722,-40,12034,-75,-186,-275,0.01289,-0.00388,0.9976,-0.57252,-1.41985,-2.09924
91155,911563,1720,2,12138,-82,-186,-283,0.01277,-0.00131,1.00378,-0.62595,-1.41985,-2.16031
91156,911573,1750,2,12084,-76,-194,-283,0.01461,-0.00131,1.00057,-0.58015,-1.48092,-2.16031
91157,911583,1718,-88,12036,-81,-190,-286,0.01265,-0.00683,0.99772,-0.61832,-1.45038,-2.18321
91158,911593,1750,-24,12024,-82,-189,-285,0.01461,-0.0029,0.99701,-0.62595,-1.44275,-2.17557
91159,911603,1748,10,11988,-81,-190,-281,0.01449,-0.00082,0.99487,-0.61832,-1.45038,-2.14504
91160,911613,1770,4,12030,-76,-179,-279,0.01584,-0.00118,0.99736,-0.58015,-1.36641,-2.12977
91161,911623,1746,-26,12004,-75,-190,-281,0.01437,-0.00302,0.99582,-0.57252,-1.45038,-2.14504
91162,911633,1688,-64,12070,-77,-182,-282,0.01081,-0.00536,0.99974,-0.58779,-1.38931,-2.15267
91163,911643,1722,-8,12108,-75,-187,-279,0.01289,-0.00192,1.002,-0.57252,-1.42748,-2.12977
91164,911653,1722,-6,12068,-78,-179,-288,0.01289,-0.0018,0.99962,-0.59542,-1.36641,-2.19847
91165,911663,1690,-8,12096,-81,-183,-282,0.01093,-0.00192,1.00128,-0.61832,-1.39695,-2.15267
91166,911673,1734,-40,12052,-79,-173,-283,0.01363,-0.00388,0.99867,-0.60305,-1.32061,-2.16031
91167,911683,1752,-8,12108,-78,-180,-283,0.01473,-0.00192,1.002,-0.59542,-1.37405,-2.16031
91168,911693,1766,-46,12024,-81,-185,-287,0.01559,-0.00425,0.99701,-0.61832,-1.41221,-2.19084
91169,911703,1728,-40,12042,-79,-189,-278,0.01326,-0.00388,0.99807,-0.60305,-1.44275,-2.12214
91170,911713,1762,-72,12106,-72,-193,-279,0.01535,-0.00585,1.00188,-0.54962,-1.47328,-2.12977
91171,911723,1742,-52,12060,-74,-192,-282,0.01412,-0.00462,0.99914,-0.56489,-1.46565,-2.15267
91172,911733,1758,-14,12052,-79,-190,-283,0.0151,-0.00229,0.99867,-0.60305,-1.45038,-2.16031
91173,911743,1726,18,12044,-81,-189,-289,0.01314,-0.00033,0.99819,-0.61832,-1.44275,-2.20611
91174,911753,1754,-50,12026,-86,-194,-280,0.01486,-0.0045,0.99712,-0.65649,-1.48092,-2.1374
91175,911763,1746,-40,12026,-84,-185,-274,0.01437,-0.00388,0.99712,-0.64122,-1.41221,-2.0916
91176,911773,1730,-36,12056,-83,-184,-275,0.01338,-0.00364,0.99891,-0.63359,-1.40458,-2.09924
91177,911783,1730,-30,12074,-80,-177,-276,0.01338,-0.00327,0.99998,-0.61069,-1.35115,-2.10687
91178,911793,1770,-54,11994,-83,-175,-283,0.01584,-0.00474,0.99522,-0.63359,-1.33588,-2.16031
91179,911803,1750,-32,12068,-77,-175,-284,0.01461,-0.00339,0.99962,-0.58779,-1.33588,-2.16794
91180,911813,1756,-74,12072,-76,-174,-282,0.01498,-0.00597,0.99986,-0.58015,-1.32824,-2.15267
91181,911823,1764,-8,12074,-73,-176,-280,0.01547,-0.00192,0.99998,-0.55725,-1.34351,-2.1374
91182,911833,1780,-26,12066,-72,-178,-279,0.01645,-0.00302,0.9995,-0.54962,-1.35878,-2.12977
91183,911843,1776,-60,12088,-83,-188,-280,0.01621,-0.00511,1.00081,-0.63359,-1.43511,-2.1374
91184,911853,1730,-90,12110,-78,-190,-279,0.01338,-0.00695,1.00212,-0.59542,-1.45038,-2.12977
91185,911863,1686,-54,12096,-72,-188,-287,0.01068,-0.00474,1.00128,-0.54962,-1.43511,-2.19084
91186,911873,1724,-44,12040,-76,-183,-285,0.01302,-0.00413,0.99796,-0.58015,-1.39695,-2.17557
91187,911883,1762,-42,12032,-83,-179,-279,0.01535,-0.00401,0.99748,-0.63359,-1.36641,-2.12977
91188,911893,1730,-24,12026,-78,-186,-283,0.01338,-0.0029,0.99712,-0.59542,-1.41985,-2.16031
91189,911903,1742,-42,12060,-74,-178,-286,0.01412,-0.00401,0.99914,-0.56489,-1.35878,-2.18321
91190,911913,1730,-52,12026,-76,-183,-281,0.01338,-0.00462,0.99712,-0.58015,-1.39695,-2.14504
91191,911923,1710,-44,12048,-83,-187,-282,0.01216,-0.00413,0.99843,-0.63359,-1.42748,-2.15267
91192,911933,1736,-64,12050,-79,-172,-278,0.01375,-0.00536,0.99855,-0.60305,-1.31298,-2.12214
91193,911943,1716,-68,11990,-84,-182,-282,0.01252,-0.0056,0.99498,-0.64122,-1.38931,-2.15267
91194,911953,1730,-86,11986,-74,-185,-282,0.01338,-0.0067,0.99475,-0.56489,-1.41221,-2.15267
91195,911963,1788,-46,12040,-78,-182,-279,0.01694,-0.00425,0.99796,-0.59542,-1.38931,-2.12977
91196,911973,1728,-40,12046,-82,-186,-278,0.01326,-0.00388,0.99831,-0.62595,-1.41985,-2.12214
91197,911983,1722,-14,12044,-82,-189,-273,0.01289,-0.00229,0.99819,-0.62595,-1.44275,-2.08397
91198,911993,1714,-44,12098,-74,-185,-278,0.0124,-0.00413,1.0014,-0.56489,-1.41221,-2.12214
91199,912003,1710,6,12046,-77,-182,-280,0.01216,-0.00106,0.99831,-0.58779,-1.38931,-2.1374
91200,912013,1718,-24,12038,-73,-189,-280,0.01265,-0.0029,0.99784,-0.55725,-1.44275,-2.1374
91201,912023,1734,-88,12106,-71,-186,-281,0.01363,-0.00683,1.00188,-0.54198,-1.41985,-2.14504
91202,912033,1694,-62,12120,-75,-182,-280,0.01117,-0.00523,1.00271,-0.57252,-1.38931,-2.1374
91203,912043,1730,-2,12094,-83,-191,-278,0.01338,-0.00155,1.00116,-0.63359,-1.45802,-2.12214
91204,912053,1710,-14,12080,-86,-183,-278,0.01216,-0.00229,1.00033,-0.65649,-1.39695,-2.12214
91205,912063,1724,-12,12058,-79,-186,-275,0.01302,-0.00217,0.99903,-0.60305,-1.41985,-2.09924
91206,912073,1768,-92,12066,-79,-187,-278,0.01572,-0.00707,0.9995,-0.60305,-1.42748,-2.12214
91207,912083,1700,-20,12100,-80,-182,-276,0.01154,-0.00266,1.00152,-0.61069,-1.38931,-2.10687
91208,912093,1752,-24,12032,-73,-183,-282,0.01473,-0.0029,0.99748,-0.55725,-1.39695,-2.15267
91209,912103,1684,-26,12094,-81,-179,-286,0.01056,-0.00302,1.00116,-0.61832,-1.36641,-2.18321
91210,912113,1712,-84,12106,-80,-182,-281,0.01228,-0.00658,1.00188,-0.61069,-1.38931,-2.14504
91211,912123,1764,-72,12054,-74,-184,-282,0.01547,-0.00585,0.99879,-0.56489,-1.40458,-2.15267
91212,912133,1768,-42,12046,-76,-182,-278,0.01572,-0.00401,0.99831,-0.58015,-1.38931,-2.12214
91213,912143,1686,-16,12122,-79,-187,-282,0.01068,-0.00241,1.00283,-0.60305,-1.42748,-2.15267
91214,912153,1724,-36,12056,-82,-182,-287,0.01302,-0.00364,0.99891,-0.62595,-1.38931,-2.19084
91215,912163,1728,-88,12072,-79,-188,-282,0.01326,-0.00683,0.99986,-0.60305,-1.43511,-2.15267
91216,912173,1698,-64,12094,-82,-184,-277,0.01142,-0.00536,1.00116,-0.62595,-1.40458,-2.1145
91217,912183,1728,-18,12072,-78,-184,-288,0.01326,-0.00253,0.99986,-0.59542,-1.40458,-2.19847
91218,912193,1710,-54,12022,-82,-187,-280,0.01216,-0.00474,0.99689,-0.62595,-1.42748,-2.1374
91219,912203,1688,-16,12028,-81,-190,-282,0.01081,-0.00241,0.99724,-0.61832,-1.45038,-2.15267
91220,912213,1766,-46,12040,-78,-194,-274,0.01559,-0.00425,0.99796,-0.59542,-1.48092,-2.0916
91221,912223,1724,-70,12120,-76,-184,-279,0.01302,-0.00572,1.00271,-0.58015,-1.40458,-2.12977
91222,912233,1708,-4,12056,-73,-180,-280,0.01203,-0.00167,0.99891,-0.55725,-1.37405,-2.1374
91223,912243,1676,-16,12012,-77,-187,-282,0.01007,-0.00241,0.99629,-0.58779,-1.42748,-2.15267
91224,912253,1722,-82,12074,-77,-187,-282,0.01289,-0.00646,0.99998,-0.58779,-1.42748,-2.15267
91225,912263,1742,4,12046,-79,-177,-285,0.01412,-0.00118,0.99831,-0.60305,-1.35115,-2.17557
91226,912273,1728,-46,12100,-75,-183,-287,0.01326,-0.00425,1.00152,-0.57252,-1.39695,-2.19084
91227,912283,1736,-70,12072,-83,-184,-282,0.01375,-0.00572,0.99986,-0.63359,-1.40458,-2.15267
91228,912293,1736,8,12032,-83,-184,-279,0.01375,-0.00094,0.99748,-0.63359,-1.40458,-2.12977
91229,912303,1724,-44,12072,-78,-185,-282,0.01302,-0.00413,0.99986,-0.59542,-1.41221,-2.15267
91230,912313,1708,-18,12048,-76,-181,-277,0.01203,-0.00253,0.99843,-0.58015,-1.38168,-2.1145
91231,912323,1754,-12,12024,-77,-180,-281,0.01486,-0.00217,0.99701,-0.58779,-1.37405,-2.14504
91232,912333,1742,-20,12098,-80,-189,-280,0.01412,-0.00266,1.0014,-0.61069,-1.44275,-2.1374
91233,912343,1720,-18,12012,-79,-182,-284,0.01277,-0.00253,0.99629,-0.60305,-1.38931,-2.16794
91234,912353,1770,-76,12030,-83,-178,-288,0.01584,-0.00609,0.99736,-0.63359,-1.35878,-2.19847
91235,912363,1742,-14,12044,-80,-184,-285,0.01412,-0.00229,0.99819,-0.61069,-1.40458,-2.17557
91236,912373,1736,-42,12024,-74,-184,-282,0.01375,-0.00401,0.99701,-0.56489,-1.40458,-2.15267
91237,912383,1774,-76,11980,-80,-184,-283,0.01608,-0.00609,0.99439,-0.61069,-1.40458,-2.16031
91238,912393,1710,-36,12070,-76,-188,-280,0.01216,-0.00364,0.99974,-0.58015,-1.43511,-2.1374
91239,912403,1728,-22,12068,-79,-184,-284,0.01326,-0.00278,0.99962,-0.60305,-1.40458,-2.16794
91240,912413,1734,-88,12014,-78,-189,-280,0.01363,-0.00683,0.99641,-0.59542,-1.44275,-2.1374
91241,912423,1726,-84,12006,-79,-189,-280,0.01314,-0.00658,0.99594,-0.60305,-1.44275,-2.1374
91242,912433,1700,-8,12074,-80,-193,-281,0.01154,-0.00192,0.99998,-0.61069,-1.47328,-2.14504
91243,912443,1738,-56,12028,-70,-184,-288,0.01387,-0.00486,0.99724,-0.53435,-1.40458,-2.19847
91244,912453,1730,-30,11972,-79,-187,-281,0.01338,-0.00327,0.99392,-0.60305,-1.42748,-2.14504
91245,912463,1748,-86,12032,-84,-192,-281,0.01449,-0.0067,0.99748,-0.64122,-1.46565,-2.14504
91246,912473,1704,-46,12052,-81,-190,-283,0.01179,-0.00425,0.99867,-0.61832,-1.45038,-2.16031
91247,912483,1720,-38,12056,-82,-189,-281,0.01277,-0.00376,0.99891,-0.62595,-1.44275,-2.14504
91248,912493,1774,-34,12066,-71,-190,-283,0.01608,-0.00351,0.9995,-0.54198,-1.45038,-2.16031
91249,912503,1740,-22,12042,-76,-188,-278,0.014,-0.00278,0.99807,-0.58015,-1.43511,-2.12214
91250,912513,1714,-30,12074,-76,-180,-279,0.0124,-0.00327,0.99998,-0.58015,-1.37405,-2.12977
91251,912523,1714,-22,11966,-78,-176,-284,0.0124,-0.00278,0.99356,-0.59542,-1.34351,-2.16794
91252,912533,1692,-36,12052,-78,-187,-278,0.01105,-0.00364,0.99867,-0.59542,-1.42748,-2.12214
91253,912543,1730,-14,12024,-82,-190,-282,0.01338,-0.00229,0.99701,-0.62595,-1.45038,-2.15267
91254,912553,1762,-62,12106,-85,-185,-277,0.01535,-0.00523,1.00188,-0.64885,-1.41221,-2.1145
91255,912563,1700,-50,12034,-79,-185,-281,0.01154,-0.0045,0.9976,-0.60305,-1.41221,-2.14504
91256,912573,1730,-2,12118,-81,-186,-282,0.01338,-0.00155,1.00259,-0.61832,-1.41985,-2.15267
91257,912583,1730,-4,12068,-81,-185,-279,0.01338,-0.00167,0.99962,-0.61832,-1.41221,-2.12977
91258,912593,1694,-38,12042,-83,-185,-282,0.01117,-0.00376,0.99807,-0.63359,-1.41221,-2.15267
91259,912603,1760,-102,12068,-83,-186,-281,0.01522,-0.00769,0.99962,-0.63359,-1.41985,-2.14504
91260,912613,1758,-74,12046,-82,-188,-280,0.0151,-0.00597,0.99831,-0.62595,-1.43511,-2.1374
91261,912623,1734,-20,12074,-78,-182,-282,0.01363,-0.00266,0.99998,-0.59542,-1.38931,-2.15267
91262,912633,1720,-38,12038,-74,-178,-285,0.01277,-0.00376,0.99784,-0.56489,-1.35878,-2.17557
91263,912643,1726,-24,12108,-80,-184,-283,0.01314,-0.0029,1.002,-0.61069,-1.40458,-2.16031
91264,912653,1738,-18,12142,-77,-184,-279,0.01387,-0.00253,1.00402,-0.58779,-1.40458,-2.12977
91265,912663,1718,-22,11986,-80,-180,-282,0.01265,-0.00278,0.99475,-0.61069,-1.37405,-2.15267
91266,912673,1764,-54,12036,-77,-189,-286,0.01547,-0.00474,0.99772,-0.58779,-1.44275,-2.18321
91267,912683,1748,-52,12060,-77,-186,-283,0.01449,-0.00462,0.99914,-0.58779,-1.41985,-2.16031
91268,912693,1770,-30,12040,-77,-186,-283,0.01584,-0.00327,0.99796,-0.58779,-1.41985,-2.16031
91269,912703,1746,-32,12042,-78,-181,-282,0.01437,-0.00339,0.99807,-0.59542,-1.38168,-2.15267
91270,912713,1730,-22,12052,-82,-190,-280,0.01338,-0.00278,0.99867,-0.62595,-1.45038,-2.1374
91271,912723,1750,-26,12040,-82,-177,-283,0.01461,-0.00302,0.99796,-0.62595,-1.35115,-2.16031
91272,912733,1720,-86,11998,-79,-191,-286,0.01277,-0.0067,0.99546,-0.60305,-1.45802,-2.18321
91273,912743,1732,-74,12060,-77,-187,-281,0.01351,-0.00597,0.99914,-0.58779,-1.42748,-2.14504
91274,912753,1762,-78,12088,-81,-191,-282,0.01535,-0.00621,1.00081,-0.61832,-1.45802,-2.15267
91275,912763,1718,-56,12038,-79,-187,-283,0.01265,-0.00486,0.99784,-0.60305,-1.42748,-2.16031
91276,912773,1742,-34,12052,-78,-186,-284,0.01412,-0.00351,0.99867,-0.59542,-1.41985,-2.16794
91277,912783,1788,-38,12156,-78,-184,-285,0.01694,-0.00376,1.00485,-0.59542,-1.40458,-2.17557
91278,912793,1734,-20,12148,-71,-188,-276,0.01363,-0.00266,1.00437,-0.54198,-1.43511,-2.10687
91279,912803,1730,-38,12088,-79,-184,-280,0.01338,-0.00376,1.00081,-0.60305,-1.40458,-2.1374
91280,912813,1718,-28,12064,-80,-183,-279,0.01265,-0.00315,0.99938,-0.61069,-1.39695,-2.12977
91281,912823,1746,-24,12052,-81,-188,-284,0.01437,-0.0029,0.99867,-0.61832,-1.43511,-2.16794
91282,912833,1750,-44,12102,-81,-183,-279,0.01461,-0.00413,1.00164,-0.61832,-1.39695,-2.12977
91283,912843,1710,-24,12114,-73,-178,-276,0.01216,-0.0029,1.00235,-0.55725,-1.35878,-2.10687
91284,912853,1778,-52,12058,-79,-182,-278,0.01633,-0.00462,0.99903,-0.60305,-1.38931,-2.12214
91285,912863,1776,-40,12016,-74,-189,-280,0.01621,-0.00388,0.99653,-0.56489,-1.44275,-2.1374
91286,912873,1736,-28,12096,-76,-187,-276,0.01375,-0.00315,1.00128,-0.58015,-1.42748,-2.10687
91287,912883,1712,-32,12050,-81,-184,-282,0.01228,-0.00339,0.99855,-0.61832,-1.40458,-2.15267
91288,912893,1738,-2,12124,-81,-183,-287,0.01387,-0.00155,1.00295,-0.61832,-1.39695,-2.19084
91289,912903,1774,-26,12070,-78,-186,-275,0.01608,-0.00302,0.99974,-0.59542,-1.41985,-2.09924
91290,912913,1710,-40,12100,-82,-180,-280,0.01216,-0.00388,1.00152,-0.62595,-1.37405,-2.1374
91291,912923,1704,-82,12042,-76,-183,-276,0.01179,-0.00646,0.99807,-0.58015,-1.39695,-2.10687
91292,912933,1668,-50,12062,-71,-174,-276,0.00958,-0.0045,0.99926,-0.54198,-1.32824,-2.10687
91293,912943,1760,-2,12046,-71,-180,-280,0.01522,-0.00155,0.99831,-0.54198,-1.37405,-2.1374
91294,912953,1764,-10,12126,-78,-184,-280,0.01547,-0.00204,1.00307,-0.59542,-1.40458,-2.1374
91295,912963,1714,-46,12050,-78,-183,-278,0.0124,-0.00425,0.99855,-0.59542,-1.39695,-2.12214
91296,912973,1740,-62,11998,-81,-180,-281,0.014,-0.00523,0.99546,-0.61832,-1.37405,-2.14504
91297,912983,1742,-4,12032,-72,-188,-279,0.01412,-0.00167,0.99748,-0.54962,-1.43511,-2.12977
91298,912993,1714,-44,12060,-77,-182,-280,0.0124,-0.00413,0.99914,-0.58779,-1.38931,-2.1374
91299,913003,1736,-62,12036,-78,-185,-278,0.01375,-0.00523,0.99772,-0.59542,-1.41221,-2.12214
91300,913013,1694,-64,12066,-76,-183,-282,0.01117,-0.00536,0.9995,-0.58015,-1.39695,-2.15267
91301,913023,1736,-18,12072,-73,-188,-286,0.01375,-0.00253,0.99986,-0.55725,-1.43511,-2.18321
91302,913033,1684,-14,12102,-76,-184,-282,0.01056,-0.00229,1.00164,-0.58015,-1.40458,-2.15267
91303,913043,1752,-38,12024,-75,-182,-283,0.01473,-0.00376,0.99701,-0.57252,-1.38931,-2.16031
91304,913053,1734,-76,12072,-82,-182,-283,0.01363,-0.00609,0.99986,-0.62595,-1.38931,-2.16031
91305,913063,1736,-22,12046,-76,-181,-279,0.01375,-0.00278,0.99831,-0.58015,-1.38168,-2.12977
91306,913073,1758,-32,12030,-75,-182,-285,0.0151,-0.00339,0.99736,-0.57252,-1.38931,-2.17557
91307,913083,1720,-24,12080,-80,-173,-281,0.01277,-0.0029,1.00033,-0.61069,-1.32061,-2.14504
91308,913093,1732,-68,12064,-79,-178,-283,0.01351,-0.0056,0.99938,-0.60305,-1.35878,-2.16031
91309,913103,1720,-32,12100,-78,-171,-274,0.01277,-0.00339,1.00152,-0.59542,-1.30534,-2.0916
91310,913113,1704,-34,12046,-72,-180,-279,0.01179,-0.00351,0.99831,-0.54962,-1.37405,-2.12977
91311,913123,1698,-48,12024,-72,-184,-284,0.01142,-0.00437,0.99701,-0.54962,-1.40458,-2.16794
91312,913133,1732,-16,12040,-79,-190,-275,0.01351,-0.00241,0.99796,-0.60305,-1.45038,-2.09924
91313,913143,1764,-54,12082,-76,-193,-284,0.01547,-0.00474,1.00045,-0.58015,-1.47328,-2.16794
91314,913153,1752,-60,12098,-72,-181,-286,0.01473,-0.00511,1.0014,-0.54962,-1.38168,-2.18321
91315,913163,1690,-42,12074,-83,-185,-286,0.01093,-0.00401,0.99998,-0.63359,-1.41221,-2.18321
91316,913173,1766,-62,12080,-78,-186,-280,0.01559,-0.00523,1.00033,-0.59542,-1.41985,-2.1374
91317,913183,1738,-66,12098,-79,-190,-278,0.01387,-0.00548,1.0014,-0.60305,-1.45038,-2.12214
91318,913193,1714,-22,12032,-72,-190,-279,0.0124,-0.00278,0.99748,-0.54962,-1.45038,-2.12977
91319,913203,1702,-20,12028,-75,-187,-284,0.01167,-0.00266,0.99724,-0.57252,-1.42748,-2.16794
91320,913213,1722,-14,12066,-84,-184,-283,0.01289,-0.00229,0.9995,-0.64122,-1.40458,-2.16031
91321,913223,1680,-36,12034,-77,-181,-278,0.01032,-0.00364,0.9976,-0.58779,-1.38168,-2.12214
91322,913233,1742,-52,12056,-79,-186,-283,0.01412,-0.00462,0.99891,-0.60305,-1.41985,-2.16031
91323,913243,1732,4,11996,-82,-190,-285,0.01351,-0.00118,0.99534,-0.62595,-1.45038,-2.17557
91324,913253,1752,-44,12012,-79,-184,-283,0.01473,-0.00413,0.99629,-0.60305,-1.40458,-2.16031
91325,913263,1766,-50,12022,-76,-185,-285,0.01559,-0.0045,0.99689,-0.58015,-1.41221,-2.17557
91326,913273,1708,-56,12040,-80,-171,-276,0.01203,-0.00486,0.99796,-0.61069,-1.30534,-2.10687
91327,913283,1748,-26,12066,-80,-179,-282,0.01449,-0.00302,0.9995,-0.61069,-1.36641,-2.15267
91328,913293,1752,-48,11998,-76,-183,-284,0.01473,-0.00437,0.99546,-0.58015,-1.39695,-2.16794
91329,913303,1722,-8,11994,-77,-190,-281,0.01289,-0.00192,0.99522,-0.58779,-1.45038,-2.14504
91330,913313,1764,-26,12028,-79,-190,-282,0.01547,-0.00302,0.99724,-0.60305,-1.45038,-2.15267
91331,913323,1768,-48,12046,-79,-182,-275,0.01572,-0.00437,0.99831,-0.60305,-1.38931,-2.09924
91332,913333,1740,-38,12060,-76,-174,-280,0.014,-0.00376,0.99914,-0.58015,-1.32824,-2.1374
91333,913343,1748,-26,12084,-74,-189,-282,0.01449,-0.00302,1.00057,-0.56489,-1.44275,-2.15267
91334,913353,1690,-62,12004,-78,-191,-276,0.01093,-0.00523,0.99582,-0.59542,-1.45802,-2.10687
91335,913363,1768,-58,11998,-80,-179,-280,0.01572,-0.00499,0.99546,-0.61069,-1.36641,-2.1374
91336,913373,1768,-48,12024,-77,-183,-280,0.01572,-0.00437,0.99701,-0.58779,-1.39695,-2.1374
91337,913383,1704,-32,12058,-78,-190,-282,0.01179,-0.00339,0.99903,-0.59542,-1.45038,-2.15267
91338,913393,1714,-34,12092,-79,-185,-287,0.0124,-0.00351,1.00105,-0.60305,-1.41221,-2.19084
91339,913403,1706,-26,12104,-79,-186,-286,0.01191,-0.00302,1.00176,-0.60305,-1.41985,-2.18321
91340,913413,1724,-42,12040,-81,-185,-281,0.01302,-0.00401,0.99796,-0.61832,-1.41221,-2.14504
91341,913423,1790,-36,12030,-77,-177,-271,0.01707,-0.00364,0.99736,-0.58779,-1.35115,-2.0687
91342,913433,1742,-30,12050,-77,-190,-276,0.01412,-0.00327,0.99855,-0.58779,-1.45038,-2.10687
91343,913443,1780,-40,12048,-76,-190,-285,0.01645,-0.00388,0.99843,-0.58015,-1.45038,-2.17557
91344,913453,1768,-16,12064,-83,-188,-278,0.01572,-0.00241,0.99938,-0.63359,-1.43511,-2.12214
91345,913463,1708,-14,11980,-78,-190,-278,0.01203,-0.00229,0.99439,-0.59542,-1.45038,-2.12214
91346,913473,1690,-2,12030,-75,-185,-282,0.01093,-0.00155,0.99736,-0.57252,-1.41221,-2.15267
91347,913483,1738,-32,12062,-75,-196,-286,0.01387,-0.00339,0.99926,-0.57252,-1.49618,-2.18321
91348,913493,1728,-6,12020,-77,-194,-281,0.01326,-0.0018,0.99677,-0.58779,-1.48092,-2.14504
91349,913503,1694,-46,12118,-79,-195,-282,0.01117,-0.00425,1.00259,-0.60305,-1.48855,-2.15267
91350,913513,1716,-28,12054,-78,-192,-284,0.01252,-0.00315,0.99879,-0.59542,-1.46565,-2.16794
91351,913523,1714,-48,12092,-84,-193,-287,0.0124,-0.00437,1.00105,-0.64122,-1.47328,-2.19084
91352,913533,1706,-32,12130,-81,-190,-282,0.01191,-0.00339,1.0033,-0.61832,-1.45038,-2.15267
91353,913543,1730,-34,12054,-87,-185,-276,0.01338,-0.00351,0.99879,-0.66412,-1.41221,-2.10687
91354,913553,1722,-28,12018,-80,-181,-282,0.01289,-0.00315,0.99665,-0.61069,-1.38168,-2.15267
91355,913563,1764,0,12026,-76,-182,-287,0.01547,-0.00143,0.99712,-0.58015,-1.38931,-2.19084
91356,913573,1702,-4,12058,-81,-190,-286,0.01167,-0.00167,0.99903,-0.61832,-1.45038,-2.18321
91357,913583,1728,-58,12066,-77,-189,-283,0.01326,-0.00499,0.9995,-0.58779,-1.44275,-2.16031
91358,913593,1740,-14,12122,-76,-186,-278,0.014,-0.00229,1.00283,-0.58015,-1.41985,-2.12214
91359,913603,1730,-34,12108,-76,-183,-274,0.01338,-0.00351,1.002,-0.58015,-1.39695,-2.0916
91360,913613,1738,-32,12030,-82,-183,-279,0.01387,-0.00339,0.99736,-0.62595,-1.39695,-2.12977
91361,913623,1720,-62,12116,-76,-191,-285,0.01277,-0.00523,1.00247,-0.58015,-1.45802,-2.17557
91362,913633,1708,-44,12042,-78,-187,-280,0.01203,-0.00413,0.99807,-0.59542,-1.42748,-2.1374
91363,913643,1738,-64,12114,-79,-177,-282,0.01387,-0.00536,1.00235,-0.60305,-1.35115,-2.15267
91364,913653,1716,10,12054,-82,-182,-279,0.01252,-0.00082,0.99879,-0.62595,-1.38931,-2.12977
91365,913663,1724,-8,12016,-78,-192,-282,0.01302,-0.00192,0.99653,-0.59542,-1.46565,-2.15267
91366,913673,1726,-34,12100,-81,-176,-280,0.01314,-0.00351,1.00152,-0.61832,-1.34351,-2.1374
91367,913683,1746,-26,12028,-83,-180,-280,0.01437,-0.00302,0.99724,-0.63359,-1.37405,-2.1374
91368,913693,1702,-22,12116,-74,-185,-277,0.01167,-0.00278,1.00247,-0.56489,-1.41221,-2.1145
91369,913703,1688,-6,12050,-80,-176,-278,0.01081,-0.0018,0.99855,-0.61069,-1.34351,-2.12214
91370,913713,1748,-40,12086,-80,-176,-278,0.01449,-0.00388,1.00069,-0.61069,-1.34351,-2.12214
91371,913723,1732,-46,12098,-84,-178,-284,0.01351,-0.00425,1.0014,-0.64122,-1.35878,-2.16794
91372,913733,1726,2,11998,-78,-181,-281,0.01314,-0.00131,0.99546,-0.59542,-1.38168,-2.14504
91373,913743,1750,2,12082,-73,-179,-282,0.01461,-0.00131,1.00045,-0.55725,-1.36641,-2.15267
91374,913753,1780,-100,12046,-72,-179,-284,0.01645,-0.00756,0.99831,-0.54962,-1.36641,-2.16794
91375,913763,1722,-36,12080,-78,-181,-279,0.01289,-0.00364,1.00033,-0.59542,-1.38168,-2.12977
91376,913773,1714,4,12086,-79,-182,-278,0.0124,-0.00118,1.00069,-0.60305,-1.38931,-2.12214
91377,913783,1752,10,12064,-78,-181,-282,0.01473,-0.00082,0.99938,-0.59542,-1.38168,-2.15267
91378,913793,1746,-22,12094,-73,-195,-281,0.01437,-0.00278,1.00116,-0.55725,-1.48855,-2.14504
91379,913803,1748,-34,12136,-78,-194,-280,0.01449,-0.00351,1.00366,-0.59542,-1.48092,-2.1374
91380,913813,1696,-28,12072,-80,-191,-280,0.0113,-0.00315,0.99986,-0.61069,-1.45802,-2.1374
91381,913823,1706,-26,12028,-80,-191,-277,0.01191,-0.00302,0.99724,-0.61069,-1.45802,-2.1145
91382,913833,1668,-34,12124,-82,-184,-282,0.00958,-0.00351,1.00295,-0.62595,-1.40458,-2.15267
91383,913843,1710,-18,12102,-73,-171,-281,0.01216,-0.00253,1.00164,-0.55725,-1.30534,-2.14504
91384,913853,1734,22,12054,-75,-173,-279,0.01363,-8e-05,0.99879,-0.57252,-1.32061,-2.12977
91385,913863,1716,-24,12086,-70,-180,-281,0.01252,-0.0029,1.00069,-0.53435,-1.37405,-2.14504
91386,913873,1766,-16,12090,-77,-182,-277,0.01559,-0.00241,1.00093,-0.58779,-1.38931,-2.1145
91387,913883,1740,-42,12132,-77,-193,-283,0.014,-0.00401,1.00342,-0.58779,-1.47328,-2.16031
91388,913893,1726,-56,12054,-82,-179,-280,0.01314,-0.00486,0.99879,-0.62595,-1.36641,-2.1374
91389,913903,1678,0,12082,-75,-176,-278,0.01019,-0.00143,1.00045,-0.57252,-1.34351,-2.12214
91390,913913,1682,-18,12036,-73,-183,-284,0.01044,-0.00253,0.99772,-0.55725,-1.39695,-2.16794
91391,913923,1700,-10,12098,-76,-193,-278,0.01154,-0.00204,1.0014,-0.58015,-1.47328,-2.12214
91392,913933,1712,-46,12058,-75,-182,-277,0.01228,-0.00425,0.99903,-0.57252,-1.38931,-2.1145
91393,913943,1708,-38,12056,-80,-180,-282,0.01203,-0.00376,0.99891,-0.61069,-1.37405,-2.15267
91394,913953,1758,-14,12050,-85,-179,-285,0.0151,-0.00229,0.99855,-0.64885,-1.36641,-2.17557
91395,913963,1688,-18,12102,-84,-188,-284,0.01081,-0.00253,1.00164,-0.64122,-1.43511,-2.16794
91396,913973,1726,-8,12028,-78,-185,-278,0.01314,-0.00192,0.99724,-0.59542,-1.41221,-2.12214
91397,913983,1756,-94,12088,-74,-186,-283,0.01498,-0.0072,1.00081,-0.56489,-1.41985,-2.16031
91398,913993,1704,-32,12030,-76,-180,-282,0.01179,-0.00339,0.99736,-0.58015,-1.37405,-2.15267
91399,914003,1736,-34,12066,-81,-182,-283,0.01375,-0.00351,0.9995,-0.61832,-1.38931,-2.16031
91400,914013,1722,-64,12026,-79,-186,-282,0.01289,-0.00536,0.99712,-0.60305,-1.41985,-2.15267
91401,914023,1760,-76,12040,-82,-188,-278,0.01522,-0.00609,0.99796,-0.62595,-1.43511,-2.12214
91402,914033,1742,-60,12090,-78,-187,-278,0.01412,-0.00511,1.00093,-0.59542,-1.42748,-2.12214
91403,914043,1726,-52,12020,-81,-193,-279,0.01314,-0.00462,0.99677,-0.61832,-1.47328,-2.12977
91404,914053,1738,0,12114,-73,-183,-274,0.01387,-0.00143,1.00235,-0.55725,-1.39695,-2.0916
91405,914063,1758,-40,12070,-78,-183,-278,0.0151,-0.00388,0.99974,-0.59542,-1.39695,-2.12214
91406,914073,1738,-34,12050,-74,-184,-281,0.01387,-0.00351,0.99855,-0.56489,-1.40458,-2.14504
91407,914083,1742,-56,11982,-76,-183,-276,0.01412,-0.00486,0.99451,-0.58015,-1.39695,-2.10687
91408,914093,1734,-30,12048,-80,-178,-280,0.01363,-0.00327,0.99843,-0.61069,-1.35878,-2.1374
91409,914103,1758,-32,12016,-79,-184,-283,0.0151,-0.00339,0.99653,-0.60305,-1.40458,-2.16031
91410,914113,1726,20,12018,-81,-182,-283,0.01314,-0.0002,0.99665,-0.61832,-1.38931,-2.16031
91411,914123,1732,-20,12088,-81,-181,-282,0.01351,-0.00266,1.00081,-0.61832,-1.38168,-2.15267
91412,914133,1740,12,12012,-76,-186,-280,0.014,-0.00069,0.99629,-0.58015,-1.41985,-2.1374
91413,914143,1726,-30,12014,-74,-183,-282,0.01314,-0.00327,0.99641,-0.56489,-1.39695,-2.15267
91414,914153,1734,-60,12060,-78,-184,-280,0.01363,-0.00511,0.99914,-0.59542,-1.40458,-2.1374
91415,914163,1764,-14,12008,-85,-186,-280,0.01547,-0.00229,0.99605,-0.64885,-1.41985,-2.1374
91416,914173,1766,-40,12054,-80,-189,-283,0.01559,-0.00388,0.99879,-0.61069,-1.44275,-2.16031
91417,914183,1724,-58,12044,-77,-180,-283,0.01302,-0.00499,0.99819,-0.58779,-1.37405,-2.16031
91418,914193,1686,2,12074,-78,-182,-280,0.01068,-0.00131,0.99998,-0.59542,-1.38931,-2.1374
91419,914203,1692,-44,12034,-76,-189,-276,0.01105,-0.00413,0.9976,-0.58015,-1.44275,-2.10687
91420,914213,1696,-38,12062,-76,-180,-279,0.0113,-0.00376,0.99926,-0.58015,-1.37405,-2.12977
91421,914223,1720,-24,12038,-74,-180,-281,0.01277,-0.0029,0.99784,-0.56489,-1.37405,-2.14504
91422,914233,1732,24,11992,-80,-183,-285,0.01351,4e-05,0.9951,-0.61069,-1.39695,-2.17557
91423,914243,1746,-36,12110,-82,-187,-283,0.01437,-0.00364,1.00212,-0.62595,-1.42748,-2.16031
91424,914253,1738,-18,12090,-75,-183,-289,0.01387,-0.00253,1.00093,-0.57252,-1.39695,-2.20611
91425,914263,1724,-28,12078,-83,-174,-285,0.01302,-0.00315,1.00021,-0.63359,-1.32824,-2.17557
91426,914273,1684,-12,12046,-79,-178,-283,0.01056,-0.00217,0.99831,-0.60305,-1.35878,-2.16031
91427,914283,1724,-16,12056,-81,-192,-284,0.01302,-0.00241,0.99891,-0.61832,-1.46565,-2.16794
91428,914293,1702,-32,12070,-81,-182,-290,0.01167,-0.00339,0.99974,-0.61832,-1.38931,-2.21374
91429,914303,1732,-14,12040,-75,-184,-281,0.01351,-0.00229,0.99796,-0.57252,-1.40458,-2.14504
91430,914313,1742,-54,12014,-73,-180,-277,0.01412,-0.00474,0.99641,-0.55725,-1.37405,-2.1145
91431,914323,1774,-26,12074,-76,-184,-283,0.01608,-0.00302,0.99998,-0.58015,-1.40458,-2.16031
91432,914333,1720,-34,12068,-81,-194,-280,0.01277,-0.00351,0.99962,-0.61832,-1.48092,-2.1374
91433,914343,1734,-88,12046,-76,-187,-284,0.01363,-0.00683,0.99831,-0.58015,-1.42748,-2.16794
91434,914353,1748,-46,12002,-81,-184,-283,0.01449,-0.00425,0.9957,-0.61832,-1.40458,-2.16031
91435,914363,1738,-26,12006,-84,-188,-279,0.01387,-0.00302,0.99594,-0.64122,-1.43511,-2.12977
91436,914373,1696,-24,12008,-73,-193,-277,0.0113,-0.0029,0.99605,-0.55725,-1.47328,-2.1145
91437,914383,1708,-38,12066,-75,-193,-282,0.01203,-0.00376,0.9995,-0.57252,-1.47328,-2.15267
91438,914393,1736,-90,12070,-76,-183,-279,0.01375,-0.00695,0.99974,-0.58015,-1.39695,-2.12977
91439,914403,1742,12,12096,-80,-183,-284,0.01412,-0.00069,1.00128,-0.61069,-1.39695,-2.16794
91440,914413,1724,-12,12064,-83,-188,-279,0.01302,-0.00217,0.99938,-0.63359,-1.43511,-2.12977
91441,914423,1696,-4,12064,-79,-182,-283,0.0113,-0.00167,0.99938,-0.60305,-1.38931,-2.16031
91442,914433,1752,-26,12054,-74,-183,-284,0.01473,-0.00302,0.99879,-0.56489,-1.39695,-2.16794
91443,914443,1752,-44,12058,-79,-190,-282,0.01473,-0.00413,0.99903,-0.60305,-1.45038,-2.15267
91444,914453,1738,-12,12064,-75,-175,-282,0.01387,-0.00217,0.99938,-0.57252,-1.33588,-2.15267
91445,914463,1790,-28,12030,-77,-177,-277,0.01707,-0.00315,0.99736,-0.58779,-1.35115,-2.1145
91446,914473,1678,-26,12156,-76,-180,-274,0.01019,-0.00302,1.00485,-0.58015,-1.37405,-2.0916
91447,914483,1730,-52,12056,-75,-178,-276,0.01338,-0.00462,0.99891,-0.57252,-1.35878,-2.10687
91448,914493,1714,-12,12014,-77,-175,-282,0.0124,-0.00217,0.99641,-0.58779,-1.33588,-2.15267
91449,914503,1756,-46,12056,-74,-188,-277,0.01498,-0.00425,0.99891,-0.56489,-1.43511,-2.1145
91450,914513,1774,-48,11976,-77,-192,-277,0.01608,-0.00437,0.99415,-0.58779,-1.46565,-2.1145
91451,914523,1734,-60,12076,-76,-186,-278,0.01363,-0.00511,1.0001,-0.58015,-1.41985,-2.12214
91452,914533,1726,-76,12028,-77,-179,-275,0.01314,-0.00609,0.99724,-0.58779,-1.36641,-2.09924
91453,914543,1718,-12,12064,-76,-177,-281,0.01265,-0.00217,0.99938,-0.58015,-1.35115,-2.14504
91454,914553,1712,-30,12086,-77,-186,-282,0.01228,-0.00327,1.00069,-0.58779,-1.41985,-2.15267
91455,914563,1756,-50,12110,-76,-179,-280,0.01498,-0.0045,1.00212,-0.58015,-1.36641,-2.1374
91456,914573,1774,-30,12054,-74,-186,-284,0.01608,-0.00327,0.99879,-0.56489,-1.41985,-2.16794
91457,914583,1746,-38,12022,-77,-179,-284,0.01437,-0.00376,0.99689,-0.58779,-1.36641,-2.16794
91458,914593,1774,-70,12060,-78,-184,-278,0.01608,-0.00572,0.99914,-0.59542,-1.40458,-2.12214
91459,914603,1732,-38,12060,-79,-185,-283,0.01351,-0.00376,0.99914,-0.60305,-1.41221,-2.16031
91460,914613,1740,-26,12042,-78,-180,-280,0.014,-0.00302,0.99807,-0.59542,-1.37405,-2.1374
91461,914623,1698,-8,12046,-81,-173,-279,0.01142,-0.00192,0.99831,-0.61832,-1.32061,-2.12977
91462,914633,1718,46,12032,-80,-186,-281,0.01265,0.00139,0.99748,-0.61069,-1.41985,-2.14504
91463,914643,1762,-24,12030,-76,-182,-277,0.01535,-0.0029,0.99736,-0.58015,-1.38931,-2.1145
91464,914653,1756,-50,12006,-77,-181,-281,0.01498,-0.0045,0.99594,-0.58779,-1.38168,-2.14504
91465,914663,1742,-26,12004,-82,-180,-281,0.01412,-0.00302,0.99582,-0.62595,-1.37405,-2.14504
91466,914673,1734,-12,12056,-84,-189,-277,0.01363,-0.00217,0.99891,-0.64122,-1.44275,-2.1145
91467,914683,1714,4,12012,-83,-181,-286,0.0124,-0.00118,0.99629,-0.63359,-1.38168,-2.18321
91468,914693,1778,-26,12076,-82,-178,-280,0.01633,-0.00302,1.0001,-0.62595,-1.35878,-2.1374
91469,914703,1692,-32,12054,-83,-181,-274,0.01105,-0.00339,0.99879,-0.63359,-1.38168,-2.0916
91470,914713,1700,8,12074,-77,-179,-278,0.01154,-0.00094,0.99998,-0.58779,-1.36641,-2.12214
91471,914723,1736,-2,12030,-75,-186,-283,0.01375,-0.00155,0.99736,-0.57252,-1.41985,-2.16031
91472,914733,1722,-44,12038,-76,-188,-283,0.01289,-0.00413,0.99784,-0.58015,-1.43511,-2.16031
91473,914743,1710,-66,12034,-81,-189,-280,0.01216,-0.00548,0.9976,-0.61832,-1.44275,-2.1374
91474,914753,1730,-26,12044,-76,-182,-279,0.01338,-0.00302,0.99819,-0.58015,-1.38931,-2.12977
91475,914763,1750,-36,12088,-81,-180,-276,0.01461,-0.00364,1.00081,-0.61832,-1.37405,-2.10687
91476,914773,1732,-40,12120,-81,-187,-281,0.01351,-0.00388,1.00271,-0.61832,-1.42748,-2.14504
91477,914783,1764,-46,12106,-78,-193,-278,0.01547,-0.00425,1.00188,-0.59542,-1.47328,-2.12214
91478,914793,1732,-30,12012,-80,-184,-277,0.01351,-0.00327,0.99629,-0.61069,-1.40458,-2.1145
91479,914803,1700,-22,12060,-82,-183,-278,0.01154,-0.00278,0.99914,-0.62595,-1.39695,-2.12214
91480,914813,1704,-8,12118,-79,-188,-284,0.01179,-0.00192,1.00259,-0.60305,-1.43511,-2.16794
91481,914823,1724,-78,12022,-83,-185,-276,0.01302,-0.00621,0.99689,-0.63359,-1.41221,-2.10687
91482,914833,1756,-48,12010,-79,-180,-273,0.01498,-0.00437,0.99617,-0.60305,-1.37405,-2.08397
91483,914843,1706,-18,12006,-78,-177,-277,0.01191,-0.00253,0.99594,-0.59542,-1.35115,-2.1145
91484,914853,1718,-28,11962,-75,-179,-286,0.01265,-0.00315,0.99332,-0.57252,-1.36641,-2.18321
91485,914863,1736,-4,12028,-83,-189,-280,0.01375,-0.00167,0.99724,-0.63359,-1.44275,-2.1374
91486,914873,1766,-24,12042,-80,-182,-279,0.01559,-0.0029,0.99807,-0.61069,-1.38931,-2.12977
91487,914883,1754,-4,12012,-80,-186,-283,0.01486,-0.00167,0.99629,-0.61069,-1.41985,-2.16031
91488,914893,1764,-20,12028,-82,-190,-281,0.01547,-0.00266,0.99724,-0.62595,-1.45038,-2.14504
91489,914903,1740,-32,11998,-80,-181,-278,0.014,-0.00339,0.99546,-0.61069,-1.38168,-2.12214
91490,914913,1732,-52,11978,-78,-191,-279,0.01351,-0.00462,0.99427,-0.59542,-1.45802,-2.12977
91491,914923,1688,-54,12034,-79,-188,-279,0.01081,-0.00474,0.9976,-0.60305,-1.43511,-2.12977
91492,914933,1742,-46,12034,-77,-180,-279,0.01412,-0.00425,0.9976,-0.58779,-1.37405,-2.12977
91493,914943,1704,-10,12012,-80,-187,-282,0.01179,-0.00204,0.99629,-0.61069,-1.42748,-2.15267
91494,914953,1694,-8,12066,-82,-189,-282,0.01117,-0.00192,0.9995,-0.62595,-1.44275,-2.15267
91495,914963,1728,-38,12052,-75,-186,-285,0.01326,-0.00376,0.99867,-0.57252,-1.41985,-2.17557
91496,914973,1738,-62,12046,-75,-180,-283,0.01387,-0.00523,0.99831,-0.57252,-1.37405,-2.16031
91497,914983,1778,-32,12008,-78,-183,-279,0.01633,-0.00339,0.99605,-0.59542,-1.39695,-2.12977
91498,914993,1702,20,12074,-82,-182,-285,0.01167,-0.0002,0.99998,-0.62595,-1.38931,-2.17557
91499,915003,1700,-46,12090,-76,-192,-279,0.01154,-0.00425,1.00093,-0.58015,-1.46565,-2.12977
91500,915013,1734,-42,12100,-76,-191,-278,0.01363,-0.00401,1.00152,-0.58015,-1.45802,-2.12214
91501,915023,1698,-32,12046,-87,-186,-282,0.01142,-0.00339,0.99831,-0.66412,-1.41985,-2.15267
91502,915033,1756,38,12042,-74,-180,-278,0.01498,0.0009,0.99807,-0.56489,-1.37405,-2.12214
91503,915043,1720,-48,12018,-77,-181,-281,0.01277,-0.00437,0.99665,-0.58779,-1.38168,-2.14504
91504,915053,1756,-50,12086,-77,-188,-280,0.01498,-0.0045,1.00069,-0.58779,-1.43511,-2.1374
91505,915063,1718,-76,12104,-82,-176,-281,0.01265,-0.00609,1.00176,-0.62595,-1.34351,-2.14504
91506,915073,1744,-30,12076,-78,-187,-276,0.01424,-0.00327,1.0001,-0.59542,-1.42748,-2.10687
91507,915083,1716,6,11976,-77,-185,-278,0.01252,-0.00106,0.99415,-0.58779,-1.41221,-2.12214
91508,915093,1724,-56,12010,-84,-187,-282,0.01302,-0.00486,0.99617,-0.64122,-1.42748,-2.15267
91509,915103,1714,-78,12074,-80,-180,-280,0.0124,-0.00621,0.99998,-0.61069,-1.37405,-2.1374
91510,915113,1750,-36,12014,-81,-181,-278,0.01461,-0.00364,0.99641,-0.61832,-1.38168,-2.12214
91511,915123,1732,-8,12080,-76,-183,-284,0.01351,-0.00192,1.00033,-0.58015,-1.39695,-2.16794
91512,915133,1714,-26,11960,-81,-185,-277,0.0124,-0.00302,0.9932,-0.61832,-1.41221,-2.1145
91513,915143,1766,-58,12014,-80,-186,-282,0.01559,-0.00499,0.99641,-0.61069,-1.41985,-2.15267
91514,915153,1670,-76,12018,-77,-188,-280,0.0097,-0.00609,0.99665,-0.58779,-1.43511,-2.1374
91515,915163,1732,-52,11962,-78,-178,-275,0.01351,-0.00462,0.99332,-0.59542,-1.35878,-2.09924
91516,915173,1698,-28,12046,-76,-181,-283,0.01142,-0.00315,0.99831,-0.58015,-1.38168,-2.16031
91517,915183,1750,-32,12038,-79,-182,-278,0.01461,-0.00339,0.99784,-0.60305,-1.38931,-2.12214
91518,915193,1734,-48,12028,-86,-187,-282,0.01363,-0.00437,0.99724,-0.65649,-1.42748,-2.15267
91519,915203,1716,-44,12072,-77,-187,-276,0.01252,-0.00413,0.99986,-0.58779,-1.42748,-2.10687
91520,915213,1696,-30,12048,-76,-187,-280,0.0113,-0.00327,0.99843,-0.58015,-1.42748,-2.1374
91521,915223,1712,-20,12020,-77,-177,-282,0.01228,-0.00266,0.99677,-0.58779,-1.35115,-2.15267
91522,915233,1758,10,11992,-80,-182,-282,0.0151,-0.00082,0.9951,-0.61069,-1.38931,-2.15267
91523,915243,1768,-46,11958,-79,-190,-278,0.01572,-0.00425,0.99308,-0.60305,-1.45038,-2.12214
91524,915253,1740,-38,12086,-79,-170,-277,0.014,-0.00376,1.00069,-0.60305,-1.29771,-2.1145
91525,915263,1694,-52,11996,-77,-178,-273,0.01117,-0.00462,0.99534,-0.58779,-1.35878,-2.08397
91526,915273,1688,-18,12038,-77,-181,-281,0.01081,-0.00253,0.99784,-0.58779,-1.38168,-2.14504
91527,915283,1710,-58,12102,-82,-182,-286,0.01216,-0.00499,1.00164,-0.62595,-1.38931,-2.18321
91528,915293,1678,-48,12072,-81,-183,-286,0.01019,-0.00437,0.99986,-0.61832,-1.39695,-2.18321
91529,915303,1758,-28,12092,-76,-177,-279,0.0151,-0.00315,1.00105,-0.58015,-1.35115,-2.12977
91530,915313,1716,-32,12002,-72,-182,-282,0.01252,-0.00339,0.9957,-0.54962,-1.38931,-2.15267
91531,915323,1712,-56,12078,-76,-183,-276,0.01228,-0.00486,1.00021,-0.58015,-1.39695,-2.10687
91532,915333,1736,-36,12082,-82,-182,-279,0.01375,-0.00364,1.00045,-0.62595,-1.38931,-2.12977
91533,915343,1746,-44,12088,-79,-184,-276,0.01437,-0.00413,1.00081,-0.60305,-1.40458,-2.10687
91534,915353,1768,-30,12088,-83,-194,-277,0.01572,-0.00327,1.00081,-0.63359,-1.48092,-2.1145
91535,915363,1726,-54,12026,-82,-187,-279,0.01314,-0.00474,0.99712,-0.62595,-1.42748,-2.12977
91536,915373,1734,-36,12092,-69,-182,-280,0.01363,-0.00364,1.00105,-0.52672,-1.38931,-2.1374
91537,915383,1748,-56,12072,-72,-180,-279,0.01449,-0.00486,0.99986,-0.54962,-1.37405,-2.12977
91538,915393,1772,-50,11960,-80,-180,-281,0.01596,-0.0045,0.9932,-0.61069,-1.37405,-2.14504
91539,915403,1742,-100,12070,-76,-186,-285,0.01412,-0.00756,0.99974,-0.58015,-1.41985,-2.17557
91540,915413,1720,-14,12074,-75,-183,-278,0.01277,-0.00229,0.99998,-0.57252,-1.39695,-2.12214
91541,915423,1670,-54,12038,-74,-182,-283,0.0097,-0.00474,0.99784,-0.56489,-1.38931,-2.16031
91542,915433,1720,-60,11992,-75,-187,-280,0.01277,-0.00511,0.9951,-0.57252,-1.42748,-2.1374
91543,915443,1676,-44,12030,-82,-190,-283,0.01007,-0.00413,0.99736,-0.62595,-1.45038,-2.16031
91544,915453,1732,-62,12028,-78,-186,-284,0.01351,-0.00523,0.99724,-0.59542,-1.41985,-2.16794
91545,915463,1716,-18,12058,-78,-188,-283,0.01252,-0.00253,0.99903,-0.59542,-1.43511,-2.16031
91546,915473,1760,-8,12036,-75,-178,-281,0.01522,-0.00192,0.99772,-0.57252,-1.35878,-2.14504
91547,915483,1710,-90,12050,-80,-186,-282,0.01216,-0.00695,0.99855,-0.61069,-1.41985,-2.15267
91548,915493,1714,-24,12064,-72,-185,-281,0.0124,-0.0029,0.99938,-0.54962,-1.41221,-2.14504
91549,915503,1758,-48,12034,-76,-182,-274,0.0151,-0.00437,0.9976,-0.58015,-1.38931,-2.0916
91550,915513,1716,-60,11990,-79,-186,-282,0.01252,-0.00511,0.99498,-0.60305,-1.41985,-2.15267
91551,915523,1714,-16,11988,-75,-184,-284,0.0124,-0.00241,0.99487,-0.57252,-1.40458,-2.16794
91552,915533,1724,-24,12030,-74,-181,-288,0.01302,-0.0029,0.99736,-0.56489,-1.38168,-2.19847
91553,915543,1774,-48,12102,-83,-184,-283,0.01608,-0.00437,1.00164,-0.63359,-1.40458,-2.16031
91554,915553,1732,-14,12050,-80,-192,-284,0.01351,-0.00229,0.99855,-0.61069,-1.46565,-2.16794
91555,915563,1762,-24,11998,-76,-188,-283,0.01535,-0.0029,0.99546,-0.58015,-1.43511,-2.16031
91556,915573,1762,-28,11998,-78,-181,-278,0.01535,-0.00315,0.99546,-0.59542,-1.38168,-2.12214
91557,915583,1742,-42,12064,-78,-182,-280,0.01412,-0.00401,0.99938,-0.59542,-1.38931,-2.1374
91558,915593,1730,-66,12068,-83,-187,-287,0.01338,-0.00548,0.99962,-0.63359,-1.42748,-2.19084
91559,915603,1710,-42,12042,-84,-190,-284,0.01216,-0.00401,0.99807,-0.64122,-1.45038,-2.16794
91560,915613,1764,-30,12070,-79,-186,-280,0.01547,-0.00327,0.99974,-0.60305,-1.41985,-2.1374
91561,915623,1768,0,12102,-80,-186,-275,0.01572,-0.00143,1.00164,-0.61069,-1.41985,-2.09924
91562,915633,1700,-36,12116,-80,-185,-278,0.01154,-0.00364,1.00247,-0.61069,-1.41221,-2.12214
91563,915643,1726,-32,12130,-76,-180,-286,0.01314,-0.00339,1.0033,-0.58015,-1.37405,-2.18321
91564,915653,1710,-14,12034,-75,-179,-277,0.01216,-0.00229,0.9976,-0.57252,-1.36641,-2.1145
91565,915663,1702,-38,12040,-75,-186,-276,0.01167,-0.00376,0.99796,-0.57252,-1.41985,-2.10687
91566,915673,1766,-12,12032,-78,-186,-275,0.01559,-0.00217,0.99748,-0.59542,-1.41985,-2.09924
91567,915683,1706,-66,12024,-76,-185,-277,0.01191,-0.00548,0.99701,-0.58015,-1.41221,-2.1145
91568,915693,1730,-16,12038,-79,-188,-279,0.01338,-0.00241,0.99784,-0.60305,-1.43511,-2.12977
91569,915703,1746,-50,12090,-79,-180,-282,0.01437,-0.0045,1.00093,-0.60305,-1.37405,-2.15267
91570,915713,1716,8,12064,-81,-188,-285,0.01252,-0.00094,0.99938,-0.61832,-1.43511,-2.17557
91571,915723,1708,-36,12034,-75,-186,-278,0.01203,-0.00364,0.9976,-0.57252,-1.41985,-2.12214
91572,915733,1760,-38,12056,-83,-184,-283,0.01522,-0.00376,0.99891,-0.63359,-1.40458,-2.16031
91573,915743,1752,-6,11916,-76,-177,-285,0.01473,-0.0018,0.99059,-0.58015,-1.35115,-2.17557
91574,915753,1746,12,12068,-74,-184,-279,0.01437,-0.00069,0.99962,-0.56489,-1.40458,-2.12977
91575,915763,1774,-52,12030,-77,-179,-280,0.01608,-0.00462,0.99736,-0.58779,-1.36641,-2.1374
91576,915773,1740,-54,12050,-76,-179,-284,0.014,-0.00474,0.99855,-0.58015,-1.36641,-2.16794
91577,915783,1732,-54,11986,-77,-176,-284,0.01351,-0.00474,0.99475,-0.58779,-1.34351,-2.16794
91578,915793,1772,-4,12032,-75,-180,-288,0.01596,-0.00167,0.99748,-0.57252,-1.37405,-2.19847
91579,915803,1710,-20,12072,-80,-177,-286,0.01216,-0.00266,0.99986,-0.61069,-1.35115,-2.18321
91580,915813,1716,-34,12040,-79,-182,-279,0.01252,-0.00351,0.99796,-0.60305,-1.38931,-2.12977
91581,915823,1700,-22,12036,-76,-176,-281,0.01154,-0.00278,0.99772,-0.58015,-1.34351,-2.14504
91582,915833,1750,-26,12070,-74,-176,-286,0.01461,-0.00302,0.99974,-0.56489,-1.34351,-2.18321
91583,915843,1696,-6,12064,-72,-181,-285,0.0113,-0.0018,0.99938,-0.54962,-1.38168,-2.17557
91584,915853,1746,-36,12054,-81,-181,-278,0.01437,-0.00364,0.99879,-0.61832,-1.38168,-2.12214
91585,915863,1726,-48,12056,-76,-182,-280,0.01314,-0.00437,0.99891,-0.58015,-1.38931,-2.1374
91586,915873,1732,-62,12116,-81,-183,-278,0.01351,-0.00523,1.00247,-0.61832,-1.39695,-2.12214
91587,915883,1724,-60,12064,-83,-184,-281,0.01302,-0.00511,0.99938,-0.63359,-1.40458,-2.14504
91588,915893,1746,-16,12056,-76,-190,-280,0.01437,-0.00241,0.99891,-0.58015,-1.45038,-2.1374
91589,915903,1754,-38,12044,-80,-182,-278,0.01486,-0.00376,0.99819,-0.61069,-1.38931,-2.12214
91590,915913,1734,-80,12060,-78,-183,-282,0.01363,-0.00634,0.99914,-0.59542,-1.39695,-2.15267
91591,915923,1738,-32,11980,-77,-186,-282,0.01387,-0.00339,0.99439,-0.58779,-1.41985,-2.15267
91592,915933,1698,10,12014,-79,-183,-272,0.01142,-0.00082,0.99641,-0.60305,-1.39695,-2.07634
91593,915943,1724,-24,12060,-82,-176,-276,0.01302,-0.0029,0.99914,-0.62595,-1.34351,-2.10687
91594,915953,1752,-70,12118,-77,-178,-277,0.01473,-0.00572,1.00259,-0.58779,-1.35878,-2.1145
91595,915963,1756,-52,12076,-74,-180,-280,0.01498,-0.00462,1.0001,-0.56489,-1.37405,-2.1374
91596,915973,1732,-18,12020,-77,-180,-277,0.01351,-0.00253,0.99677,-0.58779,-1.37405,-2.1145
91597,915983,1732,-54,12000,-81,-188,-279,0.01351,-0.00474,0.99558,-0.61832,-1.43511,-2.12977
91598,915993,1720,-32,12044,-83,-177,-279,0.01277,-0.00339,0.99819,-0.63359,-1.35115,-2.12977
91599,916003,1740,-4,12022,-82,-179,-277,0.014,-0.00167,0.99689,-0.62595,-1.36641,-2.1145
91600,916013,1742,-28,12106,-81,-185,-287,0.01412,-0.00315,1.00188,-0.61832,-1.41221,-2.19084
91601,916023,1740,-58,12088,-78,-179,-281,0.014,-0.00499,1.00081,-0.59542,-1.36641,-2.14504
91602,916033,1770,-68,12074,-79,-174,-281,0.01584,-0.0056,0.99998,-0.60305,-1.32824,-2.14504
91603,916043,1722,-72,12036,-76,-176,-287,0.01289,-0.00585,0.99772,-0.58015,-1.34351,-2.19084
91604,916053,1734,-18,12020,-78,-181,-283,0.01363,-0.00253,0.99677,-0.59542,-1.38168,-2.16031
91605,916063,1718,-34,12042,-78,-182,-282,0.01265,-0.00351,0.99807,-0.59542,-1.38931,-2.15267
91606,916073,1744,-58,12140,-81,-190,-287,0.01424,-0.00499,1.0039,-0.61832,-1.45038,-2.19084
91607,916083,1704,-86,11994,-76,-187,-286,0.01179,-0.0067,0.99522,-0.58015,-1.42748,-2.18321
91608,916093,1730,-38,12070,-74,-177,-282,0.01338,-0.00376,0.99974,-0.56489,-1.35115,-2.15267
91609,916103,1722,-18,12062,-82,-187,-280,0.01289,-0.00253,0.99926,-0.62595,-1.42748,-2.1374
91610,916113,1738,-32,12100,-80,-186,-278,0.01387,-0.00339,1.00152,-0.61069,-1.41985,-2.12214
91611,916123,1696,-28,12058,-76,-183,-283,0.0113,-0.00315,0.99903,-0.58015,-1.39695,-2.16031
91612,916133,1716,-56,12036,-74,-187,-279,0.01252,-0.00486,0.99772,-0.56489,-1.42748,-2.12977
91613,916143,1736,-22,12078,-76,-186,-280,0.01375,-0.00278,1.00021,-0.58015,-1.41985,-2.1374
91614,916153,1738,30,12062,-83,-185,-279,0.01387,0.00041,0.99926,-0.63359,-1.41221,-2.12977
91615,916163,1750,-60,12080,-75,-178,-280,0.01461,-0.00511,1.00033,-0.57252,-1.35878,-2.1374
91616,916173,1702,-42,12008,-78,-172,-281,0.01167,-0.00401,0.99605,-0.59542,-1.31298,-2.14504
91617,916183,1724,-22,12050,-77,-182,-273,0.01302,-0.00278,0.99855,-0.58779,-1.38931,-2.08397
91618,916193,1714,-20,12070,-82,-183,-283,0.0124,-0.00266,0.99974,-0.62595,-1.39695,-2.16031
91619,916203,1772,-42,12116,-81,-183,-283,0.01596,-0.00401,1.00247,-0.61832,-1.39695,-2.16031
91620,916213,1736,-28,12060,-79,-180,-279,0.01375,-0.00315,0.99914,-0.60305,-1.37405,-2.12977
91621,916223,1730,-34,12072,-82,-179,-275,0.01338,-0.00351,0.99986,-0.62595,-1.36641,-2.09924
91622,916233,1740,-12,12084,-78,-190,-279,0.014,-0.00217,1.00057,-0.59542,-1.45038,-2.12977
91623,916243,1766,-28,12076,-75,-182,-278,0.01559,-0.00315,1.0001,-0.57252,-1.38931,-2.12214
91624,916253,1708,-96,11998,-78,-194,-281,0.01203,-0.00732,0.99546,-0.59542,-1.48092,-2.14504
91625,916263,1730,-68,11976,-80,-195,-278,0.01338,-0.0056,0.99415,-0.61069,-1.48855,-2.12214
91626,916273,1740,-26,12014,-77,-176,-277,0.014,-0.00302,0.99641,-0.58779,-1.34351,-2.1145
91627,916283,1736,-22,12030,-81,-179,-277,0.01375,-0.00278,0.99736,-0.61832,-1.36641,-2.1145
91628,916293,1740,-42,11994,-83,-179,-279,0.014,-0.00401,0.99522,-0.63359,-1.36641,-2.12977
91629,916303,1752,-34,12038,-82,-181,-283,0.01473,-0.00351,0.99784,-0.62595,-1.38168,-2.16031
91630,916313,1718,-58,12020,-84,-183,-285,0.01265,-0.00499,0.99677,-0.64122,-1.39695,-2.17557
91631,916323,1700,-16,11966,-79,-177,-281,0.01154,-0.00241,0.99356,-0.60305,-1.35115,-2.14504
91632,916333,1708,-46,12052,-77,-177,-283,0.01203,-0.00425,0.99867,-0.58779,-1.35115,-2.16031
91633,916343,1710,-52,12066,-78,-189,-287,0.01216,-0.00462,0.9995,-0.59542,-1.44275,-2.19084
91634,916353,1718,-32,12062,-80,-183,-283,0.01265,-0.00339,0.99926,-0.61069,-1.39695,-2.16031
91635,916363,1752,-8,12046,-79,-176,-280,0.01473,-0.00192,0.99831,-0.60305,-1.34351,-2.1374
91636,916373,1752,-4,11986,-79,-177,-284,0.01473,-0.00167,0.99475,-0.60305,-1.35115,-2.16794
91637,916383,1720,-54,12010,-79,-186,-278,0.01277,-0.00474,0.99617,-0.60305,-1.41985,-2.12214
91638,916393,1718,-40,11998,-81,-187,-278,0.01265,-0.00388,0.99546,-0.61832,-1.42748,-2.12214
91639,916403,1794,-6,12048,-74,-185,-278,0.01731,-0.0018,0.99843,-0.56489,-1.41221,-2.12214
91640,916413,1696,-6,12032,-83,-188,-284,0.0113,-0.0018,0.99748,-0.63359,-1.43511,-2.16794
91641,916423,1690,0,12030,-86,-179,-285,0.01093,-0.00143,0.99736,-0.65649,-1.36641,-2.17557
91642,916433,1740,-26,12082,-82,-186,-281,0.014,-0.00302,1.00045,-0.62595,-1.41985,-2.14504
91643,916443,1712,-22,12020,-82,-188,-287,0.01228,-0.00278,0.99677,-0.62595,-1.43511,-2.19084
91644,916453,1702,-34,12062,-75,-189,-286,0.01167,-0.00351,0.99926,-0.57252,-1.44275,-2.18321
91645,916463,1720,-12,12090,-83,-182,-284,0.01277,-0.00217,1.00093,-0.63359,-1.38931,-2.16794
91646,916473,1714,18,12066,-72,-189,-281,0.0124,-0.00033,0.9995,-0.54962,-1.44275,-2.14504
91647,916483,1686,-50,12036,-78,-182,-279,0.01068,-0.0045,0.99772,-0.59542,-1.38931,-2.12977
91648,916493,1704,-84,12080,-74,-177,-281,0.01179,-0.00658,1.00033,-0.56489,-1.35115,-2.14504
91649,916503,1722,-48,12020,-81,-190,-280,0.01289,-0.00437,0.99677,-0.61832,-1.45038,-2.1374
91650,916513,1674,0,12062,-82,-182,-279,0.00995,-0.00143,0.99926,-0.62595,-1.38931,-2.12977
91651,916523,1728,-28,12010,-80,-182,-283,0.01326,-0.00315,0.99617,-0.61069,-1.38931,-2.16031
91652,916533,1752,-42,12020,-83,-182,-284,0.01473,-0.00401,0.99677,-0.63359,-1.38931,-2.16794
91653,916543,1730,-74,12076,-77,-185,-282,0.01338,-0.00597,1.0001,-0.58779,-1.41221,-2.15267
91654,916553,1774,-56,12034,-73,-184,-275,0.01608,-0.00486,0.9976,-0.55725,-1.40458,-2.09924
91655,916563,1732,-2,12032,-78,-179,-278,0.01351,-0.00155,0.99748,-0.59542,-1.36641,-2.12214
91656,916573,1782,-56,12064,-81,-183,-281,0.01657,-0.00486,0.99938,-0.61832,-1.39695,-2.14504
91657,916583,1716,-50,12070,-82,-191,-286,0.01252,-0.0045,0.99974,-0.62595,-1.45802,-2.18321
91658,916593,1762,-24,12000,-83,-190,-280,0.01535,-0.0029,0.99558,-0.63359,-1.45038,-2.1374
91659,916603,1722,0,12068,-80,-185,-280,0.01289,-0.00143,0.99962,-0.61069,-1.41221,-2.1374
91660,916613,1790,-38,12080,-80,-190,-284,0.01707,-0.00376,1.00033,-0.61069,-1.45038,-2.16794
91661,916623,1746,-36,12042,-76,-179,-282,0.01437,-0.00364,0.99807,-0.58015,-1.36641,-2.15267
91662,916633,1734,-34,12008,-84,-179,-283,0.01363,-0.00351,0.99605,-0.64122,-1.36641,-2.16031
91663,916643,1766,-32,11990,-78,-181,-282,0.01559,-0.00339,0.99498,-0.59542,-1.38168,-2.15267
91664,916653,1738,-40,12092,-79,-180,-282,0.01387,-0.00388,1.00105,-0.60305,-1.37405,-2.15267
91665,916663,1766,-48,12022,-77,-183,-277,0.01559,-0.00437,0.99689,-0.58779,-1.39695,-2.1145
91666,916673,1780,-22,12032,-76,-187,-279,0.01645,-0.00278,0.99748,-0.58015,-1.42748,-2.12977
91667,916683,1732,-18,12088,-74,-190,-278,0.01351,-0.00253,1.00081,-0.56489,-1.45038,-2.12214
91668,916693,1696,-16,12132,-78,-179,-281,0.0113,-0.00241,1.00342,-0.59542,-1.36641,-2.14504
91669,916703,1726,-44,12108,-79,-184,-277,0.01314,-0.00413,1.002,-0.60305,-1.40458,-2.1145
91670,916713,1748,-18,12018,-80,-181,-280,0.01449,-0.00253,0.99665,-0.61069,-1.38168,-2.1374
91671,916723,1728,-16,12036,-74,-188,-282,0.01326,-0.00241,0.99772,-0.56489,-1.43511,-2.15267
91672,916733,1770,-58,12050,-75,-179,-281,0.01584,-0.00499,0.99855,-0.57252,-1.36641,-2.14504
91673,916743,1742,-18,12004,-81,-181,-279,0.01412,-0.00253,0.99582,-0.61832,-1.38168,-2.12977
91674,916753,1738,-42,11970,-78,-189,-276,0.01387,-0.00401,0.9938,-0.59542,-1.44275,-2.10687
91675,916763,1710,-42,12082,-75,-176,-277,0.01216,-0.00401,1.00045,-0.57252,-1.34351,-2.1145
91676,916773,1696,-34,12114,-79,-181,-279,0.0113,-0.00351,1.00235,-0.60305,-1.38168,-2.12977
91677,916783,1706,-42,12034,-84,-193,-279,0.01191,-0.00401,0.9976,-0.64122,-1.47328,-2.12977
91678,916793,1698,-70,12026,-78,-181,-286,0.01142,-0.00572,0.99712,-0.59542,-1.38168,-2.18321
91679,916803,1740,-32,12082,-75,-191,-279,0.014,-0.00339,1.00045,-0.57252,-1.45802,-2.12977
91680,916813,1660,-30,11992,-75,-190,-284,0.00909,-0.00327,0.9951,-0.57252,-1.45038,-2.16794
91681,916823,1750,-68,12006,-71,-188,-282,0.01461,-0.0056,0.99594,-0.54198,-1.43511,-2.15267
91682,916833,1726,0,12084,-81,-177,-285,0.01314,-0.00143,1.00057,-0.61832,-1.35115,-2.17557
91683,916843,1714,-42,12004,-82,-182,-282,0.0124,-0.00401,0.99582,-0.62595,-1.38931,-2.15267
91684,916853,1718,-40,12044,-82,-188,-281,0.01265,-0.00388,0.99819,-0.62595,-1.43511,-2.14504
91685,916863,1740,-36,12010,-82,-192,-279,0.014,-0.00364,0.99617,-0.62595,-1.46565,-2.12977
91686,916873,1694,-18,12070,-84,-187,-282,0.01117,-0.00253,0.99974,-0.64122,-1.42748,-2.15267
91687,916883,1760,-54,12086,-82,-182,-282,0.01522,-0.00474,1.00069,-0.62595,-1.38931,-2.15267
91688,916893,1750,-74,12036,-78,-178,-284,0.01461,-0.00597,0.99772,-0.59542,-1.35878,-2.16794
91689,916903,1726,-58,12014,-78,-176,-285,0.01314,-0.00499,0.99641,-0.59542,-1.34351,-2.17557
91690,916913,1752,-56,12074,-81,-182,-279,0.01473,-0.00486,0.99998,-0.61832,-1.38931,-2.12977
91691,916923,1724,-84,12022,-80,-177,-283,0.01302,-0.00658,0.99689,-0.61069,-1.35115,-2.16031
91692,916933,1712,-44,12068,-77,-184,-284,0.01228,-0.00413,0.99962,-0.58779,-1.40458,-2.16794
91693,916943,1746,-46,12004,-80,-183,-284,0.01437,-0.00425,0.99582,-0.61069,-1.39695,-2.16794
91694,916953,1704,-36,11982,-78,-174,-286,0.01179,-0.00364,0.99451,-0.59542,-1.32824,-2.18321
91695,916963,1726,-34,12126,-78,-182,-280,0.01314,-0.00351,1.00307,-0.59542,-1.38931,-2.1374
91696,916973,1714,-70,12096,-79,-179,-276,0.0124,-0.00572,1.00128,-0.60305,-1.36641,-2.10687
91697,916983,1768,-36,12026,-87,-185,-281,0.01572,-0.00364,0.99712,-0.66412,-1.41221,-2.14504
91698,916993,1744,-60,12040,-76,-181,-281,0.01424,-0.00511,0.99796,-0.58015,-1.38168,-2.14504
91699,917003,1698,-42,12088,-73,-180,-284,0.01142,-0.00401,1.00081,-0.55725,-1.37405,-2.16794
91700,917013,1704,-64,12102,-80,-187,-283,0.01179,-0.00536,1.00164,-0.61069,-1.42748,-2.16031
91701,917023,1706,-28,12022,-81,-185,-280,0.01191,-0.00315,0.99689,-0.61832,-1.41221,-2.1374
91702,917033,1732,-46,12044,-82,-180,-279,0.01351,-0.00425,0.99819,-0.62595,-1.37405,-2.12977
91703,917043,1712,-58,12058,-78,-184,-281,0.01228,-0.00499,0.99903,-0.59542,-1.40458,-2.14504
91704,917053,1718,-48,12096,-77,-182,-278,0.01265,-0.00437,1.00128,-0.58779,-1.38931,-2.12214
91705,917063,1744,2,12090,-83,-177,-281,0.01424,-0.00131,1.00093,-0.63359,-1.35115,-2.14504
91706,917073,1772,-50,12050,-78,-175,-285,0.01596,-0.0045,0.99855,-0.59542,-1.33588,-2.17557
91707,917083,1732,-68,12044,-78,-183,-279,0.01351,-0.0056,0.99819,-0.59542,-1.39695,-2.12977
91708,917093,1738,-58,12010,-80,-176,-277,0.01387,-0.00499,0.99617,-0.61069,-1.34351,-2.1145
91709,917103,1758,-4,12006,-80,-181,-281,0.0151,-0.00167,0.99594,-0.61069,-1.38168,-2.14504
91710,917113,1736,-34,12020,-85,-178,-280,0.01375,-0.00351,0.99677,-0.64885,-1.35878,-2.1374
91711,917123,1732,8,12118,-81,-184,-279,0.01351,-0.00094,1.00259,-0.61832,-1.40458,-2.12977
91712,917133,1752,-36,12062,-76,-182,-280,0.01473,-0.00364,0.99926,-0.58015,-1.38931,-2.1374
91713,917143,1728,-12,12100,-81,-181,-279,0.01326,-0.00217,1.00152,-0.61832,-1.38168,-2.12977
91714,917153,1710,-40,12068,-81,-186,-279,0.01216,-0.00388,0.99962,-0.61832,-1.41985,-2.12977
91715,917163,1742,-22,12044,-77,-180,-284,0.01412,-0.00278,0.99819,-0.58779,-1.37405,-2.16794
91716,917173,1718,-26,12028,-77,-182,-281,0.01265,-0.00302,0.99724,-0.58779,-1.38931,-2.14504
91717,917183,1754,-20,12060,-71,-183,-284,0.01486,-0.00266,0.99914,-0.54198,-1.39695,-2.16794
91718,917193,1736,-48,12086,-76,-186,-281,0.01375,-0.00437,1.00069,-0.58015,-1.41985,-2.14504
91719,917203,1668,-28,12040,-77,-185,-277,0.00958,-0.00315,0.99796,-0.58779,-1.41221,-2.1145
91720,917213,1742,4,12056,-78,-180,-270,0.01412,-0.00118,0.99891,-0.59542,-1.37405,-2.06107
91721,917223,1742,-22,12064,-75,-179,-278,0.01412,-0.00278,0.99938,-0.57252,-1.36641,-2.12214
91722,917233,1752,-82,12102,-81,-176,-282,0.01473,-0.00646,1.00164,-0.61832,-1.34351,-2.15267
91723,917243,1738,-40,12034,-82,-184,-281,0.01387,-0.00388,0.9976,-0.62595,-1.40458,-2.14504
91724,917253,1684,-72,12054,-75,-187,-285,0.01056,-0.00585,0.99879,-0.57252,-1.42748,-2.17557
91725,917263,1712,-26,12056,-78,-180,-283,0.01228,-0.00302,0.99891,-0.59542,-1.37405,-2.16031
91726,917273,1708,-20,12014,-81,-178,-278,0.01203,-0.00266,0.99641,-0.61832,-1.35878,-2.12214
91727,917283,1738,-64,12022,-76,-177,-278,0.01387,-0.00536,0.99689,-0.58015,-1.35115,-2.12214
91728,917293,1748,-26,12040,-79,-183,-280,0.01449,-0.00302,0.99796,-0.60305,-1.39695,-2.1374
91729,917303,1752,-12,12068,-74,-182,-281,0.01473,-0.00217,0.99962,-0.56489,-1.38931,-2.14504
91730,917313,1694,-10,12026,-76,-175,-284,0.01117,-0.00204,0.99712,-0.58015,-1.33588,-2.16794
91731,917323,1730,-94,12050,-82,-177,-282,0.01338,-0.0072,0.99855,-0.62595,-1.35115,-2.15267
91732,917333,1764,-92,12070,-82,-180,-281,0.01547,-0.00707,0.99974,-0.62595,-1.37405,-2.14504
91733,917343,1698,-54,12022,-82,-182,-282,0.01142,-0.00474,0.99689,-0.62595,-1.38931,-2.15267
91734,917353,1742,34,12082,-78,-182,-287,0.01412,0.00066,1.00045,-0.59542,-1.38931,-2.19084
91735,917363,1718,-36,12042,-77,-177,-284,0.01265,-0.00364,0.99807,-0.58779,-1.35115,-2.16794
91736,917373,1692,-46,12032,-77,-187,-277,0.01105,-0.00425,0.99748,-0.58779,-1.42748,-2.1145
91737,917383,1714,-28,12022,-81,-186,-280,0.0124,-0.00315,0.99689,-0.61832,-1.41985,-2.1374
91738,917393,1708,-26,12048,-75,-185,-281,0.01203,-0.00302,0.99843,-0.57252,-1.41221,-2.14504
91739,917403,1742,-50,12072,-72,-185,-281,0.01412,-0.0045,0.99986,-0.54962,-1.41221,-2.14504
91740,917413,1752,-58,12050,-74,-190,-285,0.01473,-0.00499,0.99855,-0.56489,-1.45038,-2.17557
91741,917423,1712,-42,12052,-74,-185,-282,0.01228,-0.00401,0.99867,-0.56489,-1.41221,-2.15267
91742,917433,1718,-46,12064,-78,-182,-284,0.01265,-0.00425,0.99938,-0.59542,-1.38931,-2.16794
91743,917443,1710,-26,12074,-84,-187,-279,0.01216,-0.00302,0.99998,-0.64122,-1.42748,-2.12977
91744,917453,1704,-54,12042,-83,-179,-281,0.01179,-0.00474,0.99807,-0.63359,-1.36641,-2.14504
91745,917463,1700,-48,12036,-81,-172,-278,0.01154,-0.00437,0.99772,-0.61832,-1.31298,-2.12214
91746,917473,1748,6,12082,-80,-181,-278,0.01449,-0.00106,1.00045,-0.61069,-1.38168,-2.12214
91747,917483,1788,-20,12092,-75,-192,-282,0.01694,-0.00266,1.00105,-0.57252,-1.46565,-2.15267
91748,917493,1780,6,12118,-79,-183,-282,0.01645,-0.00106,1.00259,-0.60305,-1.39695,-2.15267
91749,917503,1736,-50,12116,-78,-185,-283,0.01375,-0.0045,1.00247,-0.59542,-1.41221,-2.16031
91750,917513,1734,-60,12072,-82,-177,-275,0.01363,-0.00511,0.99986,-0.62595,-1.35115,-2.09924
91751,917523,1742,-36,12106,-85,-178,-280,0.01412,-0.00364,1.00188,-0.64885,-1.35878,-2.1374
91752,917533,1740,-56,12074,-86,-184,-281,0.014,-0.00486,0.99998,-0.65649,-1.40458,-2.14504
91753,917543,1740,-62,12034,-83,-183,-281,0.014,-0.00523,0.9976,-0.63359,-1.39695,-2.14504
91754,917553,1700,-8,12086,-82,-174,-280,0.01154,-0.00192,1.00069,-0.62595,-1.32824,-2.1374
91755,917563,1700,-26,12024,-83,-177,-281,0.01154,-0.00302,0.99701,-0.63359,-1.35115,-2.14504
91756,917573,1702,-46,12038,-80,-185,-277,0.01167,-0.00425,0.99784,-0.61069,-1.41221,-2.1145
91757,917583,1686,-16,12124,-74,-185,-274,0.01068,-0.00241,1.00295,-0.56489,-1.41221,-2.0916
91758,917593,1716,-46,12042,-82,-181,-279,0.01252,-0.00425,0.99807,-0.62595,-1.38168,-2.12977
91759,917603,1718,-56,12034,-77,-188,-278,0.01265,-0.00486,0.9976,-0.58779,-1.43511,-2.12214
91760,917613,1656,-14,12076,-74,-191,-274,0.00884,-0.00229,1.0001,-0.56489,-1.45802,-2.0916
91761,917623,1730,-68,12008,-80,-194,-279,0.01338,-0.0056,0.99605,-0.61069,-1.48092,-2.12977
91762,917633,1734,-24,12024,-81,-181,-282,0.01363,-0.0029,0.99701,-0.61832,-1.38168,-2.15267
91763,917643,1714,-58,12078,-82,-179,-284,0.0124,-0.00499,1.00021,-0.62595,-1.36641,-2.16794
91764,917653,1726,-64,12062,-81,-186,-285,0.01314,-0.00536,0.99926,-0.61832,-1.41985,-2.17557
91765,917663,1718,-38,12072,-80,-189,-284,0.01265,-0.00376,0.99986,-0.61069,-1.44275,-2.16794
91766,917673,1718,-76,12040,-78,-178,-283,0.01265,-0.00609,0.99796,-0.59542,-1.35878,-2.16031
91767,917683,1776,-40,12014,-80,-185,-286,0.01621,-0.00388,0.99641,-0.61069,-1.41221,-2.18321
91768,917693,1746,-42,12022,-83,-183,-283,0.01437,-0.00401,0.99689,-0.63359,-1.39695,-2.16031
91769,917703,1696,-40,12092,-74,-183,-280,0.0113,-0.00388,1.00105,-0.56489,-1.39695,-2.1374
91770,917713,1760,-36,12048,-82,-179,-287,0.01522,-0.00364,0.99843,-0.62595,-1.36641,-2.19084
91771,917723,1752,-44,12006,-80,-182,-279,0.01473,-0.00413,0.99594,-0.61069,-1.38931,-2.12977
91772,917733,1720,-54,12054,-77,-181,-280,0.01277,-0.00474,0.99879,-0.58779,-1.38168,-2.1374
91773,917743,1734,-24,12054,-76,-192,-275,0.01363,-0.0029,0.99879,-0.58015,-1.46565,-2.09924
91774,917753,1728,-4,12004,-74,-185,-272,0.01326,-0.00167,0.99582,-0.56489,-1.41221,-2.07634
91775,917763,1768,-56,12056,-78,-182,-276,0.01572,-0.00486,0.99891,-0.59542,-1.38931,-2.10687
91776,917773,1740,-60,12018,-79,-184,-277,0.014,-0.00511,0.99665,-0.60305,-1.40458,-2.1145
91777,917783,1722,-16,12056,-82,-184,-282,0.01289,-0.00241,0.99891,-0.62595,-1.40458,-2.15267
91778,917793,1728,-38,12092,-77,-180,-279,0.01326,-0.00376,1.00105,-0.58779,-1.37405,-2.12977
91779,917803,1694,-72,12130,-78,-184,-275,0.01117,-0.00585,1.0033,-0.59542,-1.40458,-2.09924
91780,917813,1678,-24,12048,-81,-185,-278,0.01019,-0.0029,0.99843,-0.61832,-1.41221,-2.12214
91781,917823,1756,-46,12080,-82,-191,-279,0.01498,-0.00425,1.00033,-0.62595,-1.45802,-2.12977
91782,917833,1732,-26,12088,-80,-199,-281,0.01351,-0.00302,1.00081,-0.61069,-1.51908,-2.14504
91783,917843,1730,-24,12066,-82,-188,-280,0.01338,-0.0029,0.9995,-0.62595,-1.43511,-2.1374
91784,917853,1730,-12,12014,-77,-183,-277,0.01338,-0.00217,0.99641,-0.58779,-1.39695,-2.1145
91785,917863,1708,-62,12046,-78,-186,-284,0.01203,-0.00523,0.99831,-0.59542,-1.41985,-2.16794
91786,917873,1718,-96,12130,-76,-188,-283,0.01265,-0.00732,1.0033,-0.58015,-1.43511,-2.16031
91787,917883,1730,-24,12082,-77,-189,-282,0.01338,-0.0029,1.00045,-0.58779,-1.44275,-2.15267
91788,917893,1728,-34,12026,-80,-195,-282,0.01326,-0.00351,0.99712,-0.61069,-1.48855,-2.15267
91789,917903,1732,-48,12044,-81,-182,-280,0.01351,-0.00437,0.99819,-0.61832,-1.38931,-2.1374
91790,917913,1744,-44,12008,-78,-184,-283,0.01424,-0.00413,0.99605,-0.59542,-1.40458,-2.16031
91791,917923,1712,-6,12034,-82,-180,-282,0.01228,-0.0018,0.9976,-0.62595,-1.37405,-2.15267
91792,917933,1714,2,12144,-83,-181,-286,0.0124,-0.00131,1.00414,-0.63359,-1.38168,-2.18321
91793,917943,1720,-34,12068,-80,-177,-283,0.01277,-0.00351,0.99962,-0.61069,-1.35115,-2.16031
91794,917953,1740,-58,12094,-79,-169,-278,0.014,-0.00499,1.00116,-0.60305,-1.29008,-2.12214
91795,917963,1732,10,12100,-75,-180,-282,0.01351,-0.00082,1.00152,-0.57252,-1.37405,-2.15267
91796,917973,1658,-18,12084,-76,-186,-286,0.00897,-0.00253,1.00057,-0.58015,-1.41985,-2.18321
91797,917983,1752,-32,12088,-81,-182,-282,0.01473,-0.00339,1.00081,-0.61832,-1.38931,-2.15267
91798,917993,1736,-32,11994,-78,-185,-276,0.01375,-0.00339,0.99522,-0.59542,-1.41221,-2.10687
91799,918003,1770,-26,12024,-78,-185,-279,0.01584,-0.00302,0.99701,-0.59542,-1.41221,-2.12977
91800,918013,1722,-22,11984,-78,-184,-281,0.01289,-0.00278,0.99463,-0.59542,-1.40458,-2.14504
91801,918023,1744,-36,12014,-82,-191,-281,0.01424,-0.00364,0.99641,-0.62595,-1.45802,-2.14504
91802,918033,1746,-46,12056,-79,-181,-280,0.01437,-0.00425,0.99891,-0.60305,-1.38168,-2.1374
91803,918043,1708,-68,12082,-82,-184,-278,0.01203,-0.0056,1.00045,-0.62595,-1.40458,-2.12214
91804,918053,1730,-48,12022,-80,-181,-279,0.01338,-0.00437,0.99689,-0.61069,-1.38168,-2.12977
91805,918063,1728,-18,12008,-80,-187,-282,0.01326,-0.00253,0.99605,-0.61069,-1.42748,-2.15267
91806,918073,1686,-4,12050,-79,-186,-282,0.01068,-0.00167,0.99855,-0.60305,-1.41985,-2.15267
91807,918083,1730,-56,12034,-81,-173,-276,0.01338,-0.00486,0.9976,-0.61832,-1.32061,-2.10687
91808,918093,1722,12,11954,-74,-180,-281,0.01289,-0.00069,0.99285,-0.56489,-1.37405,-2.14504
91809,918103,1674,-54,12092,-73,-181,-288,0.00995,-0.00474,1.00105,-0.55725,-1.38168,-2.19847
91810,918113,1702,-28,12042,-76,-179,-285,0.01167,-0.00315,0.99807,-0.58015,-1.36641,-2.17557
91811,918123,1708,-28,12036,-82,-188,-279,0.01203,-0.00315,0.99772,-0.62595,-1.43511,-2.12977
91812,918133,1718,-44,12090,-75,-187,-277,0.01265,-0.00413,1.00093,-0.57252,-1.42748,-2.1145
91813,918143,1718,-18,11984,-84,-185,-282,0.01265,-0.00253,0.99463,-0.64122,-1.41221,-2.15267
91814,918153,1740,-80,12060,-83,-180,-281,0.014,-0.00634,0.99914,-0.63359,-1.37405,-2.14504
91815,918163,1704,-70,12028,-83,-178,-283,0.01179,-0.00572,0.99724,-0.63359,-1.35878,-2.16031
91816,918173,1764,-4,12030,-80,-181,-284,0.01547,-0.00167,0.99736,-0.61069,-1.38168,-2.16794
91817,918183,1748,-40,12022,-82,-189,-279,0.01449,-0.00388,0.99689,-0.62595,-1.44275,-2.12977
91818,918193,1748,-28,12002,-72,-191,-284,0.01449,-0.00315,0.9957,-0.54962,-1.45802,-2.16794
91819,918203,1700,-46,12084,-74,-191,-283,0.01154,-0.00425,1.00057,-0.56489,-1.45802,-2.16031
91820,918213,1654,-48,12132,-76,-191,-281,0.00872,-0.00437,1.00342,-0.58015,-1.45802,-2.14504
91821,918223,1754,-44,12142,-77,-175,-279,0.01486,-0.00413,1.00402,-0.58779,-1.33588,-2.12977
91822,918233,1686,-72,12060,-80,-188,-280,0.01068,-0.00585,0.99914,-0.61069,-1.43511,-2.1374
91823,918243,1712,-6,12116,-82,-188,-280,0.01228,-0.0018,1.00247,-0.62595,-1.43511,-2.1374
91824,918253,1738,-6,12094,-78,-181,-280,0.01387,-0.0018,1.00116,-0.59542,-1.38168,-2.1374
91825,918263,1716,-38,12072,-75,-177,-281,0.01252,-0.00376,0.99986,-0.57252,-1.35115,-2.14504
91826,918273,1726,-22,12006,-72,-183,-282,0.01314,-0.00278,0.99594,-0.54962,-1.39695,-2.15267
91827,918283,1692,-28,12022,-80,-179,-281,0.01105,-0.00315,0.99689,-0.61069,-1.36641,-2.14504
91828,918293,1702,-36,12046,-78,-182,-284,0.01167,-0.00364,0.99831,-0.59542,-1.38931,-2.16794
91829,918303,1732,-42,12064,-76,-178,-285,0.01351,-0.00401,0.99938,-0.58015,-1.35878,-2.17557
91830,918313,1746,-50,12000,-77,-174,-279,0.01437,-0.0045,0.99558,-0.58779,-1.32824,-2.12977
91831,918323,1714,-38,11968,-81,-177,-280,0.0124,-0.00376,0.99368,-0.61832,-1.35115,-2.1374
91832,918333,1754,-28,12112,-78,-179,-277,0.01486,-0.00315,1.00223,-0.59542,-1.36641,-2.1145
91833,918343,1728,-78,12070,-80,-191,-280,0.01326,-0.00621,0.99974,-0.61069,-1.45802,-2.1374
91834,918353,1736,-54,12046,-78,-177,-280,0.01375,-0.00474,0.99831,-0.59542,-1.35115,-2.1374
91835,918363,1732,-60,12052,-79,-177,-285,0.01351,-0.00511,0.99867,-0.60305,-1.35115,-2.17557
91836,918373,1746,-42,12064,-81,-178,-282,0.01437,-0.00401,0.99938,-0.61832,-1.35878,-2.15267
91837,918383,1722,-74,12106,-84,-172,-282,0.01289,-0.00597,1.00188,-0.64122,-1.31298,-2.15267
91838,918393,1712,-74,12016,-81,-181,-282,0.01228,-0.00597,0.99653,-0.61832,-1.38168,-2.15267
91839,918403,1742,-56,12010,-81,-178,-279,0.01412,-0.00486,0.99617,-0.61832,-1.35878,-2.12977
91840,918413,1740,-20,12056,-81,-183,-277,0.014,-0.00266,0.99891,-0.61832,-1.39695,-2.1145
91841,918423,1734,-58,12072,-78,-179,-280,0.01363,-0.00499,0.99986,-0.59542,-1.36641,-2.1374
91842,918433,1748,-24,12062,-76,-177,-280,0.01449,-0.0029,0.99926,-0.58015,-1.35115,-2.1374
91843,918443,1694,-58,12080,-76,-175,-281,0.01117,-0.00499,1.00033,-0.58015,-1.33588,-2.14504
91844,918453,1706,-16,12058,-77,-177,-288,0.01191,-0.00241,0.99903,-0.58779,-1.35115,-2.19847
91845,918463,1738,-56,12096,-80,-181,-282,0.01387,-0.00486,1.00128,-0.61069,-1.38168,-2.15267
91846,918473,1694,-22,12076,-85,-178,-277,0.01117,-0.00278,1.0001,-0.64885,-1.35878,-2.1145
91847,918483,1750,-102,12060,-75,-182,-279,0.01461,-0.00769,0.99914,-0.57252,-1.38931,-2.12977
91848,918493,1690,-76,11990,-74,-198,-281,0.01093,-0.00609,0.99498,-0.56489,-1.51145,-2.14504
91849,918503,1690,-50,12050,-78,-184,-283,0.01093,-0.0045,0.99855,-0.59542,-1.40458,-2.16031
91850,918513,1700,-32,12104,-71,-181,-278,0.01154,-0.00339,1.00176,-0.54198,-1.38168,-2.12214
91851,918523,1728,-10,12054,-73,-182,-278,0.01326,-0.00204,0.99879,-0.55725,-1.38931,-2.12214
91852,918533,1734,-64,12048,-77,-187,-278,0.01363,-0.00536,0.99843,-0.58779,-1.42748,-2.12214
91853,918543,1772,-38,12014,-80,-174,-287,0.01596,-0.00376,0.99641,-0.61069,-1.32824,-2.19084
91854,918553,1670,-30,12044,-86,-181,-284,0.0097,-0.00327,0.99819,-0.65649,-1.38168,-2.16794
91855,918563,1718,-50,12054,-72,-185,-281,0.01265,-0.0045,0.99879,-0.54962,-1.41221,-2.14504
91856,918573,1746,-46,12090,-78,-182,-283,0.01437,-0.00425,1.00093,-0.59542,-1.38931,-2.16031
91857,918583,1688,-60,11952,-73,-180,-283,0.01081,-0.00511,0.99273,-0.55725,-1.37405,-2.16031
91858,918593,1716,-16,12046,-78,-178,-280,0.01252,-0.00241,0.99831,-0.59542,-1.35878,-2.1374
91859,918603,1764,-40,12070,-80,-187,-276,0.01547,-0.00388,0.99974,-0.61069,-1.42748,-2.10687
91860,918613,1720,-36,12158,-85,-185,-277,0.01277,-0.00364,1.00497,-0.64885,-1.41221,-2.1145
91861,918623,1696,-42,12094,-83,-190,-281,0.0113,-0.00401,1.00116,-0.63359,-1.45038,-2.14504
91862,918633,1714,-54,12050,-78,-179,-275,0.0124,-0.00474,0.99855,-0.59542,-1.36641,-2.09924
91863,918643,1720,8,12022,-77,-179,-280,0.01277,-0.00094,0.99689,-0.58779,-1.36641,-2.1374
91864,918653,1718,-30,12016,-81,-184,-279,0.01265,-0.00327,0.99653,-0.61832,-1.40458,-2.12977
91865,918663,1762,-4,12044,-86,-183,-280,0.01535,-0.00167,0.99819,-0.65649,-1.39695,-2.1374
91866,918673,1730,-56,12080,-83,-190,-280,0.01338,-0.00486,1.00033,-0.63359,-1.45038,-2.1374
91867,918683,1746,22,12000,-79,-192,-284,0.01437,-8e-05,0.99558,-0.60305,-1.46565,-2.16794
91868,918693,1678,-22,12094,-78,-188,-280,0.01019,-0.00278,1.00116,-0.59542,-1.43511,-2.1374
91869,918703,1688,-80,12070,-77,-187,-276,0.01081,-0.00634,0.99974,-0.58779,-1.42748,-2.10687
91870,918713,1738,-16,12070,-73,-185,-283,0.01387,-0.00241,0.99974,-0.55725,-1.41221,-2.16031
91871,918723,1700,-14,12002,-81,-187,-280,0.01154,-0.00229,0.9957,-0.61832,-1.42748,-2.1374
91872,918733,1724,-28,12020,-72,-185,-277,0.01302,-0.00315,0.99677,-0.54962,-1.41221,-2.1145
91873,918743,1726,-46,12034,-81,-175,-278,0.01314,-0.00425,0.9976,-0.61832,-1.33588,-2.12214
91874,918753,1704,-40,12036,-87,-185,-276,0.01179,-0.00388,0.99772,-0.66412,-1.41221,-2.10687
91875,918763,1724,0,12086,-86,-185,-278,0.01302,-0.00143,1.00069,-0.65649,-1.41221,-2.12214
91876,918773,1730,-16,12056,-75,-187,-277,0.01338,-0.00241,0.99891,-0.57252,-1.42748,-2.1145
91877,918783,1704,-36,12090,-77,-183,-279,0.01179,-0.00364,1.00093,-0.58779,-1.39695,-2.12977
91878,918793,1724,-74,12042,-74,-180,-283,0.01302,-0.00597,0.99807,-0.56489,-1.37405,-2.16031
91879,918803,1724,-44,12114,-74,-179,-282,0.01302,-0.00413,1.00235,-0.56489,-1.36641,-2.15267
91880,918813,1702,-56,12050,-79,-182,-285,0.01167,-0.00486,0.99855,-0.60305,-1.38931,-2.17557
91881,918823,1728,-10,12030,-77,-185,-279,0.01326,-0.00204,0.99736,-0.58779,-1.41221,-2.12977
91882,918833,1678,-52,12062,-79,-183,-278,0.01019,-0.00462,0.99926,-0.60305,-1.39695,-2.12214
91883,918843,1720,-30,12076,-73,-180,-273,0.01277,-0.00327,1.0001,-0.55725,-1.37405,-2.08397
91884,918853,1724,-56,12032,-75,-175,-281,0.01302,-0.00486,0.99748,-0.57252,-1.33588,-2.14504
91885,918863,1690,-64,12036,-74,-181,-282,0.01093,-0.00536,0.99772,-0.56489,-1.38168,-2.15267
91886,918873,1696,-28,12060,-71,-182,-279,0.0113,-0.00315,0.99914,-0.54198,-1.38931,-2.12977
91887,918883,1730,-54,12088,-76,-180,-283,0.01338,-0.00474,1.00081,-0.58015,-1.37405,-2.16031
91888,918893,1724,-18,12036,-80,-179,-282,0.01302,-0.00253,0.99772,-0.61069,-1.36641,-2.15267
91889,918903,1700,-54,12062,-75,-189,-285,0.01154,-0.00474,0.99926,-0.57252,-1.44275,-2.17557
91890,918913,1718,-40,12024,-82,-190,-274,0.01265,-0.00388,0.99701,-0.62595,-1.45038,-2.0916
91891,918923,1684,-36,12084,-77,-184,-277,0.01056,-0.00364,1.00057,-0.58779,-1.40458,-2.1145
91892,918933,1686,-74,12090,-75,-187,-286,0.01068,-0.00597,1.00093,-0.57252,-1.42748,-2.18321
91893,918943,1728,-26,12100,-73,-186,-285,0.01326,-0.00302,1.00152,-0.55725,-1.41985,-2.17557
91894,918953,1720,12,12118,-76,-181,-278,0.01277,-0.00069,1.00259,-0.58015,-1.38168,-2.12214
91895,918963,1678,-30,12042,-82,-178,-281,0.01019,-0.00327,0.99807,-0.62595,-1.35878,-2.14504
91896,918973,1720,-16,12050,-79,-186,-282,0.01277,-0.00241,0.99855,-0.60305,-1.41985,-2.15267
91897,918983,1768,-12,12044,-82,-178,-279,0.01572,-0.00217,0.99819,-0.62595,-1.35878,-2.12977
91898,918993,1714,-18,12042,-76,-183,-279,0.0124,-0.00253,0.99807,-0.58015,-1.39695,-2.12977
91899,919003,1732,-42,12056,-73,-183,-277,0.01351,-0.00401,0.99891,-0.55725,-1.39695,-2.1145
91900,919013,1688,-64,12130,-71,-180,-283,0.01081,-0.00536,1.0033,-0.54198,-1.37405,-2.16031
91901,919023,1706,-70,12050,-80,-191,-280,0.01191,-0.00572,0.99855,-0.61069,-1.45802,-2.1374
91902,919033,1708,-12,12048,-74,-183,-282,0.01203,-0.00217,0.99843,-0.56489,-1.39695,-2.15267
91903,919043,1726,2,12008,-78,-183,-279,0.01314,-0.00131,0.99605,-0.59542,-1.39695,-2.12977
91904,919053,1764,-26,11950,-81,-184,-277,0.01547,-0.00302,0.99261,-0.61832,-1.40458,-2.1145
91905,919063,1722,-28,12002,-77,-180,-277,0.01289,-0.00315,0.9957,-0.58779,-1.37405,-2.1145
91906,919073,1732,-84,12086,-74,-192,-280,0.01351,-0.00658,1.00069,-0.56489,-1.46565,-2.1374
91907,919083,1724,-52,12080,-74,-173,-281,0.01302,-0.00462,1.00033,-0.56489,-1.32061,-2.14504
91908,919093,1716,-28,12116,-74,-187,-287,0.01252,-0.00315,1.00247,-0.56489,-1.42748,-2.19084
91909,919103,1744,-52,12128,-75,-187,-282,0.01424,-0.00462,1.00318,-0.57252,-1.42748,-2.15267
91910,919113,1716,-90,12038,-80,-186,-278,0.01252,-0.00695,0.99784,-0.61069,-1.41985,-2.12214
91911,919123,1764,-10,11976,-80,-181,-282,0.01547,-0.00204,0.99415,-0.61069,-1.38168,-2.15267
91912,919133,1730,-20,12036,-76,-182,-277,0.01338,-0.00266,0.99772,-0.58015,-1.38931,-2.1145
91913,919143,1748,-26,12136,-74,-192,-280,0.01449,-0.00302,1.00366,-0.56489,-1.46565,-2.1374
91914,919153,1770,-90,12038,-81,-181,-276,0.01584,-0.00695,0.99784,-0.61832,-1.38168,-2.10687
91915,919163,1750,-30,12038,-79,-178,-279,0.01461,-0.00327,0.99784,-0.60305,-1.35878,-2.12977
91916,919173,1764,-2,12020,-75,-178,-280,0.01547,-0.00155,0.99677,-0.57252,-1.35878,-2.1374
91917,919183,1730,-32,12058,-80,-194,-277,0.01338,-0.00339,0.99903,-0.61069,-1.48092,-2.1145
91918,919193,1694,-52,12070,-76,-187,-279,0.01117,-0.00462,0.99974,-0.58015,-1.42748,-2.12977
91919,919203,1698,-34,12074,-78,-178,-284,0.01142,-0.00351,0.99998,-0.59542,-1.35878,-2.16794
91920,919213,1724,-24,12022,-80,-182,-283,0.01302,-0.0029,0.99689,-0.61069,-1.38931,-2.16031
91921,919223,1736,-28,12080,-77,-187,-281,0.01375,-0.00315,1.00033,-0.58779,-1.42748,-2.14504
91922,919233,1648,-66,12056,-79,-186,-286,0.00835,-0.00548,0.99891,-0.60305,-1.41985,-2.18321
91923,919243,1664,-78,12046,-77,-184,-283,0.00933,-0.00621,0.99831,-0.58779,-1.40458,-2.16031
91924,919253,1726,-36,12048,-76,-174,-284,0.01314,-0.00364,0.99843,-0.58015,-1.32824,-2.16794
91925,919263,1722,28,12046,-73,-181,-277,0.01289,0.00029,0.99831,-0.55725,-1.38168,-2.1145
91926,919273,1710,-18,12028,-78,-182,-280,0.01216,-0.00253,0.99724,-0.59542,-1.38931,-2.1374
91927,919283,1746,-48,12054,-77,-191,-280,0.01437,-0.00437,0.99879,-0.58779,-1.45802,-2.1374
91928,919293,1736,-90,12064,-76,-181,-279,0.01375,-0.00695,0.99938,-0.58015,-1.38168,-2.12977
91929,919303,1734,-22,12050,-81,-182,-281,0.01363,-0.00278,0.99855,-0.61832,-1.38931,-2.14504
91930,919313,1710,-14,11994,-83,-179,-284,0.01216,-0.00229,0.99522,-0.63359,-1.36641,-2.16794
91931,919323,1728,-6,12034,-81,-187,-280,0.01326,-0.0018,0.9976,-0.61832,-1.42748,-2.1374
91932,919333,1768,-66,11992,-83,-188,-278,0.01572,-0.00548,0.9951,-0.63359,-1.43511,-2.12214
91933,919343,1702,-20,12052,-82,-183,-283,0.01167,-0.00266,0.99867,-0.62595,-1.39695,-2.16031
91934,919353,1698,-50,12052,-82,-187,-282,0.01142,-0.0045,0.99867,-0.62595,-1.42748,-2.15267
91935,919363,1696,-82,12052,-77,-183,-279,0.0113,-0.00646,0.99867,-0.58779,-1.39695,-2.12977
91936,919373,1730,-60,12026,-83,-180,-281,0.01338,-0.00511,0.99712,-0.63359,-1.37405,-2.14504
91937,919383,1700,2,12034,-78,-180,-278,0.01154,-0.00131,0.9976,-0.59542,-1.37405,-2.12214
91938,919393,1728,-42,12060,-75,-184,-283,0.01326,-0.00401,0.99914,-0.57252,-1.40458,-2.16031
91939,919403,1732,-10,12072,-80,-192,-276,0.01351,-0.00204,0.99986,-0.61069,-1.46565,-2.10687
91940,919413,1746,-38,12052,-79,-187,-281,0.01437,-0.00376,0.99867,-0.60305,-1.42748,-2.14504
91941,919423,1736,-18,12102,-76,-186,-282,0.01375,-0.00253,1.00164,-0.58015,-1.41985,-2.15267
91942,919433,1704,-38,12096,-80,-177,-279,0.01179,-0.00376,1.00128,-0.61069,-1.35115,-2.12977
91943,919443,1752,-16,12136,-72,-177,-282,0.01473,-0.00241,1.00366,-0.54962,-1.35115,-2.15267
91944,919453,1724,-50,12084,-77,-186,-281,0.01302,-0.0045,1.00057,-0.58779,-1.41985,-2.14504
91945,919463,1742,-42,12028,-76,-186,-279,0.01412,-0.00401,0.99724,-0.58015,-1.41985,-2.12977
91946,919473,1766,-34,12092,-81,-186,-281,0.01559,-0.00351,1.00105,-0.61832,-1.41985,-2.14504
91947,919483,1756,-46,12034,-81,-179,-282,0.01498,-0.00425,0.9976,-0.61832,-1.36641,-2.15267
91948,919493,1738,-12,12078,-82,-187,-278,0.01387,-0.00217,1.00021,-0.62595,-1.42748,-2.12214
91949,919503,1748,-24,12040,-83,-186,-276,0.01449,-0.0029,0.99796,-0.63359,-1.41985,-2.10687
91950,919513,1786,-44,12056,-74,-188,-280,0.01682,-0.00413,0.99891,-0.56489,-1.43511,-2.1374
91951,919523,1704,-68,12038,-76,-184,-281,0.01179,-0.0056,0.99784,-0.58015,-1.40458,-2.14504
91952,919533,1738,-38,12044,-76,-184,-275,0.01387,-0.00376,0.99819,-0.58015,-1.40458,-2.09924
91953,919543,1706,2,12060,-73,-190,-276,0.01191,-0.00131,0.99914,-0.55725,-1.45038,-2.10687
91954,919553,1722,-4,11988,-73,-182,-282,0.01289,-0.00167,0.99487,-0.55725,-1.38931,-2.15267
91955,919563,1704,-48,12014,-80,-186,-284,0.01179,-0.00437,0.99641,-0.61069,-1.41985,-2.16794
91956,919573,1696,-40,11986,-77,-183,-281,0.0113,-0.00388,0.99475,-0.58779,-1.39695,-2.14504
91957,919583,1712,-36,12102,-82,-189,-281,0.01228,-0.00364,1.00164,-0.62595,-1.44275,-2.14504
91958,919593,1694,-18,12124,-80,-183,-273,0.01117,-0.00253,1.00295,-0.61069,-1.39695,-2.08397
91959,919603,1800,-28,12058,-78,-182,-285,0.01768,-0.00315,0.99903,-0.59542,-1.38931,-2.17557
91960,919613,1710,-8,12064,-77,-188,-283,0.01216,-0.00192,0.99938,-0.58779,-1.43511,-2.16031
91961,919623,1732,-24,12046,-82,-187,-284,0.01351,-0.0029,0.99831,-0.62595,-1.42748,-2.16794
91962,919633,1738,-88,12028,-79,-187,-279,0.01387,-0.00683,0.99724,-0.60305,-1.42748,-2.12977
91963,919643,1790,-70,12088,-73,-187,-281,0.01707,-0.00572,1.00081,-0.55725,-1.42748,-2.14504
91964,919653,1716,-50,12072,-76,-185,-285,0.01252,-0.0045,0.99986,-0.58015,-1.41221,-2.17557
91965,919663,1716,-28,12066,-78,-184,-281,0.01252,-0.00315,0.9995,-0.59542,-1.40458,-2.14504
91966,919673,1718,-60,11992,-77,-188,-277,0.01265,-0.00511,0.9951,-0.58779,-1.43511,-2.1145
91967,919683,1762,-80,12082,-77,-185,-282,0.01535,-0.00634,1.00045,-0.58779,-1.41221,-2.15267
91968,919693,1754,-44,12070,-80,-183,-283,0.01486,-0.00413,0.99974,-0.61069,-1.39695,-2.16031
91969,919703,1748,-58,12110,-80,-191,-283,0.01449,-0.00499,1.00212,-0.61069,-1.45802,-2.16031
91970,919713,1766,-34,12064,-76,-189,-284,0.01559,-0.00351,0.99938,-0.58015,-1.44275,-2.16794
91971,919723,1698,-30,12026,-83,-185,-275,0.01142,-0.00327,0.99712,-0.63359,-1.41221,-2.09924
91972,919733,1732,-42,12090,-80,-181,-272,0.01351,-0.00401,1.00093,-0.61069,-1.38168,-2.07634
91973,919743,1692,-20,12028,-78,-184,-286,0.01105,-0.00266,0.99724,-0.59542,-1.40458,-2.18321
91974,919753,1698,-20,12090,-81,-184,-282,0.01142,-0.00266,1.00093,-0.61832,-1.40458,-2.15267
91975,919763,1734,-70,12054,-76,-189,-280,0.01363,-0.00572,0.99879,-0.58015,-1.44275,-2.1374
91976,919773,1764,-42,12046,-80,-181,-275,0.01547,-0.00401,0.99831,-0.61069,-1.38168,-2.09924
91977,919783,1738,-38,12092,-75,-171,-279,0.01387,-0.00376,1.00105,-0.57252,-1.30534,-2.12977
91978,919793,1760,14,12042,-75,-175,-278,0.01522,-0.00057,0.99807,-0.57252,-1.33588,-2.12214
91979,919803,1720,-16,12102,-77,-180,-278,0.01277,-0.00241,1.00164,-0.58779,-1.37405,-2.12214
91980,919813,1740,-72,12030,-80,-187,-278,0.014,-0.00585,0.99736,-0.61069,-1.42748,-2.12214
91981,919823,1766,-64,12052,-78,-180,-281,0.01559,-0.00536,0.99867,-0.59542,-1.37405,-2.14504
91982,919833,1754,-28,12052,-78,-180,-282,0.01486,-0.00315,0.99867,-0.59542,-1.37405,-2.15267
91983,919843,1740,-68,12006,-83,-182,-280,0.014,-0.0056,0.99594,-0.63359,-1.38931,-2.1374
91984,919853,1740,-34,11932,-75,-178,-279,0.014,-0.00351,0.99154,-0.57252,-1.35878,-2.12977
91985,919863,1728,-54,12046,-72,-184,-279,0.01326,-0.00474,0.99831,-0.54962,-1.40458,-2.12977
91986,919873,1720,-24,12020,-68,-180,-277,0.01277,-0.0029,0.99677,-0.51908,-1.37405,-2.1145
91987,919883,1718,22,12020,-79,-185,-282,0.01265,-8e-05,0.99677,-0.60305,-1.41221,-2.15267
91988,919893,1770,-26,12080,-80,-186,-281,0.01584,-0.00302,1.00033,-0.61069,-1.41985,-2.14504
91989,919903,1716,-106,12074,-83,-187,-286,0.01252,-0.00793,0.99998,-0.63359,-1.42748,-2.18321
91990,919913,1734,-72,12110,-78,-192,-283,0.01363,-0.00585,1.00212,-0.59542,-1.46565,-2.16031
91991,919923,1704,-46,12076,-75,-185,-281,0.01179,-0.00425,1.0001,-0.57252,-1.41221,-2.14504
91992,919933,1692,-52,12036,-77,-186,-279,0.01105,-0.00462,0.99772,-0.58779,-1.41985,-2.12977
91993,919943,1722,-36,12086,-70,-178,-281,0.01289,-0.00364,1.00069,-0.53435,-1.35878,-2.14504
91994,919953,1730,-38,12104,-74,-180,-277,0.01338,-0.00376,1.00176,-0.56489,-1.37405,-2.1145
91995,919963,1690,-32,12016,-76,-186,-281,0.01093,-0.00339,0.99653,-0.58015,-1.41985,-2.14504
91996,919973,1722,-32,12122,-82,-191,-278,0.01289,-0.00339,1.00283,-0.62595,-1.45802,-2.12214
91997,919983,1752,-56,12028,-80,-188,-283,0.01473,-0.00486,0.99724,-0.61069,-1.43511,-2.16031
91998,919993,1704,-32,11988,-79,-183,-282,0.01179,-0.00339,0.99487,-0.60305,-1.39695,-2.15267
91999,920003,1746,-56,12046,-73,-185,-284,0.01437,-0.00486,0.99831,-0.55725,-1.41221,-2.16794
92000,920013,1784,-8,12054,-81,-189,-283,0.0167,-0.00192,0.99879,-0.61832,-1.44275,-2.16031
92001,920023,1708,-6,12070,-80,-187,-276,0.01203,-0.0018,0.99974,-0.61069,-1.42748,-2.10687
92002,920033,1724,-56,12082,-79,-182,-278,0.01302,-0.00486,1.00045,-0.60305,-1.38931,-2.12214
92003,920043,1676,-68,12066,-85,-187,-283,0.01007,-0.0056,0.9995,-0.64885,-1.42748,-2.16031
92004,920053,1760,-22,12040,-77,-179,-281,0.01522,-0.00278,0.99796,-0.58779,-1.36641,-2.14504
92005,920063,1728,-58,12082,-82,-184,-275,0.01326,-0.00499,1.00045,-0.62595,-1.40458,-2.09924
92006,920073,1684,-48,12074,-73,-178,-276,0.01056,-0.00437,0.99998,-0.55725,-1.35878,-2.10687
92007,920083,1710,-14,12090,-79,-183,-279,0.01216,-0.00229,1.00093,-0.60305,-1.39695,-2.12977
92008,920093,1708,-40,12070,-82,-183,-279,0.01203,-0.00388,0.99974,-0.62595,-1.39695,-2.12977
92009,920103,1726,-54,12040,-79,-185,-279,0.01314,-0.00474,0.99796,-0.60305,-1.41221,-2.12977
92010,920113,1702,-60,12050,-79,-187,-277,0.01167,-0.00511,0.99855,-0.60305,-1.42748,-2.1145
92011,920123,1744,-22,12058,-79,-177,-279,0.01424,-0.00278,0.99903,-0.60305,-1.35115,-2.12977
92012,920133,1714,-98,12008,-79,-178,-283,0.0124,-0.00744,0.99605,-0.60305,-1.35878,-2.16031
92013,920143,1688,-50,12048,-78,-177,-285,0.01081,-0.0045,0.99843,-0.59542,-1.35115,-2.17557
92014,920153,1724,-62,12102,-76,-181,-282,0.01302,-0.00523,1.00164,-0.58015,-1.38168,-2.15267
92015,920163,1756,-26,11990,-80,-186,-279,0.01498,-0.00302,0.99498,-0.61069,-1.41985,-2.12977
92016,920173,1728,-54,12070,-79,-184,-287,0.01326,-0.00474,0.99974,-0.60305,-1.40458,-2.19084
92017,920183,1748,-26,12030,-83,-172,-282,0.01449,-0.00302,0.99736,-0.63359,-1.31298,-2.15267
92018,920193,1720,-96,12028,-82,-178,-281,0.01277,-0.00732,0.99724,-0.62595,-1.35878,-2.14504
92019,920203,1706,-70,12060,-80,-177,-279,0.01191,-0.00572,0.99914,-0.61069,-1.35115,-2.12977
92020,920213,1716,0,12008,-76,-188,-274,0.01252,-0.00143,0.99605,-0.58015,-1.43511,-2.0916
92021,920223,1714,-32,12108,-77,-190,-279,0.0124,-0.00339,1.002,-0.58779,-1.45038,-2.12977
92022,920233,1746,-52,12074,-80,-184,-277,0.01437,-0.00462,0.99998,-0.61069,-1.40458,-2.1145
92023,920243,1720,-26,12046,-76,-185,-281,0.01277,-0.00302,0.99831,-0.58015,-1.41221,-2.14504
92024,920253,1722,-32,12048,-72,-185,-285,0.01289,-0.00339,0.99843,-0.54962,-1.41221,-2.17557
92025,920263,1756,-50,12034,-79,-181,-281,0.01498,-0.0045,0.9976,-0.60305,-1.38168,-2.14504
92026,920273,1714,-42,12070,-78,-185,-284,0.0124,-0.00401,0.99974,-0.59542,-1.41221,-2.16794
92027,920283,1684,-44,12110,-78,-183,-287,0.01056,-0.00413,1.00212,-0.59542,-1.39695,-2.19084
92028,920293,1718,-68,11996,-77,-187,-288,0.01265,-0.0056,0.99534,-0.58779,-1.42748,-2.19847
92029,920303,1704,-42,12110,-78,-183,-279,0.01179,-0.00401,1.00212,-0.59542,-1.39695,-2.12977
92030,920313,1720,-20,12094,-80,-180,-282,0.01277,-0.00266,1.00116,-0.61069,-1.37405,-2.15267
92031,920323,1740,-42,12106,-77,-191,-283,0.014,-0.00401,1.00188,-0.58779,-1.45802,-2.16031
92032,920333,1690,-42,12066,-79,-187,-277,0.01093,-0.00401,0.9995,-0.60305,-1.42748,-2.1145
92033,920343,1762,-28,12066,-81,-190,-287,0.01535,-0.00315,0.9995,-0.61832,-1.45038,-2.19084
92034,920353,1788,-24,12060,-78,-194,-287,0.01694,-0.0029,0.99914,-0.59542,-1.48092,-2.19084
92035,920363,1746,-18,12056,-79,-191,-277,0.01437,-0.00253,0.99891,-0.60305,-1.45802,-2.1145
92036,920373,1670,-2,12016,-77,-189,-277,0.0097,-0.00155,0.99653,-0.58779,-1.44275,-2.1145
92037,920383,1678,-34,12062,-84,-186,-275,0.01019,-0.00351,0.99926,-0.64122,-1.41985,-2.09924
92038,920393,1714,-46,12028,-72,-187,-274,0.0124,-0.00425,0.99724,-0.54962,-1.42748,-2.0916
92039,920403,1720,-76,11994,-77,-182,-278,0.01277,-0.00609,0.99522,-0.58779,-1.38931,-2.12214
92040,920413,1710,-34,12074,-84,-191,-285,0.01216,-0.00351,0.99998,-0.64122,-1.45802,-2.17557
92041,920423,1734,-40,12004,-83,-193,-288,0.01363,-0.00388,0.99582,-0.63359,-1.47328,-2.19847
92042,920433,1698,-62,12012,-77,-192,-280,0.01142,-0.00523,0.99629,-0.58779,-1.46565,-2.1374
92043,920443,1752,-56,12072,-78,-181,-280,0.01473,-0.00486,0.99986,-0.59542,-1.38168,-2.1374
92044,920453,1766,8,11982,-75,-179,-282,0.01559,-0.00094,0.99451,-0.57252,-1.36641,-2.15267
92045,920463,1698,-36,12072,-80,-184,-283,0.01142,-0.00364,0.99986,-0.61069,-1.40458,-2.16031
92046,920473,1736,-18,12040,-83,-190,-278,0.01375,-0.00253,0.99796,-0.63359,-1.45038,-2.12214
92047,920483,1776,4,12104,-84,-187,-278,0.01621,-0.00118,1.00176,-0.64122,-1.42748,-2.12214
92048,920493,1698,6,12056,-79,-185,-283,0.01142,-0.00106,0.99891,-0.60305,-1.41221,-2.16031
92049,920503,1764,-14,12076,-77,-185,-281,0.01547,-0.00229,1.0001,-0.58779,-1.41221,-2.14504
92050,920513,1722,-58,12070,-82,-183,-283,0.01289,-0.00499,0.99974,-0.62595,-1.39695,-2.16031
92051,920523,1756,-52,12080,-85,-176,-281,0.01498,-0.00462,1.00033,-0.64885,-1.34351,-2.14504
92052,920533,1702,-30,12040,-76,-178,-282,0.01167,-0.00327,0.99796,-0.58015,-1.35878,-2.15267
92053,920543,1732,-10,12016,-83,-174,-280,0.01351,-0.00204,0.99653,-0.63359,-1.32824,-2.1374
92054,920553,1682,-58,12076,-77,-178,-279,0.01044,-0.00499,1.0001,-0.58779,-1.35878,-2.12977
92055,920563,1756,-50,12042,-76,-179,-283,0.01498,-0.0045,0.99807,-0.58015,-1.36641,-2.16031
92056,920573,1712,-76,12054,-78,-187,-282,0.01228,-0.00609,0.99879,-0.59542,-1.42748,-2.15267
92057,920583,1728,-8,12094,-77,-181,-280,0.01326,-0.00192,1.00116,-0.58779,-1.38168,-2.1374
92058,920593,1784,-58,11992,-77,-189,-283,0.0167,-0.00499,0.9951,-0.58779,-1.44275,-2.16031
92059,920603,1726,-6,12046,-80,-190,-280,0.01314,-0.0018,0.99831,-0.61069,-1.45038,-2.1374
92060,920613,1724,-22,12094,-78,-192,-277,0.01302,-0.00278,1.00116,-0.59542,-1.46565,-2.1145
92061,920623,1768,-66,12054,-81,-178,-278,0.01572,-0.00548,0.99879,-0.61832,-1.35878,-2.12214
92062,920633,1774,4,12022,-84,-184,-279,0.01608,-0.00118,0.99689,-0.64122,-1.40458,-2.12977
92063,920643,1760,-46,12066,-78,-187,-274,0.01522,-0.00425,0.9995,-0.59542,-1.42748,-2.0916
92064,920653,1746,24,12012,-84,-178,-285,0.01437,4e-05,0.99629,-0.64122,-1.35878,-2.17557
92065,920663,1672,-44,12046,-80,-187,-283,0.00982,-0.00413,0.99831,-0.61069,-1.42748,-2.16031
92066,920673,1712,-36,12056,-77,-188,-277,0.01228,-0.00364,0.99891,-0.58779,-1.43511,-2.1145
92067,920683,1716,-44,12104,-79,-193,-271,0.01252,-0.00413,1.00176,-0.60305,-1.47328,-2.0687
92068,920693,1714,-16,12122,-79,-188,-279,0.0124,-0.00241,1.00283,-0.60305,-1.43511,-2.12977
92069,920703,1738,-46,12044,-81,-189,-283,0.01387,-0.00425,0.99819,-0.61832,-1.44275,-2.16031
92070,920713,1736,-32,12104,-79,-181,-278,0.01375,-0.00339,1.00176,-0.60305,-1.38168,-2.12214
92071,920723,1752,-8,12028,-83,-184,-283,0.01473,-0.00192,0.99724,-0.63359,-1.40458,-2.16031
92072,920733,1714,-46,12096,-79,-177,-283,0.0124,-0.00425,1.00128,-0.60305,-1.35115,-2.16031
92073,920743,1710,4,12044,-86,-181,-281,0.01216,-0.00118,0.99819,-0.65649,-1.38168,-2.14504
92074,920753,1772,-36,12048,-78,-186,-279,0.01596,-0.00364,0.99843,-0.59542,-1.41985,-2.12977
92075,920763,1748,-70,12058,-80,-192,-280,0.01449,-0.00572,0.99903,-0.61069,-1.46565,-2.1374
92076,920773,1734,-30,12006,-74,-189,-275,0.01363,-0.00327,0.99594,-0.56489,-1.44275,-2.09924
92077,920783,1736,-50,12020,-74,-186,-275,0.01375,-0.0045,0.99677,-0.56489,-1.41985,-2.09924
92078,920793,1744,0,12054,-82,-183,-282,0.01424,-0.00143,0.99879,-0.62595,-1.39695,-2.15267
92079,920803,1706,-52,12058,-81,-183,-280,0.01191,-0.00462,0.99903,-0.61832,-1.39695,-2.1374
92080,920813,1670,-66,12000,-82,-179,-281,0.0097,-0.00548,0.99558,-0.62595,-1.36641,-2.14504
92081,920823,1682,-34,12068,-78,-186,-278,0.01044,-0.00351,0.99962,-0.59542,-1.41985,-2.12214
92082,920833,1752,-22,12022,-76,-188,-284,0.01473,-0.00278,0.99689,-0.58015,-1.43511,-2.16794
92083,920843,1728,-58,12124,-76,-183,-278,0.01326,-0.00499,1.00295,-0.58015,-1.39695,-2.12214
92084,920853,1790,-64,12086,-76,-185,-278,0.01707,-0.00536,1.00069,-0.58015,-1.41221,-2.12214
92085,920863,1728,-30,12128,-82,-183,-287,0.01326,-0.00327,1.00318,-0.62595,-1.39695,-2.19084
92086,920873,1666,-50,12086,-80,-182,-280,0.00946,-0.0045,1.00069,-0.61069,-1.38931,-2.1374
92087,920883,1706,-34,12092,-79,-190,-279,0.01191,-0.00351,1.00105,-0.60305,-1.45038,-2.12977
92088,920893,1730,-12,12062,-79,-183,-280,0.01338,-0.00217,0.99926,-0.60305,-1.39695,-2.1374
92089,920903,1720,-56,12094,-84,-180,-280,0.01277,-0.00486,1.00116,-0.64122,-1.37405,-2.1374
92090,920913,1722,-34,12100,-71,-179,-282,0.01289,-0.00351,1.00152,-0.54198,-1.36641,-2.15267
92091,920923,1738,-22,12054,-74,-186,-283,0.01387,-0.00278,0.99879,-0.56489,-1.41985,-2.16031
92092,920933,1712,-72,12014,-75,-183,-281,0.01228,-0.00585,0.99641,-0.57252,-1.39695,-2.14504
92093,920943,1706,-38,12038,-73,-188,-287,0.01191,-0.00376,0.99784,-0.55725,-1.43511,-2.19084
92094,920953,1702,-32,12056,-79,-186,-279,0.01167,-0.00339,0.99891,-0.60305,-1.41985,-2.12977
92095,920963,1698,-16,12058,-78,-195,-279,0.01142,-0.00241,0.99903,-0.59542,-1.48855,-2.12977
92096,920973,1714,-28,12048,-83,-189,-281,0.0124,-0.00315,0.99843,-0.63359,-1.44275,-2.14504
92097,920983,1696,-28,12080,-86,-194,-279,0.0113,-0.00315,1.00033,-0.65649,-1.48092,-2.12977
92098,920993,1748,-6,12082,-80,-182,-279,0.01449,-0.0018,1.00045,-0.61069,-1.38931,-2.12977
92099,921003,1732,-20,12064,-79,-192,-284,0.01351,-0.00266,0.99938,-0.60305,-1.46565,-2.16794
92100,921013,1744,16,12074,-86,-193,-281,0.01424,-0.00045,0.99998,-0.65649,-1.47328,-2.14504
92101,921023,1746,-16,11998,-79,-188,-277,0.01437,-0.00241,0.99546,-0.60305,-1.43511,-2.1145
92102,921033,1722,-34,12088,-78,-184,-276,0.01289,-0.00351,1.00081,-0.59542,-1.40458,-2.10687
92103,921043,1712,-32,12082,-78,-182,-273,0.01228,-0.00339,1.00045,-0.59542,-1.38931,-2.08397
92104,921053,1742,-20,12086,-80,-189,-281,0.01412,-0.00266,1.00069,-0.61069,-1.44275,-2.14504
92105,921063,1722,-22,12086,-79,-182,-275,0.01289,-0.00278,1.00069,-0.60305,-1.38931,-2.09924
92106,921073,1686,-2,12020,-79,-187,-282,0.01068,-0.00155,0.99677,-0.60305,-1.42748,-2.15267
92107,921083,1730,-52,12006,-80,-179,-281,0.01338,-0.00462,0.99594,-0.61069,-1.36641,-2.14504
92108,921093,1798,-28,11988,-77,-179,-279,0.01756,-0.00315,0.99487,-0.58779,-1.36641,-2.12977
92109,921103,1730,20,12044,-81,-179,-289,0.01338,-0.0002,0.99819,-0.61832,-1.36641,-2.20611
92110,921113,1718,-76,12006,-76,-176,-281,0.01265,-0.00609,0.99594,-0.58015,-1.34351,-2.14504
92111,921123,1734,-12,11998,-74,-183,-281,0.01363,-0.00217,0.99546,-0.56489,-1.39695,-2.14504
92112,921133,1726,-44,12082,-77,-189,-280,0.01314,-0.00413,1.00045,-0.58779,-1.44275,-2.1374
92113,921143,1724,-16,12120,-80,-190,-281,0.01302,-0.00241,1.00271,-0.61069,-1.45038,-2.14504
92114,921153,1714,-30,12026,-80,-183,-284,0.0124,-0.00327,0.99712,-0.61069,-1.39695,-2.16794
92115,921163,1706,-36,12026,-76,-182,-280,0.01191,-0.00364,0.99712,-0.58015,-1.38931,-2.1374
92116,921173,1702,-42,12040,-77,-185,-281,0.01167,-0.00401,0.99796,-0.58779,-1.41221,-2.14504
92117,921183,1728,-48,12086,-82,-189,-281,0.01326,-0.00437,1.00069,-0.62595,-1.44275,-2.14504
92118,921193,1722,-14,12114,-79,-185,-285,0.01289,-0.00229,1.00235,-0.60305,-1.41221,-2.17557
92119,921203,1728,-34,12032,-82,-184,-281,0.01326,-0.00351,0.99748,-0.62595,-1.40458,-2.14504
92120,921213,1736,-26,12094,-83,-177,-277,0.01375,-0.00302,1.00116,-0.63359,-1.35115,-2.1145
92121,921223,1724,-50,12030,-79,-183,-282,0.01302,-0.0045,0.99736,-0.60305,-1.39695,-2.15267
92122,921233,1738,-42,11994,-81,-181,-279,0.01387,-0.00401,0.99522,-0.61832,-1.38168,-2.12977
92123,921243,1762,-26,12056,-81,-178,-278,0.01535,-0.00302,0.99891,-0.61832,-1.35878,-2.12214
92124,921253,1710,-64,12042,-80,-183,-283,0.01216,-0.00536,0.99807,-0.61069,-1.39695,-2.16031
92125,921263,1712,-32,12046,-77,-183,-282,0.01228,-0.00339,0.99831,-0.58779,-1.39695,-2.15267
92126,921273,1736,-26,12006,-76,-184,-280,0.01375,-0.00302,0.99594,-0.58015,-1.40458,-2.1374
92127,921283,1726,-20,12022,-74,-190,-281,0.01314,-0.00266,0.99689,-0.56489,-1.45038,-2.14504
92128,921293,1714,4,12002,-81,-184,-286,0.0124,-0.00118,0.9957,-0.61832,-1.40458,-2.18321
92129,921303,1752,6,12076,-79,-182,-279,0.01473,-0.00106,1.0001,-0.60305,-1.38931,-2.12977
92130,921313,1718,-32,12060,-78,-186,-280,0.01265,-0.00339,0.99914,-0.59542,-1.41985,-2.1374
92131,921323,1728,-28,12000,-76,-175,-280,0.01326,-0.00315,0.99558,-0.58015,-1.33588,-2.1374
92132,921333,1752,-16,12006,-85,-184,-284,0.01473,-0.00241,0.99594,-0.64885,-1.40458,-2.16794
92133,921343,1698,-8,12018,-78,-183,-285,0.01142,-0.00192,0.99665,-0.59542,-1.39695,-2.17557
92134,921353,1768,-80,12082,-77,-180,-279,0.01572,-0.00634,1.00045,-0.58779,-1.37405,-2.12977
92135,921363,1694,-42,12098,-85,-192,-280,0.01117,-0.00401,1.0014,-0.64885,-1.46565,-2.1374
92136,921373,1738,-110,12046,-78,-185,-285,0.01387,-0.00818,0.99831,-0.59542,-1.41221,-2.17557
92137,921383,1740,-46,12040,-80,-175,-279,0.014,-0.00425,0.99796,-0.61069,-1.33588,-2.12977
92138,921393,1724,-12,12106,-81,-180,-276,0.01302,-0.00217,1.00188,-0.61832,-1.37405,-2.10687
92139,921403,1722,-52,12056,-81,-185,-275,0.01289,-0.00462,0.99891,-0.61832,-1.41221,-2.09924
92140,921413,1710,-24,12094,-79,-185,-282,0.01216,-0.0029,1.00116,-0.60305,-1.41221,-2.15267
92141,921423,1730,-38,12030,-76,-181,-279,0.01338,-0.00376,0.99736,-0.58015,-1.38168,-2.12977
92142,921433,1734,-16,12022,-73,-179,-277,0.01363,-0.00241,0.99689,-0.55725,-1.36641,-2.1145
92143,921443,1782,-8,12070,-71,-188,-281,0.01657,-0.00192,0.99974,-0.54198,-1.43511,-2.14504
92144,921453,1690,-32,12094,-79,-184,-286,0.01093,-0.00339,1.00116,-0.60305,-1.40458,-2.18321
92145,921463,1722,-38,12084,-80,-180,-281,0.01289,-0.00376,1.00057,-0.61069,-1.37405,-2.14504
92146,921473,1764,-52,12052,-83,-182,-283,0.01547,-0.00462,0.99867,-0.63359,-1.38931,-2.16031
92147,921483,1712,-24,12064,-77,-187,-278,0.01228,-0.0029,0.99938,-0.58779,-1.42748,-2.12214
92148,921493,1744,-38,12042,-81,-191,-282,0.01424,-0.00376,0.99807,-0.61832,-1.45802,-2.15267
92149,921503,1738,-6,12040,-85,-177,-282,0.01387,-0.0018,0.99796,-0.64885,-1.35115,-2.15267
92150,921513,1728,12,12060,-80,-181,-282,0.01326,-0.00069,0.99914,-0.61069,-1.38168,-2.15267
92151,921523,1718,6,12094,-79,-192,-283,0.01265,-0.00106,1.00116,-0.60305,-1.46565,-2.16031
92152,921533,1680,-52,12112,-77,-191,-283,0.01032,-0.00462,1.00223,-0.58779,-1.45802,-2.16031
92153,921543,1696,-22,12132,-80,-188,-282,0.0113,-0.00278,1.00342,-0.61069,-1.43511,-2.15267
92154,921553,1762,-38,12092,-83,-198,-281,0.01535,-0.00376,1.00105,-0.63359,-1.51145,-2.14504
92155,921563,1756,-36,12056,-79,-187,-282,0.01498,-0.00364,0.99891,-0.60305,-1.42748,-2.15267
92156,921573,1698,-52,12086,-76,-183,-281,0.01142,-0.00462,1.00069,-0.58015,-1.39695,-2.14504
92157,921583,1744,-58,12054,-74,-185,-277,0.01424,-0.00499,0.99879,-0.56489,-1.41221,-2.1145
92158,921593,1706,-94,12066,-73,-188,-281,0.01191,-0.0072,0.9995,-0.55725,-1.43511,-2.14504
92159,921603,1762,-42,12070,-78,-188,-281,0.01535,-0.00401,0.99974,-0.59542,-1.43511,-2.14504
92160,921613,1744,4,12058,-79,-193,-280,0.01424,-0.00118,0.99903,-0.60305,-1.47328,-2.1374
92161,921623,1734,-30,12002,-76,-188,-280,0.01363,-0.00327,0.9957,-0.58015,-1.43511,-2.1374
92162,921633,1712,-22,12076,-76,-182,-281,0.01228,-0.00278,1.0001,-0.58015,-1.38931,-2.14504
92163,921643,1778,-54,12112,-79,-181,-284,0.01633,-0.00474,1.00223,-0.60305,-1.38168,-2.16794
92164,921653,1698,-18,12026,-71,-181,-281,0.01142,-0.00253,0.99712,-0.54198,-1.38168,-2.14504
92165,921663,1726,-34,12132,-72,-188,-277,0.01314,-0.00351,1.00342,-0.54962,-1.43511,-2.1145
92166,921673,1714,-16,12070,-80,-191,-283,0.0124,-0.00241,0.99974,-0.61069,-1.45802,-2.16031
92167,921683,1700,-36,12120,-76,-179,-275,0.01154,-0.00364,1.00271,-0.58015,-1.36641,-2.09924
92168,921693,1744,-20,12100,-74,-181,-285,0.01424,-0.00266,1.00152,-0.56489,-1.38168,-2.17557
92169,921703,1714,-26,12048,-77,-184,-283,0.0124,-0.00302,0.99843,-0.58779,-1.40458,-2.16031
92170,921713,1710,10,12052,-84,-176,-286,0.01216,-0.00082,0.99867,-0.64122,-1.34351,-2.18321
92171,921723,1684,-58,12082,-80,-180,-285,0.01056,-0.00499,1.00045,-0.61069,-1.37405,-2.17557
92172,921733,1668,-74,12112,-78,-179,-284,0.00958,-0.00597,1.00223,-0.59542,-1.36641,-2.16794
92173,921743,1686,-36,12100,-79,-179,-283,0.01068,-0.00364,1.00152,-0.60305,-1.36641,-2.16031
92174,921753,1752,-24,12046,-79,-187,-282,0.01473,-0.0029,0.99831,-0.60305,-1.42748,-2.15267
92175,921763,1754,-24,12128,-80,-186,-278,0.01486,-0.0029,1.00318,-0.61069,-1.41985,-2.12214
92176,921773,1694,-60,12010,-70,-179,-277,0.01117,-0.00511,0.99617,-0.53435,-1.36641,-2.1145
92177,921783,1730,-10,12018,-74,-191,-280,0.01338,-0.00204,0.99665,-0.56489,-1.45802,-2.1374
92178,921793,1656,-60,12066,-75,-194,-283,0.00884,-0.00511,0.9995,-0.57252,-1.48092,-2.16031
92179,921803,1736,-46,12100,-75,-185,-282,0.01375,-0.00425,1.00152,-0.57252,-1.41221,-2.15267
92180,921813,1750,-30,12074,-73,-177,-280,0.01461,-0.00327,0.99998,-0.55725,-1.35115,-2.1374
92181,921823,1760,-74,12012,-79,-185,-279,0.01522,-0.00597,0.99629,-0.60305,-1.41221,-2.12977
92182,921833,1718,12,12082,-86,-191,-284,0.01265,-0.00069,1.00045,-0.65649,-1.45802,-2.16794
92183,921843,1716,-32,12108,-87,-185,-285,0.01252,-0.00339,1.002,-0.66412,-1.41221,-2.17557
92184,921853,1720,-6,12024,-83,-191,-281,0.01277,-0.0018,0.99701,-0.63359,-1.45802,-2.14504
92185,921863,1746,-12,12060,-76,-183,-285,0.01437,-0.00217,0.99914,-0.58015,-1.39695,-2.17557
92186,921873,1708,-28,12024,-78,-179,-283,0.01203,-0.00315,0.99701,-0.59542,-1.36641,-2.16031
92187,921883,1722,-6,12078,-75,-177,-280,0.01289,-0.0018,1.00021,-0.57252,-1.35115,-2.1374
92188,921893,1734,-66,12110,-74,-173,-281,0.01363,-0.00548,1.00212,-0.56489,-1.32061,-2.14504
92189,921903,1740,-34,12060,-79,-185,-278,0.014,-0.00351,0.99914,-0.60305,-1.41221,-2.12214
92190,921913,1762,-16,12076,-83,-191,-280,0.01535,-0.00241,1.0001,-0.63359,-1.45802,-2.1374
92191,921923,1738,-36,12112,-81,-185,-285,0.01387,-0.00364,1.00223,-0.61832,-1.41221,-2.17557
92192,921933,1752,-28,12102,-77,-181,-290,0.01473,-0.00315,1.00164,-0.58779,-1.38168,-2.21374
92193,921943,1716,-2,12046,-71,-181,-284,0.01252,-0.00155,0.99831,-0.54198,-1.38168,-2.16794
92194,921953,1744,-70,12020,-81,-176,-284,0.01424,-0.00572,0.99677,-0.61832,-1.34351,-2.16794
92195,921963,1728,-36,12088,-75,-175,-286,0.01326,-0.00364,1.00081,-0.57252,-1.33588,-2.18321
92196,921973,1724,-88,12122,-79,-191,-284,0.01302,-0.00683,1.00283,-0.60305,-1.45802,-2.16794
92197,921983,1726,-14,12122,-76,-179,-280,0.01314,-0.00229,1.00283,-0.58015,-1.36641,-2.1374
92198,921993,1752,-84,12002,-76,-180,-281,0.01473,-0.00658,0.9957,-0.58015,-1.37405,-2.14504
92199,922003,1744,-46,12110,-77,-184,-280,0.01424,-0.00425,1.00212,-0.58779,-1.40458,-2.1374
92200,922013,1692,-20,12036,-84,-175,-281,0.01105,-0.00266,0.99772,-0.64122,-1.33588,-2.14504
92201,922023,1740,-46,12070,-79,-184,-285,0.014,-0.00425,0.99974,-0.60305,-1.40458,-2.17557
92202,922033,1714,-18,12102,-79,-181,-284,0.0124,-0.00253,1.00164,-0.60305,-1.38168,-2.16794
92203,922043,1692,-42,12014,-84,-185,-281,0.01105,-0.00401,0.99641,-0.64122,-1.41221,-2.14504
92204,922053,1700,-56,12082,-84,-184,-289,0.01154,-0.00486,1.00045,-0.64122,-1.40458,-2.20611
92205,922063,1730,-56,12056,-75,-179,-284,0.01338,-0.00486,0.99891,-0.57252,-1.36641,-2.16794
92206,922073,1716,-46,12036,-84,-193,-287,0.01252,-0.00425,0.99772,-0.64122,-1.47328,-2.19084
92207,922083,1700,-62,12108,-80,-182,-289,0.01154,-0.00523,1.002,-0.61069,-1.38931,-2.20611
92208,922093,1700,-46,12062,-83,-178,-281,0.01154,-0.00425,0.99926,-0.63359,-1.35878,-2.14504
92209,922103,1722,-74,12072,-78,-187,-274,0.01289,-0.00597,0.99986,-0.59542,-1.42748,-2.0916
92210,922113,1690,-18,11974,-82,-183,-281,0.01093,-0.00253,0.99403,-0.62595,-1.39695,-2.14504
92211,922123,1666,0,12060,-80,-193,-280,0.00946,-0.00143,0.99914,-0.61069,-1.47328,-2.1374
92212,922133,1736,-64,12024,-75,-188,-283,0.01375,-0.00536,0.99701,-0.57252,-1.43511,-2.16031
92213,922143,1752,-24,11984,-72,-193,-277,0.01473,-0.0029,0.99463,-0.54962,-1.47328,-2.1145
92214,922153,1704,-16,11988,-74,-189,-278,0.01179,-0.00241,0.99487,-0.56489,-1.44275,-2.12214
92215,922163,1704,12,12078,-76,-181,-280,0.01179,-0.00069,1.00021,-0.58015,-1.38168,-2.1374
92216,922173,1756,-66,12030,-75,-187,-281,0.01498,-0.00548,0.99736,-0.57252,-1.42748,-2.14504
92217,922183,1716,-54,12066,-77,-185,-281,0.01252,-0.00474,0.9995,-0.58779,-1.41221,-2.14504
92218,922193,1756,-36,12056,-76,-185,-280,0.01498,-0.00364,0.99891,-0.58015,-1.41221,-2.1374
92219,922203,1760,-16,12048,-77,-178,-286,0.01522,-0.00241,0.99843,-0.58779,-1.35878,-2.18321
92220,922213,1768,-64,12094,-77,-181,-285,0.01572,-0.00536,1.00116,-0.58779,-1.38168,-2.17557
92221,922223,1742,-50,12006,-80,-183,-286,0.01412,-0.0045,0.99594,-0.61069,-1.39695,-2.18321
92222,922233,1738,-42,12122,-81,-181,-283,0.01387,-0.00401,1.00283,-0.61832,-1.38168,-2.16031
92223,922243,1688,-22,12088,-81,-180,-276,0.01081,-0.00278,1.00081,-0.61832,-1.37405,-2.10687
92224,922253,1714,-44,12000,-75,-188,-281,0.0124,-0.00413,0.99558,-0.57252,-1.43511,-2.14504
92225,922263,1750,-24,12026,-81,-185,-279,0.01461,-0.0029,0.99712,-0.61832,-1.41221,-2.12977
92226,922273,1732,-34,12066,-79,-180,-281,0.01351,-0.00351,0.9995,-0.60305,-1.37405,-2.14504
92227,922283,1728,-14,12078,-79,-183,-279,0.01326,-0.00229,1.00021,-0.60305,-1.39695,-2.12977
92228,922293,1728,-32,12040,-79,-185,-282,0.01326,-0.00339,0.99796,-0.60305,-1.41221,-2.15267
92229,922303,1738,-48,12082,-77,-185,-284,0.01387,-0.00437,1.00045,-0.58779,-1.41221,-2.16794
92230,922313,1682,-44,12072,-82,-187,-285,0.01044,-0.00413,0.99986,-0.62595,-1.42748,-2.17557
92231,922323,1696,-52,12056,-79,-193,-283,0.0113,-0.00462,0.99891,-0.60305,-1.47328,-2.16031
92232,922333,1730,-20,12070,-78,-181,-282,0.01338,-0.00266,0.99974,-0.59542,-1.38168,-2.15267
92233,922343,1712,-28,12034,-76,-188,-280,0.01228,-0.00315,0.9976,-0.58015,-1.43511,-2.1374
92234,922353,1730,-70,12122,-78,-182,-275,0.01338,-0.00572,1.00283,-0.59542,-1.38931,-2.09924
92235,922363,1694,-24,12072,-76,-176,-282,0.01117,-0.0029,0.99986,-0.58015,-1.34351,-2.15267
92236,922373,1730,-10,12050,-74,-178,-276,0.01338,-0.00204,0.99855,-0.56489,-1.35878,-2.10687
92237,922383,1746,-28,12058,-81,-180,-279,0.01437,-0.00315,0.99903,-0.61832,-1.37405,-2.12977
92238,922393,1720,-36,12046,-86,-184,-277,0.01277,-0.00364,0.99831,-0.65649,-1.40458,-2.1145
92239,922403,1760,-68,12112,-75,-188,-279,0.01522,-0.0056,1.00223,-0.57252,-1.43511,-2.12977
92240,922413,1740,-28,12058,-75,-191,-284,0.014,-0.00315,0.99903,-0.57252,-1.45802,-2.16794
92241,922423,1792,8,12106,-76,-185,-284,0.01719,-0.00094,1.00188,-0.58015,-1.41221,-2.16794
92242,922433,1714,-20,12052,-76,-188,-283,0.0124,-0.00266,0.99867,-0.58015,-1.43511,-2.16031
92243,922443,1742,-42,12010,-76,-189,-283,0.01412,-0.00401,0.99617,-0.58015,-1.44275,-2.16031
92244,922453,1686,-80,12132,-82,-183,-282,0.01068,-0.00634,1.00342,-0.62595,-1.39695,-2.15267
92245,922463,1750,-46,12084,-82,-186,-281,0.01461,-0.00425,1.00057,-0.62595,-1.41985,-2.14504
92246,922473,1736,-26,12044,-78,-184,-287,0.01375,-0.00302,0.99819,-0.59542,-1.40458,-2.19084
92247,922483,1734,-50,12076,-74,-187,-284,0.01363,-0.0045,1.0001,-0.56489,-1.42748,-2.16794
92248,922493,1726,-76,12064,-78,-184,-286,0.01314,-0.00609,0.99938,-0.59542,-1.40458,-2.18321
92249,922503,1728,-36,12068,-76,-185,-279,0.01326,-0.00364,0.99962,-0.58015,-1.41221,-2.12977
92250,922513,1752,-18,12076,-75,-181,-281,0.01473,-0.00253,1.0001,-0.57252,-1.38168,-2.14504
92251,922523,1750,-6,12106,-72,-180,-284,0.01461,-0.0018,1.00188,-0.54962,-1.37405,-2.16794
92252,922533,1774,20,12080,-74,-198,-281,0.01608,-0.0002,1.00033,-0.56489,-1.51145,-2.14504
92253,922543,1746,-16,12040,-72,-189,-284,0.01437,-0.00241,0.99796,-0.54962,-1.44275,-2.16794
92254,922553,1738,22,12046,-83,-176,-277,0.01387,-8e-05,0.99831,-0.63359,-1.34351,-2.1145
92255,922563,1768,-18,12000,-77,-174,-278,0.01572,-0.00253,0.99558,-0.58779,-1.32824,-2.12214
92256,922573,1752,-58,12048,-73,-185,-282,0.01473,-0.00499,0.99843,-0.55725,-1.41221,-2.15267
92257,922583,1762,-34,12110,-76,-184,-280,0.01535,-0.00351,1.00212,-0.58015,-1.40458,-2.1374
92258,922593,1732,-34,12082,-80,-181,-279,0.01351,-0.00351,1.00045,-0.61069,-1.38168,-2.12977
92259,922603,1738,-22,11998,-80,-182,-280,0.01387,-0.00278,0.99546,-0.61069,-1.38931,-2.1374
92260,922613,1738,-78,11982,-81,-180,-282,0.01387,-0.00621,0.99451,-0.61832,-1.37405,-2.15267
92261,922623,1754,-42,12108,-78,-186,-283,0.01486,-0.00401,1.002,-0.59542,-1.41985,-2.16031
92262,922633,1768,-30,12074,-81,-181,-284,0.01572,-0.00327,0.99998,-0.61832,-1.38168,-2.16794
92263,922643,1714,-8,11946,-78,-189,-284,0.0124,-0.00192,0.99237,-0.59542,-1.44275,-2.16794
92264,922653,1756,-50,12062,-81,-193,-283,0.01498,-0.0045,0.99926,-0.61832,-1.47328,-2.16031
92265,922663,1750,-36,12064,-82,-187,-282,0.01461,-0.00364,0.99938,-0.62595,-1.42748,-2.15267
92266,922673,1756,-44,12084,-79,-182,-279,0.01498,-0.00413,1.00057,-0.60305,-1.38931,-2.12977
92267,922683,1732,8,12070,-72,-186,-283,0.01351,-0.00094,0.99974,-0.54962,-1.41985,-2.16031
92268,922693,1706,-46,12032,-73,-184,-283,0.01191,-0.00425,0.99748,-0.55725,-1.40458,-2.16031
92269,922703,1684,-24,12018,-74,-191,-280,0.01056,-0.0029,0.99665,-0.56489,-1.45802,-2.1374
92270,922713,1754,-48,12090,-77,-184,-280,0.01486,-0.00437,1.00093,-0.58779,-1.40458,-2.1374
92271,922723,1738,-32,12060,-78,-179,-278,0.01387,-0.00339,0.99914,-0.59542,-1.36641,-2.12214
92272,922733,1730,-56,12036,-77,-175,-276,0.01338,-0.00486,0.99772,-0.58779,-1.33588,-2.10687
92273,922743,1732,-74,12064,-80,-179,-279,0.01351,-0.00597,0.99938,-0.61069,-1.36641,-2.12977
92274,922753,1690,-60,12044,-79,-185,-292,0.01093,-0.00511,0.99819,-0.60305,-1.41221,-2.22901
92275,922763,1702,4,12054,-78,-183,-285,0.01167,-0.00118,0.99879,-0.59542,-1.39695,-2.17557
92276,922773,1720,-6,12012,-75,-175,-277,0.01277,-0.0018,0.99629,-0.57252,-1.33588,-2.1145
92277,922783,1710,2,12046,-73,-176,-281,0.01216,-0.00131,0.99831,-0.55725,-1.34351,-2.14504
92278,922793,1690,-50,12048,-78,-187,-283,0.01093,-0.0045,0.99843,-0.59542,-1.42748,-2.16031
92279,922803,1754,-26,12108,-79,-187,-275,0.01486,-0.00302,1.002,-0.60305,-1.42748,-2.09924
92280,922813,1706,2,12030,-79,-183,-274,0.01191,-0.00131,0.99736,-0.60305,-1.39695,-2.0916
92281,922823,1780,-6,12016,-81,-184,-278,0.01645,-0.0018,0.99653,-0.61832,-1.40458,-2.12214
92282,922833,1686,-44,12056,-79,-189,-275,0.01068,-0.00413,0.99891,-0.60305,-1.44275,-2.09924
92283,922843,1786,-46,12040,-82,-188,-278,0.01682,-0.00425,0.99796,-0.62595,-1.43511,-2.12214
92284,922853,1706,16,12096,-83,-179,-284,0.01191,-0.00045,1.00128,-0.63359,-1.36641,-2.16794
92285,922863,1744,-24,12002,-74,-182,-284,0.01424,-0.0029,0.9957,-0.56489,-1.38931,-2.16794
92286,922873,1786,-24,12052,-71,-189,-282,0.01682,-0.0029,0.99867,-0.54198,-1.44275,-2.15267
92287,922883,1776,-46,12040,-76,-185,-280,0.01621,-0.00425,0.99796,-0.58015,-1.41221,-2.1374
92288,922893,1756,-34,12098,-77,-186,-283,0.01498,-0.00351,1.0014,-0.58779,-1.41985,-2.16031
92289,922903,1712,-28,12066,-81,-179,-284,0.01228,-0.00315,0.9995,-0.61832,-1.36641,-2.16794
92290,922913,1726,-32,12054,-80,-187,-286,0.01314,-0.00339,0.99879,-0.61069,-1.42748,-2.18321
92291,922923,1708,-16,12118,-82,-179,-287,0.01203,-0.00241,1.00259,-0.62595,-1.36641,-2.19084
92292,922933,1714,-4,12068,-86,-177,-281,0.0124,-0.00167,0.99962,-0.65649,-1.35115,-2.14504
92293,922943,1666,-36,12082,-83,-181,-279,0.00946,-0.00364,1.00045,-0.63359,-1.38168,-2.12977
92294,922953,1738,-26,12052,-79,-182,-278,0.01387,-0.00302,0.99867,-0.60305,-1.38931,-2.12214
92295,922963,1726,-32,12048,-80,-181,-286,0.01314,-0.00339,0.99843,-0.61069,-1.38168,-2.18321
92296,922973,1692,-46,12004,-78,-178,-279,0.01105,-0.00425,0.99582,-0.59542,-1.35878,-2.12977
92297,922983,1800,-80,12022,-85,-187,-274,0.01768,-0.00634,0.99689,-0.64885,-1.42748,-2.0916
92298,922993,1752,-54,12070,-85,-175,-279,0.01473,-0.00474,0.99974,-0.64885,-1.33588,-2.12977
92299,923003,1768,-12,12044,-78,-179,-281,0.01572,-0.00217,0.99819,-0.59542,-1.36641,-2.14504
92300,923013,1782,-62,12024,-81,-181,-280,0.01657,-0.00523,0.99701,-0.61832,-1.38168,-2.1374
92301,923023,1726,-32,12044,-80,-184,-279,0.01314,-0.00339,0.99819,-0.61069,-1.40458,-2.12977
92302,923033,1740,-24,12088,-83,-186,-280,0.014,-0.0029,1.00081,-0.63359,-1.41985,-2.1374
92303,923043,1716,10,12046,-79,-185,-278,0.01252,-0.00082,0.99831,-0.60305,-1.41221,-2.12214
92304,923053,1732,2,12050,-80,-190,-284,0.01351,-0.00131,0.99855,-0.61069,-1.45038,-2.16794
92305,923063,1774,-12,12024,-82,-187,-276,0.01608,-0.00217,0.99701,-0.62595,-1.42748,-2.10687
92306,923073,1764,-32,12058,-81,-186,-278,0.01547,-0.00339,0.99903,-0.61832,-1.41985,-2.12214
92307,923083,1702,-36,12022,-77,-192,-277,0.01167,-0.00364,0.99689,-0.58779,-1.46565,-2.1145
92308,923093,1652,-28,11990,-77,-191,-278,0.0086,-0.00315,0.99498,-0.58779,-1.45802,-2.12214
92309,923103,1738,-66,11976,-72,-188,-279,0.01387,-0.00548,0.99415,-0.54962,-1.43511,-2.12977
92310,923113,1762,-46,12060,-71,-189,-287,0.01535,-0.00425,0.99914,-0.54198,-1.44275,-2.19084
92311,923123,1768,-52,12086,-81,-179,-283,0.01572,-0.00462,1.00069,-0.61832,-1.36641,-2.16031
92312,923133,1700,-28,12060,-79,-181,-283,0.01154,-0.00315,0.99914,-0.60305,-1.38168,-2.16031
92313,923143,1742,-26,12040,-77,-184,-288,0.01412,-0.00302,0.99796,-0.58779,-1.40458,-2.19847
92314,923153,1736,-78,12058,-74,-182,-287,0.01375,-0.00621,0.99903,-0.56489,-1.38931,-2.19084
92315,923163,1696,-20,12034,-77,-180,-281,0.0113,-0.00266,0.9976,-0.58779,-1.37405,-2.14504
92316,923173,1742,-70,12074,-78,-183,-276,0.01412,-0.00572,0.99998,-0.59542,-1.39695,-2.10687
92317,923183,1700,-38,12062,-72,-183,-276,0.01154,-0.00376,0.99926,-0.54962,-1.39695,-2.10687
92318,923193,1728,-28,12102,-81,-187,-283,0.01326,-0.00315,1.00164,-0.61832,-1.42748,-2.16031
92319,923203,1772,-66,12006,-83,-186,-275,0.01596,-0.00548,0.99594,-0.63359,-1.41985,-2.09924
92320,923213,1738,-72,12056,-77,-182,-281,0.01387,-0.00585,0.99891,-0.58779,-1.38931,-2.14504
92321,923223,1750,-4,12074,-74,-181,-283,0.01461,-0.00167,0.99998,-0.56489,-1.38168,-2.16031
92322,923233,1768,-6,12054,-79,-174,-279,0.01572,-0.0018,0.99879,-0.60305,-1.32824,-2.12977
92323,923243,1764,-54,12018,-80,-186,-272,0.01547,-0.00474,0.99665,-0.61069,-1.41985,-2.07634
92324,923253,1726,-72,12080,-84,-189,-280,0.01314,-0.00585,1.00033,-0.64122,-1.44275,-2.1374
92325,923263,1746,-38,12066,-74,-191,-278,0.01437,-0.00376,0.9995,-0.56489,-1.45802,-2.12214
92326,923273,1716,-24,12050,-87,-187,-278,0.01252,-0.0029,0.99855,-0.66412,-1.42748,-2.12214
92327,923283,1710,-18,12090,-82,-188,-280,0.01216,-0.00253,1.00093,-0.62595,-1.43511,-2.1374
92328,923293,1720,-60,12114,-78,-187,-276,0.01277,-0.00511,1.00235,-0.59542,-1.42748,-2.10687
92329,923303,1728,-72,12042,-80,-180,-277,0.01326,-0.00585,0.99807,-0.61069,-1.37405,-2.1145
92330,923313,1682,2,12012,-80,-188,-282,0.01044,-0.00131,0.99629,-0.61069,-1.43511,-2.15267
92331,923323,1728,-40,12090,-82,-187,-280,0.01326,-0.00388,1.00093,-0.62595,-1.42748,-2.1374
92332,923333,1756,-94,12044,-81,-191,-281,0.01498,-0.0072,0.99819,-0.61832,-1.45802,-2.14504
92333,923343,1738,-48,12024,-69,-184,-280,0.01387,-0.00437,0.99701,-0.52672,-1.40458,-2.1374
92334,923353,1748,-16,12030,-73,-189,-284,0.01449,-0.00241,0.99736,-0.55725,-1.44275,-2.16794
92335,923363,1730,-20,12124,-81,-184,-281,0.01338,-0.00266,1.00295,-0.61832,-1.40458,-2.14504
92336,923373,1668,-12,12052,-84,-178,-281,0.00958,-0.00217,0.99867,-0.64122,-1.35878,-2.14504
92337,923383,1732,-54,12132,-82,-180,-276,0.01351,-0.00474,1.00342,-0.62595,-1.37405,-2.10687
92338,923393,1756,-54,12090,-80,-179,-279,0.01498,-0.00474,1.00093,-0.61069,-1.36641,-2.12977
92339,923403,1668,-18,11940,-76,-181,-282,0.00958,-0.00253,0.99201,-0.58015,-1.38168,-2.15267
92340,923413,1762,-30,12062,-79,-192,-282,0.01535,-0.00327,0.99926,-0.60305,-1.46565,-2.15267
92341,923423,1786,-30,12090,-77,-189,-279,0.01682,-0.00327,1.00093,-0.58779,-1.44275,-2.12977
92342,923433,1760,-38,12056,-77,-189,-281,0.01522,-0.00376,0.99891,-0.58779,-1.44275,-2.14504
92343,923443,1750,-52,12048,-80,-189,-285,0.01461,-0.00462,0.99843,-0.61069,-1.44275,-2.17557
92344,923453,1718,-40,12022,-78,-187,-278,0.01265,-0.00388,0.99689,-0.59542,-1.42748,-2.12214
92345,923463,1742,-44,12142,-78,-186,-277,0.01412,-0.00413,1.00402,-0.59542,-1.41985,-2.1145
92346,923473,1772,-52,12060,-75,-188,-280,0.01596,-0.00462,0.99914,-0.57252,-1.43511,-2.1374
92347,923483,1726,-44,12132,-78,-188,-279,0.01314,-0.00413,1.00342,-0.59542,-1.43511,-2.12977
92348,923493,1724,-4,11980,-84,-187,-275,0.01302,-0.00167,0.99439,-0.64122,-1.42748,-2.09924
92349,923503,1722,18,12084,-73,-186,-281,0.01289,-0.00033,1.00057,-0.55725,-1.41985,-2.14504
92350,923513,1744,-16,12080,-78,-177,-285,0.01424,-0.00241,1.00033,-0.59542,-1.35115,-2.17557
92351,923523,1732,-90,12002,-80,-186,-279,0.01351,-0.00695,0.9957,-0.61069,-1.41985,-2.12977
92352,923533,1736,-36,12054,-77,-182,-281,0.01375,-0.00364,0.99879,-0.58779,-1.38931,-2.14504
92353,923543,1762,-36,12056,-86,-180,-282,0.01535,-0.00364,0.99891,-0.65649,-1.37405,-2.15267
92354,923553,1722,-54,12054,-82,-192,-280,0.01289,-0.00474,0.99879,-0.62595,-1.46565,-2.1374
92355,923563,1750,-68,12012,-79,-186,-284,0.01461,-0.0056,0.99629,-0.60305,-1.41985,-2.16794
92356,923573,1742,-50,11998,-77,-176,-281,0.01412,-0.0045,0.99546,-0.58779,-1.34351,-2.14504
92357,923583,1730,0,12068,-78,-176,-283,0.01338,-0.00143,0.99962,-0.59542,-1.34351,-2.16031
92358,923593,1726,-38,12108,-75,-188,-280,0.01314,-0.00376,1.002,-0.57252,-1.43511,-2.1374
92359,923603,1704,-38,12044,-82,-174,-282,0.01179,-0.00376,0.99819,-0.62595,-1.32824,-2.15267
92360,923613,1728,-14,12026,-78,-175,-280,0.01326,-0.00229,0.99712,-0.59542,-1.33588,-2.1374
92361,923623,1722,-20,12056,-78,-187,-283,0.01289,-0.00266,0.99891,-0.59542,-1.42748,-2.16031
92362,923633,1750,14,12040,-74,-177,-283,0.01461,-0.00057,0.99796,-0.56489,-1.35115,-2.16031
92363,923643,1740,-56,12100,-78,-190,-281,0.014,-0.00486,1.00152,-0.59542,-1.45038,-2.14504
92364,923653,1786,-58,12032,-74,-182,-281,0.01682,-0.00499,0.99748,-0.56489,-1.38931,-2.14504
92365,923663,1694,-8,12074,-80,-181,-281,0.01117,-0.00192,0.99998,-0.61069,-1.38168,-2.14504
92366,923673,1718,-28,12072,-78,-179,-278,0.01265,-0.00315,0.99986,-0.59542,-1.36641,-2.12214
92367,923683,1762,-34,12108,-78,-182,-284,0.01535,-0.00351,1.002,-0.59542,-1.38931,-2.16794
92368,923693,1736,-38,12014,-76,-191,-286,0.01375,-0.00376,0.99641,-0.58015,-1.45802,-2.18321
92369,923703,1702,-48,12036,-76,-193,-282,0.01167,-0.00437,0.99772,-0.58015,-1.47328,-2.15267
92370,923713,1738,-32,12048,-78,-188,-281,0.01387,-0.00339,0.99843,-0.59542,-1.43511,-2.14504
92371,923723,1760,-42,12078,-78,-183,-275,0.01522,-0.00401,1.00021,-0.59542,-1.39695,-2.09924
92372,923733,1724,-18,12058,-82,-184,-276,0.01302,-0.00253,0.99903,-0.62595,-1.40458,-2.10687
92373,923743,1722,-36,12092,-84,-178,-275,0.01289,-0.00364,1.00105,-0.64122,-1.35878,-2.09924
92374,923753,1758,-50,12074,-75,-178,-278,0.0151,-0.0045,0.99998,-0.57252,-1.35878,-2.12214
92375,923763,1710,-58,12062,-83,-182,-274,0.01216,-0.00499,0.99926,-0.63359,-1.38931,-2.0916
92376,923773,1748,-50,12052,-75,-172,-277,0.01449,-0.0045,0.99867,-0.57252,-1.31298,-2.1145
92377,923783,1726,-10,12110,-79,-175,-289,0.01314,-0.00204,1.00212,-0.60305,-1.33588,-2.20611
92378,923793,1716,-46,12114,-79,-180,-285,0.01252,-0.00425,1.00235,-0.60305,-1.37405,-2.17557
92379,923803,1686,-16,12128,-75,-184,-284,0.01068,-0.00241,1.00318,-0.57252,-1.40458,-2.16794
92380,923813,1744,-16,12022,-80,-193,-283,0.01424,-0.00241,0.99689,-0.61069,-1.47328,-2.16031
92381,923823,1726,-42,12062,-77,-182,-273,0.01314,-0.00401,0.99926,-0.58779,-1.38931,-2.08397
92382,923833,1758,-2,12076,-76,-185,-277,0.0151,-0.00155,1.0001,-0.58015,-1.41221,-2.1145
92383,923843,1768,-26,12046,-79,-171,-281,0.01572,-0.00302,0.99831,-0.60305,-1.30534,-2.14504
92384,923853,1726,-22,12138,-83,-179,-285,0.01314,-0.00278,1.00378,-0.63359,-1.36641,-2.17557
92385,923863,1706,-48,12010,-84,-183,-285,0.01191,-0.00437,0.99617,-0.64122,-1.39695,-2.17557
92386,923873,1782,-10,12056,-75,-181,-283,0.01657,-0.00204,0.99891,-0.57252,-1.38168,-2.16031
92387,923883,1738,-24,12018,-79,-182,-279,0.01387,-0.0029,0.99665,-0.60305,-1.38931,-2.12977
92388,923893,1702,-34,12026,-80,-184,-285,0.01167,-0.00351,0.99712,-0.61069,-1.40458,-2.17557
92389,923903,1744,-18,12064,-80,-176,-286,0.01424,-0.00253,0.99938,-0.61069,-1.34351,-2.18321
92390,923913,1762,-50,12110,-83,-192,-283,0.01535,-0.0045,1.00212,-0.63359,-1.46565,-2.16031
92391,923923,1738,-38,12086,-79,-185,-282,0.01387,-0.00376,1.00069,-0.60305,-1.41221,-2.15267
92392,923933,1770,-22,11992,-76,-184,-283,0.01584,-0.00278,0.9951,-0.58015,-1.40458,-2.16031
92393,923943,1764,-4,12126,-78,-190,-283,0.01547,-0.00167,1.00307,-0.59542,-1.45038,-2.16031
92394,923953,1752,-18,11980,-80,-187,-283,0.01473,-0.00253,0.99439,-0.61069,-1.42748,-2.16031
92395,923963,1726,-40,12050,-84,-185,-282,0.01314,-0.00388,0.99855,-0.64122,-1.41221,-2.15267
92396,923973,1774,-20,12038,-81,-180,-283,0.01608,-0.00266,0.99784,-0.61832,-1.37405,-2.16031
92397,923983,1744,-22,12108,-84,-187,-285,0.01424,-0.00278,1.002,-0.64122,-1.42748,-2.17557
92398,923993,1732,8,12114,-78,-184,-280,0.01351,-0.00094,1.00235,-0.59542,-1.40458,-2.1374
92399,924003,1758,-24,12054,-76,-189,-278,0.0151,-0.0029,0.99879,-0.58015,-1.44275,-2.12214
92400,924013,1752,-52,12068,-76,-186,-280,0.01473,-0.00462,0.99962,-0.58015,-1.41985,-2.1374
92401,924023,1746,-16,12086,-74,-189,-285,0.01437,-0.00241,1.00069,-0.56489,-1.44275,-2.17557
92402,924033,1752,-22,12030,-76,-182,-278,0.01473,-0.00278,0.99736,-0.58015,-1.38931,-2.12214
92403,924043,1750,-40,12016,-72,-180,-280,0.01461,-0.00388,0.99653,-0.54962,-1.37405,-2.1374
92404,924053,1720,-10,12002,-69,-181,-277,0.01277,-0.00204,0.9957,-0.52672,-1.38168,-2.1145
92405,924063,1708,8,12054,-79,-176,-286,0.01203,-0.00094,0.99879,-0.60305,-1.34351,-2.18321
92406,924073,1708,8,12098,-79,-184,-279,0.01203,-0.00094,1.0014,-0.60305,-1.40458,-2.12977
92407,924083,1712,-34,12026,-85,-188,-280,0.01228,-0.00351,0.99712,-0.64885,-1.43511,-2.1374
92408,924093,1722,-32,12084,-81,-183,-280,0.01289,-0.00339,1.00057,-0.61832,-1.39695,-2.1374
92409,924103,1708,-28,12068,-73,-180,-276,0.01203,-0.00315,0.99962,-0.55725,-1.37405,-2.10687
92410,924113,1760,-66,12070,-77,-185,-276,0.01522,-0.00548,0.99974,-0.58779,-1.41221,-2.10687
92411,924123,1738,-30,12046,-79,-178,-274,0.01387,-0.00327,0.99831,-0.60305,-1.35878,-2.0916
92412,924133,1736,-62,12026,-78,-189,-278,0.01375,-0.00523,0.99712,-0.59542,-1.44275,-2.12214
92413,924143,1732,-12,12082,-78,-183,-278,0.01351,-0.00217,1.00045,-0.59542,-1.39695,-2.12214
92414,924153,1704,-34,12022,-75,-190,-281,0.01179,-0.00351,0.99689,-0.57252,-1.45038,-2.14504
92415,924163,1754,-26,12072,-78,-189,-278,0.01486,-0.00302,0.99986,-0.59542,-1.44275,-2.12214
92416,924173,1726,-42,12080,-77,-190,-281,0.01314,-0.00401,1.00033,-0.58779,-1.45038,-2.14504
92417,924183,1760,-24,12038,-80,-184,-287,0.01522,-0.0029,0.99784,-0.61069,-1.40458,-2.19084
92418,924193,1710,-18,12092,-75,-183,-285,0.01216,-0.00253,1.00105,-0.57252,-1.39695,-2.17557
92419,924203,1702,-4,12102,-81,-184,-282,0.01167,-0.00167,1.00164,-0.61832,-1.40458,-2.15267
92420,924213,1692,16,12036,-78,-184,-278,0.01105,-0.00045,0.99772,-0.59542,-1.40458,-2.12214
92421,924223,1750,-84,12050,-76,-175,-282,0.01461,-0.00658,0.99855,-0.58015,-1.33588,-2.15267
92422,924233,1798,-4,12058,-79,-178,-286,0.01756,-0.00167,0.99903,-0.60305,-1.35878,-2.18321
92423,924243,1766,-66,12092,-82,-188,-277,0.01559,-0.00548,1.00105,-0.62595,-1.43511,-2.1145
92424,924253,1702,-42,12042,-79,-184,-279,0.01167,-0.00401,0.99807,-0.60305,-1.40458,-2.12977
92425,924263,1762,-46,11992,-81,-185,-272,0.01535,-0.00425,0.9951,-0.61832,-1.41221,-2.07634
92426,924273,1736,-72,12056,-79,-185,-280,0.01375,-0.00585,0.99891,-0.60305,-1.41221,-2.1374
92427,924283,1732,-72,12028,-71,-185,-284,0.01351,-0.00585,0.99724,-0.54198,-1.41221,-2.16794
92428,924293,1672,-8,12044,-73,-174,-281,0.00982,-0.00192,0.99819,-0.55725,-1.32824,-2.14504
92429,924303,1710,6,12066,-78,-184,-282,0.01216,-0.00106,0.9995,-0.59542,-1.40458,-2.15267
92430,924313,1704,-16,12072,-77,-191,-282,0.01179,-0.00241,0.99986,-0.58779,-1.45802,-2.15267
92431,924323,1712,-70,12078,-83,-188,-279,0.01228,-0.00572,1.00021,-0.63359,-1.43511,-2.12977
92432,924333,1756,-48,12050,-78,-187,-276,0.01498,-0.00437,0.99855,-0.59542,-1.42748,-2.10687
92433,924343,1750,-10,11972,-82,-175,-282,0.01461,-0.00204,0.99392,-0.62595,-1.33588,-2.15267
92434,924353,1700,-10,12112,-84,-182,-283,0.01154,-0.00204,1.00223,-0.64122,-1.38931,-2.16031
92435,924363,1750,-70,12096,-83,-182,-283,0.01461,-0.00572,1.00128,-0.63359,-1.38931,-2.16031
92436,924373,1704,-16,12016,-78,-185,-277,0.01179,-0.00241,0.99653,-0.59542,-1.41221,-2.1145
92437,924383,1744,-56,12030,-86,-192,-285,0.01424,-0.00486,0.99736,-0.65649,-1.46565,-2.17557
92438,924393,1686,-24,12032,-86,-186,-280,0.01068,-0.0029,0.99748,-0.65649,-1.41985,-2.1374
92439,924403,1724,-40,12092,-80,-186,-282,0.01302,-0.00388,1.00105,-0.61069,-1.41985,-2.15267
92440,924413,1736,-90,12028,-80,-183,-282,0.01375,-0.00695,0.99724,-0.61069,-1.39695,-2.15267
92441,924423,1712,-30,12070,-80,-173,-281,0.01228,-0.00327,0.99974,-0.61069,-1.32061,-2.14504
92442,924433,1744,-28,12026,-85,-184,-280,0.01424,-0.00315,0.99712,-0.64885,-1.40458,-2.1374
92443,924443,1756,-32,12004,-76,-181,-279,0.01498,-0.00339,0.99582,-0.58015,-1.38168,-2.12977
92444,924453,1764,-40,12004,-80,-183,-283,0.01547,-0.00388,0.99582,-0.61069,-1.39695,-2.16031
92445,924463,1740,-40,12060,-82,-176,-279,0.014,-0.00388,0.99914,-0.62595,-1.34351,-2.12977
92446,924473,1718,-6,12020,-79,-183,-280,0.01265,-0.0018,0.99677,-0.60305,-1.39695,-2.1374
92447,924483,1750,-38,12108,-73,-190,-279,0.01461,-0.00376,1.002,-0.55725,-1.45038,-2.12977
92448,924493,1754,-50,12132,-78,-187,-283,0.01486,-0.0045,1.00342,-0.59542,-1.42748,-2.16031
92449,924503,1730,-46,12130,-77,-185,-282,0.01338,-0.00425,1.0033,-0.58779,-1.41221,-2.15267
92450,924513,1688,12,12022,-79,-179,-281,0.01081,-0.00069,0.99689,-0.60305,-1.36641,-2.14504
92451,924523,1752,-14,12064,-78,-186,-283,0.01473,-0.00229,0.99938,-0.59542,-1.41985,-2.16031
92452,924533,1774,-6,12092,-80,-193,-287,0.01608,-0.0018,1.00105,-0.61069,-1.47328,-2.19084
92453,924543,1778,-58,12088,-84,-187,-282,0.01633,-0.00499,1.00081,-0.64122,-1.42748,-2.15267
92454,924553,1756,-54,12074,-80,-187,-282,0.01498,-0.00474,0.99998,-0.61069,-1.42748,-2.15267
92455,924563,1738,-14,12086,-81,-166,-282,0.01387,-0.00229,1.00069,-0.61832,-1.26718,-2.15267
92456,924573,1782,-22,12008,-75,-176,-283,0.01657,-0.00278,0.99605,-0.57252,-1.34351,-2.16031
92457,924583,1720,-14,12052,-79,-183,-277,0.01277,-0.00229,0.99867,-0.60305,-1.39695,-2.1145
92458,924593,1732,-36,11986,-76,-183,-285,0.01351,-0.00364,0.99475,-0.58015,-1.39695,-2.17557
92459,924603,1702,-34,12128,-76,-184,-283,0.01167,-0.00351,1.00318,-0.58015,-1.40458,-2.16031
92460,924613,1754,34,12044,-81,-189,-275,0.01486,0.00066,0.99819,-0.61832,-1.44275,-2.09924
92461,924623,1758,-14,12072,-79,-186,-280,0.0151,-0.00229,0.99986,-0.60305,-1.41985,-2.1374
92462,924633,1700,-80,12054,-79,-183,-281,0.01154,-0.00634,0.99879,-0.60305,-1.39695,-2.14504
92463,924643,1722,-72,12036,-79,-187,-276,0.01289,-0.00585,0.99772,-0.60305,-1.42748,-2.10687
92464,924653,1738,-24,12002,-75,-183,-283,0.01387,-0.0029,0.9957,-0.57252,-1.39695,-2.16031
92465,924663,1764,-26,12060,-76,-185,-281,0.01547,-0.00302,0.99914,-0.58015,-1.41221,-2.14504
92466,924673,1754,-58,12046,-79,-186,-285,0.01486,-0.00499,0.99831,-0.60305,-1.41985,-2.17557
92467,924683,1720,-44,12122,-76,-186,-286,0.01277,-0.00413,1.00283,-0.58015,-1.41985,-2.18321
92468,924693,1714,-100,12102,-74,-190,-282,0.0124,-0.00756,1.00164,-0.56489,-1.45038,-2.15267
92469,924703,1734,-56,12138,-77,-182,-279,0.01363,-0.00486,1.00378,-0.58779,-1.38931,-2.12977
92470,924713,1706,-32,12052,-76,-187,-279,0.01191,-0.00339,0.99867,-0.58015,-1.42748,-2.12977
92471,924723,1740,-62,12040,-79,-188,-275,0.014,-0.00523,0.99796,-0.60305,-1.43511,-2.09924
92472,924733,1710,-48,12110,-78,-186,-282,0.01216,-0.00437,1.00212,-0.59542,-1.41985,-2.15267
92473,924743,1700,-18,12048,-77,-181,-281,0.01154,-0.00253,0.99843,-0.58779,-1.38168,-2.14504
92474,924753,1734,-6,12026,-84,-175,-279,0.01363,-0.0018,0.99712,-0.64122,-1.33588,-2.12977
92475,924763,1682,-20,12008,-78,-185,-280,0.01044,-0.00266,0.99605,-0.59542,-1.41221,-2.1374
92476,924773,1782,-48,12014,-76,-178,-283,0.01657,-0.00437,0.99641,-0.58015,-1.35878,-2.16031
92477,924783,1726,-56,12018,-77,-185,-281,0.01314,-0.00486,0.99665,-0.58779,-1.41221,-2.14504
92478,924793,1748,-6,11996,-77,-180,-278,0.01449,-0.0018,0.99534,-0.58779,-1.37405,-2.12214
92479,924803,1710,-32,12020,-83,-186,-280,0.01216,-0.00339,0.99677,-0.63359,-1.41985,-2.1374
92480,924813,1728,-36,12066,-79,-177,-283,0.01326,-0.00364,0.9995,-0.60305,-1.35115,-2.16031
92481,924823,1774,-68,12084,-79,-183,-287,0.01608,-0.0056,1.00057,-0.60305,-1.39695,-2.19084
92482,924833,1736,-48,12044,-80,-185,-284,0.01375,-0.00437,0.99819,-0.61069,-1.41221,-2.16794
92483,924843,1742,-10,12022,-80,-186,-279,0.01412,-0.00204,0.99689,-0.61069,-1.41985,-2.12977
92484,924853,1754,-16,11990,-80,-186,-283,0.01486,-0.00241,0.99498,-0.61069,-1.41985,-2.16031
92485,924863,1692,28,12046,-78,-185,-281,0.01105,0.00029,0.99831,-0.59542,-1.41221,-2.14504
92486,924873,1718,-40,12024,-80,-175,-279,0.01265,-0.00388,0.99701,-0.61069,-1.33588,-2.12977
92487,924883,1718,-26,12082,-76,-174,-279,0.01265,-0.00302,1.00045,-0.58015,-1.32824,-2.12977
92488,924893,1714,-20,12112,-76,-179,-282,0.0124,-0.00266,1.00223,-0.58015,-1.36641,-2.15267
92489,924903,1738,-34,12062,-71,-189,-284,0.01387,-0.00351,0.99926,-0.54198,-1.44275,-2.16794
92490,924913,1740,6,12070,-75,-190,-281,0.014,-0.00106,0.99974,-0.57252,-1.45038,-2.14504
92491,924923,1698,-32,12094,-77,-192,-282,0.01142,-0.00339,1.00116,-0.58779,-1.46565,-2.15267
92492,924933,1714,-24,12010,-77,-182,-284,0.0124,-0.0029,0.99617,-0.58779,-1.38931,-2.16794
92493,924943,1744,-80,11980,-82,-179,-281,0.01424,-0.00634,0.99439,-0.62595,-1.36641,-2.14504
92494,924953,1736,-16,12066,-78,-181,-285,0.01375,-0.00241,0.9995,-0.59542,-1.38168,-2.17557
92495,924963,1712,-4,12032,-80,-187,-284,0.01228,-0.00167,0.99748,-0.61069,-1.42748,-2.16794
92496,924973,1722,-68,12022,-75,-180,-278,0.01289,-0.0056,0.99689,-0.57252,-1.37405,-2.12214
92497,924983,1758,-14,12042,-78,-178,-279,0.0151,-0.00229,0.99807,-0.59542,-1.35878,-2.12977
92498,924993,1762,-66,12068,-77,-181,-277,0.01535,-0.00548,0.99962,-0.58779,-1.38168,-2.1145
92499,925003,1740,-24,12052,-83,-186,-282,0.014,-0.0029,0.99867,-0.63359,-1.41985,-2.15267
92500,925013,1756,22,12032,-83,-185,-284,0.01498,-8e-05,0.99748,-0.63359,-1.41221,-2.16794
92501,925023,1728,-58,12044,-86,-193,-285,0.01326,-0.00499,0.99819,-0.65649,-1.47328,-2.17557
92502,925033,1698,14,12092,-80,-194,-280,0.01142,-0.00057,1.00105,-0.61069,-1.48092,-2.1374
92503,925043,1712,-8,12038,-80,-183,-281,0.01228,-0.00192,0.99784,-0.61069,-1.39695,-2.14504
92504,925053,1758,2,12080,-84,-185,-275,0.0151,-0.00131,1.00033,-0.64122,-1.41221,-2.09924
92505,925063,1732,-52,12072,-81,-179,-282,0.01351,-0.00462,0.99986,-0.61832,-1.36641,-2.15267
92506,925073,1738,-36,12102,-78,-190,-283,0.01387,-0.00364,1.00164,-0.59542,-1.45038,-2.16031
92507,925083,1776,-18,12068,-82,-192,-280,0.01621,-0.00253,0.99962,-0.62595,-1.46565,-2.1374
92508,925093,1760,-20,12030,-82,-183,-280,0.01522,-0.00266,0.99736,-0.62595,-1.39695,-2.1374
92509,925103,1732,-46,12054,-77,-183,-282,0.01351,-0.00425,0.99879,-0.58779,-1.39695,-2.15267
92510,925113,1780,-24,12054,-73,-177,-281,0.01645,-0.0029,0.99879,-0.55725,-1.35115,-2.14504
92511,925123,1752,-50,12030,-80,-179,-284,0.01473,-0.0045,0.99736,-0.61069,-1.36641,-2.16794
92512,925133,1762,10,12036,-82,-182,-282,0.01535,-0.00082,0.99772,-0.62595,-1.38931,-2.15267
92513,925143,1730,-46,12026,-77,-181,-280,0.01338,-0.00425,0.99712,-0.58779,-1.38168,-2.1374
92514,925153,1748,-30,11990,-79,-178,-278,0.01449,-0.00327,0.99498,-0.60305,-1.35878,-2.12214
92515,925163,1728,-24,12026,-83,-179,-282,0.01326,-0.0029,0.99712,-0.63359,-1.36641,-2.15267
92516,925173,1742,6,11976,-77,-185,-285,0.01412,-0.00106,0.99415,-0.58779,-1.41221,-2.17557
92517,925183,1738,-18,12082,-75,-180,-280,0.01387,-0.00253,1.00045,-0.57252,-1.37405,-2.1374
92518,925193,1726,-50,12042,-82,-184,-280,0.01314,-0.0045,0.99807,-0.62595,-1.40458,-2.1374
92519,925203,1702,-56,12050,-81,-185,-282,0.01167,-0.00486,0.99855,-0.61832,-1.41221,-2.15267
92520,925213,1756,-76,12008,-74,-181,-288,0.01498,-0.00609,0.99605,-0.56489,-1.38168,-2.19847
92521,925223,1760,-34,12000,-75,-182,-285,0.01522,-0.00351,0.99558,-0.57252,-1.38931,-2.17557
92522,925233,1748,-50,12034,-76,-180,-279,0.01449,-0.0045,0.9976,-0.58015,-1.37405,-2.12977
92523,925243,1728,-62,12058,-78,-178,-282,0.01326,-0.00523,0.99903,-0.59542,-1.35878,-2.15267
92524,925253,1718,-72,12026,-84,-176,-276,0.01265,-0.00585,0.99712,-0.64122,-1.34351,-2.10687
92525,925263,1706,-32,12060,-77,-185,-282,0.01191,-0.00339,0.99914,-0.58779,-1.41221,-2.15267
92526,925273,1752,-8,12078,-78,-181,-282,0.01473,-0.00192,1.00021,-0.59542,-1.38168,-2.15267
92527,925283,1752,-24,12080,-77,-190,-287,0.01473,-0.0029,1.00033,-0.58779,-1.45038,-2.19084
92528,925293,1684,-20,12046,-74,-183,-281,0.01056,-0.00266,0.99831,-0.56489,-1.39695,-2.14504
92529,925303,1734,-4,12036,-78,-176,-280,0.01363,-0.00167,0.99772,-0.59542,-1.34351,-2.1374
92530,925313,1742,-26,12090,-75,-177,-285,0.01412,-0.00302,1.00093,-0.57252,-1.35115,-2.17557
92531,925323,1686,-46,12084,-76,-182,-282,0.01068,-0.00425,1.00057,-0.58015,-1.38931,-2.15267
92532,925333,1748,-70,12070,-78,-177,-277,0.01449,-0.00572,0.99974,-0.59542,-1.35115,-2.1145
92533,925343,1728,-26,12048,-81,-177,-273,0.01326,-0.00302,0.99843,-0.61832,-1.35115,-2.08397
92534,925353,1754,-38,12046,-78,-181,-276,0.01486,-0.00376,0.99831,-0.59542,-1.38168,-2.10687
92535,925363,1766,-26,12006,-73,-174,-278,0.01559,-0.00302,0.99594,-0.55725,-1.32824,-2.12214
92536,925373,1712,-62,12042,-79,-183,-278,0.01228,-0.00523,0.99807,-0.60305,-1.39695,-2.12214
92537,925383,1736,-44,12036,-77,-180,-280,0.01375,-0.00413,0.99772,-0.58779,-1.37405,-2.1374
92538,925393,1762,-52,11968,-78,-179,-280,0.01535,-0.00462,0.99368,-0.59542,-1.36641,-2.1374
92539,925403,1748,-78,12046,-81,-191,-279,0.01449,-0.00621,0.99831,-0.61832,-1.45802,-2.12977
92540,925413,1740,-38,12024,-80,-190,-287,0.014,-0.00376,0.99701,-0.61069,-1.45038,-2.19084
92541,925423,1700,-30,12076,-84,-188,-285,0.01154,-0.00327,1.0001,-0.64122,-1.43511,-2.17557
92542,925433,1716,-70,12144,-79,-187,-282,0.01252,-0.00572,1.00414,-0.60305,-1.42748,-2.15267
92543,925443,1768,-56,12040,-79,-181,-288,0.01572,-0.00486,0.99796,-0.60305,-1.38168,-2.19847
92544,925453,1716,-52,12046,-81,-183,-275,0.01252,-0.00462,0.99831,-0.61832,-1.39695,-2.09924
92545,925463,1720,-106,12074,-78,-188,-285,0.01277,-0.00793,0.99998,-0.59542,-1.43511,-2.17557
92546,925473,1710,-48,12006,-78,-193,-280,0.01216,-0.00437,0.99594,-0.59542,-1.47328,-2.1374
92547,925483,1732,-60,12070,-80,-182,-280,0.01351,-0.00511,0.99974,-0.61069,-1.38931,-2.1374
92548,925493,1684,-16,12062,-78,-175,-283,0.01056,-0.00241,0.99926,-0.59542,-1.33588,-2.16031
92549,925503,1718,-22,12024,-84,-181,-287,0.01265,-0.00278,0.99701,-0.64122,-1.38168,-2.19084
92550,925513,1736,-22,12024,-77,-184,-283,0.01375,-0.00278,0.99701,-0.58779,-1.40458,-2.16031
92551,925523,1730,-68,12084,-75,-182,-282,0.01338,-0.0056,1.00057,-0.57252,-1.38931,-2.15267
92552,925533,1720,-54,12084,-77,-194,-282,0.01277,-0.00474,1.00057,-0.58779,-1.48092,-2.15267
92553,925543,1742,-12,12036,-77,-187,-281,0.01412,-0.00217,0.99772,-0.58779,-1.42748,-2.14504
92554,925553,1762,-10,12136,-75,-185,-282,0.01535,-0.00204,1.00366,-0.57252,-1.41221,-2.15267
92555,925563,1700,-54,12078,-78,-188,-276,0.01154,-0.00474,1.00021,-0.59542,-1.43511,-2.10687
92556,925573,1770,-86,11994,-80,-191,-279,0.01584,-0.0067,0.99522,-0.61069,-1.45802,-2.12977
92557,925583,1780,-14,12120,-78,-184,-284,0.01645,-0.00229,1.00271,-0.59542,-1.40458,-2.16794
92558,925593,1734,-52,12038,-81,-181,-280,0.01363,-0.00462,0.99784,-0.61832,-1.38168,-2.1374
92559,925603,1762,-36,12072,-83,-178,-282,0.01535,-0.00364,0.99986,-0.63359,-1.35878,-2.15267
92560,925613,1716,-16,11984,-78,-180,-284,0.01252,-0.00241,0.99463,-0.59542,-1.37405,-2.16794
92561,925623,1696,-48,12048,-79,-184,-282,0.0113,-0.00437,0.99843,-0.60305,-1.40458,-2.15267
92562,925633,1774,2,12070,-75,-186,-285,0.01608,-0.00131,0.99974,-0.57252,-1.41985,-2.17557
92563,925643,1742,-34,11966,-77,-171,-282,0.01412,-0.00351,0.99356,-0.58779,-1.30534,-2.15267
92564,925653,1756,-34,12108,-78,-176,-280,0.01498,-0.00351,1.002,-0.59542,-1.34351,-2.1374
92565,925663,1776,-50,12038,-71,-186,-283,0.01621,-0.0045,0.99784,-0.54198,-1.41985,-2.16031
92566,925673,1734,-6,12040,-81,-181,-288,0.01363,-0.0018,0.99796,-0.61832,-1.38168,-2.19847
92567,925683,1718,-12,12088,-79,-180,-280,0.01265,-0.00217,1.00081,-0.60305,-1.37405,-2.1374
92568,925693,1728,-52,12038,-81,-173,-280,0.01326,-0.00462,0.99784,-0.61832,-1.32061,-2.1374
92569,925703,1730,-56,11996,-78,-181,-282,0.01338,-0.00486,0.99534,-0.59542,-1.38168,-2.15267
92570,925713,1792,-48,12086,-80,-180,-282,0.01719,-0.00437,1.00069,-0.61069,-1.37405,-2.15267
92571,925723,1728,-8,12082,-81,-182,-276,0.01326,-0.00192,1.00045,-0.61832,-1.38931,-2.10687
92572,925733,1768,-12,12104,-79,-182,-280,0.01572,-0.00217,1.00176,-0.60305,-1.38931,-2.1374
92573,925743,1720,-60,12012,-76,-179,-283,0.01277,-0.00511,0.99629,-0.58015,-1.36641,-2.16031
92574,925753,1694,-28,12064,-77,-185,-285,0.01117,-0.00315,0.99938,-0.58779,-1.41221,-2.17557
92575,925763,1746,-4,12032,-76,-187,-286,0.01437,-0.00167,0.99748,-0.58015,-1.42748,-2.18321
92576,925773,1710,-10,12042,-76,-189,-279,0.01216,-0.00204,0.99807,-0.58015,-1.44275,-2.12977
92577,925783,1738,-44,12006,-76,-189,-277,0.01387,-0.00413,0.99594,-0.58015,-1.44275,-2.1145
92578,925793,1724,-46,11992,-72,-184,-279,0.01302,-0.00425,0.9951,-0.54962,-1.40458,-2.12977
92579,925803,1710,-2,12090,-79,-189,-278,0.01216,-0.00155,1.00093,-0.60305,-1.44275,-2.12214
92580,925813,1708,8,12128,-83,-193,-280,0.01203,-0.00094,1.00318,-0.63359,-1.47328,-2.1374
92581,925823,1718,-62,12112,-85,-183,-281,0.01265,-0.00523,1.00223,-0.64885,-1.39695,-2.14504
92582,925833,1768,-76,12082,-83,-185,-285,0.01572,-0.00609,1.00045,-0.63359,-1.41221,-2.17557
92583,925843,1724,-14,11992,-73,-182,-281,0.01302,-0.00229,0.9951,-0.55725,-1.38931,-2.14504
92584,925853,1728,0,12046,-76,-189,-281,0.01326,-0.00143,0.99831,-0.58015,-1.44275,-2.14504
92585,925863,1722,-36,11972,-79,-185,-282,0.01289,-0.00364,0.99392,-0.60305,-1.41221,-2.15267
92586,925873,1740,-52,12060,-77,-183,-282,0.014,-0.00462,0.99914,-0.58779,-1.39695,-2.15267
92587,925883,1728,-40,12006,-76,-195,-280,0.01326,-0.00388,0.99594,-0.58015,-1.48855,-2.1374
92588,925893,1752,-86,11970,-79,-182,-284,0.01473,-0.0067,0.9938,-0.60305,-1.38931,-2.16794
92589,925903,1710,-22,12002,-82,-181,-283,0.01216,-0.00278,0.9957,-0.62595,-1.38168,-2.16031
92590,925913,1738,-74,12056,-77,-179,-284,0.01387,-0.00597,0.99891,-0.58779,-1.36641,-2.16794
92591,925923,1708,-90,12000,-77,-177,-285,0.01203,-0.00695,0.99558,-0.58779,-1.35115,-2.17557
92592,925933,1760,-14,12014,-78,-186,-280,0.01522,-0.00229,0.99641,-0.59542,-1.41985,-2.1374
92593,925943,1786,-28,12052,-81,-190,-280,0.01682,-0.00315,0.99867,-0.61832,-1.45038,-2.1374
92594,925953,1766,-28,12042,-81,-189,-281,0.01559,-0.00315,0.99807,-0.61832,-1.44275,-2.14504
92595,925963,1730,-76,12112,-80,-183,-281,0.01338,-0.00609,1.00223,-0.61069,-1.39695,-2.14504
92596,925973,1750,-2,12044,-77,-184,-282,0.01461,-0.00155,0.99819,-0.58779,-1.40458,-2.15267
92597,925983,1736,-12,12060,-79,-190,-277,0.01375,-0.00217,0.99914,-0.60305,-1.45038,-2.1145
92598,925993,1772,-42,12060,-82,-177,-284,0.01596,-0.00401,0.99914,-0.62595,-1.35115,-2.16794
92599,926003,1726,-70,12118,-78,-185,-276,0.01314,-0.00572,1.00259,-0.59542,-1.41221,-2.10687
92600,926013,1736,-48,12080,-83,-182,-277,0.01375,-0.00437,1.00033,-0.63359,-1.38931,-2.1145
92601,926023,1702,-72,12044,-77,-184,-281,0.01167,-0.00585,0.99819,-0.58779,-1.40458,-2.14504
92602,926033,1718,-10,12094,-71,-184,-276,0.01265,-0.00204,1.00116,-0.54198,-1.40458,-2.10687
92603,926043,1774,-46,12122,-74,-187,-280,0.01608,-0.00425,1.00283,-0.56489,-1.42748,-2.1374
92604,926053,1766,-62,12040,-75,-190,-285,0.01559,-0.00523,0.99796,-0.57252,-1.45038,-2.17557
92605,926063,1730,-54,12038,-81,-184,-283,0.01338,-0.00474,0.99784,-0.61832,-1.40458,-2.16031
92606,926073,1766,14,12000,-79,-182,-275,0.01559,-0.00057,0.99558,-0.60305,-1.38931,-2.09924
92607,926083,1700,-30,12040,-82,-189,-282,0.01154,-0.00327,0.99796,-0.62595,-1.44275,-2.15267
92608,926093,1734,-18,12058,-76,-184,-283,0.01363,-0.00253,0.99903,-0.58015,-1.40458,-2.16031
92609,926103,1734,-14,12084,-77,-178,-281,0.01363,-0.00229,1.00057,-0.58779,-1.35878,-2.14504
92610,926113,1756,-32,12110,-85,-180,-282,0.01498,-0.00339,1.00212,-0.64885,-1.37405,-2.15267
92611,926123,1660,8,12064,-77,-189,-282,0.00909,-0.00094,0.99938,-0.58779,-1.44275,-2.15267
92612,926133,1704,-48,12034,-83,-176,-285,0.01179,-0.00437,0.9976,-0.63359,-1.34351,-2.17557
92613,926143,1714,-72,12058,-82,-179,-281,0.0124,-0.00585,0.99903,-0.62595,-1.36641,-2.14504
92614,926153,1766,-54,12038,-78,-188,-286,0.01559,-0.00474,0.99784,-0.59542,-1.43511,-2.18321
92615,926163,1786,0,12084,-83,-181,-282,0.01682,-0.00143,1.00057,-0.63359,-1.38168,-2.15267
92616,926173,1752,6,12134,-78,-193,-281,0.01473,-0.00106,1.00354,-0.59542,-1.47328,-2.14504
92617,926183,1718,-72,12048,-70,-183,-278,0.01265,-0.00585,0.99843,-0.53435,-1.39695,-2.12214
92618,926193,1722,-18,11998,-71,-175,-285,0.01289,-0.00253,0.99546,-0.54198,-1.33588,-2.17557
92619,926203,1730,-40,12070,-77,-189,-275,0.01338,-0.00388,0.99974,-0.58779,-1.44275,-2.09924
92620,926213,1714,-18,11992,-79,-185,-282,0.0124,-0.00253,0.9951,-0.60305,-1.41221,-2.15267
92621,926223,1710,-40,12082,-76,-178,-284,0.01216,-0.00388,1.00045,-0.58015,-1.35878,-2.16794
92622,926233,1718,-10,12122,-84,-182,-284,0.01265,-0.00204,1.00283,-0.64122,-1.38931,-2.16794
92623,926243,1728,-16,12094,-88,-182,-281,0.01326,-0.00241,1.00116,-0.67176,-1.38931,-2.14504
92624,926253,1680,-22,12074,-77,-186,-275,0.01032,-0.00278,0.99998,-0.58779,-1.41985,-2.09924
92625,926263,1746,2,11988,-77,-179,-279,0.01437,-0.00131,0.99487,-0.58779,-1.36641,-2.12977
92626,926273,1706,-64,12146,-75,-190,-283,0.01191,-0.00536,1.00425,-0.57252,-1.45038,-2.16031
92627,926283,1732,-36,12090,-89,-199,-280,0.01351,-0.00364,1.00093,-0.67939,-1.51908,-2.1374
92628,926293,1772,10,12006,-82,-187,-279,0.01596,-0.00082,0.99594,-0.62595,-1.42748,-2.12977
92629,926303,1704,0,11998,-80,-188,-276,0.01179,-0.00143,0.99546,-0.61069,-1.43511,-2.10687
92630,926313,1716,-22,12086,-76,-184,-280,0.01252,-0.00278,1.00069,-0.58015,-1.40458,-2.1374
92631,926323,1762,-60,12100,-81,-182,-281,0.01535,-0.00511,1.00152,-0.61832,-1.38931,-2.14504
92632,926333,1724,-50,12002,-86,-183,-284,0.01302,-0.0045,0.9957,-0.65649,-1.39695,-2.16794
92633,926343,1738,-2,12024,-80,-182,-282,0.01387,-0.00155,0.99701,-0.61069,-1.38931,-2.15267
92634,926353,1700,-56,12042,-77,-180,-282,0.01154,-0.00486,0.99807,-0.58779,-1.37405,-2.15267
92635,926363,1750,-38,12076,-75,-182,-278,0.01461,-0.00376,1.0001,-0.57252,-1.38931,-2.12214
92636,926373,1764,-14,12052,-78,-185,-285,0.01547,-0.00229,0.99867,-0.59542,-1.41221,-2.17557
92637,926383,1772,-50,12052,-83,-188,-281,0.01596,-0.0045,0.99867,-0.63359,-1.43511,-2.14504
92638,926393,1732,-26,12050,-79,-179,-282,0.01351,-0.00302,0.99855,-0.60305,-1.36641,-2.15267
92639,926403,1730,-28,12130,-82,-193,-281,0.01338,-0.00315,1.0033,-0.62595,-1.47328,-2.14504
92640,926413,1742,-70,12074,-80,-182,-278,0.01412,-0.00572,0.99998,-0.61069,-1.38931,-2.12214
92641,926423,1710,-44,12046,-78,-185,-277,0.01216,-0.00413,0.99831,-0.59542,-1.41221,-2.1145
92642,926433,1716,-10,12058,-77,-184,-278,0.01252,-0.00204,0.99903,-0.58779,-1.40458,-2.12214
92643,926443,1730,-14,12038,-75,-180,-281,0.01338,-0.00229,0.99784,-0.57252,-1.37405,-2.14504
92644,926453,1748,-34,12072,-80,-180,-286,0.01449,-0.00351,0.99986,-0.61069,-1.37405,-2.18321
92645,926463,1758,-4,12034,-84,-188,-280,0.0151,-0.00167,0.9976,-0.64122,-1.43511,-2.1374
92646,926473,1744,6,12018,-81,-191,-289,0.01424,-0.00106,0.99665,-0.61832,-1.45802,-2.20611
92647,926483,1704,-30,12074,-82,-195,-281,0.01179,-0.00327,0.99998,-0.62595,-1.48855,-2.14504
92648,926493,1698,-34,12032,-78,-190,-283,0.01142,-0.00351,0.99748,-0.59542,-1.45038,-2.16031
92649,926503,1724,-64,12016,-78,-183,-282,0.01302,-0.00536,0.99653,-0.59542,-1.39695,-2.15267
92650,926513,1704,-44,12116,-79,-180,-285,0.01179,-0.00413,1.00247,-0.60305,-1.37405,-2.17557
92651,926523,1788,-24,12140,-81,-182,-280,0.01694,-0.0029,1.0039,-0.61832,-1.38931,-2.1374
92652,926533,1730,-36,12108,-75,-191,-281,0.01338,-0.00364,1.002,-0.57252,-1.45802,-2.14504
92653,926543,1696,-70,12034,-77,-193,-286,0.0113,-0.00572,0.9976,-0.58779,-1.47328,-2.18321
92654,926553,1754,-44,12044,-75,-184,-281,0.01486,-0.00413,0.99819,-0.57252,-1.40458,-2.14504
92655,926563,1732,-54,12064,-82,-187,-283,0.01351,-0.00474,0.99938,-0.62595,-1.42748,-2.16031
92656,926573,1762,14,12090,-84,-185,-276,0.01535,-0.00057,1.00093,-0.64122,-1.41221,-2.10687
92657,926583,1740,-8,12026,-84,-180,-281,0.014,-0.00192,0.99712,-0.64122,-1.37405,-2.14504
92658,926593,1772,-60,12030,-77,-186,-280,0.01596,-0.00511,0.99736,-0.58779,-1.41985,-2.1374
92659,926603,1734,4,12056,-81,-180,-280,0.01363,-0.00118,0.99891,-0.61832,-1.37405,-2.1374
92660,926613,1724,30,12078,-84,-184,-283,0.01302,0.00041,1.00021,-0.64122,-1.40458,-2.16031
92661,926623,1726,-34,12074,-80,-189,-284,0.01314,-0.00351,0.99998,-0.61069,-1.44275,-2.16794
92662,926633,1732,-64,12102,-76,-182,-283,0.01351,-0.00536,1.00164,-0.58015,-1.38931,-2.16031
92663,926643,1758,2,12104,-75,-178,-278,0.0151,-0.00131,1.00176,-0.57252,-1.35878,-2.12214
92664,926653,1720,-36,12056,-80,-188,-280,0.01277,-0.00364,0.99891,-0.61069,-1.43511,-2.1374
92665,926663,1778,-10,12036,-86,-185,-286,0.01633,-0.00204,0.99772,-0.65649,-1.41221,-2.18321
92666,926673,1696,14,12032,-81,-193,-279,0.0113,-0.00057,0.99748,-0.61832,-1.47328,-2.12977
92667,926683,1700,-8,12036,-80,-195,-277,0.01154,-0.00192,0.99772,-0.61069,-1.48855,-2.1145
92668,926693,1762,-20,12046,-78,-183,-278,0.01535,-0.00266,0.99831,-0.59542,-1.39695,-2.12214
92669,926703,1744,-48,12026,-75,-196,-277,0.01424,-0.00437,0.99712,-0.57252,-1.49618,-2.1145
92670,926713,1736,-46,12030,-83,-186,-282,0.01375,-0.00425,0.99736,-0.63359,-1.41985,-2.15267
92671,926723,1732,-36,12030,-80,-184,-278,0.01351,-0.00364,0.99736,-0.61069,-1.40458,-2.12214
92672,926733,1718,-42,12134,-75,-176,-279,0.01265,-0.00401,1.00354,-0.57252,-1.34351,-2.12977
92673,926743,1704,-86,12050,-72,-184,-280,0.01179,-0.0067,0.99855,-0.54962,-1.40458,-2.1374
92674,926753,1724,-32,12044,-72,-191,-278,0.01302,-0.00339,0.99819,-0.54962,-1.45802,-2.12214
92675,926763,1696,-20,12024,-75,-191,-276,0.0113,-0.00266,0.99701,-0.57252,-1.45802,-2.10687
92676,926773,1726,-50,12012,-79,-188,-276,0.01314,-0.0045,0.99629,-0.60305,-1.43511,-2.10687
92677,926783,1728,-32,12018,-80,-182,-284,0.01326,-0.00339,0.99665,-0.61069,-1.38931,-2.16794
92678,926793,1738,-26,12022,-80,-181,-286,0.01387,-0.00302,0.99689,-0.61069,-1.38168,-2.18321
92679,926803,1682,-44,11990,-77,-186,-281,0.01044,-0.00413,0.99498,-0.58779,-1.41985,-2.14504
92680,926813,1688,-22,12014,-80,-189,-285,0.01081,-0.00278,0.99641,-0.61069,-1.44275,-2.17557
92681,926823,1716,-70,12062,-77,-188,-285,0.01252,-0.00572,0.99926,-0.58779,-1.43511,-2.17557
92682,926833,1740,-50,12000,-79,-190,-279,0.014,-0.0045,0.99558,-0.60305,-1.45038,-2.12977
92683,926843,1716,-52,12106,-76,-189,-277,0.01252,-0.00462,1.00188,-0.58015,-1.44275,-2.1145
92684,926853,1718,-58,12046,-75,-187,-277,0.01265,-0.00499,0.99831,-0.57252,-1.42748,-2.1145
92685,926863,1726,-40,11984,-79,-178,-276,0.01314,-0.00388,0.99463,-0.60305,-1.35878,-2.10687
92686,926873,1718,12,12066,-76,-173,-278,0.01265,-0.00069,0.9995,-0.58015,-1.32061,-2.12214
92687,926883,1716,-28,12108,-75,-181,-276,0.01252,-0.00315,1.002,-0.57252,-1.38168,-2.10687
92688,926893,1724,12,11972,-78,-186,-281,0.01302,-0.00069,0.99392,-0.59542,-1.41985,-2.14504
92689,926903,1714,-68,12056,-78,-184,-286,0.0124,-0.0056,0.99891,-0.59542,-1.40458,-2.18321
92690,926913,1714,-62,12072,-75,-185,-285,0.0124,-0.00523,0.99986,-0.57252,-1.41221,-2.17557
92691,926923,1772,-32,12084,-77,-183,-280,0.01596,-0.00339,1.00057,-0.58779,-1.39695,-2.1374
92692,926933,1756,-30,12010,-71,-178,-282,0.01498,-0.00327,0.99617,-0.54198,-1.35878,-2.15267
92693,926943,1734,-52,12030,-77,-181,-286,0.01363,-0.00462,0.99736,-0.58779,-1.38168,-2.18321
92694,926953,1776,-24,12000,-75,-188,-276,0.01621,-0.0029,0.99558,-0.57252,-1.43511,-2.10687
92695,926963,1780,-34,12086,-71,-189,-281,0.01645,-0.00351,1.00069,-0.54198,-1.44275,-2.14504
92696,926973,1758,-58,12080,-75,-188,-283,0.0151,-0.00499,1.00033,-0.57252,-1.43511,-2.16031
92697,926983,1704,-8,12084,-77,-183,-280,0.01179,-0.00192,1.00057,-0.58779,-1.39695,-2.1374
92698,926993,1730,-64,12082,-79,-191,-284,0.01338,-0.00536,1.00045,-0.60305,-1.45802,-2.16794
92699,927003,1706,-36,12000,-87,-187,-282,0.01191,-0.00364,0.99558,-0.66412,-1.42748,-2.15267
92700,927013,1702,-14,12008,-87,-186,-280,0.01167,-0.00229,0.99605,-0.66412,-1.41985,-2.1374
92701,927023,1738,-36,12032,-87,-186,-282,0.01387,-0.00364,0.99748,-0.66412,-1.41985,-2.15267
92702,927033,1744,-24,12124,-80,-188,-281,0.01424,-0.0029,1.00295,-0.61069,-1.43511,-2.14504
92703,927043,1724,-16,12080,-82,-186,-282,0.01302,-0.00241,1.00033,-0.62595,-1.41985,-2.15267
92704,927053,1694,10,12004,-83,-185,-277,0.01117,-0.00082,0.99582,-0.63359,-1.41221,-2.1145
92705,927063,1762,0,12042,-71,-186,-286,0.01535,-0.00143,0.99807,-0.54198,-1.41985,-2.18321
92706,927073,1742,-24,12096,-84,-183,-285,0.01412,-0.0029,1.00128,-0.64122,-1.39695,-2.17557
92707,927083,1738,-32,12064,-79,-176,-283,0.01387,-0.00339,0.99938,-0.60305,-1.34351,-2.16031
92708,927093,1722,-78,12098,-81,-174,-285,0.01289,-0.00621,1.0014,-0.61832,-1.32824,-2.17557
92709,927103,1716,-60,12084,-80,-188,-280,0.01252,-0.00511,1.00057,-0.61069,-1.43511,-2.1374
92710,927113,1734,-70,12094,-77,-184,-288,0.01363,-0.00572,1.00116,-0.58779,-1.40458,-2.19847
92711,927123,1744,-36,12058,-77,-191,-282,0.01424,-0.00364,0.99903,-0.58779,-1.45802,-2.15267
92712,927133,1722,-12,12050,-78,-184,-281,0.01289,-0.00217,0.99855,-0.59542,-1.40458,-2.14504
92713,927143,1718,0,12036,-79,-184,-284,0.01265,-0.00143,0.99772,-0.60305,-1.40458,-2.16794
92714,927153,1728,-12,12062,-79,-190,-281,0.01326,-0.00217,0.99926,-0.60305,-1.45038,-2.14504
92715,927163,1706,-22,12028,-76,-186,-282,0.01191,-0.00278,0.99724,-0.58015,-1.41985,-2.15267
92716,927173,1798,-16,12046,-77,-180,-280,0.01756,-0.00241,0.99831,-0.58779,-1.37405,-2.1374
92717,927183,1730,8,12046,-74,-180,-281,0.01338,-0.00094,0.99831,-0.56489,-1.37405,-2.14504
92718,927193,1762,-58,12052,-76,-192,-283,0.01535,-0.00499,0.99867,-0.58015,-1.46565,-2.16031
92719,927203,1744,-52,12038,-78,-186,-280,0.01424,-0.00462,0.99784,-0.59542,-1.41985,-2.1374
92720,927213,1760,-24,12046,-79,-193,-278,0.01522,-0.0029,0.99831,-0.60305,-1.47328,-2.12214
92721,927223,1702,-44,12018,-77,-187,-271,0.01167,-0.00413,0.99665,-0.58779,-1.42748,-2.0687
92722,927233,1716,-30,11962,-77,-181,-284,0.01252,-0.00327,0.99332,-0.58779,-1.38168,-2.16794
92723,927243,1760,-58,12086,-77,-184,-283,0.01522,-0.00499,1.00069,-0.58779,-1.40458,-2.16031
92724,927253,1714,-54,12096,-77,-194,-282,0.0124,-0.00474,1.00128,-0.58779,-1.48092,-2.15267
92725,927263,1684,-20,12118,-83,-185,-276,0.01056,-0.00266,1.00259,-0.63359,-1.41221,-2.10687
92726,927273,1774,-28,12020,-74,-186,-279,0.01608,-0.00315,0.99677,-0.56489,-1.41985,-2.12977
92727,927283,1724,-22,11994,-79,-183,-284,0.01302,-0.00278,0.99522,-0.60305,-1.39695,-2.16794
92728,927293,1716,24,12074,-80,-186,-284,0.01252,4e-05,0.99998,-0.61069,-1.41985,-2.16794
92729,927303,1740,-26,12008,-80,-184,-277,0.014,-0.00302,0.99605,-0.61069,-1.40458,-2.1145
92730,927313,1692,-74,12078,-78,-184,-282,0.01105,-0.00597,1.00021,-0.59542,-1.40458,-2.15267
92731,927323,1732,-12,12082,-74,-186,-280,0.01351,-0.00217,1.00045,-0.56489,-1.41985,-2.1374
92732,927333,1656,-32,12040,-83,-186,-283,0.00884,-0.00339,0.99796,-0.63359,-1.41985,-2.16031
92733,927343,1720,-32,12084,-80,-176,-281,0.01277,-0.00339,1.00057,-0.61069,-1.34351,-2.14504
92734,927353,1734,-50,12062,-79,-184,-281,0.01363,-0.0045,0.99926,-0.60305,-1.40458,-2.14504
92735,927363,1758,14,12042,-79,-186,-276,0.0151,-0.00057,0.99807,-0.60305,-1.41985,-2.10687
92736,927373,1740,-20,12060,-74,-186,-283,0.014,-0.00266,0.99914,-0.56489,-1.41985,-2.16031
92737,927383,1754,-12,12054,-78,-186,-278,0.01486,-0.00217,0.99879,-0.59542,-1.41985,-2.12214
92738,927393,1730,-30,12070,-71,-176,-278,0.01338,-0.00327,0.99974,-0.54198,-1.34351,-2.12214
92739,927403,1754,-36,12048,-76,-182,-286,0.01486,-0.00364,0.99843,-0.58015,-1.38931,-2.18321
92740,927413,1730,-32,12064,-77,-184,-283,0.01338,-0.00339,0.99938,-0.58779,-1.40458,-2.16031
92741,927423,1736,-16,12000,-76,-194,-280,0.01375,-0.00241,0.99558,-0.58015,-1.48092,-2.1374
92742,927433,1764,-14,12074,-77,-184,-283,0.01547,-0.00229,0.99998,-0.58779,-1.40458,-2.16031
92743,927443,1754,-78,12096,-83,-183,-277,0.01486,-0.00621,1.00128,-0.63359,-1.39695,-2.1145
92744,927453,1706,-30,12060,-81,-188,-280,0.01191,-0.00327,0.99914,-0.61832,-1.43511,-2.1374
92745,927463,1748,-66,12092,-78,-182,-278,0.01449,-0.00548,1.00105,-0.59542,-1.38931,-2.12214
92746,927473,1790,-40,12068,-81,-183,-283,0.01707,-0.00388,0.99962,-0.61832,-1.39695,-2.16031
92747,927483,1762,-54,12030,-81,-184,-284,0.01535,-0.00474,0.99736,-0.61832,-1.40458,-2.16794
92748,927493,1732,-84,12042,-80,-188,-281,0.01351,-0.00658,0.99807,-0.61069,-1.43511,-2.14504
92749,927503,1762,-56,12080,-81,-184,-282,0.01535,-0.00486,1.00033,-0.61832,-1.40458,-2.15267
92750,927513,1726,-60,12068,-79,-183,-282,0.01314,-0.00511,0.99962,-0.60305,-1.39695,-2.15267
92751,927523,1718,-42,12036,-80,-187,-281,0.01265,-0.00401,0.99772,-0.61069,-1.42748,-2.14504
92752,927533,1722,-62,12080,-81,-190,-282,0.01289,-0.00523,1.00033,-0.61832,-1.45038,-2.15267
92753,927543,1728,-88,12060,-79,-185,-281,0.01326,-0.00683,0.99914,-0.60305,-1.41221,-2.14504
92754,927553,1742,-28,12078,-79,-183,-277,0.01412,-0.00315,1.00021,-0.60305,-1.39695,-2.1145
92755,927563,1740,-56,12078,-74,-183,-284,0.014,-0.00486,1.00021,-0.56489,-1.39695,-2.16794
92756,927573,1744,-76,12066,-74,-183,-283,0.01424,-0.00609,0.9995,-0.56489,-1.39695,-2.16031
92757,927583,1726,-22,12112,-78,-179,-279,0.01314,-0.00278,1.00223,-0.59542,-1.36641,-2.12977
92758,927593,1764,12,12036,-80,-190,-276,0.01547,-0.00069,0.99772,-0.61069,-1.45038,-2.10687
92759,927603,1694,-20,12038,-75,-183,-281,0.01117,-0.00266,0.99784,-0.57252,-1.39695,-2.14504
92760,927613,1710,-74,12010,-79,-184,-281,0.01216,-0.00597,0.99617,-0.60305,-1.40458,-2.14504
92761,927623,1702,-24,12096,-84,-185,-282,0.01167,-0.0029,1.00128,-0.64122,-1.41221,-2.15267
92762,927633,1720,-40,11998,-79,-185,-282,0.01277,-0.00388,0.99546,-0.60305,-1.41221,-2.15267
92763,927643,1694,-28,12002,-82,-178,-286,0.01117,-0.00315,0.9957,-0.62595,-1.35878,-2.18321
92764,927653,1752,-22,12072,-83,-183,-284,0.01473,-0.00278,0.99986,-0.63359,-1.39695,-2.16794
92765,927663,1718,-56,11998,-80,-186,-285,0.01265,-0.00486,0.99546,-0.61069,-1.41985,-2.17557
92766,927673,1660,-52,12066,-76,-183,-282,0.00909,-0.00462,0.9995,-0.58015,-1.39695,-2.15267
92767,927683,1758,-66,12012,-80,-175,-275,0.0151,-0.00548,0.99629,-0.61069,-1.33588,-2.09924
92768,927693,1700,8,12038,-77,-183,-275,0.01154,-0.00094,0.99784,-0.58779,-1.39695,-2.09924
92769,927703,1744,-50,12050,-79,-188,-279,0.01424,-0.0045,0.99855,-0.60305,-1.43511,-2.12977
92770,927713,1694,-24,12016,-82,-180,-280,0.01117,-0.0029,0.99653,-0.62595,-1.37405,-2.1374
92771,927723,1728,10,12072,-80,-188,-285,0.01326,-0.00082,0.99986,-0.61069,-1.43511,-2.17557
92772,927733,1748,-74,12014,-70,-185,-285,0.01449,-0.00597,0.99641,-0.53435,-1.41221,-2.17557
92773,927743,1692,-6,12054,-75,-190,-282,0.01105,-0.0018,0.99879,-0.57252,-1.45038,-2.15267
92774,927753,1744,-22,11994,-77,-184,-278,0.01424,-0.00278,0.99522,-0.58779,-1.40458,-2.12214
92775,927763,1724,0,12048,-81,-191,-282,0.01302,-0.00143,0.99843,-0.61832,-1.45802,-2.15267
92776,927773,1734,-6,12102,-81,-190,-282,0.01363,-0.0018,1.00164,-0.61832,-1.45038,-2.15267
92777,927783,1700,8,12110,-79,-189,-272,0.01154,-0.00094,1.00212,-0.60305,-1.44275,-2.07634
92778,927793,1762,-42,12030,-82,-181,-279,0.01535,-0.00401,0.99736,-0.62595,-1.38168,-2.12977
92779,927803,1752,-36,12062,-77,-185,-280,0.01473,-0.00364,0.99926,-0.58779,-1.41221,-2.1374
92780,927813,1702,-60,12006,-79,-185,-278,0.01167,-0.00511,0.99594,-0.60305,-1.41221,-2.12214
92781,927823,1700,-30,12068,-72,-187,-284,0.01154,-0.00327,0.99962,-0.54962,-1.42748,-2.16794
92782,927833,1710,20,12050,-80,-182,-280,0.01216,-0.0002,0.99855,-0.61069,-1.38931,-2.1374
92783,927843,1700,-54,12070,-84,-182,-278,0.01154,-0.00474,0.99974,-0.64122,-1.38931,-2.12214
92784,927853,1748,-18,12040,-76,-185,-281,0.01449,-0.00253,0.99796,-0.58015,-1.41221,-2.14504
92785,927863,1682,-30,12082,-75,-194,-283,0.01044,-0.00327,1.00045,-0.57252,-1.48092,-2.16031
92786,927873,1708,-38,12022,-76,-186,-282,0.01203,-0.00376,0.99689,-0.58015,-1.41985,-2.15267
92787,927883,1702,-60,12076,-81,-182,-281,0.01167,-0.00511,1.0001,-0.61832,-1.38931,-2.14504
92788,927893,1736,-52,12000,-80,-181,-284,0.01375,-0.00462,0.99558,-0.61069,-1.38168,-2.16794
92789,927903,1766,-42,12016,-79,-189,-282,0.01559,-0.00401,0.99653,-0.60305,-1.44275,-2.15267
92790,927913,1768,-22,12104,-81,-180,-282,0.01572,-0.00278,1.00176,-0.61832,-1.37405,-2.15267
92791,927923,1772,-46,12154,-81,-175,-282,0.01596,-0.00425,1.00473,-0.61832,-1.33588,-2.15267
92792,927933,1740,-52,12056,-78,-188,-286,0.014,-0.00462,0.99891,-0.59542,-1.43511,-2.18321
92793,927943,1692,-28,11996,-83,-191,-283,0.01105,-0.00315,0.99534,-0.63359,-1.45802,-2.16031
92794,927953,1696,-34,12030,-77,-188,-282,0.0113,-0.00351,0.99736,-0.58779,-1.43511,-2.15267
92795,927963,1738,-72,12034,-71,-179,-283,0.01387,-0.00585,0.9976,-0.54198,-1.36641,-2.16031
92796,927973,1732,-96,12034,-83,-182,-285,0.01351,-0.00732,0.9976,-0.63359,-1.38931,-2.17557
92797,927983,1776,-90,12062,-76,-187,-282,0.01621,-0.00695,0.99926,-0.58015,-1.42748,-2.15267
92798,927993,1712,-38,12010,-80,-181,-277,0.01228,-0.00376,0.99617,-0.61069,-1.38168,-2.1145
92799,928003,1730,-74,12080,-78,-182,-278,0.01338,-0.00597,1.00033,-0.59542,-1.38931,-2.12214
92800,928013,1698,-48,12046,-80,-169,-277,0.01142,-0.00437,0.99831,-0.61069,-1.29008,-2.1145
92801,928023,1690,-22,12050,-78,-176,-280,0.01093,-0.00278,0.99855,-0.59542,-1.34351,-2.1374
92802,928033,1740,-32,12036,-76,-191,-283,0.014,-0.00339,0.99772,-0.58015,-1.45802,-2.16031
92803,928043,1718,12,12086,-81,-189,-278,0.01265,-0.00069,1.00069,-0.61832,-1.44275,-2.12214
92804,928053,1780,14,12064,-78,-188,-278,0.01645,-0.00057,0.99938,-0.59542,-1.43511,-2.12214
92805,928063,1750,-60,11990,-84,-187,-283,0.01461,-0.00511,0.99498,-0.64122,-1.42748,-2.16031
92806,928073,1772,-32,12036,-82,-186,-286,0.01596,-0.00339,0.99772,-0.62595,-1.41985,-2.18321
92807,928083,1730,6,12074,-78,-184,-286,0.01338,-0.00106,0.99998,-0.59542,-1.40458,-2.18321
92808,928093,1718,-40,12068,-82,-188,-281,0.01265,-0.00388,0.99962,-0.62595,-1.43511,-2.14504
92809,928103,1756,-66,12056,-77,-189,-280,0.01498,-0.00548,0.99891,-0.58779,-1.44275,-2.1374
92810,928113,1758,-34,12016,-78,-183,-280,0.0151,-0.00351,0.99653,-0.59542,-1.39695,-2.1374
92811,928123,1706,-34,12012,-79,-185,-282,0.01191,-0.00351,0.99629,-0.60305,-1.41221,-2.15267
92812,928133,1722,-26,12094,-82,-188,-283,0.01289,-0.00302,1.00116,-0.62595,-1.43511,-2.16031
92813,928143,1758,-48,12056,-79,-183,-288,0.0151,-0.00437,0.99891,-0.60305,-1.39695,-2.19847
92814,928153,1738,-36,12058,-83,-182,-283,0.01387,-0.00364,0.99903,-0.63359,-1.38931,-2.16031
92815,928163,1766,-2,12078,-83,-186,-280,0.01559,-0.00155,1.00021,-0.63359,-1.41985,-2.1374
92816,928173,1712,8,12074,-79,-180,-290,0.01228,-0.00094,0.99998,-0.60305,-1.37405,-2.21374
92817,928183,1772,-30,12036,-83,-188,-282,0.01596,-0.00327,0.99772,-0.63359,-1.43511,-2.15267
92818,928193,1732,-36,12096,-83,-188,-284,0.01351,-0.00364,1.00128,-0.63359,-1.43511,-2.16794
92819,928203,1712,-20,12086,-83,-180,-287,0.01228,-0.00266,1.00069,-0.63359,-1.37405,-2.19084
92820,928213,1710,10,12060,-82,-182,-281,0.01216,-0.00082,0.99914,-0.62595,-1.38931,-2.14504
92821,928223,1712,-30,12054,-80,-183,-284,0.01228,-0.00327,0.99879,-0.61069,-1.39695,-2.16794
92822,928233,1720,-30,12048,-77,-182,-286,0.01277,-0.00327,0.99843,-0.58779,-1.38931,-2.18321
92823,928243,1740,-78,12236,-82,-195,-277,0.014,-0.00621,1.0096,-0.62595,-1.48855,-2.1145
92824,928253,1686,-22,11910,-72,-172,-280,0.01068,-0.00278,0.99023,-0.54962,-1.31298,-2.1374
92825,928263,1692,-24,12046,-96,-181,-287,0.01105,-0.0029,0.99831,-0.73282,-1.38168,-2.19084
92826,928273,1746,10,12174,-69,-199,-277,0.01437,-0.00082,1.00592,-0.52672,-1.51908,-2.1145
92827,928283,1736,-26,11972,-89,-178,-281,0.01375,-0.00302,0.99392,-0.67939,-1.35878,-2.14504
92828,928293,1730,-20,12046,-87,-183,-279,0.01338,-0.00266,0.99831,-0.66412,-1.39695,-2.12977
92829,928303,1734,16,12088,-68,-200,-280,0.01363,-0.00045,1.00081,-0.51908,-1.52672,-2.1374
92830,928313,1724,2,11994,-87,-174,-286,0.01302,-0.00131,0.99522,-0.66412,-1.32824,-2.18321
92831,928323,1732,-22,12078,-83,-189,-282,0.01351,-0.00278,1.00021,-0.63359,-1.44275,-2.15267
92832,928333,1740,-18,12022,-78,-174,-284,0.014,-0.00253,0.99689,-0.59542,-1.32824,-2.16794
92833,928343,1736,-14,12028,-83,-177,-278,0.01375,-0.00229,0.99724,-0.63359,-1.35115,-2.12214
92834,928353,1708,-4,12030,-78,-183,-276,0.01203,-0.00167,0.99736,-0.59542,-1.39695,-2.10687
92835,928363,1706,0,12082,-70,-189,-281,0.01191,-0.00143,1.00045,-0.53435,-1.44275,-2.14504
92836,928373,1740,-56,11996,-80,-177,-281,0.014,-0.00486,0.99534,-0.61069,-1.35115,-2.14504
92837,928383,1764,-48,12030,-71,-187,-276,0.01547,-0.00437,0.99736,-0.54198,-1.42748,-2.10687
92838,928393,1752,-40,12118,-74,-187,-277,0.01473,-0.00388,1.00259,-0.56489,-1.42748,-2.1145
92839,928403,1738,-26,12076,-84,-179,-287,0.01387,-0.00302,1.0001,-0.64122,-1.36641,-2.19084
92840,928413,1744,-74,11978,-79,-190,-282,0.01424,-0.00597,0.99427,-0.60305,-1.45038,-2.15267
92841,928423,1694,-44,12024,-77,-188,-278,0.01117,-0.00413,0.99701,-0.58779,-1.43511,-2.12214
92842,928433,1688,-8,11986,-77,-175,-281,0.01081,-0.00192,0.99475,-0.58779,-1.33588,-2.14504
92843,928443,1704,0,12068,-75,-183,-278,0.01179,-0.00143,0.99962,-0.57252,-1.39695,-2.12214
92844,928453,1750,-30,12052,-77,-184,-284,0.01461,-0.00327,0.99867,-0.58779,-1.40458,-2.16794
92845,928463,1766,-36,11972,-83,-189,-278,0.01559,-0.00364,0.99392,-0.63359,-1.44275,-2.12214
92846,928473,1704,-48,12102,-78,-186,-286,0.01179,-0.00437,1.00164,-0.59542,-1.41985,-2.18321
92847,928483,1702,-8,12020,-71,-184,-282,0.01167,-0.00192,0.99677,-0.54198,-1.40458,-2.15267
92848,928493,1744,-38,12072,-77,-177,-282,0.01424,-0.00376,0.99986,-0.58779,-1.35115,-2.15267
92849,928503,1740,-48,12080,-79,-181,-282,0.014,-0.00437,1.00033,-0.60305,-1.38168,-2.15267
92850,928513,1762,-52,11986,-77,-185,-285,0.01535,-0.00462,0.99475,-0.58779,-1.41221,-2.17557
92851,928523,1676,-8,12100,-79,-190,-283,0.01007,-0.00192,1.00152,-0.60305,-1.45038,-2.16031
92852,928533,1704,-54,12116,-80,-182,-286,0.01179,-0.00474,1.00247,-0.61069,-1.38931,-2.18321
92853,928543,1714,-42,12086,-78,-182,-281,0.0124,-0.00401,1.00069,-0.59542,-1.38931,-2.14504
92854,928553,1736,-62,12102,-80,-180,-281,0.01375,-0.00523,1.00164,-0.61069,-1.37405,-2.14504
92855,928563,1788,-56,12002,-82,-182,-279,0.01694,-0.00486,0.9957,-0.62595,-1.38931,-2.12977
92856,928573,1740,0,12014,-80,-180,-285,0.014,-0.00143,0.99641,-0.61069,-1.37405,-2.17557
92857,928583,1754,-46,12014,-83,-181,-279,0.01486,-0.00425,0.99641,-0.63359,-1.38168,-2.12977
92858,928593,1768,-60,12046,-79,-186,-281,0.01572,-0.00511,0.99831,-0.60305,-1.41985,-2.14504
92859,928603,1720,20,11962,-80,-182,-285,0.01277,-0.0002,0.99332,-0.61069,-1.38931,-2.17557
92860,928613,1706,-36,12008,-83,-179,-283,0.01191,-0.00364,0.99605,-0.63359,-1.36641,-2.16031
92861,928623,1752,-8,12094,-91,-186,-285,0.01473,-0.00192,1.00116,-0.69466,-1.41985,-2.17557
92862,928633,1740,-28,12100,-68,-193,-286,0.014,-0.00315,1.00152,-0.51908,-1.47328,-2.18321
92863,928643,1692,-14,11994,-92,-172,-286,0.01105,-0.00229,0.99522,-0.70229,-1.31298,-2.18321
92864,928653,1682,-58,12134,-87,-179,-285,0.01044,-0.00499,1.00354,-0.66412,-1.36641,-2.17557
92865,928663,1776,-18,12072,-63,-200,-284,0.01621,-0.00253,0.99986,-0.48092,-1.52672,-2.16794
92866,928673,1766,-44,11982,-89,-178,-280,0.01559,-0.00413,0.99451,-0.67939,-1.35878,-2.1374
92867,928683,1744,-34,12116,-71,-198,-281,0.01424,-0.00351,1.00247,-0.54198,-1.51145,-2.14504
92868,928693,1702,-24,12052,-78,-192,-274,0.01167,-0.0029,0.99867,-0.59542,-1.46565,-2.0916
92869,928703,1718,-24,12034,-85,-181,-280,0.01265,-0.0029,0.9976,-0.64885,-1.38168,-2.1374
92870,928713,1770,-52,12086,-75,-196,-275,0.01584,-0.00462,1.00069,-0.57252,-1.49618,-2.09924
92871,928723,1710,8,12078,-75,-179,-280,0.01216,-0.00094,1.00021,-0.57252,-1.36641,-2.1374
92872,928733,1760,-16,11996,-81,-167,-280,0.01522,-0.00241,0.99534,-0.61832,-1.27481,-2.1374
92873,928743,1690,-42,12084,-74,-183,-281,0.01093,-0.00401,1.00057,-0.56489,-1.39695,-2.14504
92874,928753,1772,-60,12058,-75,-181,-286,0.01596,-0.00511,0.99903,-0.57252,-1.38168,-2.18321
92875,928763,1740,-90,12024,-77,-176,-286,0.014,-0.00695,0.99701,-0.58779,-1.34351,-2.18321
92876,928773,1718,-18,12136,-70,-184,-283,0.01265,-0.00253,1.00366,-0.53435,-1.40458,-2.16031
92877,928783,1732,-52,12066,-76,-190,-288,0.01351,-0.00462,0.9995,-0.58015,-1.45038,-2.19847
92878,928793,1748,-36,12022,-82,-178,-282,0.01449,-0.00364,0.99689,-0.62595,-1.35878,-2.15267
92879,928803,1746,-42,12042,-75,-188,-282,0.01437,-0.00401,0.99807,-0.57252,-1.43511,-2.15267
92880,928813,1736,-38,12028,-77,-186,-281,0.01375,-0.00376,0.99724,-0.58779,-1.41985,-2.14504
92881,928823,1718,-62,12034,-83,-176,-284,0.01265,-0.00523,0.9976,-0.63359,-1.34351,-2.16794
92882,928833,1728,-72,12094,-82,-185,-286,0.01326,-0.00585,1.00116,-0.62595,-1.41221,-2.18321
92883,928843,1688,-48,12036,-77,-172,-283,0.01081,-0.00437,0.99772,-0.58779,-1.31298,-2.16031
92884,928853,1746,0,12002,-82,-176,-282,0.01437,-0.00143,0.9957,-0.62595,-1.34351,-2.15267
92885,928863,1748,-62,12004,-74,-194,-282,0.01449,-0.00523,0.99582,-0.56489,-1.48092,-2.15267
92886,928873,1726,-30,11998,-78,-188,-282,0.01314,-0.00327,0.99546,-0.59542,-1.43511,-2.15267
92887,928883,1714,-22,12010,-80,-186,-277,0.0124,-0.00278,0.99617,-0.61069,-1.41985,-2.1145
92888,928893,1690,-28,11992,-82,-191,-279,0.01093,-0.00315,0.9951,-0.62595,-1.45802,-2.12977
92889,928903,1736,-8,12022,-85,-187,-280,0.01375,-0.00192,0.99689,-0.64885,-1.42748,-2.1374
92890,928913,1744,-106,12076,-80,-188,-278,0.01424,-0.00793,1.0001,-0.61069,-1.43511,-2.12214
92891,928923,1736,-62,12020,-76,-182,-286,0.01375,-0.00523,0.99677,-0.58015,-1.38931,-2.18321
92892,928933,1720,-56,12008,-77,-189,-281,0.01277,-0.00486,0.99605,-0.58779,-1.44275,-2.14504
92893,928943,1702,-58,12048,-74,-180,-278,0.01167,-0.00499,0.99843,-0.56489,-1.37405,-2.12214
92894,928953,1708,-58,11984,-80,-175,-282,0.01203,-0.00499,0.99463,-0.61069,-1.33588,-2.15267
92895,928963,1742,-36,11976,-83,-190,-283,0.01412,-0.00364,0.99415,-0.63359,-1.45038,-2.16031
92896,928973,1714,-30,12008,-80,-194,-284,0.0124,-0.00327,0.99605,-0.61069,-1.48092,-2.16794
92897,928983,1746,-38,12062,-73,-193,-280,0.01437,-0.00376,0.99926,-0.55725,-1.47328,-2.1374
92898,928993,1720,-52,12072,-85,-185,-279,0.01277,-0.00462,0.99986,-0.64885,-1.41221,-2.12977
92899,929003,1712,-28,12014,-83,-179,-284,0.01228,-0.00315,0.99641,-0.63359,-1.36641,-2.16794
92900,929013,1780,-34,12060,-73,-173,-286,0.01645,-0.00351,0.99914,-0.55725,-1.32061,-2.18321
92901,929023,1748,-34,12060,-71,-181,-285,0.01449,-0.00351,0.99914,-0.54198,-1.38168,-2.17557
92902,929033,1720,-38,12042,-80,-175,-277,0.01277,-0.00376,0.99807,-0.61069,-1.33588,-2.1145
92903,929043,1742,-28,12010,-79,-176,-281,0.01412,-0.00315,0.99617,-0.60305,-1.34351,-2.14504
92904,929053,1742,-6,12034,-81,-182,-279,0.01412,-0.0018,0.9976,-0.61832,-1.38931,-2.12977
92905,929063,1722,-12,12100,-84,-183,-283,0.01289,-0.00217,1.00152,-0.64122,-1.39695,-2.16031
92906,929073,1740,-30,12006,-76,-189,-284,0.014,-0.00327,0.99594,-0.58015,-1.44275,-2.16794
92907,929083,1738,-38,12014,-77,-195,-281,0.01387,-0.00376,0.99641,-0.58779,-1.48855,-2.14504
92908,929093,1748,-24,12088,-81,-188,-278,0.01449,-0.0029,1.00081,-0.61832,-1.43511,-2.12214
92909,929103,1774,-30,12112,-79,-194,-285,0.01608,-0.00327,1.00223,-0.60305,-1.48092,-2.17557
92910,929113,1766,-36,12042,-80,-190,-281,0.01559,-0.00364,0.99807,-0.61069,-1.45038,-2.14504
92911,929123,1710,-40,12038,-81,-178,-276,0.01216,-0.00388,0.99784,-0.61832,-1.35878,-2.10687
92912,929133,1788,-70,12050,-73,-183,-277,0.01694,-0.00572,0.99855,-0.55725,-1.39695,-2.1145
92913,929143,1668,-20,12026,-75,-184,-272,0.00958,-0.00266,0.99712,-0.57252,-1.40458,-2.07634
92914,929153,1722,-12,12062,-80,-172,-280,0.01289,-0.00217,0.99926,-0.61069,-1.31298,-2.1374
92915,929163,1738,-14,12086,-77,-188,-288,0.01387,-0.00229,1.00069,-0.58779,-1.43511,-2.19847
92916,929173,1770,-62,11980,-76,-182,-284,0.01584,-0.00523,0.99439,-0.58015,-1.38931,-2.16794
92917,929183,1750,-32,12022,-81,-182,-279,0.01461,-0.00339,0.99689,-0.61832,-1.38931,-2.12977
92918,929193,1772,-72,12108,-78,-183,-282,0.01596,-0.00585,1.002,-0.59542,-1.39695,-2.15267
92919,929203,1710,-48,12070,-78,-184,-281,0.01216,-0.00437,0.99974,-0.59542,-1.40458,-2.14504
92920,929213,1728,-42,12050,-80,-190,-287,0.01326,-0.00401,0.99855,-0.61069,-1.45038,-2.19084
92921,929223,1700,-52,12066,-77,-193,-279,0.01154,-0.00462,0.9995,-0.58779,-1.47328,-2.12977
92922,929233,1718,-12,12028,-81,-177,-275,0.01265,-0.00217,0.99724,-0.61832,-1.35115,-2.09924
92923,929243,1762,-26,12030,-80,-181,-280,0.01535,-0.00302,0.99736,-0.61069,-1.38168,-2.1374
92924,929253,1716,-34,12024,-80,-181,-276,0.01252,-0.00351,0.99701,-0.61069,-1.38168,-2.10687
92925,929263,1718,-36,12066,-80,-183,-284,0.01265,-0.00364,0.9995,-0.61069,-1.39695,-2.16794
92926,929273,1784,-24,12036,-80,-184,-278,0.0167,-0.0029,0.99772,-0.61069,-1.40458,-2.12214
92927,929283,1670,-4,12068,-80,-185,-277,0.0097,-0.00167,0.99962,-0.61069,-1.41221,-2.1145
92928,929293,1726,-26,12070,-77,-185,-283,0.01314,-0.00302,0.99974,-0.58779,-1.41221,-2.16031
92929,929303,1702,-58,12060,-69,-186,-279,0.01167,-0.00499,0.99914,-0.52672,-1.41985,-2.12977
92930,929313,1740,-62,12076,-77,-183,-282,0.014,-0.00523,1.0001,-0.58779,-1.39695,-2.15267
92931,929323,1714,-28,11988,-77,-175,-279,0.0124,-0.00315,0.99487,-0.58779,-1.33588,-2.12977
92932,929333,1708,-4,12052,-82,-183,-284,0.01203,-0.00167,0.99867,-0.62595,-1.39695,-2.16794
92933,929343,1706,-14,12026,-78,-182,-279,0.01191,-0.00229,0.99712,-0.59542,-1.38931,-2.12977
92934,929353,1762,-64,11988,-75,-180,-279,0.01535,-0.00536,0.99487,-0.57252,-1.37405,-2.12977
92935,929363,1736,-6,11972,-81,-185,-286,0.01375,-0.0018,0.99392,-0.61832,-1.41221,-2.18321
92936,929373,1734,2,12074,-83,-188,-285,0.01363,-0.00131,0.99998,-0.63359,-1.43511,-2.17557
92937,929383,1724,-94,12040,-79,-190,-281,0.01302,-0.0072,0.99796,-0.60305,-1.45038,-2.14504
92938,929393,1738,-32,12048,-82,-185,-288,0.01387,-0.00339,0.99843,-0.62595,-1.41221,-2.19847
92939,929403,1676,-28,12024,-76,-190,-281,0.01007,-0.00315,0.99701,-0.58015,-1.45038,-2.14504
92940,929413,1724,-32,12112,-76,-186,-286,0.01302,-0.00339,1.00223,-0.58015,-1.41985,-2.18321
92941,929423,1724,-50,12058,-84,-187,-283,0.01302,-0.0045,0.99903,-0.64122,-1.42748,-2.16031
92942,929433,1748,-16,11996,-84,-188,-280,0.01449,-0.00241,0.99534,-0.64122,-1.43511,-2.1374
92943,929443,1688,-50,12020,-79,-188,-279,0.01081,-0.0045,0.99677,-0.60305,-1.43511,-2.12977
92944,929453,1720,-12,12100,-78,-185,-274,0.01277,-0.00217,1.00152,-0.59542,-1.41221,-2.0916
92945,929463,1738,-16,12088,-78,-182,-279,0.01387,-0.00241,1.00081,-0.59542,-1.38931,-2.12977
92946,929473,1718,-72,12024,-76,-181,-280,0.01265,-0.00585,0.99701,-0.58015,-1.38168,-2.1374
92947,929483,1758,-40,12054,-79,-186,-279,0.0151,-0.00388,0.99879,-0.60305,-1.41985,-2.12977
92948,929493,1736,-18,12072,-78,-185,-280,0.01375,-0.00253,0.99986,-0.59542,-1.41221,-2.1374
92949,929503,1682,-54,12074,-72,-181,-282,0.01044,-0.00474,0.99998,-0.54962,-1.38168,-2.15267
92950,929513,1690,-18,12064,-76,-183,-282,0.01093,-0.00253,0.99938,-0.58015,-1.39695,-2.15267
92951,929523,1702,-32,12036,-79,-187,-284,0.01167,-0.00339,0.99772,-0.60305,-1.42748,-2.16794
92952,929533,1748,-14,12056,-78,-182,-286,0.01449,-0.00229,0.99891,-0.59542,-1.38931,-2.18321
92953,929543,1738,0,12064,-80,-185,-281,0.01387,-0.00143,0.99938,-0.61069,-1.41221,-2.14504
92954,929553,1726,-68,12036,-79,-179,-276,0.01314,-0.0056,0.99772,-0.60305,-1.36641,-2.10687
92955,929563,1724,-38,12036,-79,-179,-278,0.01302,-0.00376,0.99772,-0.60305,-1.36641,-2.12214
92956,929573,1718,-46,11992,-72,-185,-280,0.01265,-0.00425,0.9951,-0.54962,-1.41221,-2.1374
92957,929583,1732,-60,11982,-74,-180,-287,0.01351,-0.00511,0.99451,-0.56489,-1.37405,-2.19084
92958,929593,1708,-50,12080,-76,-181,-285,0.01203,-0.0045,1.00033,-0.58015,-1.38168,-2.17557
92959,929603,1748,-78,12056,-79,-184,-279,0.01449,-0.00621,0.99891,-0.60305,-1.40458,-2.12977
92960,929613,1732,-8,12022,-77,-181,-285,0.01351,-0.00192,0.99689,-0.58779,-1.38168,-2.17557
92961,929623,1686,-26,12062,-80,-187,-280,0.01068,-0.00302,0.99926,-0.61069,-1.42748,-2.1374
92962,929633,1736,12,12026,-84,-182,-274,0.01375,-0.00069,0.99712,-0.64122,-1.38931,-2.0916
92963,929643,1746,-42,12092,-83,-184,-281,0.01437,-0.00401,1.00105,-0.63359,-1.40458,-2.14504
92964,929653,1702,-64,12024,-81,-176,-280,0.01167,-0.00536,0.99701,-0.61832,-1.34351,-2.1374
92965,929663,1750,-30,12032,-75,-185,-275,0.01461,-0.00327,0.99748,-0.57252,-1.41221,-2.09924
92966,929673,1742,-60,12050,-76,-188,-284,0.01412,-0.00511,0.99855,-0.58015,-1.43511,-2.16794
92967,929683,1722,-52,12024,-75,-189,-281,0.01289,-0.00462,0.99701,-0.57252,-1.44275,-2.14504
92968,929693,1702,-52,12058,-74,-182,-280,0.01167,-0.00462,0.99903,-0.56489,-1.38931,-2.1374
92969,929703,1734,-22,12062,-78,-184,-281,0.01363,-0.00278,0.99926,-0.59542,-1.40458,-2.14504
92970,929713,1738,-18,12006,-75,-189,-277,0.01387,-0.00253,0.99594,-0.57252,-1.44275,-2.1145
92971,929723,1696,-4,12078,-75,-183,-286,0.0113,-0.00167,1.00021,-0.57252,-1.39695,-2.18321
92972,929733,1718,-50,12034,-81,-189,-286,0.01265,-0.0045,0.9976,-0.61832,-1.44275,-2.18321
92973,929743,1708,-84,12080,-78,-189,-279,0.01203,-0.00658,1.00033,-0.59542,-1.44275,-2.12977
92974,929753,1720,-30,11986,-76,-179,-283,0.01277,-0.00327,0.99475,-0.58015,-1.36641,-2.16031
92975,929763,1730,-38,12020,-68,-190,-283,0.01338,-0.00376,0.99677,-0.51908,-1.45038,-2.16031
92976,929773,1760,-52,12052,-74,-191,-285,0.01522,-0.00462,0.99867,-0.56489,-1.45802,-2.17557
92977,929783,1738,-16,12080,-76,-183,-286,0.01387,-0.00241,1.00033,-0.58015,-1.39695,-2.18321
92978,929793,1738,-46,12080,-80,-183,-283,0.01387,-0.00425,1.00033,-0.61069,-1.39695,-2.16031
92979,929803,1746,-84,12064,-72,-183,-284,0.01437,-0.00658,0.99938,-0.54962,-1.39695,-2.16794
92980,929813,1744,-26,12076,-72,-175,-283,0.01424,-0.00302,1.0001,-0.54962,-1.33588,-2.16031
92981,929823,1694,4,12016,-84,-179,-284,0.01117,-0.00118,0.99653,-0.64122,-1.36641,-2.16794
92982,929833,1758,-56,12020,-81,-178,-279,0.0151,-0.00486,0.99677,-0.61832,-1.35878,-2.12977
92983,929843,1810,-10,12092,-75,-183,-281,0.01829,-0.00204,1.00105,-0.57252,-1.39695,-2.14504
92984,929853,1694,-2,12022,-75,-184,-284,0.01117,-0.00155,0.99689,-0.57252,-1.40458,-2.16794
92985,929863,1740,-34,12010,-78,-171,-280,0.014,-0.00351,0.99617,-0.59542,-1.30534,-2.1374
92986,929873,1742,-16,12042,-79,-180,-283,0.01412,-0.00241,0.99807,-0.60305,-1.37405,-2.16031
92987,929883,1738,-20,12052,-76,-195,-286,0.01387,-0.00266,0.99867,-0.58015,-1.48855,-2.18321
92988,929893,1712,-56,12018,-83,-184,-280,0.01228,-0.00486,0.99665,-0.63359,-1.40458,-2.1374
92989,929903,1766,-18,11964,-85,-186,-286,0.01559,-0.00253,0.99344,-0.64885,-1.41985,-2.18321
92990,929913,1750,-40,12096,-77,-194,-284,0.01461,-0.00388,1.00128,-0.58779,-1.48092,-2.16794
92991,929923,1718,-40,12022,-77,-191,-279,0.01265,-0.00388,0.99689,-0.58779,-1.45802,-2.12977
92992,929933,1758,-68,11990,-80,-196,-279,0.0151,-0.0056,0.99498,-0.61069,-1.49618,-2.12977
92993,929943,1686,-60,12094,-73,-187,-281,0.01068,-0.00511,1.00116,-0.55725,-1.42748,-2.14504
92994,929953,1684,-6,11986,-74,-180,-283,0.01056,-0.0018,0.99475,-0.56489,-1.37405,-2.16031
92995,929963,1732,-70,11974,-77,-196,-280,0.01351,-0.00572,0.99403,-0.58779,-1.49618,-2.1374
92996,929973,1726,-48,12084,-80,-190,-276,0.01314,-0.00437,1.00057,-0.61069,-1.45038,-2.10687
92997,929983,1726,-46,12072,-80,-186,-279,0.01314,-0.00425,0.99986,-0.61069,-1.41985,-2.12977
92998,929993,1702,-42,12040,-73,-187,-280,0.01167,-0.00401,0.99796,-0.55725,-1.42748,-2.1374
92999,930003,1726,-30,11974,-70,-175,-283,0.01314,-0.00327,0.99403,-0.53435,-1.33588,-2.16031
93000,930013,1744,-32,12026,-78,-180,-288,0.01424,-0.00339,0.99712,-0.59542,-1.37405,-2.19847
93001,930023,1730,-72,12058,-79,-184,-286,0.01338,-0.00585,0.99903,-0.60305,-1.40458,-2.18321
93002,930033,1750,-32,12070,-75,-184,-282,0.01461,-0.00339,0.99974,-0.57252,-1.40458,-2.15267
93003,930043,1764,-40,12070,-79,-187,-283,0.01547,-0.00388,0.99974,-0.60305,-1.42748,-2.16031
93004,930053,1728,-56,12082,-79,-196,-278,0.01326,-0.00486,1.00045,-0.60305,-1.49618,-2.12214
93005,930063,1750,-64,12094,-79,-186,-282,0.01461,-0.00536,1.00116,-0.60305,-1.41985,-2.15267
93006,930073,1726,-30,11992,-78,-183,-285,0.01314,-0.00327,0.9951,-0.59542,-1.39695,-2.17557
93007,930083,1732,-34,12072,-80,-186,-281,0.01351,-0.00351,0.99986,-0.61069,-1.41985,-2.14504
93008,930093,1724,-46,12040,-79,-181,-285,0.01302,-0.00425,0.99796,-0.60305,-1.38168,-2.17557
93009,930103,1718,-76,12042,-77,-183,-280,0.01265,-0.00609,0.99807,-0.58779,-1.39695,-2.1374
93010,930113,1758,-32,12022,-74,-179,-279,0.0151,-0.00339,0.99689,-0.56489,-1.36641,-2.12977
93011,930123,1752,-46,12050,-74,-178,-280,0.01473,-0.00425,0.99855,-0.56489,-1.35878,-2.1374
93012,930133,1766,-66,12066,-81,-186,-281,0.01559,-0.00548,0.9995,-0.61832,-1.41985,-2.14504
93013,930143,1718,-42,12102,-83,-186,-278,0.01265,-0.00401,1.00164,-0.63359,-1.41985,-2.12214
93014,930153,1666,-34,12018,-79,-189,-281,0.00946,-0.00351,0.99665,-0.60305,-1.44275,-2.14504
93015,930163,1766,-84,12078,-77,-189,-281,0.01559,-0.00658,1.00021,-0.58779,-1.44275,-2.14504
93016,930173,1744,-22,12022,-78,-188,-282,0.01424,-0.00278,0.99689,-0.59542,-1.43511,-2.15267
93017,930183,1730,-22,12058,-84,-188,-281,0.01338,-0.00278,0.99903,-0.64122,-1.43511,-2.14504
93018,930193,1702,-74,12044,-82,-184,-280,0.01167,-0.00597,0.99819,-0.62595,-1.40458,-2.1374
93019,930203,1726,-18,12096,-79,-176,-280,0.01314,-0.00253,1.00128,-0.60305,-1.34351,-2.1374
93020,930213,1720,-30,11994,-79,-183,-278,0.01277,-0.00327,0.99522,-0.60305,-1.39695,-2.12214
93021,930223,1716,-4,12022,-79,-184,-284,0.01252,-0.00167,0.99689,-0.60305,-1.40458,-2.16794
93022,930233,1692,-12,12098,-75,-178,-282,0.01105,-0.00217,1.0014,-0.57252,-1.35878,-2.15267
93023,930243,1704,-32,12034,-74,-187,-288,0.01179,-0.00339,0.9976,-0.56489,-1.42748,-2.19847
93024,930253,1728,10,12040,-75,-185,-281,0.01326,-0.00082,0.99796,-0.57252,-1.41221,-2.14504
93025,930263,1736,-28,12060,-75,-188,-287,0.01375,-0.00315,0.99914,-0.57252,-1.43511,-2.19084
93026,930273,1684,-42,12064,-73,-180,-282,0.01056,-0.00401,0.99938,-0.55725,-1.37405,-2.15267
93027,930283,1766,-58,12042,-74,-183,-280,0.01559,-0.00499,0.99807,-0.56489,-1.39695,-2.1374
93028,930293,1718,-14,12030,-81,-179,-285,0.01265,-0.00229,0.99736,-0.61832,-1.36641,-2.17557
93029,930303,1726,-28,12064,-80,-176,-282,0.01314,-0.00315,0.99938,-0.61069,-1.34351,-2.15267
93030,930313,1676,-34,12032,-77,-178,-281,0.01007,-0.00351,0.99748,-0.58779,-1.35878,-2.14504
93031,930323,1730,-72,12052,-72,-186,-283,0.01338,-0.00585,0.99867,-0.54962,-1.41985,-2.16031
93032,930333,1706,-94,12128,-81,-182,-280,0.01191,-0.0072,1.00318,-0.61832,-1.38931,-2.1374
93033,930343,1746,-80,12038,-76,-179,-286,0.01437,-0.00634,0.99784,-0.58015,-1.36641,-2.18321
93034,930353,1684,-16,12018,-79,-181,-286,0.01056,-0.00241,0.99665,-0.60305,-1.38168,-2.18321
93035,930363,1734,-8,12018,-83,-185,-278,0.01363,-0.00192,0.99665,-0.63359,-1.41221,-2.12214
93036,930373,1754,-44,12014,-72,-184,-280,0.01486,-0.00413,0.99641,-0.54962,-1.40458,-2.1374
93037,930383,1752,18,12046,-78,-190,-278,0.01473,-0.00033,0.99831,-0.59542,-1.45038,-2.12214
93038,930393,1784,-34,12100,-81,-185,-281,0.0167,-0.00351,1.00152,-0.61832,-1.41221,-2.14504
93039,930403,1706,-34,12168,-72,-180,-285,0.01191,-0.00351,1.00556,-0.54962,-1.37405,-2.17557
93040,930413,1736,-46,11972,-78,-170,-279,0.01375,-0.00425,0.99392,-0.59542,-1.29771,-2.12977
93041,930423,1770,-78,12034,-80,-192,-278,0.01584,-0.00621,0.9976,-0.61069,-1.46565,-2.12214
93042,930433,1732,-36,12080,-68,-199,-279,0.01351,-0.00364,1.00033,-0.51908,-1.51908,-2.12977
93043,930443,1706,-48,11966,-89,-164,-281,0.01191,-0.00437,0.99356,-0.67939,-1.25191,-2.14504
93044,930453,1816,-18,12092,-79,-181,-276,0.01866,-0.00253,1.00105,-0.60305,-1.38168,-2.10687
93045,930463,1762,8,12116,-69,-187,-279,0.01535,-0.00094,1.00247,-0.52672,-1.42748,-2.12977
93046,930473,1700,-30,11988,-87,-172,-284,0.01154,-0.00327,0.99487,-0.66412,-1.31298,-2.16794
93047,930483,1712,-94,12142,-70,-193,-279,0.01228,-0.0072,1.00402,-0.53435,-1.47328,-2.12977
93048,930493,1712,-8,12086,-73,-180,-283,0.01228,-0.00192,1.00069,-0.55725,-1.37405,-2.16031
93049,930503,1730,-2,11984,-80,-177,-279,0.01338,-0.00155,0.99463,-0.61069,-1.35115,-2.12977
93050,930513,1710,-36,12032,-74,-181,-282,0.01216,-0.00364,0.99748,-0.56489,-1.38168,-2.15267
93051,930523,1718,-16,12056,-77,-183,-278,0.01265,-0.00241,0.99891,-0.58779,-1.39695,-2.12214
93052,930533,1750,-28,12090,-79,-176,-283,0.01461,-0.00315,1.00093,-0.60305,-1.34351,-2.16031
93053,930543,1706,-18,12116,-81,-184,-279,0.01191,-0.00253,1.00247,-0.61832,-1.40458,-2.12977
93054,930553,1742,-36,12028,-80,-183,-279,0.01412,-0.00364,0.99724,-0.61069,-1.39695,-2.12977
93055,930563,1732,-66,12070,-80,-188,-279,0.01351,-0.00548,0.99974,-0.61069,-1.43511,-2.12977
93056,930573,1732,-16,12074,-76,-194,-279,0.01351,-0.00241,0.99998,-0.58015,-1.48092,-2.12977
93057,930583,1756,-18,12076,-81,-185,-283,0.01498,-0.00253,1.0001,-0.61832,-1.41221,-2.16031
93058,930593,1742,-52,12080,-81,-183,-280,0.01412,-0.00462,1.00033,-0.61832,-1.39695,-2.1374
93059,930603,1656,-34,12134,-82,-183,-276,0.00884,-0.00351,1.00354,-0.62595,-1.39695,-2.10687
93060,930613,1680,-22,12070,-84,-188,-277,0.01032,-0.00278,0.99974,-0.64122,-1.43511,-2.1145
93061,930623,1748,-52,12016,-84,-184,-283,0.01449,-0.00462,0.99653,-0.64122,-1.40458,-2.16031
93062,930633,1744,-14,12114,-80,-187,-280,0.01424,-0.00229,1.00235,-0.61069,-1.42748,-2.1374
93063,930643,1750,-16,12034,-73,-186,-283,0.01461,-0.00241,0.9976,-0.55725,-1.41985,-2.16031
93064,930653,1728,2,12038,-77,-180,-279,0.01326,-0.00131,0.99784,-0.58779,-1.37405,-2.12977
93065,930663,1728,-12,12088,-79,-178,-276,0.01326,-0.00217,1.00081,-0.60305,-1.35878,-2.10687
93066,930673,1776,-40,12030,-81,-177,-280,0.01621,-0.00388,0.99736,-0.61832,-1.35115,-2.1374
93067,930683,1746,-42,12060,-80,-180,-281,0.01437,-0.00401,0.99914,-0.61069,-1.37405,-2.14504
93068,930693,1756,-42,12088,-77,-188,-278,0.01498,-0.00401,1.00081,-0.58779,-1.43511,-2.12214
93069,930703,1736,-42,12126,-79,-175,-284,0.01375,-0.00401,1.00307,-0.60305,-1.33588,-2.16794
93070,930713,1744,-32,12034,-82,-181,-285,0.01424,-0.00339,0.9976,-0.62595,-1.38168,-2.17557
93071,930723,1746,-48,11994,-79,-184,-285,0.01437,-0.00437,0.99522,-0.60305,-1.40458,-2.17557
93072,930733,1742,-30,12046,-80,-181,-280,0.01412,-0.00327,0.99831,-0.61069,-1.38168,-2.1374
93073,930743,1732,-68,12072,-79,-187,-279,0.01351,-0.0056,0.99986,-0.60305,-1.42748,-2.12977
93074,930753,1742,-20,12082,-73,-192,-284,0.01412,-0.00266,1.00045,-0.55725,-1.46565,-2.16794
93075,930763,1702,-48,12050,-73,-186,-279,0.01167,-0.00437,0.99855,-0.55725,-1.41985,-2.12977
93076,930773,1728,-12,12078,-79,-184,-273,0.01326,-0.00217,1.00021,-0.60305,-1.40458,-2.08397
93077,930783,1766,-26,12020,-79,-195,-275,0.01559,-0.00302,0.99677,-0.60305,-1.48855,-2.09924
93078,930793,1690,-26,12068,-79,-176,-284,0.01093,-0.00302,0.99962,-0.60305,-1.34351,-2.16794
93079,930803,1734,-42,12036,-81,-175,-280,0.01363,-0.00401,0.99772,-0.61832,-1.33588,-2.1374
93080,930813,1714,-22,12022,-84,-191,-278,0.0124,-0.00278,0.99689,-0.64122,-1.45802,-2.12214
93081,930823,1704,-8,12010,-82,-180,-281,0.01179,-0.00192,0.99617,-0.62595,-1.37405,-2.14504
93082,930833,1730,-56,12058,-81,-183,-282,0.01338,-0.00486,0.99903,-0.61832,-1.39695,-2.15267
93083,930843,1736,-34,12116,-75,-190,-282,0.01375,-0.00351,1.00247,-0.57252,-1.45038,-2.15267
