sample_index,timestamp_ms,ax_raw,ay_raw,az_raw,gx_raw,gy_raw,gz_raw,ax_g,ay_g,az_g,gx_dps,gy_dps,gz_dps,roll_acc_deg,pitch_acc_deg,accel_magnitude_g,roll_kf_deg,pitch_kf_deg,roll_bias_dps,pitch_bias_dps,roll_k_angle,pitch_k_angle
30667,314160,-1794,-182,11714,-82,-171,-286,-0.20287,-0.01259,0.97859,-0.03206,0.09771,-0.03893,-0.73729,11.71108,0.99947,-0.73155,11.66199,-0.034313,0.034256,0.019505,0.019505
30668,314170,-1824,-206,11762,-93,-160,-282,-0.20471,-0.01407,0.98144,-0.11603,0.18168,-0.0084,-0.82108,11.78078,1.00266,-0.73398,11.66561,-0.034159,0.034053,0.018275,0.018275
30669,314180,-1792,-180,11730,-90,-164,-270,-0.20275,-0.01247,0.97954,-0.09313,0.15115,0.08321,-0.7294,11.69317,1.00038,-0.73447,11.66729,-0.034169,0.034004,0.01952,0.01952
30670,314191,-1764,-184,11774,-78,-188,-280,-0.20103,-0.01272,0.98215,-0.00153,-0.03206,0.00687,-0.74177,11.5667,1.00259,-0.73429,11.6648,-0.034156,0.034178,0.018321,0.018321
30671,314201,-1792,-168,11784,-78,-192,-286,-0.20275,-0.01173,0.98274,-0.00153,-0.0626,-0.03893,-0.68411,11.65615,1.00351,-0.73309,11.6637,-0.034238,0.03419,0.01743,0.01743
30672,314211,-1818,-174,11788,-75,-182,-283,-0.20434,-0.0121,0.98298,0.02137,0.01374,-0.01603,-0.70539,11.74252,1.00407,-0.73208,11.66482,-0.034281,0.034064,0.016825,0.016825
30673,314222,-1806,-142,11766,-84,-165,-279,-0.20361,-0.01014,0.98168,-0.04733,0.14351,0.0145,-0.59178,11.71678,1.00262,-0.72963,11.66685,-0.034526,0.033976,0.018357,0.018357
30674,314232,-1794,-200,11832,-84,-142,-281,-0.20287,-0.0137,0.9856,-0.04733,0.31908,-0.00076,-0.79622,11.62989,1.00635,-0.73069,11.66914,-0.034437,0.034029,0.014041,0.014041
30675,314242,-1802,-164,11806,-88,-179,-290,-0.20336,-0.01149,0.98405,-0.07786,0.03664,-0.06947,-0.66892,11.67539,1.00491,-0.73014,11.66927,-0.034531,0.03402,0.015919,0.015919
30676,314252,-1746,-160,11720,-80,-196,-281,-0.19992,-0.01124,0.97894,-0.01679,-0.09313,-0.00076,-0.65805,11.54174,0.99921,-0.72855,11.66552,-0.034665,0.034254,0.019612,0.019612
30677,314263,-1706,-174,11758,-84,-179,-285,-0.19747,-0.0121,0.9812,-0.04733,0.03664,-0.0313,-0.70667,11.3781,1.00095,-0.72824,11.65993,-0.034705,0.034787,0.019538,0.019538
30678,314273,-1806,-196,11730,-74,-138,-288,-0.20361,-0.01345,0.97954,0.02901,0.34962,-0.0542,-0.7868,11.74119,1.00056,-0.72877,11.66461,-0.034595,0.034641,0.019627,0.019627
30679,314283,-1788,-208,11786,-78,-167,-280,-0.2025,-0.01419,0.98286,-0.00153,0.12824,0.00687,-0.82703,11.64068,1.00361,-0.73016,11.66511,-0.034432,0.034682,0.01744,0.01744
30680,314293,-1784,-238,11726,-82,-205,-282,-0.20226,-0.01603,0.9793,-0.03206,-0.16183,-0.0084,-0.93768,11.66778,1.00009,-0.73422,11.66324,-0.034045,0.034674,0.019685,0.019685
30681,314304,-1822,-192,11734,-77,-200,-284,-0.20459,-0.01321,0.97977,0.00611,-0.12366,-0.02366,-0.77226,11.79349,1.00099,-0.73457,11.66422,-0.033974,0.03443,0.019475,0.019475
30682,314314,-1786,-160,11710,-73,-164,-288,-0.20238,-0.01124,0.97835,0.03664,0.15115,-0.0542,-0.65845,11.68647,0.99912,-0.73239,11.6658,-0.034113,0.034391,0.019497,0.019497
30683,314324,-1778,-190,11794,-79,-142,-283,-0.20189,-0.01308,0.98334,-0.00916,0.31908,-0.01603,-0.76231,11.60108,1.00393,-0.73265,11.6675,-0.034065,0.034501,0.017039,0.017039
30684,314335,-1722,-248,11734,-82,-166,-282,-0.19845,-0.01664,0.97977,-0.03206,0.13588,-0.0084,-0.97309,11.44863,0.99981,-0.73736,11.66419,-0.033617,0.03491,0.019647,0.019647
30685,314345,-1764,-174,11706,-77,-204,-283,-0.20103,-0.0121,0.97811,0.00611,-0.1542,-0.01603,-0.70891,11.61326,0.99863,-0.73642,11.66136,-0.033668,0.035,0.019276,0.019276
30686,314355,-1760,-184,11736,-82,-206,-286,-0.20078,-0.01272,0.97989,-0.03206,-0.16947,-0.03893,-0.74348,11.57885,1.00033,-0.73654,11.65773,-0.033655,0.035149,0.019596,0.019596
30687,314365,-1806,-134,11768,-83,-161,-281,-0.20361,-0.00965,0.98179,-0.03969,0.17405,-0.00076,-0.56307,11.71546,1.00273,-0.73343,11.66015,-0.033955,0.035052,0.018262,0.018262
30688,314376,-1820,-188,11740,-82,-152,-284,-0.20446,-0.01296,0.98013,-0.03206,0.24275,-0.02366,-0.75764,11.78248,1.00131,-0.73388,11.66455,-0.033911,0.034832,0.019276,0.019276
30689,314386,-1836,-188,11714,-82,-203,-281,-0.20545,-0.01296,0.97859,-0.03206,-0.14656,-0.00076,-0.75883,11.85563,1.0,-0.73435,11.66651,-0.033865,0.034474,0.019589,0.019589
30690,314396,-1810,-154,11718,-86,-202,-281,-0.20385,-0.01088,0.97882,-0.0626,-0.13893,-0.00076,-0.63659,11.76365,0.99988,-0.73272,11.66671,-0.034047,0.03429,0.019566,0.019566
30691,314407,-1788,-194,11690,-85,-191,-277,-0.2025,-0.01333,0.97716,-0.05496,-0.05496,0.02977,-0.78152,11.70689,0.99801,-0.73385,11.66659,-0.03396,0.034217,0.018819,0.018819
30692,314417,-1784,-194,11714,-91,-164,-282,-0.20226,-0.01333,0.97859,-0.10076,0.15115,-0.0084,-0.78038,11.67652,0.99936,-0.73541,11.66793,-0.033875,0.034201,0.019467,0.019467
30693,314427,-1794,-190,11776,-80,-161,-287,-0.20287,-0.01308,0.98227,-0.01679,0.17405,-0.04656,-0.76314,11.6683,1.00309,-0.73573,11.66931,-0.033828,0.034203,0.017862,0.017862
30694,314438,-1814,-152,11760,-86,-190,-282,-0.2041,-0.01075,0.98132,-0.0626,-0.04733,-0.0084,-0.62781,11.74832,1.00238,-0.73402,11.66998,-0.034018,0.034063,0.018518,0.018518
30695,314448,-1802,-188,11742,-86,-210,-278,-0.20336,-0.01296,0.98025,-0.0626,-0.2,0.02214,-0.75755,11.71921,1.0012,-0.73475,11.66863,-0.033976,0.033968,0.019271,0.019271
30696,314458,-1794,-198,11714,-85,-180,-273,-0.20287,-0.01357,0.97859,-0.05496,0.02901,0.06031,-0.79474,11.71093,0.99948,-0.73613,11.6694,-0.033865,0.03389,0.019481,0.019481
30697,314468,-1788,-152,11754,-81,-155,-275,-0.2025,-0.01075,0.98096,-0.02443,0.21985,0.04504,-0.62803,11.66312,1.0017,-0.73398,11.67111,-0.034059,0.033905,0.018976,0.018976
30698,314479,-1768,-172,11742,-80,-173,-281,-0.20127,-0.01198,0.98025,-0.01679,0.08244,-0.00076,-0.70019,11.6024,1.00077,-0.73316,11.67025,-0.034121,0.034032,0.019396,0.019396
30699,314489,-1804,-206,11788,-82,-193,-280,-0.20348,-0.01407,0.98298,-0.03206,-0.07023,0.00687,-0.81978,11.69421,1.00392,-0.7346,11.66963,-0.033982,0.033992,0.01694,0.01694
30700,314499,-1776,-200,11742,-81,-183,-280,-0.20176,-0.0137,0.98025,-0.02443,0.00611,0.00687,-0.80056,11.62967,1.00089,-0.73579,11.66859,-0.033861,0.034065,0.019375,0.019375
30701,314509,-1834,-214,11794,-82,-161,-292,-0.20532,-0.01456,0.98334,-0.03206,0.17405,-0.08473,-0.84807,11.79282,1.00465,-0.73758,11.67196,-0.033689,0.033877,0.016097,0.016097
30702,314520,-1816,-200,11746,-84,-162,-283,-0.20422,-0.0137,0.98049,-0.04733,0.16641,-0.01603,-0.80037,11.76445,1.00162,-0.73891,11.67503,-0.033576,0.033712,0.019068,0.019068
30703,314530,-1776,-174,11686,-81,-167,-278,-0.20176,-0.0121,0.97692,-0.02443,0.12824,0.02214,-0.70977,11.66843,0.99761,-0.73828,11.67583,-0.033627,0.033726,0.018517,0.018517
30704,314540,-1750,-216,11786,-76,-184,-289,-0.20017,-0.01468,0.98286,0.01374,-0.00153,-0.06183,-0.85563,11.51014,1.00315,-0.73991,11.67253,-0.033428,0.034005,0.017822,0.017822
30705,314551,-1794,-148,11798,-82,-182,-284,-0.20287,-0.01051,0.98358,-0.03206,0.01374,-0.02366,-0.61207,11.65358,1.00434,-0.73778,11.67202,-0.033628,0.034034,0.016523,0.016523
30706,314561,-1754,-188,11784,-82,-176,-281,-0.20041,-0.01296,0.98274,-0.03206,0.05954,-0.00076,-0.75562,11.52551,1.00306,-0.73809,11.66964,-0.033598,0.034284,0.017963,0.017963
30707,314571,-1740,-172,11714,-86,-172,-282,-0.19956,-0.01198,0.97859,-0.0626,0.09008,-0.0084,-0.70138,11.52504,0.9988,-0.73766,11.66739,-0.033666,0.034551,0.019344,0.019344
30708,314581,-1822,-204,11728,-82,-166,-275,-0.20459,-0.01394,0.97942,-0.03206,0.13588,0.04504,-0.81559,11.79754,1.00065,-0.73917,11.67092,-0.033521,0.034312,0.019521,0.019521
30709,314592,-1756,-134,11708,-83,-179,-277,-0.20054,-0.00965,0.97823,-0.03969,0.03664,0.02977,-0.56513,11.58462,0.99862,-0.73588,11.66929,-0.033839,0.034469,0.019225,0.019225
30710,314602,-1834,-208,11772,-86,-194,-278,-0.20532,-0.01419,0.98203,-0.0626,-0.07786,0.02214,-0.82773,11.80814,1.00337,-0.73778,11.67063,-0.033686,0.034235,0.017614,0.017614
30711,314612,-1780,-178,11734,-85,-201,-283,-0.20201,-0.01235,0.97977,-0.05496,-0.1313,-0.01603,-0.72205,11.64913,1.00046,-0.73768,11.66859,-0.033715,0.034272,0.01955,0.01955
30712,314622,-1792,-120,11722,-82,-174,-279,-0.20275,-0.00879,0.97906,-0.03206,0.07481,0.0145,-0.51439,11.69915,0.99987,-0.7333,11.66958,-0.03413,0.034216,0.019568,0.019568
30713,314633,-1842,-168,11660,-88,-160,-284,-0.20582,-0.01173,0.97538,-0.07786,0.18168,-0.02366,-0.68928,11.9144,0.99692,-0.73294,11.67541,-0.034205,0.033803,0.017892,0.017892
30714,314643,-1776,-216,11730,-78,-171,-281,-0.20176,-0.01468,0.97954,-0.00153,0.09771,-0.00076,-0.85854,11.63773,1.00021,-0.73507,11.6753,-0.033972,0.033874,0.019557,0.019557
30715,314653,-1774,-184,11736,-80,-200,-285,-0.20164,-0.01272,0.97989,-0.01679,-0.12366,-0.0313,-0.74348,11.62705,1.00051,-0.73507,11.67281,-0.033956,0.033961,0.019498,0.019498
30716,314664,-1750,-134,11702,-78,-192,-289,-0.20017,-0.00965,0.97787,-0.00153,-0.0626,-0.06183,-0.56533,11.56802,0.9982,-0.73154,11.66988,-0.03426,0.034147,0.018925,0.018925
30717,314674,-1748,-196,11702,-80,-166,-283,-0.20005,-0.01345,0.97787,-0.01679,0.13588,-0.01603,-0.78813,11.5606,0.99822,-0.73244,11.66881,-0.034158,0.034345,0.018932,0.018932
30718,314684,-1784,-162,11814,-88,-150,-278,-0.20226,-0.01137,0.98453,-0.07786,0.25802,0.02214,-0.66145,11.60826,1.00515,-0.73177,11.67008,-0.034263,0.034437,0.015487,0.015487
30719,314694,-1778,-168,11766,-82,-191,-280,-0.20189,-0.01173,0.98168,-0.03206,-0.05496,0.00687,-0.68485,11.6204,1.00229,-0.73088,11.66827,-0.034345,0.034523,0.018621,0.018621
30720,314705,-1802,-120,11742,-75,-201,-278,-0.20336,-0.00879,0.98025,0.02137,-0.1313,0.02214,-0.51377,11.71975,1.00116,-0.72613,11.66764,-0.034742,0.034426,0.019322,0.019322
30721,314715,-1758,-150,11776,-85,-202,-286,-0.20066,-0.01063,0.98227,-0.05496,-0.13893,-0.03893,-0.62004,11.545,1.00261,-0.72439,11.66369,-0.034927,0.034636,0.018336,0.018336
30722,314725,-1802,-172,11750,-86,-165,-283,-0.20336,-0.01198,0.98072,-0.0626,0.14351,-0.01603,-0.69985,11.71383,1.00166,-0.72419,11.66572,-0.034972,0.034547,0.019053,0.019053
30723,314736,-1748,-156,11664,-90,-138,-275,-0.20005,-0.011,0.97561,-0.09313,0.34962,0.04504,-0.64588,11.58699,0.99597,-0.72344,11.66748,-0.035098,0.034678,0.016875,0.016875
30724,314746,-1740,-226,11746,-86,-190,-277,-0.19956,-0.01529,0.98049,-0.0626,-0.04733,0.02977,-0.89355,11.50276,1.0007,-0.72703,11.66347,-0.034784,0.034981,0.019496,0.019496
30725,314756,-1798,-178,11778,-85,-177,-276,-0.20311,-0.01235,0.98239,-0.05496,0.05191,0.0374,-0.72013,11.68077,1.00324,-0.7271,11.66394,-0.034796,0.034953,0.017744,0.017744
30726,314766,-1746,-194,11726,-78,-159,-276,-0.19992,-0.01333,0.9793,-0.00153,0.18931,0.0374,-0.77981,11.53735,0.99959,-0.72781,11.66298,-0.034698,0.03519,0.019556,0.019556
30727,314777,-1762,-168,11778,-81,-148,-286,-0.20091,-0.01173,0.98239,-0.02443,0.27328,-0.03893,-0.68436,11.55724,1.00279,-0.72692,11.66339,-0.034772,0.035376,0.018182,0.018182
30728,314787,-1836,-230,11726,-85,-173,-279,-0.20545,-0.01554,0.9793,-0.05496,0.08244,0.0145,-0.90898,11.8468,1.00074,-0.73066,11.66743,-0.034437,0.035039,0.019473,0.019473
30729,314797,-1754,-184,11736,-84,-220,-285,-0.20041,-0.01272,0.97989,-0.04733,-0.27634,-0.0313,-0.74348,11.55819,1.00026,-0.73104,11.66224,-0.034413,0.035235,0.019547,0.019547
30730,314807,-1808,-198,11730,-85,-193,-280,-0.20373,-0.01357,0.97954,-0.05496,-0.07023,0.00687,-0.79397,11.74805,1.00059,-0.73246,11.66288,-0.034297,0.035075,0.019475,0.019475
30731,314818,-1754,-168,11668,-84,-174,-283,-0.20041,-0.01173,0.97585,-0.04733,0.07481,-0.01603,-0.68894,11.60489,0.99629,-0.73184,11.66227,-0.034368,0.03517,0.017201,0.017201
30732,314828,-1720,-232,11712,-80,-162,-282,-0.19833,-0.01566,0.97847,-0.01679,0.16641,-0.0084,-0.91694,11.4568,0.99849,-0.73521,11.65963,-0.034033,0.035545,0.019123,0.019123
30733,314838,-1774,-164,11678,-85,-172,-288,-0.20164,-0.01149,0.97645,-0.05496,0.09008,-0.0542,-0.67413,11.66713,0.99712,-0.73431,11.6603,-0.034138,0.035533,0.018067,0.018067
30734,314849,-1774,-160,11752,-84,-178,-288,-0.20164,-0.01124,0.98084,-0.04733,0.04427,-0.0542,-0.65677,11.61629,1.00142,-0.73295,11.65954,-0.034279,0.035613,0.019174,0.019174
30735,314859,-1834,-138,11732,-88,-183,-288,-0.20532,-0.00989,0.97965,-0.07786,0.00611,-0.0542,-0.57865,11.83659,1.00099,-0.7304,11.66268,-0.034563,0.035288,0.019355,0.019355
30736,314869,-1742,-210,11748,-73,-182,-285,-0.19968,-0.01431,0.98061,0.03664,0.01374,-0.0313,-0.8361,11.50846,1.00083,-0.73175,11.65948,-0.034367,0.035571,0.019395,0.019395
30737,314879,-1806,-190,11768,-77,-186,-285,-0.20361,-0.01308,0.98179,0.00611,-0.01679,-0.0313,-0.76351,11.715,1.00277,-0.73193,11.65997,-0.034312,0.035475,0.018147,0.018147
30738,314890,-1784,-168,11736,-89,-184,-284,-0.20226,-0.01173,0.97989,-0.0855,-0.00153,-0.02366,-0.6861,11.66161,1.00062,-0.73154,11.65964,-0.034397,0.035471,0.019448,0.019448
30739,314900,-1778,-190,11826,-91,-160,-285,-0.20189,-0.01308,0.98524,-0.10076,0.18168,-0.0313,-0.76084,11.5793,1.0058,-0.73262,11.6599,-0.034357,0.035585,0.014671,0.014671
30740,314910,-1836,-210,11698,-88,-168,-284,-0.20545,-0.01431,0.97763,-0.07786,0.12061,-0.02366,-0.83865,11.8666,0.99909,-0.73511,11.66475,-0.034163,0.035206,0.019423,0.019423
30741,314921,-1758,-180,11724,-83,-180,-283,-0.20066,-0.01247,0.97918,-0.03969,0.02901,-0.01603,-0.72966,11.5802,0.99961,-0.73506,11.66304,-0.034173,0.035362,0.019535,0.019535
30742,314931,-1816,-174,11764,-76,-194,-285,-0.20422,-0.0121,0.98156,0.01374,-0.07786,-0.0313,-0.70642,11.75224,1.00265,-0.73406,11.66356,-0.034222,0.035206,0.018288,0.018288
30743,314941,-1754,-192,11786,-81,-198,-276,-0.20041,-0.01321,0.98286,-0.02443,-0.1084,0.0374,-0.76983,11.52412,1.00318,-0.7346,11.65967,-0.034161,0.035438,0.017793,0.017793
30744,314951,-1718,-156,11762,-85,-176,-285,-0.19821,-0.011,0.98144,-0.05496,0.05954,-0.0313,-0.64205,11.41687,1.00131,-0.73302,11.65523,-0.034331,0.035882,0.019243,0.019243
30745,314962,-1804,-170,11792,-82,-175,-283,-0.20348,-0.01186,0.98322,-0.03206,0.06718,-0.01603,-0.69093,11.6918,1.00413,-0.7323,11.65615,-0.034397,0.035824,0.016759,0.016759
30746,314972,-1770,-180,11700,-81,-172,-276,-0.2014,-0.01247,0.97775,-0.02443,0.09008,0.0374,-0.73073,11.63803,0.99836,-0.73217,11.65634,-0.0344,0.035858,0.019085,0.019085
30747,314982,-1822,-200,11756,-88,-186,-281,-0.20459,-0.0137,0.98108,-0.07786,-0.01679,-0.00076,-0.79988,11.77814,1.00228,-0.73386,11.65809,-0.034281,0.035642,0.018631,0.018631
30748,314993,-1748,-152,11782,-82,-191,-284,-0.20005,-0.01075,0.98263,-0.03206,-0.05496,-0.02366,-0.62697,11.50656,1.00284,-0.7319,11.65445,-0.034465,0.035901,0.018144,0.018144
30749,315003,-1830,-150,11758,-85,-195,-281,-0.20508,-0.01063,0.9812,-0.05496,-0.0855,-0.00076,-0.62072,11.80466,1.00246,-0.73004,11.65604,-0.03466,0.035635,0.018491,0.018491
30750,315013,-1744,-226,11766,-79,-164,-282,-0.1998,-0.01529,0.98168,-0.00916,0.15115,-0.0084,-0.89246,11.50296,1.00192,-0.73286,11.65428,-0.034369,0.035912,0.018906,0.018906
30751,315024,-1766,-200,11670,-87,-170,-284,-0.20115,-0.0137,0.97597,-0.07023,0.10534,-0.02366,-0.80407,11.64469,0.99658,-0.73446,11.65479,-0.034251,0.035929,0.017565,0.017565
30752,315034,-1774,-188,11624,-84,-181,-280,-0.20164,-0.01296,0.97324,-0.04733,0.02137,0.00687,-0.763,11.70432,0.99399,-0.73501,11.65536,-0.034212,0.035861,0.014477,0.014477
30753,315044,-1814,-156,11774,-80,-199,-276,-0.2041,-0.011,0.98215,-0.01679,-0.11603,0.0374,-0.64159,11.73862,1.00319,-0.73316,11.65536,-0.03437,0.035717,0.017891,0.017891
30754,315054,-1764,-176,11696,-87,-203,-278,-0.20103,-0.01223,0.97752,-0.07023,-0.14656,0.02214,-0.71653,11.62011,0.99805,-0.7332,11.6529,-0.0344,0.035777,0.018981,0.018981
30755,315065,-1828,-246,11744,-82,-183,-284,-0.20496,-0.01652,0.98037,-0.03206,0.00611,-0.02366,-0.96533,11.80657,1.0017,-0.73762,11.65555,-0.033979,0.035498,0.019139,0.019139
30756,315075,-1792,-186,11722,-84,-157,-277,-0.20275,-0.01284,0.97906,-0.04733,0.20458,0.02977,-0.75129,11.69863,0.99992,-0.73802,11.65806,-0.033954,0.035421,0.019667,0.019667
30757,315085,-1786,-178,11724,-87,-161,-275,-0.20238,-0.01235,0.97918,-0.07023,0.17405,0.04504,-0.72249,11.67667,0.99995,-0.73807,11.65978,-0.033984,0.035389,0.019645,0.019645
30758,315095,-1792,-162,11716,-86,-182,-284,-0.20275,-0.01137,0.9787,-0.0626,0.01374,-0.02366,-0.66539,11.70299,0.99955,-0.73693,11.66042,-0.034119,0.035308,0.019585,0.019585
30759,315106,-1760,-128,11734,-83,-196,-276,-0.20078,-0.00928,0.97977,-0.03969,-0.09313,0.0374,-0.54271,11.58066,1.00018,-0.73318,11.6576,-0.03448,0.035454,0.019597,0.019597
30760,315116,-1820,-168,11770,-82,-205,-283,-0.20446,-0.01173,0.98191,-0.03206,-0.16183,-0.01603,-0.68469,11.76187,1.00304,-0.73228,11.65753,-0.034563,0.035273,0.017953,0.017953
30761,315126,-1786,-166,11786,-76,-180,-283,-0.20238,-0.01161,0.98286,0.01374,0.02901,-0.01603,-0.67687,11.6342,1.00355,-0.73084,11.65706,-0.034653,0.035311,0.01744,0.01744
30762,315136,-1850,-184,11752,-89,-152,-281,-0.20631,-0.01272,0.98084,-0.0855,0.24275,-0.00076,-0.74276,11.87721,1.00239,-0.73156,11.66319,-0.034633,0.034927,0.01858,0.01858
30763,315147,-1772,-220,11696,-82,-157,-279,-0.20152,-0.01492,0.97752,-0.03206,0.20458,0.0145,-0.87469,11.64728,0.99818,-0.73426,11.66455,-0.034375,0.034959,0.019001,0.019001
30764,315157,-1802,-170,11750,-82,-176,-285,-0.20336,-0.01186,0.98072,-0.03206,0.05954,-0.0313,-0.69268,11.71385,1.00166,-0.73344,11.66573,-0.034451,0.03487,0.019093,0.019093
30765,315167,-1800,-174,11712,-82,-199,-282,-0.20324,-0.0121,0.97847,-0.03206,-0.11603,-0.0084,-0.70865,11.73321,0.99942,-0.73293,11.66557,-0.034496,0.034742,0.019533,0.019533
30766,315178,-1750,-176,11798,-92,-203,-284,-0.20017,-0.01223,0.98358,-0.1084,-0.14656,-0.02366,-0.71211,11.50241,1.00381,-0.7333,11.66099,-0.034531,0.035005,0.017135,0.017135
30767,315188,-1854,-190,11736,-84,-188,-283,-0.20655,-0.01308,0.97989,-0.04733,-0.03206,-0.01603,-0.76499,11.90209,1.00151,-0.73403,11.66496,-0.034474,0.034565,0.019176,0.019176
30768,315198,-1798,-188,11686,-85,-158,-282,-0.20311,-0.01296,0.97692,-0.05496,0.19695,-0.0084,-0.76013,11.74422,0.9979,-0.73473,11.66804,-0.034428,0.034427,0.018779,0.018779
30769,315209,-1790,-236,11796,-85,-156,-282,-0.20262,-0.01591,0.98346,-0.05496,0.21221,-0.0084,-0.92657,11.64039,1.00424,-0.73812,11.66933,-0.034125,0.034473,0.016653,0.016653
30770,315219,-1754,-166,11650,-90,-193,-282,-0.20041,-0.01161,0.97478,-0.09313,-0.07023,-0.0084,-0.68249,11.61729,0.99524,-0.73781,11.66746,-0.034211,0.034551,0.016058,0.016058
30771,315229,-1790,-120,11774,-85,-208,-286,-0.20262,-0.00879,0.98215,-0.05496,-0.18473,-0.03893,-0.51278,11.65649,1.00287,-0.73392,11.66511,-0.0346,0.034566,0.018201,0.018201
30772,315240,-1778,-198,11780,-85,-200,-285,-0.20189,-0.01357,0.98251,-0.05496,-0.12366,-0.0313,-0.79157,11.61056,1.00313,-0.73515,11.66258,-0.034502,0.034656,0.017958,0.017958
30773,315250,-1784,-158,11740,-83,-158,-287,-0.20226,-0.01112,0.98013,-0.03969,0.19695,-0.04656,-0.65008,11.65894,1.00084,-0.73354,11.6641,-0.03466,0.034666,0.019553,0.019553
30774,315260,-1782,-168,11778,-90,-167,-271,-0.20213,-0.01173,0.98239,-0.09313,0.12824,0.07557,-0.68436,11.62593,1.00304,-0.73323,11.66433,-0.034745,0.034733,0.018038,0.018038
30775,315270,-1818,-206,11746,-79,-193,-281,-0.20434,-0.01407,0.98049,-0.00916,-0.07023,-0.00076,-0.82187,11.77127,1.00165,-0.73467,11.66535,-0.034583,0.034537,0.019164,0.019164
30776,315281,-1770,-182,11750,-78,-212,-282,-0.2014,-0.01259,0.98072,-0.00153,-0.21527,-0.0084,-0.73568,11.60372,1.00127,-0.73437,11.6617,-0.034581,0.034645,0.019358,0.019358
30777,315291,-1804,-166,11798,-82,-186,-280,-0.20348,-0.01161,0.98358,-0.03206,-0.01679,0.00687,-0.67638,11.68771,1.00447,-0.73339,11.66163,-0.034671,0.034604,0.016427,0.016427
30778,315301,-1846,-150,11736,-77,-152,-271,-0.20606,-0.01063,0.97989,0.00611,0.24275,0.07557,-0.62155,11.87495,1.00138,-0.73083,11.66779,-0.034875,0.034217,0.019326,0.019326
30779,315312,-1798,-190,11648,-77,-155,-278,-0.20311,-0.01308,0.97466,0.00611,0.21985,0.02214,-0.7691,11.77064,0.99569,-0.73107,11.67133,-0.034814,0.034058,0.016639,0.016639
30780,315322,-1810,-230,11724,-81,-182,-288,-0.20385,-0.01554,0.97918,-0.02443,0.01374,-0.0542,-0.90909,11.75875,1.00029,-0.73447,11.67285,-0.034482,0.033894,0.01969,0.01969
30781,315332,-1768,-200,11746,-83,-197,-280,-0.20127,-0.0137,0.98049,-0.03969,-0.10076,0.00687,-0.80037,11.5994,1.00103,-0.7358,11.6701,-0.03436,0.034027,0.019482,0.019482
30782,315342,-1790,-256,11782,-81,-189,-281,-0.20262,-0.01713,0.98263,-0.02443,-0.03969,-0.00076,-0.99887,11.64974,1.00345,-0.74034,11.66901,-0.033921,0.03406,0.017613,0.017613
30783,315353,-1764,-186,11764,-81,-177,-281,-0.20103,-0.01284,0.98156,-0.02443,0.05191,-0.00076,-0.74938,11.57349,1.00201,-0.74042,11.66738,-0.033904,0.034232,0.018929,0.018929
30784,315363,-1746,-176,11744,-74,-158,-290,-0.19992,-0.01223,0.98037,0.02901,0.19695,-0.06947,-0.71444,11.52527,1.00062,-0.73929,11.66619,-0.033951,0.034499,0.019598,0.019598
30785,315373,-1806,-198,11758,-82,-172,-280,-0.20361,-0.01357,0.9812,-0.03206,0.09008,0.00687,-0.79262,11.72182,1.00219,-0.74027,11.66778,-0.033856,0.034401,0.018765,0.018765
30786,315383,-1776,-192,11726,-86,-201,-278,-0.20176,-0.01321,0.9793,-0.0626,-0.1313,0.02214,-0.77263,11.64072,0.99995,-0.74119,11.66563,-0.033797,0.034448,0.019645,0.019645
30787,315394,-1784,-130,11768,-88,-208,-281,-0.20226,-0.0094,0.98179,-0.07786,-0.18473,-0.00076,-0.54876,11.63993,1.00245,-0.73806,11.663,-0.034136,0.034489,0.018529,0.018529
30788,315404,-1784,-148,11706,-88,-196,-277,-0.20226,-0.01051,0.97811,-0.07786,-0.09313,0.02977,-0.61549,11.68244,0.99886,-0.73611,11.66212,-0.034361,0.034451,0.019376,0.019376
30789,315414,-1840,-180,11708,-87,-153,-280,-0.20569,-0.01247,0.97823,-0.07023,0.23511,0.00687,-0.73037,11.87367,0.9997,-0.73635,11.66823,-0.034373,0.034062,0.01959,0.01959
30790,315424,-1794,-202,11758,-78,-150,-281,-0.20287,-0.01382,0.9812,-0.00153,0.25802,-0.00076,-0.80695,11.68055,1.00205,-0.73736,11.67066,-0.034246,0.034044,0.018814,0.018814
30791,315435,-1784,-190,11746,-88,-179,-283,-0.20226,-0.01308,0.98049,-0.07786,0.03664,-0.01603,-0.76453,11.65454,1.00122,-0.73831,11.67038,-0.034197,0.034074,0.019303,0.019303
30792,315445,-1820,-176,11720,-88,-207,-281,-0.20446,-0.01223,0.97894,-0.07786,-0.1771,-0.00076,-0.71548,11.79649,1.00014,-0.73829,11.67078,-0.034241,0.033836,0.019565,0.019565
30793,315455,-1784,-144,11742,-81,-186,-287,-0.20226,-0.01026,0.98025,-0.02443,-0.01679,-0.04656,-0.59981,11.65767,1.00095,-0.73551,11.67002,-0.034495,0.033859,0.019378,0.019378
30794,315466,-1834,-172,11716,-79,-167,-278,-0.20532,-0.01198,0.9787,-0.00916,0.12824,0.02214,-0.70129,11.84749,1.00008,-0.73459,11.67442,-0.034558,0.033532,0.019533,0.019533
30795,315476,-1756,-176,11754,-78,-157,-281,-0.20054,-0.01223,0.98096,-0.00153,0.20458,-0.00076,-0.71401,11.55288,1.00132,-0.73388,11.67376,-0.034594,0.033756,0.019187,0.019187
30796,315486,-1794,-184,11726,-85,-168,-279,-0.20287,-0.01272,0.9793,-0.05496,0.12061,0.0145,-0.74393,11.70277,1.00017,-0.73427,11.67518,-0.034576,0.033704,0.0195,0.0195
30797,315496,-1796,-190,11730,-83,-204,-285,-0.20299,-0.01308,0.97954,-0.03969,-0.1542,-0.0313,-0.76527,11.70684,1.00043,-0.73492,11.67395,-0.034519,0.033642,0.019453,0.019453
30798,315507,-1770,-178,11730,-81,-167,-280,-0.2014,-0.01235,0.97954,-0.02443,0.12824,0.00687,-0.72222,11.61744,1.0001,-0.73458,11.67378,-0.034542,0.033749,0.019472,0.019472
30799,315517,-1780,-158,11728,-78,-163,-277,-0.20201,-0.01112,0.97942,-0.00153,0.15878,0.02977,-0.65055,11.65342,1.00009,-0.73262,11.67461,-0.034697,0.033788,0.019457,0.019457
30800,315527,-1814,-204,11718,-80,-179,-284,-0.2041,-0.01394,0.97882,-0.01679,0.03664,-0.02366,-0.81609,11.77697,0.99997,-0.73407,11.67663,-0.034543,0.0336,0.019443,0.019443
30801,315538,-1764,-178,11758,-83,-188,-287,-0.20103,-0.01235,0.9812,-0.03969,-0.03206,-0.04656,-0.721,11.57765,1.00166,-0.73387,11.67411,-0.034566,0.033776,0.018919,0.018919
30802,315548,-1754,-200,11736,-85,-192,-283,-0.20041,-0.0137,0.97989,-0.05496,-0.0626,-0.01603,-0.80085,11.55804,1.00027,-0.73537,11.67091,-0.034443,0.033988,0.019411,0.019411
30803,315558,-1756,-220,11758,-81,-174,-282,-0.20054,-0.01492,0.9812,-0.02443,0.07481,-0.0084,-0.87141,11.54973,1.00159,-0.73785,11.66902,-0.034199,0.034206,0.018939,0.018939
30804,315569,-1750,-192,11742,-86,-157,-278,-0.20017,-0.01321,0.98025,-0.0626,0.20458,0.02214,-0.77188,11.54025,1.00056,-0.73879,11.6682,-0.034137,0.034446,0.019347,0.019347
30805,315579,-1788,-188,11750,-80,-184,-289,-0.2025,-0.01296,0.98072,-0.01679,-0.00153,-0.06183,-0.75718,11.66556,1.0015,-0.73896,11.6678,-0.034104,0.03445,0.018979,0.018979
30806,315589,-1768,-182,11776,-78,-180,-273,-0.20127,-0.01259,0.98227,-0.00153,0.02901,0.06031,-0.73452,11.57909,1.00276,-0.73856,11.66614,-0.034111,0.034601,0.018045,0.018045
30807,315599,-1792,-214,11716,-81,-179,-279,-0.20275,-0.01456,0.9787,-0.02443,0.03664,0.0145,-0.85209,11.7025,0.99959,-0.74067,11.66687,-0.033902,0.034535,0.019372,0.019372
30808,315610,-1764,-224,11812,-82,-193,-277,-0.20103,-0.01517,0.98441,-0.03206,-0.07023,0.02977,-0.88285,11.54049,1.00484,-0.74289,11.66384,-0.033689,0.034722,0.01577,0.01577
30809,315620,-1802,-158,11796,-83,-173,-277,-0.20336,-0.01112,0.98346,-0.03969,0.08244,0.02977,-0.64788,11.6823,1.00432,-0.74139,11.66461,-0.033837,0.034694,0.016434,0.016434
30810,315630,-1756,-174,11716,-78,-173,-279,-0.20054,-0.0121,0.9787,-0.00153,0.08244,0.0145,-0.70848,11.57883,0.99911,-0.74044,11.66342,-0.033897,0.034852,0.019341,0.019341
30811,315640,-1742,-198,11770,-82,-173,-286,-0.19968,-0.01357,0.98191,-0.03206,0.08244,-0.03893,-0.79205,11.49367,1.0021,-0.74138,11.66072,-0.033806,0.035153,0.018669,0.018669
30812,315651,-1746,-184,11650,-82,-182,-288,-0.19992,-0.01272,0.97478,-0.03206,0.01374,-0.0542,-0.74737,11.58944,0.99515,-0.74146,11.65938,-0.033797,0.03526,0.015832,0.015832
30813,315661,-1792,-176,11708,-79,-190,-281,-0.20275,-0.01223,0.97823,-0.00916,-0.04733,-0.00076,-0.716,11.7084,0.99909,-0.74073,11.65952,-0.033843,0.035169,0.019375,0.019375
30814,315671,-1772,-188,11788,-84,-187,-280,-0.20152,-0.01296,0.98298,-0.04733,-0.02443,0.00687,-0.75544,11.5846,1.00351,-0.74111,11.65763,-0.033819,0.035291,0.017413,0.017413
30815,315682,-1762,-172,11798,-85,-172,-281,-0.20091,-0.01198,0.98358,-0.05496,0.09008,-0.00076,-0.69782,11.54362,1.00396,-0.74059,11.65624,-0.033889,0.035475,0.01694,0.01694
30816,315692,-1820,-156,11718,-82,-156,-279,-0.20446,-0.011,0.97882,-0.03206,0.21221,0.0145,-0.64377,11.79805,1.00001,-0.73868,11.66075,-0.034069,0.035215,0.019572,0.019572
30817,315702,-1792,-202,11678,-86,-181,-280,-0.20275,-0.01382,0.97645,-0.0626,0.02137,0.00687,-0.81088,11.72893,0.99737,-0.74028,11.66186,-0.033944,0.035097,0.01831,0.01831
30818,315712,-1760,-164,11690,-86,-208,-282,-0.20078,-0.01149,0.97716,-0.0626,-0.18473,-0.0084,-0.67363,11.61053,0.99764,-0.73932,11.65875,-0.034061,0.035183,0.018546,0.018546
30819,315723,-1812,-180,11756,-80,-208,-279,-0.20397,-0.01247,0.98108,-0.01679,-0.18473,0.0145,-0.72825,11.74398,1.00214,-0.73895,11.65819,-0.034081,0.035028,0.01872,0.01872
30820,315733,-1796,-166,11836,-80,-171,-282,-0.20299,-0.01161,0.98583,-0.01679,0.09771,-0.0084,-0.67484,11.63431,1.00658,-0.7379,11.65848,-0.034164,0.03506,0.013725,0.013725
30821,315743,-1818,-246,11730,-83,-144,-286,-0.20434,-0.01652,0.97954,-0.03969,0.30382,-0.03893,-0.96615,11.78192,1.00076,-0.74241,11.66352,-0.033741,0.034836,0.01954,0.01954
30822,315753,-1818,-194,11792,-87,-154,-284,-0.20434,-0.01333,0.98322,-0.07023,0.22748,-0.02366,-0.7767,11.73958,1.00432,-0.74334,11.66668,-0.033688,0.03472,0.016596,0.016596
30823,315764,-1844,-194,11762,-79,-212,-281,-0.20594,-0.01333,0.98144,-0.00916,-0.21527,-0.00076,-0.77811,11.84954,1.0029,-0.74373,11.66755,-0.033627,0.0344,0.01817,0.01817
30824,315774,-1806,-188,11704,-84,-165,-284,-0.20361,-0.01296,0.97799,-0.04733,0.14351,-0.02366,-0.75929,11.7593,0.99904,-0.74417,11.67041,-0.033599,0.034233,0.019499,0.019499
30825,315784,-1778,-214,11698,-87,-151,-277,-0.20189,-0.01456,0.97763,-0.07023,0.25038,0.02977,-0.85302,11.66666,0.99837,-0.74661,11.67246,-0.033402,0.034243,0.019154,0.019154
30826,315795,-1728,-190,11750,-84,-170,-278,-0.19882,-0.01308,0.98072,-0.04733,0.10534,0.02214,-0.76434,11.4591,1.00076,-0.74709,11.66899,-0.033369,0.03464,0.019531,0.019531
30827,315805,-1802,-228,11790,-85,-186,-281,-0.20336,-0.01541,0.9831,-0.05496,-0.01679,-0.00076,-0.89832,11.68575,1.00403,-0.74987,11.66877,-0.033127,0.034612,0.016924,0.016924
30828,315815,-1794,-190,11740,-86,-202,-286,-0.20287,-0.01308,0.98013,-0.0626,-0.13893,-0.03893,-0.76481,11.69306,1.00099,-0.75045,11.66754,-0.0331,0.034564,0.019466,0.019466
30829,315826,-1770,-182,11732,-75,-170,-288,-0.2014,-0.01259,0.97965,0.02137,0.10534,-0.0542,-0.73648,11.61604,1.00022,-0.74964,11.66722,-0.033125,0.034661,0.019625,0.019625
30830,315836,-1782,-194,11740,-80,-147,-284,-0.20213,-0.01333,0.98013,-0.01679,0.28092,-0.02366,-0.77915,11.65174,1.00084,-0.75005,11.66933,-0.03307,0.034694,0.019477,0.019477
30831,315846,-1748,-168,11694,-86,-172,-284,-0.20005,-0.01173,0.9774,-0.0626,0.09008,-0.02366,-0.68785,11.56633,0.99773,-0.74918,11.66796,-0.033181,0.034877,0.018651,0.018651
30832,315856,-1790,-168,11756,-83,-181,-283,-0.20262,-0.01173,0.98108,-0.03969,0.02137,-0.01603,-0.68527,11.66849,1.00186,-0.74803,11.66783,-0.033296,0.034876,0.018954,0.018954
30833,315867,-1788,-184,11694,-84,-176,-282,-0.2025,-0.01272,0.9774,-0.04733,0.05954,-0.0084,-0.74538,11.70422,0.99823,-0.74812,11.66877,-0.033301,0.034811,0.019005,0.019005
30834,315877,-1830,-202,11734,-82,-168,-278,-0.20508,-0.01382,0.97977,-0.03206,0.12061,0.02214,-0.80812,11.82089,1.0011,-0.74927,11.67255,-0.033191,0.034534,0.019347,0.019347
30835,315887,-1818,-210,11702,-77,-173,-274,-0.20434,-0.01431,0.97787,0.00611,0.08244,0.05267,-0.83844,11.80181,0.9991,-0.75062,11.67553,-0.033026,0.034297,0.019407,0.019407
30836,315897,-1810,-214,11766,-94,-179,-285,-0.20385,-0.01456,0.98168,-0.12366,0.03664,-0.0313,-0.84951,11.72987,1.00272,-0.75331,11.67654,-0.032857,0.034203,0.018222,0.018222
30837,315908,-1798,-156,11758,-89,-185,-283,-0.20311,-0.011,0.9812,-0.0855,-0.00916,-0.01603,-0.64221,11.69471,1.00206,-0.75174,11.67646,-0.033055,0.03417,0.018771,0.018771
30838,315918,-1720,-200,11744,-85,-167,-287,-0.19833,-0.0137,0.98037,-0.05496,0.12824,-0.04656,-0.80047,11.4355,1.00032,-0.7529,11.67268,-0.032965,0.034618,0.019531,0.019531
30839,315928,-1780,-220,11758,-80,-173,-288,-0.20201,-0.01492,0.9812,-0.01679,0.08244,-0.0542,-0.87141,11.63225,1.00189,-0.75498,11.67238,-0.032753,0.034691,0.018871,0.018871
30840,315939,-1794,-186,11732,-82,-186,-282,-0.20287,-0.01284,0.97965,-0.03206,-0.01679,-0.0084,-0.75083,11.69862,1.00052,-0.75489,11.67239,-0.032761,0.034641,0.019475,0.019475
30841,315949,-1808,-140,11706,-81,-186,-283,-0.20373,-0.01002,0.97811,-0.02443,-0.01679,-0.01603,-0.58675,11.7652,0.99915,-0.75156,11.67368,-0.033069,0.03447,0.019374,0.019374
30842,315959,-1792,-196,11700,-79,-170,-282,-0.20275,-0.01345,0.97775,-0.00916,0.10534,-0.0084,-0.78823,11.71374,0.99864,-0.75202,11.67514,-0.033002,0.034399,0.019151,0.019151
30843,315969,-1772,-230,11766,-77,-161,-281,-0.20152,-0.01554,0.98168,0.00611,0.17405,-0.00076,-0.90678,11.59917,1.00227,-0.75451,11.6751,-0.032729,0.034535,0.018553,0.018553
30844,315980,-1796,-204,11744,-87,-179,-284,-0.20299,-0.01394,0.98037,-0.07023,0.03664,-0.02366,-0.8148,11.69704,1.00126,-0.75604,11.67555,-0.03262,0.034495,0.01919,0.01919
30845,315990,-1740,-204,11736,-81,-194,-283,-0.19956,-0.01394,0.97989,-0.02443,-0.07786,-0.01603,-0.8152,11.50978,1.0001,-0.75711,11.67122,-0.032511,0.034799,0.019476,0.019476
30846,316000,-1768,-176,11728,-79,-191,-284,-0.20127,-0.01223,0.97942,-0.00916,-0.05496,-0.02366,-0.71514,11.61195,0.99996,-0.75606,11.66918,-0.032588,0.034907,0.019462,0.019462
30847,316011,-1762,-158,11736,-80,-171,-291,-0.20091,-0.01112,0.97989,-0.01679,0.09771,-0.0771,-0.65024,11.58596,1.00034,-0.75385,11.66818,-0.032783,0.035061,0.019426,0.019426
30848,316021,-1786,-186,11790,-86,-177,-287,-0.20238,-0.01284,0.9831,-0.0626,0.05191,-0.04656,-0.7482,11.63129,1.0038,-0.75405,11.66772,-0.032792,0.035121,0.017026,0.017026
30849,316031,-1728,-130,11776,-76,-188,-286,-0.19882,-0.0094,0.98227,0.01374,-0.03206,-0.03893,-0.54849,11.44203,1.00223,-0.74978,11.66287,-0.033153,0.035517,0.018558,0.018558
30850,316041,-1830,-196,11832,-78,-169,-289,-0.20508,-0.01345,0.9856,-0.00153,0.11298,-0.06183,-0.78196,11.75307,1.0068,-0.7499,11.66484,-0.033112,0.035403,0.013399,0.013399
30851,316052,-1730,-180,11690,-84,-169,-284,-0.19894,-0.01247,0.97716,-0.04733,0.11298,-0.02366,-0.73117,11.50679,0.99728,-0.74969,11.66272,-0.033145,0.035678,0.018248,0.018248
30852,316062,-1800,-166,11794,-79,-174,-282,-0.20324,-0.01161,0.98334,-0.00916,0.07481,-0.0084,-0.67655,11.67675,1.00419,-0.74824,11.66334,-0.03326,0.035656,0.016701,0.016701
30853,316072,-1778,-192,11794,-88,-192,-284,-0.20189,-0.01321,0.98334,-0.07786,-0.0626,-0.02366,-0.76946,11.60106,1.00394,-0.74904,11.66131,-0.033226,0.035755,0.017024,0.017024
30854,316083,-1792,-154,11782,-81,-182,-281,-0.20275,-0.01088,0.98263,-0.02443,0.01374,-0.00076,-0.63412,11.65763,1.00338,-0.74692,11.66103,-0.033419,0.035761,0.017658,0.017658
30855,316093,-1822,-184,11706,-79,-177,-282,-0.20459,-0.01272,0.97811,-0.00916,0.05191,-0.0084,-0.74483,11.81306,0.99936,-0.74664,11.66417,-0.033422,0.035479,0.019577,0.019577
30856,316103,-1788,-208,11710,-89,-171,-280,-0.2025,-0.01419,0.97835,-0.0855,0.09771,0.00687,-0.83085,11.69292,0.99919,-0.74879,11.66534,-0.033267,0.035427,0.019509,0.019509
30857,316113,-1758,-152,11692,-82,-188,-281,-0.20066,-0.01075,0.97728,-0.03206,-0.03206,-0.00076,-0.6304,11.60235,0.99772,-0.74657,11.6635,-0.033477,0.035537,0.018668,0.018668
30858,316124,-1800,-194,11666,-85,-196,-288,-0.20324,-0.01333,0.97573,-0.05496,-0.09313,-0.0542,-0.78266,11.76497,0.99676,-0.74743,11.66404,-0.033416,0.035364,0.017788,0.017788
30859,316134,-1776,-172,11688,-80,-177,-291,-0.20176,-0.01198,0.97704,-0.01679,0.05191,-0.0771,-0.70249,11.66707,0.99773,-0.74642,11.66426,-0.033496,0.035359,0.018683,0.018683
30860,316144,-1806,-172,11756,-77,-175,-287,-0.20361,-0.01198,0.98108,0.00611,0.06718,-0.04656,-0.6996,11.72344,1.00206,-0.74515,11.66569,-0.033579,0.035254,0.018844,0.018844
30861,316155,-1802,-188,11720,-80,-176,-278,-0.20336,-0.01296,0.97894,-0.01679,0.05954,0.02214,-0.75856,11.73443,0.99993,-0.74525,11.66727,-0.033553,0.035127,0.019619,0.019619
30862,316165,-1764,-174,11750,-80,-191,-281,-0.20103,-0.0121,0.98072,-0.01679,-0.05496,-0.00076,-0.70702,11.58315,1.00119,-0.74435,11.66476,-0.033623,0.035279,0.019331,0.019331
30863,316175,-1768,-176,11726,-79,-189,-276,-0.20127,-0.01223,0.9793,-0.00916,-0.03969,0.0374,-0.71522,11.61332,0.99984,-0.74354,11.66302,-0.033677,0.035373,0.019579,0.019579
30864,316185,-1778,-166,11730,-80,-167,-284,-0.20189,-0.01161,0.97954,-0.01679,0.12824,-0.02366,-0.67917,11.64509,1.00019,-0.74211,11.66358,-0.033796,0.035408,0.019557,0.019557
30865,316196,-1778,-206,11734,-85,-161,-283,-0.20189,-0.01407,0.97977,-0.05496,0.17405,-0.01603,-0.82247,11.64198,1.00046,-0.74389,11.66452,-0.033648,0.035451,0.019506,0.019506
30866,316206,-1814,-166,11820,-85,-180,-283,-0.2041,-0.01161,0.98488,-0.05496,0.02901,-0.01603,-0.67549,11.70686,1.00588,-0.7431,11.66507,-0.033742,0.035392,0.014589,0.014589
30867,316216,-1788,-180,11764,-82,-205,-284,-0.2025,-0.01247,0.98156,-0.03206,-0.16183,-0.02366,-0.7279,11.65602,1.0023,-0.7428,11.66297,-0.033769,0.035404,0.018635,0.018635
30868,316227,-1786,-168,11670,-83,-170,-280,-0.20238,-0.01173,0.97597,-0.03969,0.10534,0.00687,-0.68886,11.71408,0.9968,-0.7419,11.66457,-0.03386,0.035319,0.017817,0.017817
30869,316237,-1820,-138,11734,-80,-165,-277,-0.20446,-0.00989,0.97977,-0.01679,0.14351,0.02977,-0.57858,11.78707,1.00093,-0.73855,11.66801,-0.034161,0.035095,0.019453,0.019453
30870,316247,-1774,-146,11714,-77,-158,-285,-0.20164,-0.01038,0.97859,0.00611,0.19695,-0.0313,-0.60801,11.64247,0.9992,-0.73562,11.6691,-0.034402,0.035146,0.019477,0.019477
30871,316257,-1786,-214,11728,-78,-189,-278,-0.20238,-0.01456,0.97942,-0.00153,-0.03969,0.02214,-0.85147,11.67356,1.00021,-0.73756,11.66845,-0.034186,0.035136,0.019574,0.019574
30872,316268,-1782,-194,11744,-82,-175,-281,-0.20213,-0.01333,0.98037,-0.03206,0.06718,-0.00076,-0.77896,11.64899,1.00108,-0.73834,11.66839,-0.03411,0.035172,0.019343,0.019343
30873,316278,-1754,-182,11798,-83,-175,-280,-0.20041,-0.01259,0.98358,-0.03969,0.06718,0.00687,-0.73355,11.51608,1.00387,-0.73831,11.66611,-0.034118,0.035419,0.01705,0.01705
30874,316288,-1780,-170,11776,-84,-163,-282,-0.20201,-0.01186,0.98227,-0.04733,0.15878,-0.0084,-0.69159,11.62041,1.0029,-0.7376,11.6665,-0.034198,0.035499,0.01809,0.01809
30875,316298,-1802,-158,11766,-81,-180,-275,-0.20336,-0.01112,0.98168,-0.02443,0.02901,0.04504,-0.64906,11.70292,1.00258,-0.73587,11.6671,-0.034353,0.035436,0.018388,0.018388
30876,316309,-1778,-202,11706,-84,-179,-283,-0.20189,-0.01382,0.97811,-0.04733,0.03664,-0.01603,-0.8095,11.66127,0.99882,-0.73742,11.667,-0.034218,0.035446,0.019328,0.019328
30877,316319,-1824,-208,11760,-86,-178,-288,-0.20471,-0.01419,0.98132,-0.0626,0.04427,-0.0542,-0.82834,11.78215,1.00254,-0.73938,11.66921,-0.03406,0.035246,0.018408,0.018408
30878,316329,-1808,-242,11730,-82,-171,-282,-0.20373,-0.01627,0.97954,-0.03206,0.09771,-0.0084,-0.9518,11.74757,1.00063,-0.7435,11.67135,-0.033667,0.035102,0.019503,0.019503
30879,316340,-1810,-194,11748,-86,-173,-283,-0.20385,-0.01333,0.98061,-0.0626,0.08244,-0.01603,-0.77877,11.74251,1.00166,-0.74446,11.67317,-0.033604,0.034974,0.019047,0.019047
30880,316350,-1826,-172,11698,-87,-191,-280,-0.20483,-0.01198,0.97763,-0.07023,-0.05496,0.00687,-0.70206,11.83253,0.99893,-0.744,11.67537,-0.033682,0.03468,0.019337,0.019337
30881,316360,-1778,-172,11692,-82,-174,-283,-0.20189,-0.01198,0.97728,-0.03206,0.07481,-0.01603,-0.70232,11.67121,0.99799,-0.7432,11.67568,-0.033756,0.034689,0.01879,0.01879
30882,316370,-1794,-160,11714,-76,-171,-286,-0.20287,-0.01124,0.97859,0.01374,0.09771,-0.03893,-0.65829,11.71127,0.99946,-0.74108,11.677,-0.033912,0.034624,0.019478,0.019478
30883,316381,-1788,-222,11704,-77,-189,-283,-0.2025,-0.01505,0.97799,0.00611,-0.03969,-0.01603,-0.88145,11.69692,0.99885,-0.74339,11.67665,-0.033655,0.034586,0.019268,0.019268
30884,316391,-1824,-198,11754,-80,-195,-284,-0.20471,-0.01357,0.98096,-0.01679,-0.0855,-0.02366,-0.79282,11.78641,1.00219,-0.74414,11.67752,-0.033567,0.03439,0.018632,0.018632
30885,316401,-1762,-196,11752,-80,-176,-279,-0.20091,-0.01345,0.98084,-0.01679,0.05954,0.0145,-0.78575,11.5747,1.0013,-0.74478,11.67579,-0.033491,0.034578,0.019189,0.019189
30886,316411,-1768,-192,11776,-78,-159,-282,-0.20127,-0.01321,0.98227,-0.00153,0.18931,-0.0084,-0.7703,11.579,1.00277,-0.74493,11.67556,-0.033447,0.034747,0.018135,0.018135
30887,316422,-1794,-198,11706,-85,-170,-277,-0.20287,-0.01357,0.97811,-0.05496,0.10534,0.02977,-0.79513,11.71646,0.99902,-0.74611,11.67704,-0.033355,0.034673,0.019322,0.019322
30888,316432,-1828,-156,11720,-79,-196,-278,-0.20496,-0.011,0.97894,-0.00916,-0.09313,0.02214,-0.64369,11.82419,1.00023,-0.74388,11.67865,-0.033544,0.034399,0.019482,0.019482
30889,316442,-1786,-148,11698,-76,-208,-282,-0.20238,-0.01051,0.97763,0.01374,-0.18473,-0.0084,-0.61579,11.69486,0.99842,-0.74098,11.67681,-0.033774,0.034366,0.019008,0.019008
30890,316453,-1716,-156,11720,-79,-170,-279,-0.19808,-0.011,0.97894,-0.00916,0.10534,0.0145,-0.64369,11.4383,0.99884,-0.73887,11.67292,-0.033951,0.034802,0.019216,0.019216
30891,316463,-1778,-190,11732,-80,-154,-277,-0.20189,-0.01308,0.97965,-0.01679,0.22748,0.02977,-0.76518,11.64351,1.00033,-0.73921,11.67424,-0.033902,0.034859,0.019438,0.019438
30892,316473,-1786,-236,11662,-82,-169,-284,-0.20238,-0.01591,0.9755,-0.03206,0.11298,-0.02366,-0.93414,11.71894,0.99639,-0.74255,11.67578,-0.033583,0.034788,0.017245,0.017245
30893,316483,-1782,-186,11710,-86,-203,-288,-0.20213,-0.01284,0.97835,-0.0626,-0.14656,-0.0542,-0.75183,11.67246,0.99909,-0.74302,11.67394,-0.033567,0.03479,0.019315,0.019315
30894,316494,-1760,-170,11732,-82,-210,-290,-0.20078,-0.01186,0.97965,-0.03206,-0.2,-0.06947,-0.69344,11.58171,1.00009,-0.74204,11.66984,-0.033658,0.034956,0.019457,0.019457
30895,316504,-1738,-202,11694,-83,-171,-289,-0.19943,-0.01382,0.9774,-0.03969,0.09771,-0.06183,-0.81009,11.53149,0.99763,-0.74335,11.6679,-0.03354,0.035199,0.01843,0.01843
30896,316514,-1812,-210,11786,-90,-147,-282,-0.20397,-0.01431,0.98286,-0.09313,0.28092,-0.0084,-0.83418,11.72298,1.00391,-0.74547,11.67125,-0.033395,0.035115,0.016916,0.016916
30897,316525,-1790,-118,11744,-81,-190,-286,-0.20262,-0.00867,0.98037,-0.02443,-0.04733,-0.03893,-0.50654,11.67712,1.00113,-0.74079,11.67056,-0.033831,0.035103,0.019244,0.019244
30898,316535,-1782,-174,11682,-89,-210,-280,-0.20213,-0.0121,0.97668,-0.0855,-0.2,0.00687,-0.70994,11.6919,0.99745,-0.74073,11.66864,-0.033885,0.035061,0.018308,0.018308
30899,316545,-1806,-180,11804,-91,-174,-275,-0.20361,-0.01247,0.98393,-0.10076,0.07481,0.04504,-0.72614,11.69033,1.00486,-0.74116,11.66937,-0.033908,0.035029,0.015821,0.015821
30900,316555,-1794,-174,11692,-82,-167,-293,-0.20287,-0.0121,0.97728,-0.03206,0.12824,-0.09237,-0.70951,11.72638,0.99819,-0.74054,11.67137,-0.033965,0.034929,0.018922,0.018922
30901,316566,-1770,-166,11754,-87,-165,-280,-0.2014,-0.01161,0.98096,-0.07023,0.14351,0.00687,-0.67819,11.60112,1.00149,-0.7397,11.67109,-0.034078,0.035058,0.019111,0.019111
30902,316576,-1838,-194,11720,-91,-172,-283,-0.20557,-0.01333,0.97894,-0.10076,0.09008,-0.01603,-0.78009,11.85825,1.00038,-0.74115,11.67528,-0.034005,0.034713,0.019489,0.019489
30903,316586,-1756,-194,11716,-82,-183,-286,-0.20054,-0.01333,0.9787,-0.03206,0.00611,-0.03893,-0.78028,11.57865,0.99913,-0.74188,11.67313,-0.033933,0.03489,0.019356,0.019356
30904,316597,-1750,-208,11848,-87,-176,-283,-0.20017,-0.01419,0.98655,-0.07023,0.05954,-0.01603,-0.82395,11.46839,1.00675,-0.74335,11.67061,-0.033829,0.035152,0.01347,0.01347
30905,316607,-1772,-182,11742,-87,-183,-286,-0.20152,-0.01259,0.98025,-0.07023,0.00611,-0.03893,-0.73604,11.61607,1.00083,-0.74356,11.66927,-0.033843,0.035252,0.019455,0.019455
30906,316617,-1778,-160,11740,-78,-181,-281,-0.20189,-0.01124,0.98013,-0.00153,0.02137,-0.00076,-0.65725,11.63828,1.00077,-0.74157,11.66853,-0.034001,0.035309,0.019456,0.019456
30907,316627,-1766,-168,11780,-79,-173,-278,-0.20115,-0.01173,0.98251,-0.00916,0.08244,0.02214,-0.68427,11.56962,1.00296,-0.74029,11.66721,-0.034099,0.035479,0.01801,0.01801
30908,316638,-1804,-198,11768,-76,-178,-275,-0.20348,-0.01357,0.98179,0.01374,0.04427,0.04504,-0.79214,11.70805,1.00275,-0.74076,11.66804,-0.034009,0.035408,0.018212,0.018212
30909,316648,-1818,-200,11776,-79,-187,-282,-0.20434,-0.0137,0.98227,-0.00916,-0.02443,-0.0084,-0.79892,11.75056,1.00339,-0.74154,11.6689,-0.033911,0.03527,0.017586,0.017586
30910,316658,-1790,-186,11746,-81,-186,-282,-0.20262,-0.01284,0.98049,-0.02443,-0.01679,-0.0084,-0.75019,11.67521,1.00129,-0.74162,11.66851,-0.033895,0.035257,0.019276,0.019276
30911,316668,-1836,-176,11752,-84,-172,-284,-0.20545,-0.01223,0.98084,-0.04733,0.09008,-0.02366,-0.7141,11.82922,1.0022,-0.74123,11.67205,-0.033944,0.034973,0.018686,0.018686
30912,316679,-1798,-192,11726,-81,-170,-283,-0.20311,-0.01321,0.9793,-0.02443,0.10534,-0.01603,-0.77263,11.71647,1.00023,-0.74176,11.67361,-0.033886,0.034892,0.019563,0.019563
30913,316689,-1786,-226,11746,-81,-165,-285,-0.20238,-0.01529,0.98049,-0.02443,0.14351,-0.0313,-0.89355,11.66105,1.00127,-0.74458,11.67444,-0.033609,0.034917,0.019249,0.019249
30914,316699,-1796,-206,11808,-83,-187,-277,-0.20299,-0.01407,0.98417,-0.03969,-0.02443,0.02977,-0.81879,11.65307,1.00499,-0.74581,11.67352,-0.033498,0.034948,0.015713,0.015713
30915,316710,-1728,-158,11780,-90,-213,-278,-0.19882,-0.01112,0.98251,-0.09313,-0.2229,0.02214,-0.64851,11.43913,1.00248,-0.7446,11.66665,-0.03367,0.035354,0.01848,0.01848
30916,316720,-1806,-158,11810,-84,-181,-285,-0.20361,-0.01112,0.98429,-0.04733,0.02137,-0.0313,-0.64733,11.6864,1.00519,-0.74322,11.66682,-0.033813,0.035325,0.015506,0.015506
30917,316730,-1772,-200,11736,-88,-161,-279,-0.20152,-0.0137,0.97989,-0.07786,0.17405,0.0145,-0.80085,11.62001,1.00049,-0.74479,11.66726,-0.033706,0.035415,0.019611,0.019611
30918,316740,-1798,-216,11766,-91,-166,-278,-0.20311,-0.01468,0.98168,-0.10076,0.13588,0.02214,-0.85667,11.68864,1.00258,-0.74751,11.66864,-0.033512,0.035379,0.018437,0.018437
30919,316751,-1788,-174,11722,-85,-189,-275,-0.2025,-0.0121,0.97906,-0.05496,-0.03969,0.04504,-0.70822,11.68497,0.99986,-0.74695,11.66823,-0.033586,0.035347,0.019634,0.019634
30920,316761,-1792,-200,11778,-85,-189,-283,-0.20275,-0.0137,0.98239,-0.05496,-0.03969,-0.01603,-0.79882,11.65997,1.00318,-0.74808,11.66734,-0.033498,0.03536,0.017842,0.017842
30921,316771,-1794,-146,11700,-77,-174,-283,-0.20287,-0.01038,0.97775,0.00611,0.07481,-0.01603,-0.60853,11.72107,0.99863,-0.745,11.66877,-0.033752,0.035262,0.019276,0.019276
30922,316781,-1782,-208,11780,-83,-158,-277,-0.20213,-0.01419,0.98251,-0.03969,0.19695,0.02977,-0.82733,11.62419,1.00318,-0.74653,11.66956,-0.033613,0.035341,0.017841,0.017841
30923,316792,-1768,-132,11720,-91,-196,-280,-0.20127,-0.00953,0.97894,-0.10076,-0.09313,0.00687,-0.55753,11.61778,0.99946,-0.74349,11.66729,-0.033965,0.035434,0.019573,0.019573
30924,316802,-1754,-140,11662,-86,-194,-278,-0.20041,-0.01002,0.9755,-0.0626,-0.07786,0.02214,-0.58832,11.60923,0.99592,-0.74115,11.66519,-0.034214,0.035525,0.016858,0.016858
30925,316812,-1804,-182,11718,-79,-202,-281,-0.20348,-0.01259,0.97882,-0.00916,-0.13893,-0.00076,-0.73711,11.74275,0.99983,-0.74083,11.66501,-0.034221,0.035378,0.019635,0.019635
30926,316823,-1754,-180,11658,-87,-175,-280,-0.20041,-0.01247,0.97526,-0.07023,0.06718,0.00687,-0.7326,11.61166,0.99572,-0.74105,11.66443,-0.034234,0.035462,0.016627,0.016627
30927,316833,-1816,-240,11742,-89,-161,-285,-0.20422,-0.01615,0.98025,-0.0855,0.17405,-0.0313,-0.94394,11.76679,1.00143,-0.74546,11.66776,-0.033865,0.035278,0.019272,0.019272
30928,316843,-1704,-192,11726,-83,-181,-282,-0.19735,-0.01321,0.9793,-0.03969,0.02137,-0.0084,-0.77263,11.39255,0.99907,-0.74605,11.66227,-0.033815,0.035786,0.019477,0.019477
30929,316853,-1806,-208,11730,-90,-196,-286,-0.20361,-0.01419,0.97954,-0.09313,-0.09313,-0.03893,-0.82984,11.74107,1.00057,-0.74827,11.66254,-0.03366,0.035637,0.01956,0.01956
30930,316864,-1818,-184,11760,-94,-189,-286,-0.20434,-0.01272,0.98132,-0.12366,-0.03969,-0.03893,-0.7424,11.76178,1.00245,-0.74904,11.66364,-0.033672,0.035462,0.018515,0.018515
30931,316874,-1806,-186,11732,-94,-180,-284,-0.20361,-0.01284,0.97965,-0.12366,0.02901,-0.02366,-0.75083,11.7399,1.00067,-0.74996,11.66507,-0.03367,0.03532,0.019517,0.019517
30932,316884,-1794,-192,11768,-90,-183,-288,-0.20287,-0.01321,0.98179,-0.09313,0.00611,-0.0542,-0.77067,11.67377,1.00262,-0.75092,11.66494,-0.033635,0.035305,0.018349,0.018349
30933,316895,-1764,-174,11724,-99,-183,-280,-0.20103,-0.0121,0.97918,-0.16183,0.00611,0.00687,-0.70813,11.60092,0.99968,-0.75134,11.6634,-0.033717,0.035423,0.019569,0.019569
30934,316905,-1814,-188,11780,-89,-165,-286,-0.2041,-0.01296,0.98251,-0.0855,0.14351,-0.03893,-0.75581,11.7342,1.00357,-0.75193,11.66569,-0.033711,0.035308,0.017401,0.017401
30935,316915,-1826,-202,11794,-85,-200,-280,-0.20483,-0.01382,0.98334,-0.05496,-0.12366,0.00687,-0.80519,11.76554,1.00454,-0.75301,11.66576,-0.033629,0.035151,0.016297,0.016297
30936,316925,-1778,-188,11730,-96,-222,-279,-0.20189,-0.01296,0.97954,-0.13893,-0.2916,0.0145,-0.7581,11.6449,1.00021,-0.75414,11.66214,-0.033621,0.035184,0.019627,0.019627
30937,316936,-1720,-172,11754,-88,-163,-276,-0.19833,-0.01198,0.98096,-0.07786,0.15878,0.0374,-0.69968,11.42901,1.00088,-0.75351,11.65882,-0.033723,0.035617,0.019466,0.019466
30938,316946,-1828,-146,11728,-82,-139,-281,-0.20496,-0.01038,0.97942,-0.03206,0.34198,-0.00076,-0.6075,11.81869,1.00069,-0.75065,11.66494,-0.033993,0.035327,0.019507,0.019507
30939,316956,-1810,-158,11738,-89,-132,-281,-0.20385,-0.01112,0.98001,-0.0855,0.39542,-0.00076,-0.65016,11.74975,1.00105,-0.74921,11.67011,-0.034178,0.035177,0.019369,0.019369
30940,316967,-1740,-144,11732,-101,-283,-288,-0.19956,-0.01026,0.97965,-0.1771,-0.75725,-0.0542,-0.60018,11.51301,0.99983,-0.74769,11.65927,-0.034457,0.035454,0.019557,0.019557
30941,316977,-1762,-180,11754,-95,-280,-292,-0.20091,-0.01247,0.98096,-0.1313,-0.73435,-0.08473,-0.72834,11.57348,1.0014,-0.74827,11.65008,-0.034494,0.035596,0.019175,0.019175
30942,316987,-1800,-248,11774,-86,-89,-279,-0.20324,-0.01664,0.98215,-0.0626,0.72366,0.0145,-0.97074,11.68965,1.0031,-0.75252,11.65754,-0.034118,0.035541,0.017855,0.017855
30943,316997,-1812,-210,11752,-86,-79,-286,-0.20397,-0.01431,0.98084,-0.0626,0.8,-0.03893,-0.8359,11.74646,1.00193,-0.75437,11.66672,-0.033969,0.035395,0.018859,0.018859
30944,317008,-1734,-234,11650,-85,-146,-284,-0.19919,-0.01578,0.97478,-0.05496,0.28855,-0.02366,-0.92761,11.54739,0.99505,-0.75731,11.66733,-0.033711,0.035577,0.015758,0.015758
30945,317018,-1824,-200,11786,-82,-283,-278,-0.20471,-0.0137,0.98286,-0.03206,-0.75725,0.02214,-0.79843,11.76423,1.00405,-0.75799,11.66117,-0.033645,0.03541,0.016884,0.016884
30946,317028,-1784,-166,11760,-89,-178,-276,-0.20226,-0.01161,0.98132,-0.0855,0.04427,0.0374,-0.67794,11.64514,1.00201,-0.75698,11.66096,-0.033789,0.035438,0.01888,0.01888
30947,317039,-1830,-202,11748,-83,-51,-277,-0.20508,-0.01382,0.98061,-0.03969,1.01374,0.02977,-0.80744,11.81115,1.00192,-0.758,11.6734,-0.033699,0.035186,0.018941,0.018941
30948,317049,-1810,-198,11706,-81,-83,-280,-0.20385,-0.01357,0.97811,-0.02443,0.76947,0.00687,-0.79513,11.77159,0.99922,-0.75863,11.68251,-0.03363,0.035018,0.019498,0.019498
30949,317059,-1768,-210,11774,-82,-236,-287,-0.20127,-0.01431,0.98215,-0.03206,-0.39847,-0.04656,-0.83479,11.58019,1.00266,-0.76001,11.67638,-0.033497,0.035189,0.018321,0.018321
30950,317069,-1720,-178,11778,-83,-273,-280,-0.19833,-0.01235,0.98239,-0.03969,-0.68092,0.00687,-0.72013,11.41281,1.00228,-0.75933,11.66444,-0.033568,0.035642,0.018647,0.018647
30951,317080,-1764,-208,11720,-82,-218,-283,-0.20103,-0.01419,0.97894,-0.03206,-0.26107,-0.01603,-0.83035,11.60334,0.99947,-0.7607,11.66034,-0.033436,0.03575,0.019545,0.019545
30952,317090,-1828,-222,11754,-81,-136,-277,-0.20496,-0.01505,0.98096,-0.02443,0.36489,0.02977,-0.87878,11.7999,1.00226,-0.76281,11.66617,-0.033228,0.035509,0.018648,0.018648
30953,317100,-1792,-156,11754,-88,-69,-278,-0.20275,-0.011,0.98096,-0.07786,0.87634,0.02214,-0.64236,11.67684,1.00176,-0.76096,11.67462,-0.033445,0.035505,0.019004,0.019004
30954,317110,-1814,-156,11682,-85,-139,-282,-0.2041,-0.011,0.97668,-0.05496,0.34198,-0.0084,-0.64518,11.80247,0.99784,-0.75901,11.68002,-0.033651,0.035283,0.018715,0.018715
30955,317121,-1754,-170,11708,-78,-246,-278,-0.20041,-0.01186,0.97823,-0.00153,-0.47481,0.02214,-0.69445,11.57744,0.99862,-0.75745,11.67305,-0.033768,0.035461,0.019208,0.019208
30956,317131,-1766,-210,11746,-83,-271,-287,-0.20115,-0.01431,0.98049,-0.03969,-0.66565,-0.04656,-0.83621,11.59242,1.00101,-0.75903,11.66461,-0.033624,0.035596,0.019362,0.019362
30957,317141,-1764,-216,11738,-77,-163,-284,-0.20103,-0.01468,0.98001,0.00611,0.15878,-0.02366,-0.85812,11.59094,1.00052,-0.76058,11.66438,-0.03344,0.035734,0.019488,0.019488
30958,317151,-1798,-210,11756,-80,-71,-280,-0.20311,-0.01431,0.98108,-0.01679,0.86107,0.00687,-0.8357,11.69559,1.00199,-0.76182,11.67307,-0.033306,0.035693,0.018795,0.018795
30959,317162,-1820,-184,11672,-82,-121,-277,-0.20446,-0.01272,0.97609,-0.03206,0.47939,0.02977,-0.74637,11.82991,0.99736,-0.76153,11.68029,-0.033332,0.035429,0.018268,0.018268
30960,317172,-1704,-162,11742,-84,-242,-282,-0.19735,-0.01137,0.98025,-0.04733,-0.44427,-0.0084,-0.66434,11.38205,0.99998,-0.75977,11.66976,-0.033513,0.035973,0.019527,0.019527
30961,317182,-1788,-210,11752,-79,-278,-285,-0.2025,-0.01431,0.98084,-0.00916,-0.71908,-0.0313,-0.8359,11.66397,1.00163,-0.76098,11.66224,-0.033375,0.03597,0.019014,0.019014
30962,317193,-1802,-248,11708,-76,-190,-283,-0.20336,-0.01664,0.97823,0.01374,-0.04733,-0.01603,-0.97463,11.74209,0.99928,-0.76466,11.66298,-0.032981,0.035821,0.019404,0.019404
30963,317203,-1810,-198,11734,-83,-98,-280,-0.20385,-0.01357,0.97977,-0.03969,0.65496,0.00687,-0.79378,11.75216,1.00085,-0.76529,11.67078,-0.032928,0.035669,0.019351,0.019351
30964,317213,-1790,-180,11720,-85,-105,-282,-0.20262,-0.01247,0.97894,-0.05496,0.60153,-0.0084,-0.72984,11.69318,0.99977,-0.76482,11.67676,-0.032994,0.035638,0.019464,0.019464
30965,317223,-1778,-138,11776,-87,-228,-275,-0.20189,-0.00989,0.98227,-0.07023,-0.3374,0.04504,-0.57711,11.61379,1.00285,-0.7618,11.67196,-0.033315,0.035739,0.018023,0.018023
30966,317234,-1796,-194,11782,-83,-309,-280,-0.20299,-0.01333,0.98263,-0.03969,-0.95573,0.00687,-0.77717,11.67101,1.00346,-0.76213,11.6622,-0.03329,0.035724,0.017423,0.017423
30967,317244,-1742,-190,11714,-82,-213,-279,-0.19968,-0.01308,0.97859,-0.03206,-0.2229,0.0145,-0.76602,11.53177,0.99884,-0.76219,11.65716,-0.033283,0.035958,0.019239,0.019239
30968,317254,-1828,-204,11714,-80,-85,-287,-0.20496,-0.01394,0.97859,-0.01679,0.7542,-0.04656,-0.81629,11.82794,0.99992,-0.76309,11.66753,-0.033182,0.035655,0.019482,0.019482
30969,317264,-1798,-172,11716,-82,-78,-284,-0.20311,-0.01198,0.9787,-0.03206,0.80763,-0.02366,-0.70129,11.72357,0.99963,-0.76187,11.67619,-0.033296,0.035566,0.019442,0.019442
30970,317275,-1810,-178,11796,-82,-198,-285,-0.20385,-0.01235,0.98346,-0.03206,-0.1084,-0.0313,-0.71934,11.70955,1.00444,-0.76117,11.67531,-0.033362,0.035513,0.016303,0.016303
30971,317285,-1728,-202,11782,-82,-222,-288,-0.19882,-0.01382,0.98263,-0.03206,-0.2916,-0.0542,-0.80578,11.4374,1.00263,-0.76197,11.66776,-0.033285,0.035919,0.018257,0.018257
30972,317295,-1788,-166,11688,-81,-135,-284,-0.2025,-0.01161,0.97704,-0.02443,0.37252,-0.02366,-0.68091,11.70853,0.99787,-0.76037,11.67182,-0.033428,0.035852,0.018677,0.018677
30973,317306,-1786,-194,11680,-81,-99,-282,-0.20238,-0.01333,0.97656,-0.02443,0.64733,-0.0084,-0.78199,11.70691,0.9974,-0.76068,11.67847,-0.03339,0.035802,0.018295,0.018295
30974,317316,-1800,-164,11722,-80,-164,-272,-0.20324,-0.01149,0.97906,-0.01679,0.15115,0.06794,-0.67233,11.72637,1.0,-0.75879,11.68053,-0.033554,0.035716,0.019511,0.019511
30975,317326,-1782,-214,11778,-76,-231,-280,-0.20213,-0.01456,0.98239,0.01374,-0.36031,0.00687,-0.8489,11.62549,1.00307,-0.75993,11.67566,-0.0334,0.035802,0.017842,0.017842
30976,317336,-1760,-160,11822,-84,-231,-284,-0.20078,-0.01124,0.985,-0.04733,-0.36031,-0.02366,-0.654,11.5206,1.00532,-0.75845,11.66939,-0.033554,0.036021,0.015271,0.015271
30977,317347,-1740,-178,11734,-70,-171,-276,-0.19956,-0.01235,0.97977,0.05954,0.09771,0.0374,-0.72205,11.51138,0.99997,-0.75683,11.66691,-0.03362,0.036315,0.019574,0.019574
30978,317357,-1742,-178,11736,-81,-124,-275,-0.19968,-0.01235,0.97989,-0.02443,0.45649,0.04504,-0.72196,11.51691,1.00011,-0.75605,11.66809,-0.033684,0.036601,0.019553,0.019553
30979,317367,-1824,-188,11746,-77,-155,-278,-0.20471,-0.01296,0.98049,0.00611,0.21985,0.02214,-0.75736,11.79206,1.00171,-0.75569,11.67224,-0.033681,0.036381,0.01899,0.01899
30980,317377,-1774,-218,11748,-83,-203,-276,-0.20164,-0.0148,0.98061,-0.03969,-0.14656,0.0374,-0.86477,11.61849,1.00123,-0.75785,11.66942,-0.033482,0.036476,0.019243,0.019243
30981,317388,-1776,-230,11728,-85,-219,-285,-0.20176,-0.01554,0.97942,-0.05496,-0.2687,-0.0313,-0.90887,11.63895,1.0001,-0.761,11.66583,-0.033203,0.036527,0.019515,0.019515
30982,317398,-1756,-238,11778,-78,-208,-288,-0.20054,-0.01603,0.98239,-0.00153,-0.18473,-0.0542,-0.93474,11.53594,1.00278,-0.76384,11.6613,-0.032904,0.036746,0.018131,0.018131
30983,317408,-1792,-170,11724,-92,-152,-284,-0.20275,-0.01186,0.97918,-0.1084,0.24275,-0.02366,-0.69378,11.6974,1.00002,-0.76322,11.66403,-0.033035,0.036683,0.01951,0.01951
30984,317418,-1778,-150,11742,-86,-135,-280,-0.20189,-0.01063,0.98025,-0.0626,0.37252,0.00687,-0.62132,11.63699,1.00088,-0.76076,11.66679,-0.033296,0.036739,0.019346,0.019346
30985,317429,-1780,-194,11746,-84,-178,-282,-0.20201,-0.01333,0.98049,-0.04733,0.04427,-0.0084,-0.77887,11.64074,1.00117,-0.76125,11.66637,-0.033263,0.036787,0.019222,0.019222
30986,317439,-1772,-206,11696,-76,-225,-279,-0.20152,-0.01407,0.97752,0.01374,-0.3145,0.0145,-0.82437,11.64743,0.99817,-0.76198,11.66256,-0.033149,0.036814,0.01885,0.01885
30987,317449,-1802,-192,11744,-81,-202,-270,-0.20336,-0.01321,0.98037,-0.02443,-0.13893,0.08321,-0.77179,11.71779,1.00132,-0.76208,11.6619,-0.033131,0.036711,0.019136,0.019136
30988,317460,-1816,-180,11752,-88,-156,-280,-0.20422,-0.01247,0.98084,-0.07786,0.21221,0.00687,-0.72843,11.76049,1.00196,-0.76189,11.66547,-0.033192,0.036539,0.018753,0.018753
30989,317470,-1760,-182,11714,-78,-140,-280,-0.20078,-0.01259,0.97859,-0.00153,0.33435,0.00687,-0.73729,11.59391,0.99905,-0.7611,11.66701,-0.033237,0.036675,0.019284,0.019284
30990,317480,-1760,-184,11798,-78,-179,-276,-0.20078,-0.01272,0.98358,-0.00153,0.03664,0.0374,-0.74069,11.53665,1.00394,-0.76045,11.66481,-0.033269,0.036883,0.016873,0.016873
30991,317490,-1752,-178,11774,-88,-201,-287,-0.20029,-0.01235,0.98215,-0.07786,-0.1313,-0.04656,-0.7203,11.52552,1.00244,-0.76014,11.66059,-0.033339,0.037124,0.018402,0.018402
30992,317501,-1784,-188,11702,-76,-178,-280,-0.20226,-0.01296,0.97787,0.01374,0.04427,0.00687,-0.75939,11.68485,0.99865,-0.75967,11.66113,-0.03334,0.03708,0.019143,0.019143
30993,317511,-1830,-208,11788,-77,-140,-286,-0.20508,-0.01419,0.98298,0.00611,0.33435,-0.03893,-0.82693,11.78333,1.00425,-0.76039,11.66608,-0.033234,0.036893,0.016547,0.016547
30994,317521,-1740,-172,11770,-81,-145,-282,-0.19956,-0.01198,0.98191,-0.02443,0.29618,-0.0084,-0.699,11.48703,1.00206,-0.75916,11.66527,-0.033343,0.037215,0.018737,0.018737
30995,317531,-1728,-134,11720,-86,-196,-273,-0.19882,-0.00965,0.97894,-0.0626,-0.09313,0.06031,-0.56471,11.47986,0.99897,-0.75569,11.66041,-0.033699,0.037552,0.019313,0.019313
30996,317542,-1730,-200,11726,-83,-192,-281,-0.19894,-0.0137,0.9793,-0.03969,-0.0626,-0.00076,-0.80134,11.48214,0.9994,-0.75663,11.65596,-0.033615,0.037879,0.019429,0.019429
30997,317552,-1800,-230,11732,-79,-147,-283,-0.20324,-0.01554,0.97965,-0.00916,0.28092,-0.01603,-0.90865,11.71881,1.00064,-0.75934,11.65956,-0.033335,0.037768,0.019407,0.019407
30998,317562,-1786,-176,11714,-81,-142,-285,-0.20238,-0.01223,0.97859,-0.02443,0.31908,-0.0313,-0.71574,11.68358,0.99937,-0.75841,11.66279,-0.033415,0.037729,0.019393,0.019393
30999,317572,-1814,-154,11680,-83,-183,-283,-0.2041,-0.01088,0.97656,-0.03969,0.00611,-0.01603,-0.63806,11.80388,0.99772,-0.75624,11.66509,-0.033627,0.037481,0.018515,0.018515
31000,317583,-1762,-166,11728,-78,-209,-281,-0.20091,-0.01161,0.97942,-0.00153,-0.19237,-0.00076,-0.67926,11.59137,0.99988,-0.75443,11.6614,-0.033768,0.037612,0.019456,0.019456
31001,317593,-1778,-152,11756,-82,-193,-289,-0.20189,-0.01075,0.98108,-0.03206,-0.07023,-0.06183,-0.62796,11.62737,1.0017,-0.75202,11.6597,-0.033995,0.037671,0.018911,0.018911
31002,317603,-1792,-182,11710,-88,-164,-284,-0.20275,-0.01259,0.97835,-0.07786,0.15115,-0.02366,-0.73747,11.70696,0.99921,-0.75217,11.66173,-0.034022,0.037587,0.019322,0.019322
31003,317614,-1790,-172,11742,-80,-161,-283,-0.20262,-0.01198,0.98025,-0.01679,0.17405,-0.01603,-0.70019,11.67809,1.00104,-0.751,11.66338,-0.034117,0.03756,0.019222,0.019222
31004,317624,-1818,-140,11706,-86,-185,-280,-0.20434,-0.01002,0.97811,-0.0626,-0.00916,0.00687,-0.58675,11.79965,0.99928,-0.74811,11.66555,-0.034418,0.037309,0.019318,0.019318
31005,317634,-1768,-168,11766,-82,-192,-283,-0.20127,-0.01173,0.98168,-0.03206,-0.0626,-0.01603,-0.68485,11.58603,1.00217,-0.74691,11.6631,-0.034529,0.037447,0.018553,0.018553
31006,317645,-1840,-168,11730,-83,-191,-286,-0.20569,-0.01173,0.97954,-0.03969,-0.05496,-0.03893,-0.68635,11.85838,1.00097,-0.7458,11.66595,-0.03464,0.037089,0.019232,0.019232
31007,317655,-1780,-198,11720,-82,-169,-283,-0.20201,-0.01357,0.97894,-0.03206,0.11298,-0.01603,-0.79445,11.65857,0.99966,-0.74672,11.66655,-0.03455,0.037104,0.019377,0.019377
31008,317665,-1854,-166,11698,-83,-168,-282,-0.20655,-0.01161,0.97763,-0.03969,0.12061,-0.0084,-0.68049,11.929,0.99928,-0.74549,11.67243,-0.034672,0.036626,0.01929,0.01929
31009,317675,-1782,-130,11762,-86,-178,-278,-0.20213,-0.0094,0.98144,-0.0626,0.04427,0.02214,-0.54896,11.63717,1.00208,-0.74211,11.67185,-0.035019,0.036688,0.018587,0.018587
31010,317686,-1796,-152,11714,-84,-174,-285,-0.20299,-0.01075,0.97859,-0.04733,0.07481,-0.0313,-0.62956,11.71823,0.99948,-0.74006,11.67312,-0.035225,0.036604,0.019327,0.019327
31011,317696,-1794,-186,11736,-79,-182,-284,-0.20287,-0.01284,0.97989,-0.00916,0.01374,-0.02366,-0.75065,11.69586,1.00075,-0.74,11.67333,-0.035205,0.036562,0.019261,0.019261
31012,317706,-1730,-206,11816,-77,-189,-281,-0.19894,-0.01407,0.98465,0.00611,-0.03969,-0.00076,-0.8184,11.42138,1.00464,-0.74085,11.66856,-0.035086,0.036943,0.015983,0.015983
31013,317717,-1774,-142,11812,-84,-188,-283,-0.20164,-0.01014,0.98441,-0.04733,-0.03206,-0.01603,-0.59014,11.5755,1.0049,-0.7386,11.66641,-0.035311,0.03708,0.015714,0.015714
31014,317727,-1750,-164,11748,-89,-170,-277,-0.20017,-0.01149,0.98061,-0.0855,0.10534,0.02977,-0.67127,11.53642,1.00089,-0.73779,11.66457,-0.035435,0.03732,0.019318,0.019318
31015,317737,-1768,-190,11792,-81,-163,-281,-0.20127,-0.01308,0.98322,-0.02443,0.15878,-0.00076,-0.7624,11.56813,1.0037,-0.73811,11.66411,-0.035395,0.037478,0.017159,0.017159
31016,317747,-1782,-202,11728,-78,-164,-283,-0.20213,-0.01382,0.97942,-0.00153,0.15115,-0.01603,-0.80842,11.65991,1.00015,-0.73915,11.66514,-0.035264,0.037488,0.019481,0.019481
31017,317758,-1778,-204,11842,-85,-192,-285,-0.20189,-0.01394,0.98619,-0.05496,-0.0626,-0.0313,-0.80999,11.5683,1.00674,-0.7403,11.66285,-0.035174,0.037611,0.01347,0.01347
31018,317768,-1802,-200,11748,-84,-209,-282,-0.20336,-0.0137,0.98061,-0.04733,-0.19237,-0.0084,-0.80027,11.71495,1.00156,-0.74156,11.66159,-0.035065,0.037512,0.019111,0.019111
31019,317778,-1826,-190,11772,-82,-151,-284,-0.20483,-0.01308,0.98203,-0.03206,0.25038,-0.02366,-0.76333,11.78087,1.00325,-0.74192,11.6658,-0.035029,0.037315,0.017722,0.017722
31020,317789,-1792,-176,11704,-83,-149,-277,-0.20275,-0.01223,0.97799,-0.03969,0.26565,0.02977,-0.71618,11.71116,0.99886,-0.74147,11.66891,-0.035076,0.037236,0.019329,0.019329
31021,317799,-1792,-198,11658,-85,-190,-274,-0.20275,-0.01357,0.97526,-0.05496,-0.04733,0.05267,-0.79745,11.74286,0.9962,-0.74262,11.66935,-0.034985,0.037115,0.017137,0.017137
31022,317809,-1798,-188,11762,-79,-219,-277,-0.20311,-0.01296,0.98144,-0.00916,-0.2687,0.02977,-0.75663,11.69168,1.00232,-0.74263,11.66676,-0.03496,0.03707,0.018608,0.018608
31023,317819,-1800,-228,11694,-72,-193,-283,-0.20324,-0.01541,0.9774,0.04427,-0.07023,-0.01603,-0.90356,11.74514,0.99842,-0.74493,11.66721,-0.034667,0.036926,0.019121,0.019121
31024,317830,-1756,-194,11760,-77,-152,-287,-0.20054,-0.01333,0.98132,0.00611,0.24275,-0.04656,-0.77821,11.54863,1.00169,-0.74516,11.66697,-0.034606,0.037144,0.019045,0.019045
31025,317840,-1724,-166,11712,-84,-169,-271,-0.19857,-0.01161,0.97847,-0.04733,0.11298,0.07557,-0.67992,11.47124,0.99848,-0.74404,11.66397,-0.034725,0.0375,0.019135,0.019135
31026,317850,-1796,-178,11790,-82,-206,-279,-0.20299,-0.01235,0.9831,-0.03206,-0.16947,0.0145,-0.7196,11.66567,1.00392,-0.7436,11.66196,-0.034764,0.037494,0.017002,0.017002
31027,317861,-1796,-210,11700,-78,-214,-284,-0.20299,-0.01431,0.97775,-0.00153,-0.23053,-0.02366,-0.83854,11.72739,0.99871,-0.7451,11.66059,-0.03459,0.03737,0.019271,0.019271
31028,317871,-1752,-174,11792,-85,-194,-288,-0.20029,-0.0121,0.98322,-0.05496,-0.07786,-0.0542,-0.70522,11.51335,1.00349,-0.7446,11.65689,-0.034656,0.037612,0.01749,0.01749
31029,317881,-1804,-202,11744,-79,-166,-285,-0.20348,-0.01382,0.98037,-0.00916,0.13588,-0.0313,-0.80763,11.72457,1.00136,-0.74557,11.65915,-0.034541,0.03749,0.019247,0.019247
31030,317891,-1782,-194,11730,-82,-164,-280,-0.20213,-0.01333,0.97954,-0.03206,0.15115,0.00687,-0.77962,11.65861,1.00026,-0.74621,11.66026,-0.034478,0.037493,0.019569,0.019569
31031,317902,-1758,-210,11774,-82,-189,-284,-0.20066,-0.01431,0.98215,-0.03206,-0.03969,-0.02366,-0.83479,11.54583,1.00254,-0.74781,11.6574,-0.034323,0.037692,0.018398,0.018398
31032,317912,-1756,-216,11756,-80,-201,-280,-0.20054,-0.01468,0.98108,-0.01679,-0.1313,0.00687,-0.85719,11.55113,1.00147,-0.74974,11.6537,-0.034124,0.037882,0.019158,0.019158
31033,317922,-1840,-210,11770,-86,-185,-284,-0.20569,-0.01431,0.98191,-0.0626,-0.00916,-0.02366,-0.83499,11.83009,1.00333,-0.75152,11.65635,-0.033982,0.037586,0.01764,0.01764
31034,317933,-1800,-212,11742,-81,-190,-280,-0.20324,-0.01443,0.98025,-0.02443,-0.04733,0.00687,-0.84358,11.7121,1.0012,-0.7532,11.65659,-0.033813,0.037482,0.019301,0.019301
31035,317943,-1786,-166,11776,-92,-177,-279,-0.20238,-0.01161,0.98227,-0.1084,0.05191,0.0145,-0.67728,11.64105,1.00297,-0.75257,11.65646,-0.033944,0.037509,0.018005,0.018005
31036,317953,-1774,-158,11810,-83,-185,-286,-0.20164,-0.01112,0.98429,-0.03969,-0.00916,-0.03893,-0.64733,11.57674,1.00479,-0.75094,11.65472,-0.034104,0.037629,0.015973,0.015973
31037,317963,-1786,-190,11730,-80,-170,-281,-0.20238,-0.01308,0.97954,-0.01679,0.10534,-0.00076,-0.76527,11.67242,1.00031,-0.75106,11.65574,-0.034077,0.037597,0.019602,0.019602
31038,317974,-1806,-198,11790,-83,-174,-283,-0.20361,-0.01357,0.9831,-0.03969,0.07481,-0.01603,-0.79109,11.69978,1.00406,-0.75179,11.65684,-0.034013,0.037528,0.016879,0.016879
31039,317984,-1732,-166,11690,-76,-210,-277,-0.19906,-0.01161,0.97716,0.01374,-0.2,0.02977,-0.68083,11.51382,0.9973,-0.75002,11.65189,-0.034135,0.037772,0.01832,0.01832
31040,317994,-1804,-184,11708,-81,-189,-284,-0.20348,-0.01272,0.97823,-0.02443,-0.03969,-0.02366,-0.74474,11.74967,0.99925,-0.74982,11.65304,-0.034145,0.037589,0.019528,0.019528
31041,318005,-1756,-190,11736,-82,-160,-285,-0.20054,-0.01308,0.97989,-0.03206,0.18168,-0.0313,-0.76499,11.56502,1.00029,-0.7501,11.65273,-0.034117,0.037756,0.019601,0.019601
31042,318015,-1796,-190,11696,-84,-146,-278,-0.20299,-0.01308,0.97752,-0.04733,0.28855,0.02214,-0.76685,11.73036,0.99846,-0.75055,11.65668,-0.034086,0.037619,0.019149,0.019149
31043,318025,-1752,-182,11800,-82,-216,-283,-0.20029,-0.01259,0.9837,-0.03206,-0.2458,-0.01603,-0.73346,11.50786,1.00396,-0.75024,11.65136,-0.034114,0.037854,0.016977,0.016977
31044,318035,-1788,-192,11824,-84,-190,-283,-0.2025,-0.01321,0.98512,-0.04733,-0.04733,-0.01603,-0.76807,11.61488,1.00581,-0.75063,11.64999,-0.034089,0.037904,0.014743,0.014743
31045,318046,-1746,-198,11696,-81,-156,-284,-0.19992,-0.01357,0.97752,-0.02443,0.21221,-0.02366,-0.79561,11.55778,0.99784,-0.75138,11.64996,-0.034009,0.038072,0.01883,0.01883
31046,318056,-1820,-192,11746,-84,-141,-282,-0.20446,-0.01321,0.98049,-0.04733,0.32672,-0.0084,-0.7717,11.77828,1.00167,-0.7519,11.65525,-0.033972,0.037844,0.019161,0.019161
31047,318066,-1752,-184,11750,-74,-174,-283,-0.20029,-0.01272,0.98072,0.02901,0.07481,-0.01603,-0.74285,11.54177,1.00105,-0.75111,11.6534,-0.033987,0.038054,0.019459,0.019459
31048,318077,-1686,-178,11658,-79,-211,-277,-0.19624,-0.01235,0.97526,-0.00916,-0.20763,0.02977,-0.72539,11.37627,0.99488,-0.75046,11.64665,-0.034025,0.038461,0.015636,0.015636
31049,318087,-1808,-192,11800,-80,-197,-281,-0.20373,-0.01321,0.9837,-0.01679,-0.10076,-0.00076,-0.76918,11.69982,1.00466,-0.7506,11.64615,-0.033996,0.038377,0.01625,0.01625
31050,318097,-1768,-190,11774,-79,-151,-281,-0.20127,-0.01308,0.98215,-0.00916,0.25038,-0.00076,-0.76323,11.58038,1.00265,-0.75059,11.64701,-0.033974,0.038496,0.018479,0.018479
31051,318107,-1778,-242,11744,-83,-143,-281,-0.20189,-0.01627,0.98037,-0.03969,0.31145,-0.00076,-0.951,11.63472,1.00107,-0.75456,11.64945,-0.033603,0.038524,0.019527,0.019527
31052,318118,-1754,-200,11766,-93,-183,-279,-0.20041,-0.0137,0.98168,-0.11603,0.00611,0.0145,-0.7994,11.53762,1.00202,-0.75622,11.64701,-0.033523,0.038724,0.018969,0.018969
31053,318128,-1784,-168,11744,-76,-205,-284,-0.20226,-0.01173,0.98037,0.01374,-0.16183,-0.02366,-0.68577,11.65611,1.00108,-0.75438,11.64522,-0.033653,0.038704,0.019492,0.019492
31054,318138,-1772,-212,11674,-85,-198,-287,-0.20152,-0.01443,0.97621,-0.05496,-0.1084,-0.04656,-0.84707,11.66253,0.9969,-0.75626,11.64409,-0.033495,0.038672,0.017996,0.017996
31055,318149,-1780,-214,11728,-87,-175,-280,-0.20201,-0.01456,0.97942,-0.07023,0.06718,0.00687,-0.85147,11.6529,1.00014,-0.75849,11.64454,-0.033318,0.038656,0.019701,0.019701
31056,318159,-1794,-234,11746,-77,-161,-282,-0.20287,-0.01578,0.98049,0.00611,0.17405,-0.0084,-0.92221,11.68847,1.00138,-0.76127,11.64672,-0.033017,0.038578,0.019321,0.019321
31057,318169,-1740,-162,11752,-85,-173,-285,-0.19956,-0.01137,0.98084,-0.05496,0.08244,-0.0313,-0.66394,11.4993,1.001,-0.75959,11.64428,-0.033197,0.038851,0.019473,0.019473
31058,318179,-1772,-194,11746,-89,-195,-286,-0.20152,-0.01333,0.98049,-0.0855,-0.0855,-0.03893,-0.77887,11.61322,1.00107,-0.76048,11.64245,-0.033163,0.038906,0.019428,0.019428
31059,318190,-1766,-180,11740,-85,-191,-290,-0.20115,-0.01247,0.98013,-0.05496,-0.05496,-0.06947,-0.72896,11.59681,1.00064,-0.76007,11.64064,-0.033222,0.038989,0.01955,0.01955
31060,318200,-1804,-242,11808,-80,-184,-278,-0.20348,-0.01627,0.98417,-0.01679,-0.00153,0.02214,-0.94732,11.68009,1.00512,-0.76283,11.64086,-0.032944,0.03893,0.015602,0.015602
31061,318210,-1762,-172,11710,-88,-187,-286,-0.20091,-0.01198,0.97835,-0.07786,-0.02443,-0.03893,-0.70155,11.60364,0.99883,-0.76208,11.63952,-0.033058,0.038997,0.019407,0.019407
31062,318221,-1784,-190,11728,-80,-168,-279,-0.20226,-0.01308,0.97942,-0.01679,0.12061,0.0145,-0.76536,11.66691,1.00017,-0.76199,11.64085,-0.033052,0.038948,0.019642,0.019642
31063,318231,-1818,-164,11722,-80,-160,-278,-0.20434,-0.01149,0.97906,-0.01679,0.18168,0.02214,-0.67233,11.78832,1.00022,-0.76007,11.64515,-0.033218,0.038676,0.019616,0.019616
31064,318241,-1734,-188,11760,-87,-168,-278,-0.19919,-0.01296,0.98132,-0.07023,0.12061,0.02214,-0.75672,11.47301,1.00141,-0.76037,11.64264,-0.033225,0.038991,0.019228,0.019228
31065,318251,-1746,-186,11676,-79,-185,-281,-0.19992,-0.01284,0.97633,-0.00916,-0.00916,-0.00076,-0.75339,11.57158,0.99667,-0.76001,11.64091,-0.033236,0.039109,0.017669,0.017669
31066,318262,-1722,-180,11734,-82,-194,-282,-0.19845,-0.01247,0.97977,-0.03206,-0.07786,-0.0084,-0.72922,11.44933,0.99975,-0.7594,11.63601,-0.033293,0.039463,0.019596,0.019596
31067,318272,-1778,-182,11694,-91,-153,-288,-0.20189,-0.01259,0.9774,-0.10076,0.23511,-0.0542,-0.73818,11.66974,0.99811,-0.75966,11.63857,-0.033332,0.039406,0.018925,0.018925
31068,318282,-1770,-218,11706,-82,-169,-283,-0.2014,-0.0148,0.97811,-0.03206,0.11298,-0.01603,-0.86698,11.63352,0.99874,-0.76171,11.63919,-0.033136,0.039417,0.019281,0.019281
31069,318293,-1798,-210,11710,-80,-205,-284,-0.20311,-0.01431,0.97835,-0.01679,-0.16183,-0.02366,-0.83803,11.72735,0.99931,-0.76304,11.63894,-0.032995,0.03925,0.019477,0.019477
31070,318303,-1768,-138,11790,-88,-200,-279,-0.20127,-0.00989,0.9831,-0.07786,-0.12366,0.0145,-0.57662,11.56991,1.00354,-0.76023,11.63613,-0.033303,0.039362,0.017409,0.017409
31071,318313,-1802,-144,11622,-88,-168,-281,-0.20336,-0.01026,0.97312,-0.07786,0.12061,-0.00076,-0.60421,11.80305,0.99419,-0.75838,11.63939,-0.033522,0.03913,0.014711,0.014711
31072,318323,-1732,-190,11716,-84,-138,-282,-0.19906,-0.01308,0.9787,-0.04733,0.34962,-0.0084,-0.76592,11.49592,0.99883,-0.75866,11.63965,-0.033508,0.039399,0.019387,0.019387
31073,318334,-1796,-216,11718,-81,-161,-284,-0.20299,-0.01468,0.97882,-0.02443,0.17405,-0.02366,-0.85917,11.71487,0.99976,-0.76054,11.64245,-0.033321,0.039262,0.019619,0.019619
31074,318344,-1784,-156,11744,-86,-221,-283,-0.20226,-0.011,0.98037,-0.0626,-0.28397,-0.01603,-0.64275,11.65621,1.00107,-0.75855,11.63955,-0.033538,0.039231,0.01939,0.01939
31075,318354,-1784,-184,11770,-81,-220,-275,-0.20226,-0.01272,0.98191,-0.02443,-0.27634,0.04504,-0.74195,11.63813,1.00261,-0.75815,11.63642,-0.033567,0.039228,0.018369,0.018369
31076,318365,-1822,-224,11706,-83,-175,-274,-0.20459,-0.01517,0.97811,-0.03969,0.06718,0.05267,-0.88853,11.81265,0.99939,-0.76076,11.64014,-0.033326,0.038902,0.019526,0.019526
31077,318375,-1804,-200,11728,-83,-146,-277,-0.20348,-0.0137,0.97942,-0.03969,0.28855,0.02977,-0.80124,11.73565,1.00043,-0.76161,11.64445,-0.033251,0.03873,0.019544,0.019544
31078,318385,-1804,-192,11722,-81,-162,-274,-0.20348,-0.01321,0.97906,-0.02443,0.16641,0.05267,-0.77282,11.73989,1.00007,-0.76174,11.64757,-0.03323,0.038555,0.019559,0.019559
31079,318395,-1786,-164,11744,-82,-202,-273,-0.20238,-0.01149,0.98037,-0.03206,-0.13893,0.06031,-0.67143,11.66302,1.0011,-0.75999,11.64613,-0.033395,0.038523,0.01931,0.01931
31080,318406,-1808,-146,11772,-80,-208,-280,-0.20373,-0.01038,0.98203,-0.01679,-0.18473,0.00687,-0.60588,11.71948,1.003,-0.75706,11.64525,-0.033657,0.038395,0.017949,0.017949
31081,318416,-1808,-172,11744,-85,-184,-283,-0.20373,-0.01198,0.98037,-0.05496,-0.00153,-0.01603,-0.7001,11.7386,1.00138,-0.75618,11.64665,-0.033761,0.038224,0.01918,0.01918
31082,318426,-1714,-202,11804,-84,-150,-282,-0.19796,-0.01382,0.98393,-0.04733,0.25802,-0.0084,-0.80471,11.37454,1.00374,-0.75714,11.64414,-0.033682,0.038671,0.017169,0.017169
31083,318437,-1790,-184,11686,-82,-163,-276,-0.20262,-0.01272,0.97692,-0.03206,0.15878,0.0374,-0.74574,11.71665,0.99779,-0.75691,11.64667,-0.033702,0.038545,0.018666,0.018666
31084,318447,-1788,-192,11756,-88,-173,-280,-0.2025,-0.01321,0.98108,-0.07786,0.08244,0.00687,-0.77123,11.6614,1.00185,-0.75762,11.64738,-0.033677,0.038519,0.018921,0.018921
31085,318457,-1798,-188,11698,-83,-191,-287,-0.20311,-0.01296,0.97763,-0.03969,-0.05496,-0.04656,-0.75957,11.73589,0.9986,-0.75771,11.64816,-0.033674,0.038356,0.019178,0.019178
31086,318467,-1784,-200,11706,-82,-195,-281,-0.20226,-0.0137,0.97811,-0.03206,-0.0855,-0.00076,-0.80231,11.68198,0.9989,-0.75856,11.6476,-0.033592,0.038292,0.019307,0.019307
31087,318478,-1762,-180,11738,-72,-172,-282,-0.20091,-0.01247,0.98001,0.04427,0.09008,-0.0084,-0.72904,11.58441,1.00047,-0.75722,11.64688,-0.033645,0.03841,0.019482,0.019482
31088,318488,-1762,-176,11708,-74,-163,-282,-0.20091,-0.01223,0.97823,0.02901,0.15878,-0.0084,-0.716,11.60498,0.99872,-0.75582,11.64725,-0.033719,0.038488,0.0192,0.0192
31089,318498,-1742,-184,11686,-77,-160,-284,-0.19968,-0.01272,0.97692,0.00611,0.18168,-0.02366,-0.74574,11.55094,0.9972,-0.75524,11.64691,-0.033736,0.038656,0.018105,0.018105
31090,318508,-1762,-170,11720,-83,-176,-288,-0.20091,-0.01186,0.97894,-0.03969,0.05954,-0.0542,-0.69394,11.59681,0.99942,-0.75411,11.64614,-0.033849,0.038749,0.019442,0.019442
31091,318519,-1784,-204,11688,-86,-204,-278,-0.20226,-0.01394,0.97704,-0.0626,-0.1542,0.02214,-0.81758,11.69437,0.99785,-0.75557,11.64515,-0.033737,0.03866,0.018648,0.018648
31092,318529,-1772,-154,11684,-86,-177,-277,-0.20152,-0.01088,0.9768,-0.0626,0.05191,0.02977,-0.6379,11.65617,0.99743,-0.7537,11.64548,-0.033942,0.038641,0.018308,0.018308
31093,318539,-1766,-160,11740,-78,-150,-277,-0.20115,-0.01124,0.98013,-0.00153,0.25802,0.02977,-0.65725,11.59698,1.00062,-0.75151,11.64669,-0.034119,0.038735,0.019425,0.019425
31094,318549,-1790,-182,11724,-77,-158,-282,-0.20262,-0.01259,0.97918,0.00611,0.19695,-0.0084,-0.73684,11.6904,1.0,-0.75083,11.64909,-0.034145,0.038657,0.019483,0.019483
31095,318560,-1738,-160,11740,-76,-187,-281,-0.19943,-0.01124,0.98013,0.01374,-0.02443,-0.00076,-0.65725,11.50057,1.00028,-0.74854,11.64559,-0.034317,0.03893,0.019453,0.019453
31096,318570,-1732,-160,11704,-79,-202,-278,-0.19906,-0.01124,0.97799,-0.00916,-0.13893,0.02214,-0.65869,11.50434,0.99811,-0.74661,11.64119,-0.034477,0.039178,0.018793,0.018793
31097,318580,-1798,-172,11792,-80,-179,-286,-0.20311,-0.01198,0.98322,-0.01679,0.03664,-0.03893,-0.69807,11.67121,1.00405,-0.74562,11.64167,-0.034554,0.03913,0.016753,0.016753
31098,318591,-1840,-178,11772,-89,-151,-286,-0.20569,-0.01235,0.98203,-0.0855,0.25038,-0.03893,-0.72039,11.82901,1.00342,-0.74568,11.64702,-0.034596,0.038823,0.017484,0.017484
31099,318601,-1786,-220,11736,-89,-151,-288,-0.20238,-0.01492,0.97989,-0.0855,0.25038,-0.0542,-0.87257,11.66799,1.00068,-0.74864,11.6495,-0.034364,0.038789,0.01942,0.01942
31100,318611,-1784,-188,11768,-86,-186,-288,-0.20226,-0.01296,0.98179,-0.0626,-0.01679,-0.0542,-0.75635,11.63946,1.00249,-0.74906,11.64877,-0.034351,0.038805,0.018374,0.018374
31101,318621,-1782,-154,11724,-83,-201,-278,-0.20213,-0.01088,0.97918,-0.03969,-0.1313,0.02214,-0.63636,11.66309,0.99988,-0.74692,11.64738,-0.034559,0.038775,0.019497,0.019497
31102,318632,-1766,-196,11724,-87,-176,-281,-0.20115,-0.01345,0.97918,-0.07023,0.05954,-0.00076,-0.78708,11.60761,0.99972,-0.74805,11.64681,-0.034486,0.038849,0.019468,0.019468
31103,318642,-1818,-236,11724,-84,-154,-280,-0.20434,-0.01591,0.97918,-0.04733,0.22748,0.00687,-0.93062,11.78621,1.0004,-0.75172,11.65137,-0.034149,0.038596,0.019437,0.019437
31104,318652,-1768,-202,11736,-80,-152,-280,-0.20127,-0.01382,0.97989,-0.01679,0.24275,0.00687,-0.80803,11.60622,1.00045,-0.75264,11.65249,-0.034045,0.038683,0.019415,0.019415
31105,318662,-1758,-206,11754,-80,-190,-281,-0.20066,-0.01407,0.98096,-0.01679,-0.04733,-0.00076,-0.82147,11.55948,1.00137,-0.75379,11.64987,-0.033921,0.038849,0.019086,0.019086
31106,318673,-1768,-202,11790,-84,-215,-287,-0.20127,-0.01382,0.9831,-0.04733,-0.23817,-0.04656,-0.80539,11.56937,1.00359,-0.75481,11.64576,-0.033836,0.038977,0.017253,0.017253
31107,318683,-1772,-200,11786,-82,-184,-282,-0.20152,-0.0137,0.98286,-0.03206,-0.00153,-0.0084,-0.79843,11.58584,1.0034,-0.75556,11.64432,-0.033764,0.039075,0.017474,0.017474
31108,318693,-1792,-216,11706,-81,-160,-291,-0.20275,-0.01468,0.97811,-0.02443,0.18168,-0.0771,-0.85979,11.70938,0.99901,-0.75748,11.64697,-0.033573,0.038959,0.019296,0.019296
31109,318704,-1744,-188,11716,-86,-162,-290,-0.1998,-0.01296,0.9787,-0.0626,0.16641,-0.06947,-0.75874,11.53732,0.99897,-0.75778,11.64611,-0.033571,0.039161,0.019271,0.019271
31110,318714,-1828,-162,11752,-85,-175,-286,-0.20496,-0.01137,0.98084,-0.05496,0.06718,-0.03893,-0.66394,11.80187,1.00209,-0.75624,11.64929,-0.033738,0.038886,0.018657,0.018657
31111,318724,-1784,-174,11806,-81,-196,-286,-0.20226,-0.0121,0.98405,-0.02443,-0.09313,-0.03893,-0.70463,11.61362,1.00469,-0.75533,11.64742,-0.033816,0.038939,0.016,0.016
31112,318735,-1810,-254,11786,-82,-181,-280,-0.20385,-0.01701,0.98286,-0.03206,0.02137,0.00687,-0.99148,11.71563,1.00392,-0.75931,11.64841,-0.033436,0.038829,0.016949,0.016949
31113,318745,-1808,-232,11746,-77,-167,-278,-0.20373,-0.01566,0.98049,0.00611,0.12824,0.02214,-0.91505,11.73662,1.00155,-0.7619,11.65097,-0.033154,0.038671,0.019091,0.019091
31114,318755,-1742,-184,11798,-80,-164,-277,-0.19968,-0.01272,0.98358,-0.01679,0.15115,0.02977,-0.74069,11.47488,1.00372,-0.76137,11.64904,-0.033188,0.03896,0.017198,0.017198
31115,318765,-1784,-188,11734,-88,-171,-277,-0.20226,-0.01296,0.97977,-0.07786,0.09771,0.02977,-0.75791,11.6628,1.00052,-0.76174,11.64989,-0.033195,0.038935,0.019509,0.019509
31116,318776,-1818,-258,11718,-85,-183,-279,-0.20434,-0.01726,0.97882,-0.05496,0.00611,0.0145,-1.00993,11.79011,1.00007,-0.76681,11.65231,-0.032736,0.038675,0.019541,0.019541
31117,318786,-1810,-226,11722,-83,-179,-282,-0.20385,-0.01529,0.97906,-0.03969,0.03664,-0.0084,-0.89485,11.76019,1.00017,-0.76937,11.65439,-0.032499,0.038475,0.019518,0.019518
31118,318796,-1820,-184,11790,-88,-179,-287,-0.20446,-0.01272,0.9831,-0.07786,0.03664,-0.04656,-0.74105,11.74791,1.00422,-0.76935,11.65593,-0.032544,0.038328,0.016608,0.016608
31119,318806,-1766,-178,11734,-87,-176,-279,-0.20115,-0.01235,0.97977,-0.07023,0.05954,0.0145,-0.72205,11.60093,1.00029,-0.76879,11.65506,-0.032633,0.03843,0.01953,0.01953
31120,318817,-1748,-194,11768,-77,-175,-284,-0.20005,-0.01333,0.98179,0.00611,0.06718,-0.02366,-0.77783,11.51569,1.00206,-0.76858,11.65273,-0.032616,0.038678,0.018751,0.018751
31121,318827,-1784,-196,11720,-75,-183,-289,-0.20226,-0.01345,0.97894,0.02137,0.00611,-0.06183,-0.78727,11.67236,0.99971,-0.76842,11.65279,-0.03258,0.038641,0.019508,0.019508
31122,318837,-1784,-164,11716,-82,-190,-284,-0.20226,-0.01149,0.9787,-0.03206,-0.04733,-0.02366,-0.67257,11.67541,0.99945,-0.76655,11.65239,-0.032757,0.038598,0.01945,0.01945
31123,318847,-1776,-150,11772,-94,-191,-280,-0.20176,-0.01063,0.98203,-0.12366,-0.05496,0.00687,-0.62019,11.60957,1.0026,-0.76477,11.65069,-0.033012,0.038671,0.01828,0.01828
31124,318858,-1742,-228,11744,-90,-173,-283,-0.19968,-0.01541,0.98037,-0.09313,0.08244,-0.01603,-0.90082,11.51098,1.00061,-0.768,11.6484,-0.032763,0.038929,0.019427,0.019427
31125,318868,-1774,-206,11716,-84,-147,-275,-0.20164,-0.01407,0.9787,-0.04733,0.28092,0.04504,-0.82337,11.64057,0.99936,-0.76922,11.65062,-0.032661,0.038948,0.019406,0.019406
31126,318878,-1810,-196,11712,-85,-163,-281,-0.20385,-0.01345,0.97847,-0.05496,0.15878,-0.00076,-0.78766,11.76744,0.99957,-0.76979,11.65407,-0.032628,0.038735,0.019434,0.019434
31127,318888,-1736,-198,11758,-85,-203,-280,-0.19931,-0.01357,0.9812,-0.05496,-0.14656,0.00687,-0.79262,11.48115,1.00133,-0.77045,11.64894,-0.032587,0.039045,0.019123,0.019123
31128,318899,-1754,-154,11692,-85,-211,-281,-0.20041,-0.01088,0.97728,-0.05496,-0.20763,-0.00076,-0.63759,11.58853,0.99768,-0.76822,11.64541,-0.03282,0.039146,0.018468,0.018468
31129,318909,-1774,-174,11756,-73,-182,-281,-0.20164,-0.0121,0.98108,0.03664,0.01374,-0.00076,-0.70676,11.61344,1.00166,-0.76637,11.64455,-0.032929,0.039203,0.018938,0.018938
31130,318919,-1828,-234,11732,-78,-145,-281,-0.20496,-0.01578,0.97965,-0.00153,0.29618,-0.00076,-0.923,11.81506,1.00099,-0.76908,11.65036,-0.032642,0.038897,0.019261,0.019261
31131,318930,-1762,-188,11744,-78,-159,-284,-0.20091,-0.01296,0.98037,-0.00153,0.18931,-0.02366,-0.75745,11.58024,1.00083,-0.76855,11.65048,-0.032663,0.039028,0.019306,0.019306
31132,318940,-1744,-208,11726,-79,-181,-275,-0.1998,-0.01419,0.9793,-0.00916,0.02137,0.04504,-0.83004,11.53032,0.99957,-0.76951,11.64798,-0.032549,0.039248,0.019389,0.019389
31133,318950,-1780,-156,11706,-86,-196,-276,-0.20201,-0.011,0.97811,-0.0626,-0.09313,0.0374,-0.64424,11.66858,0.99881,-0.76741,11.64707,-0.032777,0.039208,0.019146,0.019146
31134,318960,-1806,-190,11796,-87,-190,-287,-0.20361,-0.01308,0.98346,-0.07023,-0.04733,-0.04656,-0.76222,11.69573,1.0044,-0.76769,11.64701,-0.032786,0.039132,0.016309,0.016309
31135,318971,-1812,-174,11700,-79,-169,-284,-0.20397,-0.0121,0.97775,-0.00916,0.11298,-0.02366,-0.70916,11.78288,0.99888,-0.76633,11.65035,-0.032892,0.038886,0.01921,0.01921
31136,318981,-1768,-190,11718,-83,-160,-284,-0.20127,-0.01308,0.97882,-0.03969,0.18168,-0.02366,-0.76583,11.61867,0.99939,-0.76639,11.65114,-0.032893,0.038947,0.019367,0.019367
31137,318991,-1808,-192,11776,-81,-167,-281,-0.20373,-0.01321,0.98227,-0.02443,0.12824,-0.00076,-0.7703,11.71633,1.00326,-0.76638,11.65316,-0.032886,0.038839,0.017591,0.017591
31138,319002,-1740,-166,11756,-81,-205,-275,-0.19956,-0.01161,0.98108,-0.02443,-0.16183,0.04504,-0.6781,11.49656,1.00124,-0.7646,11.64819,-0.033047,0.03912,0.019159,0.019159
31139,319012,-1820,-168,11790,-78,-187,-282,-0.20446,-0.01173,0.9831,-0.00153,-0.02443,-0.0084,-0.68386,11.74805,1.00421,-0.76296,11.64922,-0.033173,0.038962,0.016563,0.016563
31140,319022,-1766,-188,11774,-91,-161,-282,-0.20115,-0.01296,0.98215,-0.10076,0.17405,-0.0084,-0.75608,11.57353,1.00262,-0.76349,11.64916,-0.033186,0.039096,0.018249,0.018249
31141,319032,-1796,-196,11746,-85,-174,-289,-0.20299,-0.01345,0.98049,-0.05496,0.07481,-0.06183,-0.78603,11.69574,1.00137,-0.76414,11.6504,-0.033146,0.039012,0.019134,0.019134
31142,319043,-1776,-178,11680,-82,-183,-288,-0.20176,-0.01235,0.97656,-0.03206,0.00611,-0.0542,-0.72442,11.67254,0.99727,-0.76341,11.65048,-0.033214,0.038973,0.018147,0.018147
31143,319053,-1804,-198,11838,-81,-194,-286,-0.20348,-0.01357,0.98595,-0.02443,-0.07786,-0.03893,-0.7888,11.66003,1.00682,-0.76366,11.64946,-0.033182,0.038959,0.013379,0.013379
31144,319063,-1750,-208,11754,-83,-185,-285,-0.20017,-0.01419,0.98096,-0.03969,-0.00916,-0.0313,-0.82864,11.53194,1.00128,-0.76498,11.64672,-0.033063,0.039173,0.019279,0.019279
31145,319074,-1770,-208,11782,-82,-179,-276,-0.2014,-0.01419,0.98263,-0.03206,0.03664,0.0374,-0.82723,11.58162,1.00315,-0.76608,11.64553,-0.032958,0.039284,0.017836,0.017836
31146,319084,-1830,-212,11694,-80,-172,-280,-0.20508,-0.01443,0.9774,-0.01679,0.09008,0.00687,-0.84604,11.84871,0.99878,-0.76746,11.64995,-0.032811,0.038912,0.019308,0.019308
31147,319094,-1788,-206,11752,-90,-161,-290,-0.2025,-0.01407,0.98084,-0.09313,0.17405,-0.06947,-0.82157,11.66401,1.00163,-0.76909,11.65155,-0.032714,0.038889,0.019078,0.019078
31148,319104,-1864,-210,11740,-89,-181,-276,-0.20717,-0.01431,0.98013,-0.0855,0.02137,0.0374,-0.83651,11.93342,1.00189,-0.77088,11.6567,-0.032594,0.038384,0.018904,0.018904
31149,319115,-1774,-184,11786,-85,-188,-279,-0.20164,-0.01272,0.98286,-0.05496,-0.03206,0.0145,-0.74123,11.59286,1.00342,-0.77058,11.65489,-0.032644,0.038489,0.017551,0.017551
31150,319125,-1776,-168,11746,-84,-181,-279,-0.20176,-0.01173,0.98049,-0.04733,0.02137,0.0145,-0.68568,11.62722,1.0011,-0.76908,11.65419,-0.0328,0.038539,0.019348,0.019348
31151,319135,-1796,-190,11744,-82,-175,-282,-0.20299,-0.01308,0.98037,-0.03206,0.06718,-0.0084,-0.76462,11.69718,1.00125,-0.76899,11.6553,-0.032808,0.038461,0.019268,0.019268
31152,319146,-1782,-160,11654,-86,-168,-281,-0.20213,-0.01124,0.97502,-0.0626,0.12061,-0.00076,-0.66069,11.71142,0.99582,-0.76747,11.65704,-0.03298,0.038374,0.016685,0.016685
31153,319156,-1772,-200,11786,-81,-176,-280,-0.20152,-0.0137,0.98286,-0.02443,0.05954,0.00687,-0.79843,11.58584,1.0034,-0.76793,11.656,-0.032928,0.038493,0.017589,0.017589
31154,319166,-1742,-206,11686,-86,-190,-279,-0.19968,-0.01407,0.97692,-0.0626,-0.04733,0.0145,-0.82487,11.55072,0.99722,-0.76926,11.65324,-0.03283,0.038673,0.018223,0.018223
31155,319176,-1778,-206,11746,-85,-186,-283,-0.20189,-0.01407,0.98049,-0.05496,-0.01679,-0.01603,-0.82187,11.63374,1.00115,-0.7705,11.65232,-0.032734,0.038708,0.019358,0.019358
31156,319187,-1804,-186,11762,-81,-171,-277,-0.20348,-0.01284,0.98144,-0.02443,0.09771,0.02977,-0.74947,11.7123,1.00239,-0.77003,11.65401,-0.032771,0.038604,0.018555,0.018555
31157,319197,-1808,-222,11710,-77,-167,-277,-0.20373,-0.01505,0.97835,0.00611,0.12824,0.02977,-0.88113,11.76167,0.99945,-0.77182,11.65699,-0.032564,0.038406,0.019537,0.019537
31158,319207,-1822,-196,11746,-83,-179,-280,-0.20459,-0.01345,0.98049,-0.03969,0.03664,0.00687,-0.78603,11.78511,1.00169,-0.77216,11.65941,-0.032539,0.038175,0.019041,0.019041
31159,319217,-1782,-152,11760,-86,-174,-281,-0.20213,-0.01075,0.98132,-0.0626,0.07481,-0.00076,-0.62781,11.63838,1.00198,-0.76973,11.65938,-0.032797,0.038213,0.018845,0.018845
31160,319228,-1792,-186,11738,-90,-196,-287,-0.20275,-0.01284,0.98001,-0.09313,-0.09313,-0.04656,-0.75056,11.6876,1.00085,-0.76995,11.65864,-0.032834,0.038158,0.019426,0.019426
31161,319238,-1746,-188,11738,-82,-179,-281,-0.19992,-0.01296,0.98001,-0.03206,0.03664,-0.00076,-0.75773,11.52924,1.00028,-0.7697,11.65609,-0.032856,0.038398,0.019532,0.019532
31162,319248,-1760,-192,11724,-83,-159,-280,-0.20078,-0.01321,0.97918,-0.03969,0.18931,0.00687,-0.77273,11.58698,0.99964,-0.76983,11.65623,-0.032851,0.038529,0.019504,0.019504
31163,319258,-1776,-168,11684,-88,-176,-284,-0.20176,-0.01173,0.9768,-0.07786,0.05954,-0.02366,-0.68827,11.66986,0.99749,-0.76877,11.65668,-0.032994,0.038505,0.018378,0.018378
31164,319269,-1796,-210,11816,-83,-184,-286,-0.20299,-0.01431,0.98465,-0.03969,-0.00153,-0.03893,-0.83267,11.64756,1.00545,-0.7698,11.65615,-0.032902,0.038518,0.015109,0.015109
31165,319279,-1764,-178,11740,-78,-183,-279,-0.20103,-0.01235,0.98013,-0.00153,0.00611,0.0145,-0.72179,11.58994,1.00061,-0.76856,11.65454,-0.032991,0.03864,0.019513,0.019513
31166,319289,-1790,-158,11782,-89,-172,-281,-0.20262,-0.01112,0.98263,-0.0855,0.09008,-0.00076,-0.64843,11.65073,1.00336,-0.76696,11.65498,-0.033192,0.038647,0.017615,0.017615
31167,319300,-1772,-198,11762,-88,-172,-282,-0.20152,-0.01357,0.98144,-0.07786,0.09008,-0.0084,-0.79243,11.60224,1.002,-0.76788,11.65449,-0.033147,0.038742,0.018842,0.018842
31168,319310,-1766,-160,11754,-85,-192,-284,-0.20115,-0.01124,0.98096,-0.05496,-0.0626,-0.02366,-0.65669,11.58741,1.00144,-0.76596,11.65221,-0.03335,0.038862,0.019191,0.019191
31169,319320,-1784,-182,11726,-83,-178,-283,-0.20226,-0.01259,0.9793,-0.03969,0.04427,-0.01603,-0.73675,11.66836,1.00005,-0.76545,11.65258,-0.033404,0.038832,0.019567,0.019567
31170,319330,-1774,-182,11762,-86,-164,-283,-0.20164,-0.01259,0.98144,-0.0626,0.15115,-0.01603,-0.73515,11.60926,1.00202,-0.76517,11.65286,-0.033459,0.038911,0.018798,0.018798
31171,319341,-1766,-200,11752,-93,-173,-279,-0.20115,-0.0137,0.98084,-0.11603,0.08244,0.0145,-0.80008,11.58842,1.00135,-0.76665,11.65205,-0.033397,0.03903,0.019201,0.019201
31172,319351,-1762,-180,11766,-84,-197,-282,-0.20091,-0.01247,0.98168,-0.04733,-0.10076,-0.0084,-0.72781,11.56531,1.0021,-0.76605,11.64906,-0.033466,0.039181,0.018723,0.018723
31173,319361,-1810,-228,11718,-87,-194,-280,-0.20385,-0.01541,0.97882,-0.07023,-0.07786,0.00687,-0.90224,11.76294,0.99994,-0.76908,11.65013,-0.033215,0.038968,0.01953,0.01953
31174,319372,-1778,-182,11714,-85,-177,-278,-0.20189,-0.01259,0.97859,-0.05496,0.05191,0.02214,-0.73729,11.65596,0.99927,-0.76867,11.65037,-0.033274,0.038958,0.019412,0.019412
31175,319382,-1816,-164,11710,-82,-151,-278,-0.20422,-0.01149,0.97835,-0.03206,0.25038,0.02214,-0.67282,11.78979,0.9995,-0.7668,11.65516,-0.03345,0.038704,0.01945,0.01945
31176,319392,-1742,-202,11716,-87,-172,-287,-0.19968,-0.01382,0.9787,-0.07023,0.09008,-0.04656,-0.80901,11.53029,0.99896,-0.76797,11.65326,-0.033374,0.038934,0.019278,0.019278
31177,319402,-1744,-188,11750,-89,-185,-286,-0.1998,-0.01296,0.98072,-0.0855,-0.00916,-0.03893,-0.75718,11.5142,1.00095,-0.76827,11.6501,-0.033394,0.039187,0.019298,0.019298
31178,319413,-1828,-224,11688,-87,-190,-283,-0.20496,-0.01517,0.97704,-0.07023,-0.04733,-0.01603,-0.8895,11.84589,0.99842,-0.77094,11.65297,-0.033177,0.038833,0.018994,0.018994
31179,319423,-1800,-178,11712,-78,-169,-276,-0.20324,-0.01235,0.97847,-0.00153,0.11298,0.0374,-0.72301,11.73317,0.99943,-0.7697,11.65525,-0.033264,0.038687,0.01939,0.01939
31180,319433,-1802,-188,11726,-83,-167,-284,-0.20336,-0.01296,0.9793,-0.03969,0.12824,-0.02366,-0.75828,11.73027,1.00027,-0.76954,11.65759,-0.033285,0.03855,0.019424,0.019424
31181,319444,-1714,-144,11720,-83,-175,-280,-0.19796,-0.01026,0.97894,-0.03969,0.06718,0.00687,-0.60061,11.43149,0.99881,-0.76636,11.65354,-0.033592,0.038962,0.019158,0.019158
31182,319454,-1806,-162,11776,-79,-184,-285,-0.20361,-0.01137,0.98227,-0.00916,-0.00153,-0.0313,-0.66297,11.70973,1.00321,-0.7643,11.65413,-0.033765,0.038867,0.017631,0.017631
31183,319464,-1738,-238,11722,-81,-186,-280,-0.19943,-0.01603,0.97906,-0.02443,-0.01679,0.00687,-0.93791,11.51203,0.99929,-0.76757,11.65084,-0.033446,0.039127,0.019342,0.019342
31184,319474,-1832,-200,11788,-83,-156,-280,-0.2052,-0.0137,0.98298,-0.03969,0.21221,0.00687,-0.79834,11.79027,1.00427,-0.76814,11.65484,-0.033398,0.038911,0.016483,0.016483
31185,319485,-1780,-192,11718,-83,-168,-279,-0.20201,-0.01321,0.97882,-0.03969,0.12061,0.0145,-0.77301,11.66,0.99954,-0.76829,11.65574,-0.033389,0.038903,0.019426,0.019426
31186,319495,-1764,-176,11722,-79,-184,-290,-0.20103,-0.01223,0.97906,-0.00916,-0.00153,-0.06947,-0.7154,11.60228,0.99956,-0.76703,11.6543,-0.033486,0.039001,0.019416,0.019416
31187,319505,-1792,-190,11696,-76,-198,-284,-0.20275,-0.01308,0.97752,0.01374,-0.1084,-0.02366,-0.76685,11.71657,0.99841,-0.76656,11.65404,-0.033486,0.038886,0.018966,0.018966
31188,319516,-1718,-298,11692,-86,-169,-284,-0.19821,-0.01971,0.97728,-0.0626,0.11298,-0.02366,-1.15533,11.46261,0.99737,-0.77392,11.65128,-0.032815,0.039218,0.018198,0.018198
31189,319526,-1660,12,11780,-80,-415,-278,-0.19465,-0.00069,0.98251,-0.01679,-1.76489,0.02214,-0.04042,11.20588,1.0016,-0.75985,11.62514,-0.034134,0.039987,0.018965,0.018965
31190,319536,-1850,-302,11822,-98,-546,-292,-0.20631,-0.01995,0.985,-0.1542,-2.76489,-0.08473,-1.16054,11.82708,1.00657,-0.76651,11.60023,-0.033617,0.039689,0.013653,0.013653
31191,319546,-1880,-412,11730,-100,8,-288,-0.20815,-0.0267,0.97954,-0.16947,1.46412,-0.0542,-1.56146,11.99232,1.00176,-0.78291,11.62163,-0.032191,0.03901,0.018956,0.018956
31192,319557,-1796,-246,11570,-81,474,-274,-0.20299,-0.01652,0.97003,-0.02443,5.02137,0.05267,-0.97562,11.81772,0.99118,-0.78497,11.67308,-0.031988,0.038856,0.011076,0.011076
31193,319567,-1760,-26,11514,-62,44,-269,-0.20078,-0.00302,0.9667,0.12061,1.73893,0.09084,-0.17924,11.7334,0.98734,-0.77882,11.69041,-0.032426,0.038825,0.007648,0.007648
31194,319577,-1656,70,11836,-77,-893,-289,-0.1944,0.00286,0.98583,0.00611,-5.41374,-0.06183,0.16649,11.15523,1.00482,-0.76314,11.6281,-0.033877,0.039562,0.01619,0.01619
31195,319587,-1626,-150,11980,-84,-868,-303,-0.19256,-0.01063,0.99439,-0.04733,-5.2229,-0.1687,-0.61249,10.95885,1.01292,-0.76213,11.57082,-0.033985,0.040004,0.007558,0.007558
31196,319597,-1898,-526,11874,-74,82,-289,-0.20925,-0.03369,0.98809,0.02901,2.02901,-0.06183,-1.95306,11.95031,1.01057,-0.77296,11.59416,-0.032899,0.039677,0.009612,0.009612
31197,319607,-1958,-480,11648,-72,769,-264,-0.21293,-0.03087,0.97466,0.04427,7.27328,0.12901,-1.81425,12.31772,0.99813,-0.79264,11.67928,-0.03096,0.038465,0.019627,0.019627
31198,319618,-1834,-86,11546,-79,235,-254,-0.20532,-0.0067,0.9686,-0.00916,3.19695,0.20534,-0.39659,11.96809,0.99015,-0.78831,11.71354,-0.03135,0.038211,0.010389,0.010389
31199,319628,-1638,110,11692,-75,-818,-278,-0.1933,0.00532,0.97728,0.02137,-4.84122,0.02214,0.31179,11.188,0.99622,-0.76808,11.6562,-0.033217,0.039021,0.017917,0.017917
31200,319638,-1684,-18,11900,-75,-1079,-302,-0.19612,-0.00253,0.98964,0.02137,-6.83359,-0.16107,-0.14667,11.2092,1.00889,-0.76039,11.58312,-0.033895,0.039434,0.011512,0.011512
31201,319648,-1782,-356,11940,-86,-243,-311,-0.20213,-0.02327,0.99201,-0.0626,-0.45191,-0.22977,-1.34356,11.51386,1.01267,-0.76533,11.57769,-0.033454,0.039483,0.00799,0.00799
31202,319658,-1926,-440,11698,-82,666,-276,-0.21097,-0.02842,0.97763,-0.03206,6.48702,0.0374,-1.66508,12.17249,1.00054,-0.78393,11.65314,-0.03169,0.038443,0.020682,0.020682
31203,319669,-1890,-242,11472,-81,555,-254,-0.20876,-0.01627,0.96421,-0.02443,5.63969,0.20534,-0.96694,12.21488,0.98668,-0.78524,11.71297,-0.031558,0.038081,0.007554,0.007554
31204,319679,-1762,36,11702,-73,-463,-270,-0.20091,0.00078,0.97787,0.03664,-2.1313,0.08321,0.04564,11.60997,0.9983,-0.76769,11.68962,-0.033156,0.038237,0.020308,0.020308
31205,319689,-1662,46,11882,-81,-1100,-298,-0.19477,0.00139,0.98857,-0.02443,-6.99389,-0.13053,0.0807,11.14574,1.00757,-0.75629,11.61299,-0.034229,0.038836,0.013338,0.013338
31206,319699,-1700,-174,11886,-88,-650,-296,-0.1971,-0.0121,0.98881,-0.07786,-3.55878,-0.11527,-0.70124,11.27233,1.00833,-0.75604,11.57322,-0.034294,0.039196,0.012452,0.012452
31207,319709,-1860,-302,11786,-74,346,-282,-0.20692,-0.01995,0.98286,0.02901,4.04427,-0.0084,-1.16306,11.88633,1.00461,-0.7625,11.61802,-0.033622,0.038745,0.017401,0.017401
31208,319720,-1860,-304,11542,-71,695,-265,-0.20692,-0.02008,0.96837,0.05191,6.7084,0.12137,-1.18772,12.05902,0.99043,-0.76636,11.68886,-0.033175,0.038352,0.01108,0.01108
31209,319730,-1962,-134,11562,-59,112,-271,-0.21318,-0.00965,0.96955,0.14351,2.25802,0.07557,-0.57018,12.3999,0.99276,-0.76188,11.72069,-0.033432,0.03744,0.013976,0.013976
31210,319740,-1690,-82,11812,-101,-1108,-291,-0.19649,-0.00646,0.98441,-0.1771,-7.05496,-0.0771,-0.37594,11.28763,1.00385,-0.75614,11.64305,-0.034112,0.038076,0.018532,0.018532
31211,319750,-1668,-162,11908,-85,-892,-288,-0.19514,-0.01137,0.99011,-0.05496,-5.40611,-0.0542,-0.65772,11.14859,1.00922,-0.75521,11.58352,-0.03422,0.038558,0.011563,0.011563
31212,319761,-1832,-262,11870,-76,69,-272,-0.2052,-0.0175,0.98785,0.01374,1.92977,0.06794,-1.01493,11.73305,1.00909,-0.75779,11.60397,-0.03393,0.038412,0.011776,0.011776
31213,319771,-1754,-186,11604,-89,616,-262,-0.20041,-0.01284,0.97205,-0.0855,6.10534,0.14427,-0.75671,11.64888,0.99258,-0.75828,11.66442,-0.033932,0.038433,0.013918,0.013918
31214,319781,-1864,-112,11542,-72,404,-266,-0.20717,-0.0083,0.96837,0.04427,4.48702,0.11374,-0.49104,12.07499,0.99031,-0.75452,11.71301,-0.034215,0.038045,0.011201,0.011201
31215,319791,-1802,-160,11706,-84,-704,-287,-0.20336,-0.01124,0.97811,-0.04733,-3.97099,-0.04656,-0.65861,11.74438,0.99909,-0.75259,11.67445,-0.03441,0.0379,0.021438,0.021438
31216,319801,-1698,-216,11898,-102,-1112,-296,-0.19698,-0.01468,0.98952,-0.18473,-7.0855,-0.11527,-0.84988,11.2572,1.00904,-0.75524,11.59908,-0.034301,0.038291,0.011956,0.011956
31217,319812,-1752,-276,11936,-82,-251,-280,-0.20029,-0.01836,0.99178,-0.03206,-0.51298,0.00687,-1.06051,11.41558,1.01197,-0.75797,11.59197,-0.034041,0.038443,0.009007,0.009007
31218,319822,-1776,-96,11528,-78,400,-262,-0.20176,-0.00732,0.96753,-0.00153,4.45649,0.14427,-0.43335,11.77905,0.98837,-0.7546,11.63749,-0.034329,0.038316,0.009384,0.009384
31219,319832,-1774,-116,11674,-74,-363,-279,-0.20164,-0.00854,0.97621,0.02901,-1.36794,0.0145,-0.5015,11.67025,0.99685,-0.74891,11.62436,-0.034808,0.038227,0.020013,0.020013
31220,319843,-1804,-192,11914,-82,-891,-288,-0.20348,-0.01321,0.99047,-0.03206,-5.39847,-0.0542,-0.76392,11.60838,1.01124,-0.74903,11.57037,-0.034794,0.038192,0.009786,0.009786
31221,319853,-1780,-266,11860,-83,-504,-287,-0.20201,-0.01775,0.98726,-0.03969,-2.44427,-0.04656,-1.02977,11.56225,1.00787,-0.75293,11.54577,-0.034429,0.03817,0.013717,0.013717
31222,319863,-1732,-230,11742,-79,313,-269,-0.19906,-0.01554,0.98025,-0.00916,3.79237,0.09084,-0.9081,11.47788,1.00038,-0.75611,11.58099,-0.034105,0.03839,0.022064,0.022064
31223,319873,-1806,-182,11638,-80,403,-264,-0.20361,-0.01259,0.97407,-0.01679,4.47939,0.12901,-0.74071,11.80536,0.9952,-0.75566,11.62863,-0.03413,0.038085,0.017937,0.017937
31224,319884,-1762,-98,11606,-82,-210,-279,-0.20091,-0.00744,0.97217,-0.03206,-0.2,0.0145,-0.43851,11.6759,0.99274,-0.75105,11.62697,-0.034565,0.038017,0.014482,0.014482
31225,319894,-1746,-136,11778,-82,-711,-291,-0.19992,-0.00977,0.98239,-0.03206,-4.02443,-0.0771,-0.56989,11.50252,1.00257,-0.74728,11.58461,-0.034919,0.038181,0.020662,0.020662
31226,319904,-1788,-212,11902,-83,-538,-290,-0.2025,-0.01443,0.98976,-0.03969,-2.70382,-0.06947,-0.83548,11.56178,1.01036,-0.74827,11.55724,-0.03483,0.038176,0.010688,0.010688
31227,319914,-1820,-238,11820,-79,75,-275,-0.20446,-0.01603,0.98488,-0.00916,1.97557,0.04504,-0.93237,11.72668,1.00601,-0.75102,11.57906,-0.034546,0.037945,0.016288,0.016288
31228,319925,-1820,-202,11622,-83,353,-264,-0.20446,-0.01382,0.97312,-0.03969,4.09771,0.12901,-0.81365,11.86482,0.99446,-0.75213,11.62381,-0.034446,0.037551,0.016965,0.016965
31229,319935,-1846,-132,11702,-80,-67,-277,-0.20606,-0.00953,0.97787,-0.01679,0.8916,0.02977,-0.55814,11.89892,0.99939,-0.7477,11.63821,-0.034848,0.036997,0.021966,0.021966
31230,319945,-1760,-148,11758,-84,-588,-297,-0.20078,-0.01051,0.9812,-0.04733,-3.0855,-0.1229,-0.61356,11.56414,1.00159,-0.74495,11.60607,-0.03512,0.037084,0.021403,0.021403
31231,319955,-1794,-194,11846,-84,-544,-297,-0.20287,-0.01333,0.98643,-0.04733,-2.74962,-0.1229,-0.77417,11.62041,1.00716,-0.74549,11.57881,-0.03508,0.037026,0.014537,0.014537
31232,319966,-1792,-260,11834,-82,-96,-285,-0.20275,-0.01738,0.98572,-0.03206,0.67023,-0.0313,-1.01,11.62102,1.0065,-0.74956,11.5857,-0.034693,0.036973,0.015481,0.015481
31233,319976,-1830,-214,11628,-81,238,-271,-0.20508,-0.01456,0.97348,-0.02443,3.21985,0.07557,-0.85667,11.89506,0.99495,-0.75133,11.62239,-0.034515,0.036513,0.017532,0.017532
31234,319986,-1840,-160,11650,-89,45,-273,-0.20569,-0.01124,0.97478,-0.0855,1.74656,0.06031,-0.66086,11.91462,0.99631,-0.75009,11.64481,-0.034681,0.03601,0.019319,0.019319
31235,319996,-1774,-166,11718,-88,-383,-282,-0.20164,-0.01161,0.97882,-0.07786,-1.52061,-0.0084,-0.67967,11.63956,0.99944,-0.74898,11.62947,-0.034827,0.035989,0.02177,0.02177
31236,320007,-1784,-182,11806,-89,-540,-286,-0.20226,-0.01259,0.98405,-0.0855,-2.71908,-0.03893,-0.73319,11.61354,1.0047,-0.74919,11.60213,-0.034855,0.03597,0.017867,0.017867
31237,320017,-1778,-220,11858,-79,-254,-286,-0.20189,-0.01492,0.98714,-0.00916,-0.53588,-0.03893,-0.86616,11.5573,1.00769,-0.75055,11.59587,-0.034702,0.03602,0.013759,0.013759
31238,320027,-1784,-208,11740,-77,86,-274,-0.20226,-0.01419,0.98013,0.00611,2.05954,0.05267,-0.82934,11.65848,1.00088,-0.75185,11.61702,-0.03454,0.035934,0.021611,0.021611
31239,320037,-1828,-188,11648,-75,63,-274,-0.20496,-0.01296,0.97466,0.02137,1.88397,0.05267,-0.76189,11.87433,0.99606,-0.75149,11.64,-0.034521,0.035509,0.018821,0.018821
31240,320047,-1772,-212,11736,-79,-225,-279,-0.20152,-0.01443,0.97989,-0.00916,-0.3145,0.0145,-0.84388,11.61989,1.0005,-0.75324,11.63614,-0.034332,0.035543,0.02158,0.02158
31241,320058,-1778,-154,11724,-77,-420,-282,-0.20189,-0.01088,0.97918,0.00611,-1.80305,-0.0084,-0.63636,11.64932,0.99983,-0.75032,11.61843,-0.034569,0.035478,0.021529,0.021529
31242,320068,-1784,-198,11838,-82,-342,-275,-0.20226,-0.01357,0.98595,-0.03206,-1.20763,0.04504,-0.7888,11.59161,1.00658,-0.75088,11.60578,-0.034515,0.035499,0.015065,0.015065
31243,320078,-1756,-142,11696,-79,-77,-276,-0.20054,-0.01014,0.97752,-0.00916,0.81527,0.0374,-0.5943,11.59278,0.99793,-0.7474,11.61315,-0.034819,0.035539,0.020614,0.020614
31244,320089,-1792,-208,11722,-76,8,-274,-0.20275,-0.01419,0.97906,0.01374,1.46412,0.05267,-0.83025,11.69841,0.99993,-0.7487,11.62896,-0.034651,0.035396,0.021407,0.021407
31245,320099,-1834,-202,11688,-82,-295,-289,-0.20532,-0.01382,0.97704,-0.03206,-0.84885,-0.06183,-0.81038,11.86681,0.99848,-0.74996,11.62526,-0.034529,0.03491,0.020844,0.020844
31246,320109,-1776,-158,11792,-83,-355,-276,-0.20176,-0.01112,0.98322,-0.03969,-1.30687,0.0374,-0.64804,11.59586,1.00377,-0.74811,11.61154,-0.034709,0.034938,0.018647,0.018647
31247,320119,-1786,-120,11764,-81,-204,-277,-0.20238,-0.00879,0.98156,-0.02443,-0.1542,0.02977,-0.51309,11.64961,1.00224,-0.74326,11.61046,-0.035158,0.034862,0.020218,0.020218
31248,320129,-1744,-166,11756,-80,-55,-278,-0.1998,-0.01161,0.98108,-0.01679,0.98321,0.02214,-0.6781,11.51032,1.00129,-0.74172,11.61766,-0.035286,0.035077,0.020813,0.020813
31249,320140,-1786,-182,11702,-78,-39,-279,-0.20238,-0.01259,0.97787,-0.00153,1.10534,0.0145,-0.73783,11.6918,0.99867,-0.74131,11.62968,-0.035293,0.034953,0.02072,0.02072
31250,320150,-1836,-204,11714,-88,-187,-284,-0.20545,-0.01394,0.97859,-0.07786,-0.02443,-0.02366,-0.81629,11.85547,1.00002,-0.7433,11.63384,-0.035145,0.034503,0.021007,0.021007
31251,320160,-1784,-176,11672,-90,-300,-281,-0.20226,-0.01223,0.97609,-0.09313,-0.88702,-0.00076,-0.71757,11.70571,0.9969,-0.74338,11.62617,-0.035192,0.034357,0.019132,0.019132
31252,320171,-1834,-150,11792,-89,-270,-281,-0.20532,-0.01063,0.98322,-0.0855,-0.65802,-0.00076,-0.61944,11.79479,1.00449,-0.74171,11.62232,-0.035398,0.034067,0.017459,0.017459
31253,320181,-1766,-182,11720,-85,-140,-276,-0.20115,-0.01259,0.97894,-0.05496,0.33435,0.0374,-0.73702,11.61049,0.99947,-0.7418,11.62501,-0.035407,0.034096,0.020843,0.020843
31254,320191,-1814,-210,11728,-80,-70,-275,-0.2041,-0.01431,0.97942,-0.01679,0.8687,0.04504,-0.83712,11.76996,1.00056,-0.7436,11.63619,-0.03522,0.033828,0.020767,0.020767
31255,320201,-1802,-200,11754,-78,-132,-279,-0.20336,-0.0137,0.98096,-0.00153,0.39542,0.0145,-0.79998,11.71081,1.00191,-0.7444,11.64123,-0.035112,0.033694,0.020047,0.020047
31256,320212,-1770,-178,11742,-81,-217,-280,-0.2014,-0.01235,0.98025,-0.02443,-0.25344,0.00687,-0.7217,11.60923,1.0008,-0.74383,11.63776,-0.035156,0.03375,0.020586,0.020586
31257,320222,-1748,-184,11762,-79,-253,-277,-0.20005,-0.01272,0.98144,-0.00916,-0.52824,0.02977,-0.74231,11.51985,1.0017,-0.74354,11.62989,-0.035159,0.033963,0.020088,0.020088
31258,320232,-1772,-190,11746,-81,-204,-277,-0.20152,-0.01308,0.98049,-0.02443,-0.1542,0.02977,-0.76453,11.61326,1.00107,-0.74387,11.6277,-0.035118,0.033992,0.020379,0.020379
31259,320242,-1828,-172,11734,-80,-144,-284,-0.20496,-0.01198,0.97977,-0.01679,0.30382,-0.02366,-0.70053,11.8143,1.00105,-0.74281,11.63414,-0.035201,0.033638,0.020332,0.020332
31260,320253,-1850,-196,11750,-79,-129,-285,-0.20631,-0.01345,0.98072,-0.00916,0.41832,-0.0313,-0.78584,11.87849,1.00228,-0.74339,11.64268,-0.035121,0.033195,0.019508,0.019508
31261,320263,-1792,-164,11684,-80,-166,-279,-0.20275,-0.01149,0.9768,-0.01679,0.13588,0.0145,-0.67388,11.72512,0.99769,-0.74186,11.64529,-0.035248,0.033045,0.019448,0.019448
31262,320273,-1818,-168,11704,-87,-190,-287,-0.20434,-0.01173,0.97799,-0.07023,-0.04733,-0.04656,-0.68743,11.80082,0.99918,-0.7411,11.64766,-0.035354,0.032745,0.0203,0.0203
31263,320283,-1784,-244,11740,-83,-206,-282,-0.20226,-0.0164,0.98013,-0.03969,-0.16947,-0.0084,-0.9584,11.65808,1.00092,-0.74553,11.64589,-0.034938,0.032722,0.020219,0.020219
31264,320294,-1748,-186,11736,-88,-221,-279,-0.20005,-0.01284,0.97989,-0.07786,-0.28397,0.0145,-0.75065,11.53751,1.00019,-0.74606,11.64058,-0.034929,0.032924,0.020331,0.020331
31265,320304,-1774,-174,11654,-91,-169,-276,-0.20164,-0.0121,0.97502,-0.10076,0.11298,0.0374,-0.71115,11.68364,0.99573,-0.7461,11.64211,-0.034987,0.032855,0.01721,0.01721
31266,320314,-1838,-198,11766,-83,-113,-283,-0.20557,-0.01357,0.98168,-0.03969,0.54046,-0.01603,-0.79224,11.82613,1.00306,-0.74701,11.65052,-0.034906,0.03254,0.018599,0.018599
31267,320325,-1774,-172,11656,-89,-146,-280,-0.20164,-0.01198,0.97514,-0.0855,0.28855,0.00687,-0.70386,11.68227,0.99584,-0.74676,11.65358,-0.034978,0.032493,0.017352,0.017352
31268,320335,-1804,-114,11728,-90,-214,-290,-0.20348,-0.00842,0.97942,-0.09313,-0.23053,-0.06947,-0.49268,11.73635,1.00037,-0.74217,11.65269,-0.035466,0.032329,0.020278,0.020278
31269,320345,-1752,-132,11750,-80,-275,-288,-0.20029,-0.00953,0.98072,-0.01679,-0.69618,-0.0542,-0.55652,11.54218,1.00101,-0.73827,11.64333,-0.035818,0.032525,0.020057,0.020057
31270,320356,-1862,-212,11748,-78,-73,-280,-0.20704,-0.01443,0.98061,-0.00153,0.8458,0.00687,-0.84327,11.92092,1.00233,-0.73995,11.65664,-0.035626,0.032036,0.019198,0.019198
31271,320366,-1786,-220,11686,-91,-143,-282,-0.20238,-0.01492,0.97692,-0.10076,0.31145,-0.0084,-0.87523,11.70249,0.99778,-0.74319,11.66026,-0.035381,0.031957,0.01926,0.01926
31272,320376,-1816,-150,11730,-87,-152,-284,-0.20422,-0.01063,0.97954,-0.07023,0.24275,-0.02366,-0.62177,11.776,1.00065,-0.74109,11.66465,-0.035613,0.031741,0.020086,0.020086
31273,320386,-1818,-148,11714,-77,-273,-283,-0.20434,-0.01051,0.97859,0.00611,-0.68092,-0.01603,-0.6152,11.79402,0.99975,-0.73815,11.66027,-0.035851,0.031482,0.020118,0.020118
31274,320397,-1802,-194,11784,-85,-272,-287,-0.20336,-0.01333,0.98274,-0.05496,-0.67328,-0.04656,-0.77708,11.69022,1.00365,-0.73903,11.65388,-0.035786,0.03142,0.017766,0.017766
31275,320407,-1868,-206,11756,-83,-87,-275,-0.20741,-0.01407,0.98108,-0.03969,0.73893,0.04504,-0.82137,11.93595,1.00286,-0.7406,11.66607,-0.035641,0.030936,0.018602,0.018602
31276,320417,-1814,-170,11770,-87,-83,-274,-0.2041,-0.01186,0.98191,-0.07023,0.76947,0.05267,-0.69185,11.74126,1.00297,-0.74004,11.67471,-0.035727,0.030817,0.01849,0.01849
31277,320427,-1824,-198,11744,-90,-187,-283,-0.20471,-0.01357,0.98037,-0.09313,-0.02443,-0.01603,-0.7933,11.79335,1.0016,-0.74165,11.67649,-0.03563,0.030597,0.019587,0.019587
31278,320438,-1802,-174,11730,-78,-246,-286,-0.20336,-0.0121,0.97954,-0.00153,-0.47481,-0.03893,-0.70787,11.72763,1.0005,-0.74064,11.67256,-0.035693,0.03049,0.020004,0.020004
31279,320448,-1824,-176,11776,-78,-253,-282,-0.20471,-0.01223,0.98227,-0.00153,-0.52824,-0.0084,-0.71306,11.77137,1.00345,-0.73981,11.66884,-0.035739,0.030313,0.017927,0.017927
31280,320458,-1746,-182,11766,-80,-163,-280,-0.19992,-0.01259,0.98168,-0.01679,0.15878,0.00687,-0.73497,11.51028,1.00191,-0.73953,11.66704,-0.035748,0.030606,0.019334,0.019334
31281,320468,-1798,-132,11746,-85,-62,-280,-0.20311,-0.00953,0.98049,-0.05496,0.92977,0.00687,-0.55666,11.70316,1.00135,-0.73612,11.67656,-0.036088,0.030555,0.019648,0.019648
31282,320479,-1772,-150,11666,-84,-143,-280,-0.20152,-0.01063,0.97573,-0.04733,0.31145,0.00687,-0.6242,11.66862,0.99638,-0.73425,11.67918,-0.036275,0.030573,0.017701,0.017701
31283,320489,-1740,-136,11684,-84,-250,-288,-0.19956,-0.00977,0.9768,-0.04733,-0.50534,-0.0542,-0.57315,11.54578,0.99703,-0.7314,11.67147,-0.036556,0.030796,0.018388,0.018388
31284,320499,-1802,-132,11730,-86,-260,-288,-0.20336,-0.00953,0.97954,-0.0626,-0.58168,-0.0542,-0.5572,11.72797,1.00047,-0.72818,11.66659,-0.036885,0.030678,0.019935,0.019935
31285,320510,-1794,-198,11674,-79,-168,-283,-0.20287,-0.01357,0.97621,-0.00916,0.12061,-0.01603,-0.79668,11.73865,0.99716,-0.72917,11.66881,-0.036764,0.030553,0.018481,0.018481
31286,320520,-1796,-186,11658,-80,-92,-281,-0.20299,-0.01284,0.97526,-0.01679,0.70076,-0.00076,-0.75422,11.7568,0.99624,-0.72942,11.67693,-0.036722,0.030419,0.017516,0.017516
31287,320530,-1792,-172,11648,-81,-115,-284,-0.20275,-0.01198,0.97466,-0.02443,0.52519,-0.02366,-0.7042,11.75006,0.9956,-0.72887,11.68302,-0.036762,0.03031,0.016772,0.016772
31288,320540,-1780,-182,11696,-85,-212,-281,-0.20201,-0.01259,0.97752,-0.05496,-0.21527,-0.00076,-0.7381,11.67526,0.99825,-0.72923,11.68046,-0.036746,0.03032,0.019401,0.019401
31289,320551,-1786,-144,11724,-92,-277,-281,-0.20238,-0.01026,0.97918,-0.1084,-0.71145,-0.00076,-0.60047,11.67694,0.99993,-0.72736,11.67313,-0.03699,0.030313,0.019959,0.019959
31290,320561,-1782,-226,11762,-83,-207,-285,-0.20213,-0.01529,0.98144,-0.03969,-0.1771,-0.0313,-0.89268,11.63632,1.00215,-0.73054,11.67039,-0.036692,0.030375,0.01906,0.01906
31291,320571,-1784,-212,11748,-88,-117,-285,-0.20226,-0.01443,0.98061,-0.07786,0.50992,-0.0313,-0.84327,11.65294,1.00135,-0.73315,11.67475,-0.036484,0.030417,0.019561,0.019561
31292,320582,-1768,-186,11738,-79,-124,-280,-0.20127,-0.01284,0.98001,-0.00916,0.45649,0.00687,-0.75056,11.60501,1.00055,-0.73323,11.67754,-0.036451,0.030555,0.019827,0.019827
31293,320592,-1790,-154,11794,-79,-172,-284,-0.20262,-0.01088,0.98334,-0.00916,0.09008,-0.02366,-0.63366,11.64255,1.00406,-0.73126,11.67753,-0.036612,0.030613,0.017098,0.017098
31294,320602,-1764,-206,11754,-85,-232,-283,-0.20103,-0.01407,0.98096,-0.05496,-0.36794,-0.01603,-0.82147,11.58012,1.00145,-0.73319,11.67172,-0.036446,0.030785,0.01948,0.01948
31295,320612,-1784,-144,11716,-85,-149,-286,-0.20226,-0.01026,0.9787,-0.05496,0.26565,-0.03893,-0.60076,11.67557,0.99944,-0.73075,11.6741,-0.036694,0.030782,0.019796,0.019796
31296,320623,-1778,-186,11750,-86,-130,-279,-0.20189,-0.01284,0.98072,-0.0626,0.41069,0.0145,-0.75001,11.6312,1.00137,-0.73138,11.67699,-0.036659,0.030868,0.01947,0.01947
31297,320633,-1794,-216,11752,-87,-179,-279,-0.20287,-0.01468,0.98084,-0.07023,0.03664,0.0145,-0.8574,11.68453,1.00171,-0.73414,11.67719,-0.03643,0.030855,0.019255,0.019255
31298,320643,-1796,-204,11716,-84,-218,-282,-0.20299,-0.01394,0.9787,-0.04733,-0.26107,-0.0084,-0.81619,11.71638,0.99963,-0.73587,11.67511,-0.036277,0.030776,0.019763,0.019763
31299,320654,-1774,-182,11664,-82,-206,-285,-0.20164,-0.01259,0.97561,-0.03206,-0.16947,-0.0313,-0.73953,11.67665,0.99631,-0.73589,11.67317,-0.036271,0.03077,0.01744,0.01744
31300,320664,-1766,-194,11706,-82,-161,-286,-0.20115,-0.01333,0.97811,-0.03206,0.17405,-0.03893,-0.78076,11.61998,0.99867,-0.73672,11.67354,-0.036188,0.030871,0.019444,0.019444
31301,320674,-1742,-176,11718,-87,-115,-281,-0.19968,-0.01223,0.97882,-0.07023,0.52519,-0.00076,-0.71557,11.52917,0.99906,-0.73664,11.67555,-0.036228,0.031147,0.019591,0.019591
31302,320684,-1820,-208,11702,-84,-165,-283,-0.20446,-0.01419,0.97787,-0.04733,0.14351,-0.01603,-0.83125,11.80872,0.99912,-0.7386,11.67926,-0.036053,0.030903,0.01959,0.01959
31303,320695,-1766,-188,11750,-79,-234,-290,-0.20115,-0.01296,0.98072,-0.00916,-0.38321,-0.06947,-0.75718,11.5899,1.00122,-0.7387,11.67347,-0.036018,0.031059,0.01943,0.01943
31304,320705,-1772,-174,11770,-77,-223,-291,-0.20152,-0.0121,0.98191,0.00611,-0.29924,-0.0771,-0.70616,11.597,1.00245,-0.73768,11.6688,-0.036075,0.031188,0.018601,0.018601
31305,320715,-1778,-220,11690,-81,-162,-280,-0.20189,-0.01492,0.97716,-0.02443,0.16641,0.00687,-0.87501,11.67212,0.99791,-0.74016,11.67019,-0.035829,0.031185,0.018884,0.018884
31306,320726,-1764,-156,11782,-84,-114,-289,-0.20103,-0.011,0.98263,-0.04733,0.53282,-0.06183,-0.64128,11.56149,1.00304,-0.73849,11.67316,-0.035998,0.031379,0.018052,0.018052
31307,320736,-1816,-154,11794,-91,-156,-284,-0.20422,-0.01088,0.98334,-0.10076,0.21221,-0.02366,-0.63366,11.73169,1.00438,-0.73739,11.67591,-0.036164,0.03129,0.016577,0.016577
31308,320746,-1794,-162,11788,-86,-207,-286,-0.20287,-0.01137,0.98298,-0.0626,-0.1771,-0.03893,-0.66249,11.66032,1.00376,-0.73635,11.67359,-0.036287,0.031312,0.017326,0.017326
31309,320756,-1752,-218,11782,-94,-227,-291,-0.20029,-0.0148,0.98263,-0.12366,-0.32977,-0.0771,-0.86299,11.5197,1.00294,-0.73951,11.66724,-0.03607,0.031571,0.018209,0.018209
31310,320767,-1746,-170,11714,-86,-177,-283,-0.19992,-0.01186,0.97859,-0.0626,0.05191,-0.01603,-0.6942,11.54575,0.99887,-0.73889,11.66507,-0.036154,0.031796,0.019512,0.019512
31311,320777,-1838,-184,11752,-77,-131,-286,-0.20557,-0.01272,0.98084,0.00611,0.40305,-0.03893,-0.74276,11.83601,1.00223,-0.73855,11.67193,-0.036147,0.031498,0.018814,0.018814
31312,320787,-1860,-234,11652,-85,-151,-287,-0.20692,-0.01578,0.9749,-0.05496,0.25038,-0.04656,-0.9275,11.98149,0.99674,-0.74211,11.67961,-0.035828,0.030978,0.01787,0.01787
31313,320798,-1800,-142,11694,-77,-213,-277,-0.20324,-0.01014,0.9774,0.00611,-0.2229,0.02977,-0.59437,11.74595,0.99836,-0.73886,11.6784,-0.036096,0.030853,0.019229,0.019229
31314,320808,-1770,-144,11784,-84,-227,-281,-0.2014,-0.01026,0.98274,-0.04733,-0.32977,-0.00076,-0.59829,11.58082,1.00322,-0.73645,11.67311,-0.036334,0.031012,0.017902,0.017902
31315,320818,-1732,-200,11766,-83,-191,-289,-0.19906,-0.0137,0.98168,-0.03969,-0.05496,-0.06183,-0.7994,11.46196,1.00175,-0.73769,11.66822,-0.03622,0.031393,0.01916,0.01916
31316,320829,-1854,-180,11788,-82,-134,-290,-0.20655,-0.01247,0.98298,-0.03206,0.38015,-0.06947,-0.72684,11.86584,1.00453,-0.73747,11.67489,-0.036237,0.031092,0.016422,0.016422
31317,320839,-1796,-218,11792,-84,-128,-274,-0.20299,-0.0148,0.98322,-0.04733,0.42595,0.05267,-0.86247,11.66391,1.00406,-0.7397,11.67859,-0.036036,0.031116,0.017005,0.017005
31318,320849,-1784,-158,11686,-86,-178,-281,-0.20226,-0.01112,0.97692,-0.0626,0.04427,-0.00076,-0.65221,11.69618,0.9977,-0.73832,11.67905,-0.036192,0.031085,0.018811,0.018811
31319,320859,-1786,-186,11726,-84,-219,-279,-0.20238,-0.01284,0.9793,-0.04733,-0.2687,0.0145,-0.7511,11.67521,1.00007,-0.73868,11.67603,-0.036168,0.031086,0.019777,0.019777
31320,320870,-1790,-216,11702,-82,-153,-283,-0.20262,-0.01468,0.97787,-0.03206,0.23511,-0.01603,-0.86,11.70526,0.99875,-0.741,11.6786,-0.035945,0.031036,0.019454,0.019454
31321,320880,-1794,-236,11726,-86,-124,-281,-0.20287,-0.01591,0.9793,-0.0626,0.45649,-0.00076,-0.93051,11.70223,1.00022,-0.745,11.68324,-0.035591,0.031,0.019722,0.019722
31322,320890,-1798,-194,11752,-82,-155,-281,-0.20311,-0.01333,0.98084,-0.03206,0.21985,-0.00076,-0.77858,11.69851,1.00174,-0.74561,11.68538,-0.035531,0.030976,0.019137,0.019137
31323,320900,-1806,-186,11666,-80,-219,-281,-0.20361,-0.01284,0.97573,-0.01679,-0.2687,-0.00076,-0.75385,11.78576,0.99683,-0.74557,11.68424,-0.035516,0.0308,0.01793,0.01793
31324,320911,-1776,-158,11738,-84,-217,-284,-0.20176,-0.01112,0.98001,-0.04733,-0.25344,-0.02366,-0.65016,11.63279,1.00063,-0.74381,11.68044,-0.035694,0.030891,0.019628,0.019628
31325,320921,-1776,-212,11642,-85,-163,-279,-0.20176,-0.01443,0.97431,-0.05496,0.15878,0.0145,-0.84872,11.6985,0.99508,-0.74567,11.68199,-0.035536,0.030865,0.015911,0.015911
31326,320931,-1798,-160,11764,-82,-135,-277,-0.20311,-0.01124,0.98156,-0.03206,0.37252,0.02977,-0.6563,11.69055,1.00241,-0.74397,11.6855,-0.035694,0.030856,0.018664,0.018664
31327,320942,-1766,-190,11722,-80,-152,-284,-0.20115,-0.01308,0.97906,-0.01679,0.24275,-0.02366,-0.76564,11.60904,0.9996,-0.74421,11.68608,-0.035653,0.031003,0.019695,0.019695
31328,320952,-1790,-140,11782,-80,-204,-280,-0.20262,-0.01002,0.98263,-0.01679,-0.1542,0.00687,-0.58406,11.65087,1.00335,-0.74118,11.68363,-0.035922,0.031059,0.01775,0.01775
31329,320962,-1824,-170,11806,-90,-226,-275,-0.20471,-0.01186,0.98405,-0.09313,-0.32214,0.04504,-0.69034,11.7507,1.00519,-0.74095,11.6812,-0.035998,0.030954,0.015599,0.015599
31330,320972,-1702,-184,11784,-88,-191,-276,-0.19722,-0.01272,0.98274,-0.07786,-0.05496,0.0374,-0.74132,11.34684,1.00242,-0.74137,11.6741,-0.035998,0.031545,0.018698,0.018698
31331,320983,-1782,-170,11758,-77,-143,-282,-0.20213,-0.01186,0.9812,0.00611,0.31145,-0.0084,-0.69235,11.63961,1.00187,-0.74002,11.67619,-0.036086,0.031612,0.019107,0.019107
31332,320993,-1766,-176,11760,-82,-161,-282,-0.20115,-0.01223,0.98132,-0.03206,0.17405,-0.0084,-0.71375,11.58318,1.0018,-0.73948,11.67581,-0.036133,0.031784,0.019146,0.019146
31333,321003,-1798,-214,11780,-74,-187,-284,-0.20311,-0.01456,0.98251,0.02901,-0.02443,-0.02366,-0.84879,11.67904,1.00339,-0.74078,11.67531,-0.035949,0.031777,0.017741,0.017741
31334,321013,-1826,-174,11660,-83,-206,-279,-0.20483,-0.0121,0.97538,-0.03969,-0.16947,0.0145,-0.71089,11.85912,0.99673,-0.74028,11.67662,-0.035999,0.031463,0.017873,0.017873
31335,321024,-1786,-204,11796,-83,-197,-285,-0.20238,-0.01394,0.98346,-0.03969,-0.10076,-0.0313,-0.81224,11.62702,1.00416,-0.74153,11.67449,-0.035884,0.03154,0.016894,0.016894
31336,321034,-1768,-178,11708,-84,-161,-283,-0.20127,-0.01235,0.97823,-0.04733,0.17405,-0.01603,-0.72319,11.62565,0.9988,-0.74129,11.67493,-0.035918,0.031633,0.019514,0.019514
31337,321044,-1748,-162,11732,-83,-154,-285,-0.20005,-0.01137,0.97965,-0.03969,0.22748,-0.0313,-0.66474,11.54044,0.99994,-0.73981,11.67419,-0.036062,0.031888,0.019768,0.019768
31338,321055,-1788,-192,11724,-77,-174,-282,-0.2025,-0.01321,0.97918,0.00611,0.07481,-0.0084,-0.77273,11.68342,0.99999,-0.74005,11.67479,-0.035999,0.031872,0.019742,0.019742
31339,321065,-1784,-226,11720,-80,-194,-282,-0.20226,-0.01529,0.97894,-0.01679,-0.07786,-0.0084,-0.89495,11.67205,0.99973,-0.74291,11.67366,-0.03571,0.031875,0.019703,0.019703
31340,321075,-1766,-172,11686,-85,-181,-276,-0.20115,-0.01198,0.97692,-0.05496,0.02137,0.0374,-0.70257,11.63393,0.99749,-0.74235,11.67282,-0.035781,0.031944,0.018545,0.018545
31341,321086,-1826,-190,11738,-82,-186,-284,-0.20483,-0.01308,0.98001,-0.03206,-0.01679,-0.02366,-0.7649,11.80447,1.00127,-0.74275,11.6749,-0.03574,0.031702,0.019383,0.019383
31342,321096,-1808,-168,11736,-81,-170,-282,-0.20373,-0.01173,0.97989,-0.02443,0.10534,-0.0084,-0.6861,11.74417,1.00092,-0.74154,11.67697,-0.035844,0.031575,0.019513,0.019513
31343,321106,-1812,-226,11736,-81,-163,-280,-0.20397,-0.01529,0.97989,-0.02443,0.15878,0.00687,-0.89409,11.75736,1.00101,-0.74439,11.67978,-0.035563,0.031429,0.019458,0.019458
31344,321116,-1802,-230,11724,-85,-196,-284,-0.20336,-0.01554,0.97918,-0.05496,-0.09313,-0.02366,-0.90909,11.73122,1.00019,-0.74782,11.67957,-0.035257,0.031332,0.019628,0.019628
31345,321127,-1804,-172,11728,-86,-208,-291,-0.20348,-0.01198,0.97942,-0.0626,-0.18473,-0.0771,-0.70078,11.73592,1.0004,-0.74716,11.67856,-0.035345,0.031223,0.019583,0.019583
31346,321137,-1800,-214,11750,-85,-175,-290,-0.20324,-0.01456,0.98072,-0.05496,0.06718,-0.06947,-0.85033,11.70656,1.00167,-0.74932,11.67944,-0.035159,0.031173,0.019074,0.019074
31347,321147,-1846,-216,11778,-84,-161,-287,-0.20606,-0.01468,0.98239,-0.04733,0.17405,-0.04656,-0.85605,11.84503,1.00387,-0.75127,11.68367,-0.034986,0.030908,0.017072,0.017072
31348,321158,-1722,-146,11694,-90,-164,-287,-0.19845,-0.01038,0.9774,-0.09313,0.15115,-0.04656,-0.60875,11.47671,0.99739,-0.74922,11.68105,-0.035236,0.03127,0.018388,0.018388
31349,321168,-1818,-168,11766,-91,-198,-281,-0.20434,-0.01173,0.98168,-0.10076,-0.1084,-0.00076,-0.68485,11.75777,1.00279,-0.74869,11.68108,-0.035348,0.031135,0.018229,0.018229
31350,321178,-1802,-224,11720,-89,-200,-281,-0.20336,-0.01517,0.97894,-0.0855,-0.12366,-0.00076,-0.88778,11.73406,0.99996,-0.75191,11.6806,-0.03509,0.031034,0.019621,0.019621
31351,321189,-1754,-214,11682,-90,-186,-281,-0.20041,-0.01456,0.97668,-0.09313,-0.01679,-0.00076,-0.85385,11.59483,0.99714,-0.75433,11.67857,-0.034916,0.031181,0.018146,0.018146
31352,321199,-1776,-204,11782,-88,-172,-282,-0.20176,-0.01394,0.98263,-0.07786,0.09008,-0.0084,-0.81293,11.60227,1.00322,-0.75579,11.67779,-0.034818,0.03131,0.017796,0.017796
31353,321209,-1766,-172,11746,-89,-153,-281,-0.20115,-0.01198,0.98049,-0.0855,0.23511,-0.00076,-0.70002,11.59278,1.00098,-0.7552,11.67814,-0.034922,0.03147,0.01944,0.01944
31354,321219,-1786,-202,11746,-88,-172,-280,-0.20238,-0.01382,0.98049,-0.07786,0.09008,0.00687,-0.80754,11.6613,1.00125,-0.75664,11.67839,-0.034827,0.031502,0.019309,0.019309
31355,321230,-1782,-182,11714,-90,-192,-278,-0.20213,-0.01259,0.97859,-0.09313,-0.0626,0.02214,-0.73729,11.66974,0.99932,-0.75683,11.6773,-0.034864,0.031517,0.019503,0.019503
31356,321240,-1822,-152,11752,-85,-187,-279,-0.20459,-0.01075,0.98084,-0.05496,-0.02443,0.0145,-0.62811,11.78134,1.00201,-0.7546,11.67871,-0.035094,0.03133,0.018826,0.018826
31357,321250,-1794,-194,11750,-83,-179,-284,-0.20287,-0.01333,0.98072,-0.03969,0.03664,-0.02366,-0.77868,11.68613,1.00158,-0.75511,11.6789,-0.03505,0.031317,0.019102,0.019102
31358,321260,-1782,-146,11778,-77,-176,-280,-0.20213,-0.01038,0.98239,0.00611,0.05954,0.00687,-0.60566,11.6261,1.00302,-0.75202,11.67823,-0.035303,0.031407,0.017951,0.017951
31359,321271,-1756,-168,11676,-78,-177,-285,-0.20054,-0.01173,0.97633,-0.00153,0.05191,-0.0313,-0.6886,11.6063,0.99678,-0.75056,11.67715,-0.03541,0.031528,0.017762,0.017762
31360,321281,-1762,-166,11638,-84,-162,-290,-0.20091,-0.01161,0.97407,-0.04733,0.16641,-0.06947,-0.68299,11.65326,0.99464,-0.74965,11.67812,-0.035508,0.031565,0.015281,0.015281
31361,321291,-1774,-194,11748,-80,-179,-285,-0.20164,-0.01333,0.98061,-0.01679,0.03664,-0.0313,-0.77877,11.61873,1.00121,-0.75003,11.67702,-0.035454,0.031674,0.01937,0.01937
31362,321302,-1768,-168,11766,-82,-194,-282,-0.20127,-0.01173,0.98168,-0.03206,-0.07786,-0.0084,-0.68485,11.58603,1.00217,-0.74877,11.67423,-0.03557,0.031834,0.018769,0.018769
31363,321312,-1768,-150,11656,-80,-179,-288,-0.20127,-0.01063,0.97514,-0.01679,0.03664,-0.0542,-0.62458,11.66171,0.99575,-0.74652,11.67407,-0.035766,0.031854,0.016675,0.016675
31364,321322,-1786,-182,11732,-87,-187,-285,-0.20238,-0.01259,0.97965,-0.07023,-0.02443,-0.0313,-0.73648,11.67112,1.00042,-0.74666,11.67346,-0.035785,0.031858,0.019629,0.019629
31365,321332,-1770,-200,11750,-82,-164,-276,-0.2014,-0.0137,0.98072,-0.03206,0.15115,0.0374,-0.80017,11.60355,1.00128,-0.74766,11.67328,-0.035687,0.031988,0.019329,0.019329
31366,321343,-1794,-180,11742,-84,-179,-288,-0.20287,-0.01247,0.98025,-0.04733,0.03664,-0.0542,-0.72887,11.69178,1.0011,-0.74741,11.67368,-0.035722,0.031954,0.019395,0.019395
31367,321353,-1788,-200,11680,-85,-194,-285,-0.2025,-0.0137,0.97656,-0.05496,-0.07786,-0.0313,-0.80358,11.71375,0.99743,-0.74863,11.67334,-0.035624,0.031883,0.018419,0.018419
31368,321363,-1802,-208,11792,-86,-173,-276,-0.20336,-0.01419,0.98322,-0.0626,0.08244,0.0374,-0.82673,11.68459,1.00413,-0.75021,11.67403,-0.0355,0.031865,0.016801,0.016801
31369,321374,-1776,-214,11764,-80,-169,-277,-0.20176,-0.01456,0.98156,-0.01679,0.11298,0.02977,-0.84961,11.61446,1.00218,-0.75189,11.67371,-0.035323,0.031973,0.018767,0.018767
31370,321384,-1788,-182,11694,-89,-185,-283,-0.2025,-0.01259,0.9774,-0.0855,-0.00916,-0.01603,-0.73818,11.70423,0.99823,-0.75212,11.67389,-0.035349,0.031917,0.019056,0.019056
31371,321394,-1788,-184,11764,-84,-174,-280,-0.2025,-0.01272,0.98156,-0.04733,0.07481,0.00687,-0.74222,11.65599,1.00231,-0.75205,11.67397,-0.035366,0.031949,0.018655,0.018655
31372,321404,-1826,-200,11704,-81,-187,-283,-0.20483,-0.0137,0.97799,-0.02443,-0.02443,-0.01603,-0.80241,11.82807,0.99931,-0.75293,11.67643,-0.035273,0.031663,0.019534,0.019534
31373,321415,-1778,-178,11716,-80,-172,-281,-0.20189,-0.01235,0.9787,-0.01679,0.09008,-0.00076,-0.72284,11.65462,0.99939,-0.75216,11.67658,-0.035328,0.031705,0.019535,0.019535
31374,321425,-1800,-206,11764,-82,-173,-277,-0.20324,-0.01407,0.98156,-0.03206,0.08244,0.02977,-0.82098,11.69699,1.00247,-0.7534,11.67745,-0.035208,0.03167,0.018478,0.018478
31375,321435,-1748,-170,11800,-79,-161,-281,-0.20005,-0.01186,0.9837,-0.00916,0.17405,-0.00076,-0.69059,11.49424,1.0039,-0.75207,11.67573,-0.035309,0.031968,0.017047,0.017047
31376,321445,-1772,-188,11714,-81,-151,-280,-0.20152,-0.01296,0.97859,-0.02443,0.25038,0.00687,-0.75883,11.63523,0.9992,-0.7521,11.67708,-0.035296,0.032047,0.019497,0.019497
31377,321456,-1748,-228,11682,-90,-158,-282,-0.20005,-0.01541,0.97668,-0.09313,0.19695,-0.0084,-0.90422,11.57395,0.99708,-0.75542,11.67684,-0.035036,0.032226,0.018088,0.018088
31378,321466,-1786,-182,11774,-81,-186,-282,-0.20238,-0.01259,0.98215,-0.02443,-0.01679,-0.0084,-0.73461,11.64228,1.00286,-0.75494,11.67573,-0.035072,0.032285,0.01815,0.01815
31379,321476,-1800,-186,11786,-80,-230,-280,-0.20324,-0.01284,0.98286,-0.01679,-0.35267,0.00687,-0.74838,11.68206,1.00374,-0.75464,11.67205,-0.035082,0.032268,0.017253,0.017253
31380,321487,-1784,-142,11808,-89,-210,-281,-0.20226,-0.01014,0.98417,-0.0855,-0.2,-0.00076,-0.59028,11.6125,1.00479,-0.7525,11.66881,-0.035333,0.032355,0.016035,0.016035
31381,321497,-1790,-198,11814,-92,-130,-282,-0.20262,-0.01357,0.98453,-0.1084,0.41069,-0.0084,-0.78995,11.6285,1.00525,-0.7538,11.67191,-0.035279,0.03242,0.015497,0.015497
31382,321507,-1794,-184,11784,-86,-101,-280,-0.20287,-0.01272,0.98274,-0.0626,0.63206,0.00687,-0.74132,11.66287,1.00355,-0.75385,11.67764,-0.0353,0.032445,0.01758,0.01758
31383,321517,-1780,-162,11722,-78,-177,-279,-0.20201,-0.01137,0.97906,-0.00153,0.05191,0.0145,-0.66515,11.65752,0.99975,-0.75177,11.67744,-0.035465,0.032483,0.019751,0.019751
31384,321528,-1762,-202,11768,-84,-275,-279,-0.20091,-0.01382,0.98179,-0.04733,-0.69618,0.0145,-0.80646,11.56374,1.00223,-0.75291,11.66815,-0.035368,0.032673,0.018817,0.018817
31385,321538,-1812,-188,11788,-89,-232,-286,-0.20397,-0.01296,0.98298,-0.0855,-0.36794,-0.03893,-0.75544,11.72182,1.00401,-0.75345,11.66512,-0.035365,0.03258,0.017048,0.017048
31386,321548,-1792,-184,11850,-85,-150,-288,-0.20275,-0.01272,0.98667,-0.05496,0.25802,-0.0542,-0.73837,11.61094,1.00736,-0.75345,11.66665,-0.035384,0.032649,0.012902,0.012902
31387,321559,-1756,-178,11704,-87,-98,-275,-0.20054,-0.01235,0.97799,-0.07023,0.65496,0.04504,-0.72336,11.58701,0.99842,-0.75321,11.67121,-0.035439,0.032806,0.019387,0.019387
31388,321569,-1810,-194,11706,-83,-144,-280,-0.20385,-0.01333,0.97811,-0.03969,0.30382,0.00687,-0.78076,11.77163,0.99922,-0.75379,11.67585,-0.035388,0.032624,0.019724,0.019724
31389,321579,-1788,-160,11764,-82,-257,-282,-0.2025,-0.01124,0.98156,-0.03206,-0.55878,-0.0084,-0.6563,11.65619,1.00229,-0.75192,11.66967,-0.035562,0.032648,0.018847,0.018847
31390,321589,-1772,-196,11808,-80,-269,-284,-0.20152,-0.01345,0.98417,-0.01679,-0.65038,-0.02366,-0.78309,11.57091,1.00468,-0.75225,11.66134,-0.035514,0.03279,0.016305,0.016305
31391,321600,-1768,-204,11812,-85,-171,-283,-0.20127,-0.01394,0.98441,-0.05496,0.09771,-0.01603,-0.81146,11.55441,1.00487,-0.75339,11.66026,-0.035424,0.032954,0.016103,0.016103
31392,321610,-1804,-178,11742,-84,-131,-282,-0.20348,-0.01235,0.98025,-0.04733,0.40305,-0.0084,-0.7217,11.72618,1.00122,-0.75289,11.66518,-0.035483,0.032839,0.019604,0.019604
31393,321620,-1782,-146,11720,-86,-199,-286,-0.20213,-0.01038,0.97894,-0.0626,-0.11603,-0.03893,-0.60779,11.66591,0.99965,-0.75027,11.66374,-0.035756,0.032835,0.019841,0.019841
31394,321631,-1756,-162,11700,-86,-248,-287,-0.20054,-0.01137,0.97775,-0.0626,-0.49008,-0.04656,-0.66604,11.58988,0.99817,-0.74892,11.65719,-0.03591,0.03296,0.019206,0.019206
31395,321641,-1792,-150,11766,-86,-198,-287,-0.20275,-0.01063,0.98168,-0.0626,-0.1084,-0.04656,-0.62042,11.66864,1.00245,-0.74677,11.65602,-0.036138,0.032937,0.018718,0.018718
31396,321651,-1778,-200,11758,-88,-137,-283,-0.20189,-0.0137,0.9812,-0.07786,0.35725,-0.01603,-0.79979,11.62558,1.00185,-0.7482,11.65862,-0.036043,0.032998,0.01917,0.01917
31397,321661,-1828,-194,11804,-77,-145,-285,-0.20496,-0.01333,0.98393,0.00611,0.29618,-0.0313,-0.77614,11.76556,1.00514,-0.74822,11.66289,-0.036,0.032843,0.015723,0.015723
31398,321672,-1760,-190,11736,-93,-176,-283,-0.20078,-0.01308,0.97989,-0.11603,0.05954,-0.01603,-0.76499,11.57879,1.00034,-0.74934,11.66148,-0.03597,0.033001,0.019826,0.019826
31399,321682,-1838,-190,11760,-88,-215,-280,-0.20557,-0.01308,0.98132,-0.07786,-0.23817,0.00687,-0.76388,11.83039,1.0027,-0.75002,11.66194,-0.035946,0.0327,0.018493,0.018493
31400,321692,-1828,-194,11738,-82,-205,-281,-0.20496,-0.01333,0.98001,-0.03206,-0.16183,-0.00076,-0.77924,11.81131,1.0013,-0.75055,11.66295,-0.035892,0.032421,0.019492,0.019492
31401,321703,-1774,-152,11780,-80,-163,-277,-0.20164,-0.01075,0.98251,-0.01679,0.15878,0.02977,-0.62705,11.59722,1.00304,-0.74812,11.663,-0.036104,0.032536,0.018148,0.018148
31402,321713,-1742,-186,11732,-89,-139,-281,-0.19968,-0.01284,0.97965,-0.0855,0.34198,-0.00076,-0.75083,11.51956,0.99988,-0.74866,11.66319,-0.0361,0.032811,0.019796,0.019796
31403,321723,-1794,-166,11726,-92,-166,-275,-0.20287,-0.01161,0.9793,-0.1084,0.13588,0.04504,-0.67934,11.70293,1.00016,-0.748,11.66499,-0.036231,0.032738,0.019767,0.019767
31404,321733,-1806,-186,11766,-87,-206,-282,-0.20361,-0.01284,0.98168,-0.07023,-0.16947,-0.0084,-0.74929,11.71641,1.00265,-0.74836,11.66395,-0.036229,0.032645,0.018474,0.018474
31405,321744,-1752,-190,11770,-82,-203,-284,-0.20029,-0.01308,0.98191,-0.03206,-0.14656,-0.02366,-0.76342,11.52812,1.00222,-0.7486,11.65963,-0.036202,0.032884,0.018836,0.018836
31406,321754,-1790,-174,11768,-81,-177,-279,-0.20262,-0.0121,0.98179,-0.02443,0.05191,0.0145,-0.70625,11.6602,1.00256,-0.7477,11.65983,-0.036276,0.032883,0.018547,0.018547
31407,321764,-1762,-166,11752,-82,-144,-279,-0.20091,-0.01161,0.98084,-0.03206,0.30382,0.0145,-0.67827,11.57497,1.00127,-0.74631,11.66084,-0.036404,0.033045,0.019425,0.019425
31408,321775,-1780,-170,11708,-82,-139,-280,-0.20201,-0.01186,0.97823,-0.03206,0.34198,0.00687,-0.69445,11.66709,0.99894,-0.74526,11.66399,-0.0365,0.033039,0.0195,0.0195
31409,321785,-1792,-238,11740,-87,-187,-285,-0.20275,-0.01603,0.98013,-0.07023,-0.02443,-0.0313,-0.93689,11.68567,1.00101,-0.74932,11.66385,-0.036146,0.032998,0.0195,0.0195
31410,321795,-1780,-156,11794,-80,-216,-282,-0.20201,-0.011,0.98334,-0.01679,-0.2458,-0.0084,-0.64081,11.60823,1.00393,-0.74728,11.66016,-0.036322,0.033083,0.017082,0.017082
31411,321805,-1746,-182,11824,-85,-211,-272,-0.19992,-0.01259,0.98512,-0.05496,-0.20763,0.06794,-0.7324,11.47109,1.00528,-0.74723,11.65486,-0.036344,0.033357,0.01547,0.01547
31412,321816,-1720,-158,11786,-84,-158,-275,-0.19833,-0.01112,0.98286,-0.04733,0.19695,0.04504,-0.64827,11.4076,1.00274,-0.74552,11.65192,-0.036517,0.033791,0.018409,0.018409
31413,321826,-1790,-164,11786,-80,-133,-284,-0.20262,-0.01149,0.98286,-0.01679,0.38779,-0.02366,-0.66972,11.64795,1.0036,-0.744,11.65533,-0.036642,0.033803,0.017535,0.017535
31414,321836,-1774,-164,11730,-83,-161,-282,-0.20164,-0.01149,0.97954,-0.03969,0.17405,-0.0084,-0.672,11.63134,1.00014,-0.7426,11.65623,-0.036777,0.033851,0.019773,0.019773
31415,321846,-1810,-178,11710,-88,-226,-283,-0.20385,-0.01235,0.97835,-0.07786,-0.32214,-0.01603,-0.7231,11.769,0.99944,-0.74262,11.65496,-0.036814,0.033634,0.019689,0.019689
31416,321857,-1776,-136,11708,-82,-165,-274,-0.20176,-0.00977,0.97823,-0.03206,0.14351,0.05267,-0.57231,11.65357,0.99887,-0.73926,11.65601,-0.037129,0.033639,0.019481,0.019481
31417,321867,-1822,-190,11674,-76,-129,-284,-0.20459,-0.01308,0.97621,0.01374,0.41832,-0.02366,-0.76788,11.83535,0.9975,-0.73929,11.66311,-0.037077,0.03333,0.01857,0.01857
31418,321877,-1806,-212,11780,-86,-154,-280,-0.20361,-0.01443,0.98251,-0.0626,0.22748,0.00687,-0.84164,11.70651,1.00349,-0.74134,11.66578,-0.036907,0.033261,0.017606,0.017606
31419,321888,-1784,-158,11744,-78,-206,-284,-0.20226,-0.01112,0.98037,-0.00153,-0.16947,-0.02366,-0.64992,11.65619,1.00108,-0.73921,11.66361,-0.037075,0.033275,0.019499,0.019499
31420,321898,-1742,-142,11706,-83,-223,-287,-0.19968,-0.01014,0.97811,-0.03969,-0.29924,-0.04656,-0.59394,11.53763,0.99834,-0.73645,11.65793,-0.037339,0.033497,0.019179,0.019179
31421,321908,-1820,-158,11816,-81,-173,-282,-0.20446,-0.01112,0.98465,-0.02443,0.08244,-0.0084,-0.6471,11.73021,1.00571,-0.73499,11.65949,-0.037465,0.033396,0.014915,0.014915
31422,321918,-1788,-202,11738,-84,-136,-288,-0.2025,-0.01382,0.98001,-0.04733,0.36489,-0.0542,-0.80793,11.67368,1.00081,-0.73652,11.66302,-0.03733,0.033376,0.019629,0.019629
31423,321929,-1792,-200,11802,-89,-152,-279,-0.20275,-0.0137,0.98381,-0.0855,0.24275,0.0145,-0.79766,11.64353,1.00458,-0.73799,11.66476,-0.037236,0.033409,0.016364,0.016364
31424,321939,-1834,-166,11762,-79,-194,-289,-0.20532,-0.01161,0.98144,-0.00916,-0.07786,-0.06183,-0.67786,11.81548,1.00275,-0.73661,11.66644,-0.03734,0.033144,0.018405,0.018405
31425,321949,-1746,-160,11716,-82,-218,-281,-0.19992,-0.01124,0.9787,-0.03206,-0.26107,-0.00076,-0.65821,11.54447,0.99898,-0.73503,11.66117,-0.037486,0.033365,0.019571,0.019571
31426,321960,-1764,-174,11752,-79,-194,-289,-0.20103,-0.0121,0.98084,-0.00916,-0.07786,-0.06183,-0.70693,11.58178,1.00131,-0.7342,11.65854,-0.037537,0.033509,0.019424,0.019424
31427,321970,-1788,-180,11692,-82,-157,-290,-0.2025,-0.01247,0.97728,-0.03206,0.20458,-0.06947,-0.73108,11.70564,0.99812,-0.73409,11.66111,-0.037542,0.033427,0.019066,0.019066
31428,321980,-1802,-256,11758,-81,-153,-286,-0.20336,-0.01713,0.9812,-0.02443,0.23511,-0.03893,-1.00032,11.70743,1.0022,-0.73897,11.66396,-0.037067,0.033348,0.018825,0.018825
31429,321991,-1814,-138,11704,-81,-173,-282,-0.2041,-0.00989,0.97799,-0.02443,0.08244,-0.0084,-0.57964,11.78728,0.99911,-0.73573,11.66686,-0.037362,0.033121,0.019558,0.019558
31430,322001,-1766,-162,11786,-88,-194,-282,-0.20115,-0.01137,0.98286,-0.07786,-0.07786,-0.0084,-0.66257,11.56559,1.0033,-0.73483,11.66397,-0.037486,0.033289,0.017789,0.017789
31431,322011,-1838,-200,11746,-87,-210,-284,-0.20557,-0.0137,0.98049,-0.07023,-0.2,-0.02366,-0.80037,11.84004,1.0019,-0.7364,11.66503,-0.037369,0.032968,0.01903,0.01903
31432,322022,-1774,-166,11746,-77,-182,-282,-0.20164,-0.01161,0.98049,0.00611,0.01374,-0.0084,-0.67852,11.62035,1.00107,-0.73484,11.66397,-0.037475,0.03305,0.019471,0.019471
31433,322032,-1846,-178,11734,-84,-158,-280,-0.20606,-0.01235,0.97977,-0.04733,0.19695,0.00687,-0.72205,11.87611,1.00128,-0.73469,11.66968,-0.037498,0.032664,0.019359,0.019359
31434,322042,-1784,-168,11656,-85,-163,-284,-0.20226,-0.01173,0.97514,-0.05496,0.15878,-0.02366,-0.68944,11.71688,0.99596,-0.7341,11.67172,-0.037571,0.03259,0.016946,0.016946
31435,322052,-1798,-178,11788,-88,-168,-274,-0.20311,-0.01235,0.98298,-0.07786,0.12061,0.05267,-0.71969,11.6739,1.00382,-0.73425,11.67263,-0.037595,0.032588,0.017217,0.017217
31436,322063,-1742,-232,11772,-86,-190,-279,-0.19968,-0.01566,0.98203,-0.0626,-0.04733,0.0145,-0.91361,11.49196,1.00225,-0.73786,11.66845,-0.037277,0.032908,0.018778,0.018778
31437,322073,-1800,-180,11706,-89,-198,-277,-0.20324,-0.01247,0.97811,-0.0855,-0.1084,0.02977,-0.73046,11.73731,0.99908,-0.73819,11.66841,-0.037291,0.032778,0.019541,0.019541
31438,322083,-1832,-152,11704,-83,-178,-278,-0.2052,-0.01075,0.97799,-0.03969,0.04427,0.02214,-0.62994,11.84916,0.99934,-0.73609,11.67206,-0.037492,0.032442,0.0196,0.0196
31439,322093,-1770,-190,11770,-91,-145,-277,-0.2014,-0.01308,0.98191,-0.10076,0.29618,0.02977,-0.76342,11.58998,1.00244,-0.73722,11.67313,-0.037445,0.032591,0.018577,0.018577
31440,322104,-1726,-154,11738,-86,-187,-285,-0.1987,-0.01088,0.98001,-0.0626,-0.02443,-0.0313,-0.63582,11.46063,1.00001,-0.73547,11.66839,-0.037635,0.032986,0.019659,0.019659
31441,322114,-1772,-208,11678,-82,-211,-289,-0.20152,-0.01419,0.97645,-0.03206,-0.20763,-0.06183,-0.83247,11.65981,0.99713,-0.73718,11.66587,-0.037468,0.032997,0.018165,0.018165
31442,322124,-1802,-220,11752,-80,-185,-287,-0.20336,-0.01492,0.98084,-0.01679,-0.00916,-0.04656,-0.87173,11.71199,1.00181,-0.73954,11.66634,-0.037225,0.032913,0.019029,0.019029
31443,322135,-1754,-172,11794,-84,-144,-279,-0.20041,-0.01198,0.98334,-0.04733,0.30382,0.0145,-0.69799,11.51888,1.00363,-0.73891,11.66643,-0.037293,0.03316,0.017392,0.017392
31444,322145,-1820,-210,11754,-85,-162,-287,-0.20446,-0.01431,0.98096,-0.05496,0.16641,-0.04656,-0.8358,11.77255,1.00215,-0.74091,11.66974,-0.037121,0.032974,0.018806,0.018806
31445,322155,-1742,-200,11694,-91,-198,-283,-0.19968,-0.0137,0.9774,-0.10076,-0.1084,-0.01603,-0.8029,11.54532,0.99768,-0.74269,11.66603,-0.037012,0.033191,0.018664,0.018664
31446,322165,-1806,-188,11778,-79,-219,-284,-0.20361,-0.01296,0.98239,-0.00916,-0.2687,-0.02366,-0.7559,11.70813,1.00335,-0.74265,11.66381,-0.03699,0.033115,0.0177,0.0177
31447,322176,-1754,-156,11826,-80,-213,-285,-0.20041,-0.011,0.98524,-0.01679,-0.2229,-0.0313,-0.63957,11.49737,1.00548,-0.74088,11.65876,-0.037138,0.033351,0.015193,0.015193
31448,322186,-1780,-208,11812,-87,-142,-285,-0.20201,-0.01419,0.98441,-0.07023,0.31908,-0.0313,-0.82574,11.5955,1.00502,-0.74255,11.66057,-0.037011,0.033451,0.015816,0.015816
31449,322196,-1802,-174,11708,-92,-124,-274,-0.20336,-0.0121,0.97823,-0.1084,0.45649,0.05267,-0.70882,11.74287,0.99922,-0.74259,11.66633,-0.037075,0.033305,0.019658,0.019658
31450,322207,-1740,-160,11730,-84,-154,-278,-0.19956,-0.01124,0.97954,-0.04733,0.22748,0.02214,-0.65765,11.51425,0.99972,-0.74101,11.66523,-0.037234,0.033593,0.019737,0.019737
31451,322217,-1812,-154,11792,-86,-210,-287,-0.20397,-0.01088,0.98322,-0.0626,-0.2,-0.04656,-0.63374,11.71936,1.00421,-0.73946,11.66385,-0.037406,0.033503,0.016802,0.016802
31452,322227,-1734,-172,11722,-84,-225,-287,-0.19919,-0.01198,0.97906,-0.04733,-0.3145,-0.04656,-0.70104,11.4989,0.99919,-0.7388,11.6572,-0.037477,0.033804,0.019632,0.019632
31453,322238,-1756,-224,11742,-85,-195,-282,-0.20054,-0.01517,0.98025,-0.05496,-0.0855,-0.0084,-0.88659,11.56058,1.00067,-0.74188,11.65413,-0.037202,0.033981,0.019649,0.019649
31454,322248,-1824,-218,11764,-86,-140,-278,-0.20471,-0.0148,0.98156,-0.0626,0.33435,0.02214,-0.86393,11.77927,1.00279,-0.74436,11.65937,-0.036991,0.033769,0.018318,0.018318
31455,322258,-1828,-206,11672,-85,-118,-287,-0.20496,-0.01407,0.97609,-0.05496,0.50229,-0.04656,-0.82557,11.8573,0.99747,-0.74605,11.66764,-0.036848,0.03343,0.018554,0.018554
31456,322268,-1828,-130,11710,-77,-169,-282,-0.20496,-0.0094,0.97835,0.00611,0.11298,-0.0084,-0.55069,11.83136,0.99963,-0.74178,11.67164,-0.037212,0.033126,0.019686,0.019686
31457,322279,-1772,-172,11708,-81,-219,-274,-0.20152,-0.01198,0.97823,-0.02443,-0.2687,0.05267,-0.70164,11.63949,0.99884,-0.74087,11.66806,-0.037286,0.033179,0.019433,0.019433
31458,322289,-1784,-190,11774,-85,-227,-284,-0.20226,-0.01308,0.98215,-0.05496,-0.32977,-0.02366,-0.76323,11.63534,1.00284,-0.74146,11.6639,-0.037248,0.03323,0.018224,0.018224
31459,322299,-1794,-174,11674,-86,-168,-281,-0.20287,-0.0121,0.97621,-0.0626,0.12061,-0.00076,-0.71029,11.73887,0.99714,-0.74114,11.66612,-0.037302,0.033102,0.018213,0.018213
31460,322309,-1806,-216,11724,-88,-127,-284,-0.20361,-0.01468,0.97918,-0.07786,0.43359,-0.02366,-0.85885,11.74514,1.00023,-0.74385,11.6716,-0.037083,0.032962,0.01967,0.01967
31461,322320,-1770,-148,11730,-83,-147,-280,-0.2014,-0.01051,0.97954,-0.03969,0.28092,0.00687,-0.6146,11.61769,1.00008,-0.74133,11.67297,-0.037324,0.033067,0.019656,0.019656
31462,322330,-1820,-196,11770,-83,-192,-279,-0.20446,-0.01345,0.98191,-0.03969,-0.0626,0.0145,-0.78489,11.76161,1.00306,-0.74214,11.67363,-0.03725,0.032914,0.017979,0.017979
31463,322340,-1780,-156,11792,-79,-235,-293,-0.20201,-0.011,0.98322,-0.00916,-0.39084,-0.09237,-0.64089,11.6096,1.00382,-0.74012,11.66836,-0.037414,0.033012,0.017189,0.017189
31464,322351,-1780,-160,11788,-80,-146,-285,-0.20201,-0.01124,0.98298,-0.01679,0.28855,-0.0313,-0.65534,11.6123,1.00359,-0.73844,11.66989,-0.037554,0.033109,0.017467,0.017467
31465,322361,-1794,-214,11746,-83,-123,-285,-0.20287,-0.01456,0.98049,-0.03969,0.46412,-0.0313,-0.85054,11.68869,1.00136,-0.74063,11.67449,-0.037349,0.033082,0.01934,0.01934
31466,322371,-1836,-190,11700,-81,-172,-280,-0.20545,-0.01308,0.97775,-0.02443,0.09008,0.00687,-0.76667,11.86541,0.99919,-0.74101,11.67878,-0.0373,0.032729,0.019548,0.019548
31467,322381,-1810,-206,11764,-76,-232,-281,-0.20385,-0.01407,0.98156,0.01374,-0.36794,-0.00076,-0.82098,11.73133,1.0026,-0.74199,11.67581,-0.03716,0.032631,0.018432,0.018432
31468,322392,-1774,-142,11744,-83,-231,-278,-0.20164,-0.01014,0.98037,-0.03969,-0.36031,0.02214,-0.59257,11.62191,1.00094,-0.7391,11.67091,-0.037436,0.032723,0.019486,0.019486
31469,322402,-1822,-182,11740,-86,-167,-284,-0.20459,-0.01259,0.98013,-0.0626,0.12824,-0.02366,-0.73613,11.78941,1.00133,-0.73929,11.67413,-0.037442,0.032508,0.019299,0.019299
31470,322412,-1832,-198,11796,-71,-119,-278,-0.2052,-0.01357,0.98346,0.05191,0.49466,0.02214,-0.7908,11.78475,1.00473,-0.73924,11.68046,-0.037362,0.032346,0.016092,0.016092
31471,322422,-1778,-198,11728,-81,-163,-284,-0.20189,-0.01357,0.97942,-0.02443,0.15878,-0.02366,-0.79407,11.64618,1.0001,-0.74019,11.68103,-0.037259,0.032412,0.019666,0.019666
31472,322433,-1780,-180,11766,-80,-236,-287,-0.20201,-0.01247,0.98168,-0.01679,-0.39847,-0.04656,-0.72781,11.62716,1.00232,-0.73976,11.67579,-0.037281,0.0325,0.018659,0.018659
31473,322443,-1784,-180,11832,-82,-230,-286,-0.20226,-0.01247,0.9856,-0.03206,-0.35267,-0.03893,-0.72491,11.59585,1.00621,-0.73949,11.67086,-0.037301,0.032603,0.01425,0.01425
31474,322453,-1798,-194,11764,-88,-187,-283,-0.20311,-0.01333,0.98156,-0.07786,-0.02443,-0.01603,-0.77802,11.69024,1.00244,-0.74061,11.67066,-0.037233,0.032568,0.018637,0.018637
31475,322464,-1822,-168,11764,-82,-118,-283,-0.20459,-0.01173,0.98156,-0.03206,0.50229,-0.01603,-0.68494,11.77289,1.00272,-0.73954,11.67715,-0.03733,0.032398,0.018388,0.018388
31476,322474,-1768,-162,11716,-77,-134,-287,-0.20127,-0.01137,0.9787,0.00611,0.38015,-0.04656,-0.66539,11.62029,0.99925,-0.73766,11.67944,-0.037467,0.03251,0.019614,0.019614
31477,322484,-1704,-158,11794,-84,-205,-288,-0.19735,-0.01112,0.98334,-0.04733,-0.16183,-0.0542,-0.64796,11.34725,1.00301,-0.73613,11.67152,-0.037621,0.033076,0.018095,0.018095
31478,322495,-1822,-176,11670,-89,-238,-285,-0.20459,-0.01223,0.97597,-0.0855,-0.41374,-0.0313,-0.71766,11.83829,0.99726,-0.73626,11.6702,-0.037654,0.032778,0.018354,0.018354
31479,322505,-1776,-216,11790,-79,-216,-285,-0.20176,-0.01468,0.9831,-0.00916,-0.2458,-0.0313,-0.85543,11.59669,1.0037,-0.73805,11.66618,-0.037458,0.032895,0.017377,0.017377
31480,322515,-1804,-192,11762,-78,-154,-286,-0.20348,-0.01321,0.98144,-0.00153,0.22748,-0.03893,-0.77095,11.71225,1.0024,-0.73831,11.66895,-0.037399,0.032817,0.018678,0.018678
31481,322526,-1832,-216,11774,-85,-127,-285,-0.2052,-0.01468,0.98215,-0.05496,0.43359,-0.0313,-0.85626,11.79981,1.00347,-0.74057,11.6752,-0.037202,0.032605,0.017648,0.017648
31482,322536,-1836,-152,11736,-90,-155,-282,-0.20545,-0.01075,0.97989,-0.09313,0.21985,-0.0084,-0.62872,11.84057,1.00126,-0.73894,11.68025,-0.037409,0.032303,0.01944,0.01944
31483,322546,-1810,-168,11766,-87,-222,-289,-0.20385,-0.01173,0.98168,-0.07023,-0.2916,-0.06183,-0.68485,11.73031,1.00269,-0.73827,11.67799,-0.037504,0.03221,0.018418,0.018418
31484,322556,-1746,-186,11748,-86,-233,-287,-0.19992,-0.01284,0.98061,-0.0626,-0.37557,-0.04656,-0.7501,11.52246,1.00086,-0.73874,11.67095,-0.037482,0.032491,0.019579,0.019579
31485,322567,-1814,-166,11774,-90,-185,-275,-0.2041,-0.01161,0.98215,-0.09313,-0.00916,0.04504,-0.67737,11.73853,1.0032,-0.73819,11.67175,-0.037587,0.032376,0.017903,0.017903
31486,322577,-1762,-196,11674,-87,-138,-279,-0.20091,-0.01345,0.97621,-0.07023,0.34962,0.0145,-0.78948,11.62815,0.99676,-0.73943,11.67409,-0.037501,0.032455,0.017869,0.017869
31487,322587,-1762,-160,11720,-88,-135,-281,-0.20091,-0.01124,0.97894,-0.07786,0.37252,-0.00076,-0.65805,11.59689,0.99941,-0.73823,11.67591,-0.037653,0.032605,0.019654,0.019654
31488,322598,-1770,-190,11740,-77,-223,-285,-0.2014,-0.01308,0.98013,0.00611,-0.29924,-0.0313,-0.76481,11.61049,1.00069,-0.73832,11.67137,-0.037603,0.032721,0.019606,0.019606
31489,322608,-1800,-186,11770,-80,-222,-287,-0.20324,-0.01284,0.98191,-0.01679,-0.2916,-0.04656,-0.74911,11.69306,1.00281,-0.73831,11.66858,-0.037584,0.032678,0.018265,0.018265
31490,322618,-1758,-162,11734,-77,-177,-283,-0.20066,-0.01137,0.97977,0.00611,0.05191,-0.01603,-0.66466,11.57352,1.00017,-0.73643,11.6669,-0.037721,0.032855,0.019675,0.019675
31491,322628,-1774,-206,11764,-82,-144,-274,-0.20164,-0.01407,0.98156,-0.03206,0.30382,0.05267,-0.82098,11.60767,1.00215,-0.73797,11.66844,-0.03757,0.032966,0.018803,0.018803
31492,322639,-1780,-190,11762,-80,-169,-287,-0.20201,-0.01308,0.98144,-0.01679,0.11298,-0.04656,-0.76379,11.62981,1.0021,-0.73825,11.6685,-0.037523,0.033036,0.018839,0.018839
31493,322649,-1808,-178,11752,-81,-195,-283,-0.20373,-0.01235,0.98084,-0.02443,-0.0855,-0.01603,-0.72126,11.73302,1.00185,-0.7378,11.66856,-0.037554,0.032918,0.019005,0.019005
31494,322659,-1810,-220,11730,-85,-218,-288,-0.20385,-0.01492,0.97954,-0.05496,-0.26107,-0.0542,-0.87289,11.7547,1.00063,-0.74061,11.66737,-0.037304,0.032752,0.019559,0.019559
31495,322670,-1750,-106,11754,-84,-187,-281,-0.20017,-0.00793,0.98096,-0.04733,-0.02443,-0.00076,-0.46324,11.53274,1.00121,-0.73535,11.6642,-0.037812,0.032998,0.019339,0.019339
31496,322680,-1774,-214,11770,-85,-171,-283,-0.20164,-0.01456,0.98191,-0.05496,0.09771,-0.01603,-0.84931,11.60349,1.00251,-0.73762,11.66372,-0.037613,0.033106,0.018461,0.018461
31497,322690,-1780,-144,11748,-85,-160,-283,-0.20201,-0.01026,0.98061,-0.05496,0.18168,-0.01603,-0.59959,11.63979,1.00125,-0.73512,11.66471,-0.037866,0.033152,0.019306,0.019306
31498,322700,-1790,-146,11750,-83,-181,-282,-0.20262,-0.01038,0.98072,-0.03969,0.02137,-0.0084,-0.60669,11.67279,1.00149,-0.73268,11.66475,-0.038099,0.033137,0.01917,0.01917
31499,322711,-1810,-214,11822,-91,-195,-285,-0.20385,-0.01456,0.985,-0.10076,-0.0855,-0.0313,-0.84664,11.69135,1.00598,-0.73495,11.66397,-0.037944,0.033099,0.014493,0.014493
31500,322721,-1772,-192,11700,-86,-181,-282,-0.20152,-0.01321,0.97775,-0.0626,0.02137,-0.0084,-0.77385,11.64481,0.99839,-0.73594,11.66349,-0.037874,0.033134,0.019168,0.019168
31501,322731,-1826,-204,11760,-81,-181,-285,-0.20483,-0.01394,0.98132,-0.02443,0.02137,-0.0313,-0.81401,11.78906,1.00257,-0.73724,11.66569,-0.037737,0.032914,0.018451,0.018451
31502,322742,-1774,-236,11760,-84,-158,-283,-0.20164,-0.01591,0.98132,-0.04733,0.19695,-0.01603,-0.92859,11.61008,1.00195,-0.74096,11.66624,-0.037393,0.033016,0.018938,0.018938
31503,322752,-1796,-172,11754,-81,-155,-278,-0.20299,-0.01198,0.98096,-0.02443,0.21985,0.02214,-0.69968,11.69046,1.00182,-0.74005,11.66854,-0.037468,0.032976,0.019019,0.019019
31504,322762,-1762,-212,11700,-89,-188,-282,-0.20091,-0.01443,0.97775,-0.0855,-0.03206,-0.0084,-0.84573,11.61012,0.99829,-0.74254,11.66679,-0.037277,0.033081,0.019075,0.019075
31505,322773,-1772,-210,11748,-85,-186,-282,-0.20152,-0.01431,0.98061,-0.05496,-0.01679,-0.0084,-0.8361,11.61169,1.0012,-0.74452,11.66523,-0.037106,0.033181,0.019341,0.019341
31506,322783,-1800,-178,11808,-76,-206,-285,-0.20324,-0.01235,0.98417,0.01374,-0.16947,-0.0313,-0.71882,11.66704,1.00501,-0.74362,11.66326,-0.037144,0.033175,0.015725,0.015725
31507,322793,-1792,-224,11730,-82,-190,-279,-0.20275,-0.01517,0.97954,-0.03206,-0.04733,0.0145,-0.88724,11.69272,1.00041,-0.74638,11.66305,-0.036877,0.033119,0.01962,0.01962
31508,322803,-1788,-202,11708,-91,-138,-281,-0.2025,-0.01382,0.97823,-0.10076,0.34962,-0.00076,-0.8094,11.69436,0.99906,-0.74824,11.66677,-0.036762,0.033067,0.019465,0.019465
31509,322814,-1774,-154,11682,-87,-148,-280,-0.20164,-0.01088,0.97668,-0.07023,0.27328,0.00687,-0.63798,11.66445,0.99734,-0.74654,11.66908,-0.036954,0.033075,0.018342,0.018342
31510,322824,-1800,-198,11768,-90,-191,-283,-0.20324,-0.01357,0.98179,-0.09313,-0.05496,-0.01603,-0.79214,11.69432,1.0027,-0.74793,11.66868,-0.036876,0.03303,0.018308,0.018308
31511,322834,-1810,-206,11714,-79,-225,-285,-0.20385,-0.01407,0.97859,-0.00916,-0.3145,-0.0313,-0.82347,11.76595,0.99969,-0.74914,11.66718,-0.036735,0.032842,0.019603,0.019603
31512,322845,-1764,-152,11658,-82,-151,-276,-0.20103,-0.01075,0.97526,-0.03206,0.25038,0.0374,-0.63171,11.64648,0.99582,-0.74713,11.66897,-0.036921,0.032879,0.016734,0.016734
31513,322855,-1776,-146,11750,-88,-116,-279,-0.20176,-0.01038,0.98072,-0.07786,0.51756,0.0145,-0.60669,11.62465,1.00132,-0.74482,11.67287,-0.037179,0.032969,0.019308,0.019308
31514,322865,-1786,-128,11680,-81,-171,-288,-0.20238,-0.00928,0.97656,-0.02443,0.09771,-0.0542,-0.5445,11.70745,0.99736,-0.74101,11.67414,-0.037527,0.03291,0.018364,0.018364
31515,322875,-1798,-174,11728,-82,-230,-290,-0.20311,-0.0121,0.97942,-0.03206,-0.35267,-0.06947,-0.70796,11.71525,1.00033,-0.74031,11.67117,-0.037589,0.032826,0.019603,0.019603
31516,322886,-1780,-206,11696,-86,-221,-287,-0.20201,-0.01407,0.97752,-0.0626,-0.28397,-0.04656,-0.82437,11.67502,0.99827,-0.74216,11.66813,-0.037437,0.032813,0.019045,0.019045
31517,322896,-1800,-214,11730,-83,-176,-275,-0.20324,-0.01456,0.97954,-0.03969,0.05954,0.04504,-0.85137,11.72036,1.0005,-0.74431,11.66941,-0.037235,0.032717,0.019545,0.019545
31518,322906,-1816,-198,11686,-85,-106,-277,-0.20422,-0.01357,0.97692,-0.05496,0.59389,0.02977,-0.7961,11.8062,0.99813,-0.74547,11.67751,-0.037142,0.032482,0.018927,0.018927
31519,322916,-1790,-184,11752,-86,-179,-289,-0.20262,-0.01272,0.98084,-0.0626,0.03664,-0.06183,-0.74276,11.6711,1.00163,-0.74567,11.67743,-0.037148,0.032494,0.019069,0.019069
31520,322927,-1782,-194,11750,-81,-239,-283,-0.20213,-0.01333,0.98072,-0.02443,-0.42137,-0.01603,-0.77868,11.64487,1.00143,-0.74617,11.67235,-0.037088,0.032544,0.019176,0.019176
31521,322937,-1784,-178,11762,-78,-224,-280,-0.20226,-0.01235,0.98144,-0.00153,-0.30687,0.00687,-0.72082,11.64367,1.00214,-0.74535,11.66848,-0.037132,0.032589,0.01871,0.01871
31522,322947,-1778,-232,11716,-78,-130,-286,-0.20189,-0.01566,0.9787,-0.00153,0.41069,-0.03893,-0.91671,11.65407,0.99943,-0.74834,11.67191,-0.036815,0.032623,0.019484,0.019484
31523,322958,-1820,-182,11680,-81,-98,-282,-0.20446,-0.01259,0.97656,-0.02443,0.65496,-0.0084,-0.73881,11.82434,0.99782,-0.74804,11.68086,-0.036831,0.032364,0.018658,0.018658
31524,322968,-1786,-140,11656,-82,-170,-281,-0.20238,-0.01002,0.97514,-0.03206,0.10534,-0.00076,-0.58854,11.72402,0.99597,-0.74531,11.68231,-0.037086,0.032297,0.016843,0.016843
31525,322978,-1834,-170,11806,-82,-268,-281,-0.20532,-0.01186,0.98405,-0.03206,-0.64275,-0.00076,-0.69034,11.78494,1.00531,-0.74442,11.67723,-0.037166,0.032138,0.01532,0.01532
31526,322989,-1762,-164,11812,-87,-276,-282,-0.20091,-0.01149,0.98441,-0.07023,-0.70382,-0.0084,-0.66867,11.5342,1.00477,-0.74353,11.6677,-0.037281,0.032344,0.01605,0.01605
31527,322999,-1744,-198,11700,-81,-137,-288,-0.1998,-0.01357,0.97775,-0.02443,0.35725,-0.0542,-0.79542,11.54814,0.99805,-0.74438,11.66862,-0.037188,0.032565,0.018966,0.018966
31528,323009,-1796,-202,11706,-89,-59,-283,-0.20299,-0.01382,0.97811,-0.0855,0.95267,-0.01603,-0.8095,11.72331,0.99905,-0.74613,11.6787,-0.037068,0.032481,0.019489,0.019489
31529,323019,-1756,-198,11706,-84,-118,-281,-0.20054,-0.01357,0.97811,-0.04733,0.50229,-0.00076,-0.79513,11.58545,0.99855,-0.74717,11.68152,-0.036979,0.03266,0.019246,0.019246
31530,323030,-1764,-180,11728,-80,-244,-286,-0.20103,-0.01247,0.97942,-0.01679,-0.45954,-0.03893,-0.72949,11.59813,0.99991,-0.74663,11.67505,-0.037012,0.032806,0.019628,0.019628
31531,323040,-1740,-194,11748,-82,-314,-282,-0.19956,-0.01333,0.98061,-0.03206,-0.99389,-0.0084,-0.77877,11.50173,1.00079,-0.7472,11.66161,-0.036952,0.033107,0.019488,0.019488
31532,323050,-1764,-188,11732,-84,-216,-282,-0.20103,-0.01296,0.97965,-0.04733,-0.2458,-0.0084,-0.75801,11.59532,1.00015,-0.74752,11.65758,-0.036932,0.033225,0.019586,0.019586
31533,323061,-1806,-214,11658,-84,-90,-282,-0.20361,-0.01456,0.97526,-0.04733,0.71603,-0.0084,-0.8551,11.79106,0.99639,-0.74949,11.6666,-0.036756,0.033016,0.017354,0.017354
31534,323071,-1798,-244,11812,-79,-68,-277,-0.20311,-0.0164,0.98441,-0.00916,0.88397,0.02977,-0.95423,11.65677,1.00528,-0.75237,11.67483,-0.036457,0.033043,0.01539,0.01539
31535,323081,-1810,-208,11704,-84,-185,-280,-0.20385,-0.01419,0.97799,-0.04733,-0.00916,0.00687,-0.83115,11.77288,0.99911,-0.75401,11.67633,-0.036311,0.032861,0.019504,0.019504
31536,323091,-1706,-180,11740,-80,-270,-283,-0.19747,-0.01247,0.98013,-0.01679,-0.65802,-0.01603,-0.72896,11.39014,0.9999,-0.75333,11.66394,-0.036357,0.033381,0.019634,0.019634
31537,323102,-1754,-176,11720,-82,-148,-275,-0.20041,-0.01223,0.97894,-0.03206,0.27328,0.04504,-0.71548,11.56918,0.99932,-0.75254,11.66444,-0.036427,0.033561,0.019526,0.019526
31538,323112,-1814,-172,11694,-91,-89,-284,-0.2041,-0.01198,0.9774,-0.10076,0.72366,-0.02366,-0.70223,11.79397,0.99855,-0.75221,11.67369,-0.03652,0.033337,0.0192,0.0192
31539,323122,-1822,-192,11716,-85,-154,-279,-0.20459,-0.01321,0.9787,-0.05496,0.22748,0.0145,-0.7731,11.80601,0.99995,-0.7528,11.67819,-0.036482,0.033095,0.019582,0.019582
31540,323132,-1746,-178,11762,-86,-229,-283,-0.19992,-0.01235,0.98144,-0.0626,-0.34504,-0.01603,-0.72082,11.51303,1.00167,-0.75245,11.67133,-0.03654,0.033387,0.019043,0.019043
31541,323143,-1806,-208,11750,-82,-247,-281,-0.20361,-0.01419,0.98072,-0.03206,-0.48244,-0.00076,-0.82884,11.72724,1.00174,-0.75385,11.66734,-0.036402,0.033277,0.018993,0.018993
31542,323153,-1782,-194,11690,-79,-179,-283,-0.20213,-0.01333,0.97716,-0.00916,0.03664,-0.01603,-0.78152,11.68619,0.99794,-0.75411,11.66772,-0.036353,0.033243,0.018763,0.018763
31543,323163,-1792,-170,11714,-73,-114,-282,-0.20275,-0.01186,0.97859,0.03664,0.53282,-0.0084,-0.6942,11.7043,0.99944,-0.75222,11.67333,-0.036462,0.033185,0.019483,0.019483
31544,323174,-1746,-158,11688,-77,-150,-276,-0.19992,-0.01112,0.97704,0.00611,0.25802,0.0374,-0.65214,11.56361,0.99735,-0.74998,11.67354,-0.036634,0.033379,0.018266,0.018266
31545,323184,-1768,-186,11748,-87,-204,-274,-0.20127,-0.01284,0.98061,-0.07023,-0.1542,0.05267,-0.7501,11.59817,1.00113,-0.75031,11.67024,-0.036635,0.033513,0.019291,0.019291
31546,323194,-1772,-198,11788,-91,-228,-281,-0.20152,-0.01357,0.98298,-0.10076,-0.3374,-0.00076,-0.79119,11.5845,1.00352,-0.75165,11.6651,-0.036568,0.033649,0.017408,0.017408
31547,323204,-1734,-186,11756,-85,-192,-278,-0.19919,-0.01284,0.98108,-0.05496,-0.0626,0.02214,-0.74974,11.47573,1.00118,-0.75179,11.66051,-0.036572,0.033993,0.019281,0.019281
31548,323215,-1764,-174,11718,-81,-141,-278,-0.20103,-0.0121,0.97882,-0.02443,0.32672,0.02214,-0.70839,11.60503,0.99933,-0.75083,11.6623,-0.036652,0.034101,0.019444,0.019444
31549,323225,-1738,-154,11760,-87,-155,-278,-0.19943,-0.01088,0.98132,-0.07023,0.21985,0.02214,-0.63497,11.48706,1.00144,-0.74894,11.66077,-0.036863,0.034422,0.019127,0.019127
31550,323235,-1788,-150,11704,-82,-195,-275,-0.2025,-0.01063,0.97799,-0.03206,-0.0855,0.04504,-0.62276,11.69759,0.99879,-0.74647,11.6603,-0.037093,0.034352,0.01923,0.01923
31551,323245,-1784,-176,11736,-82,-218,-281,-0.20226,-0.01223,0.97989,-0.03206,-0.26107,-0.00076,-0.71479,11.66154,1.00062,-0.74581,11.65743,-0.037151,0.034345,0.01942,0.01942
31552,323256,-1784,-186,11728,-85,-193,-280,-0.20226,-0.01284,0.97942,-0.05496,-0.07023,0.00687,-0.75101,11.66695,1.00016,-0.74608,11.65659,-0.037142,0.034325,0.019473,0.019473
31553,323266,-1794,-164,11658,-92,-157,-287,-0.20287,-0.01149,0.97526,-0.1084,0.20458,-0.04656,-0.67495,11.75008,0.9962,-0.74557,11.65986,-0.037258,0.034177,0.01705,0.01705
31554,323276,-1764,-186,11728,-80,-152,-288,-0.20103,-0.01284,0.97942,-0.01679,0.24275,-0.0542,-0.75101,11.59808,0.99992,-0.74547,11.6607,-0.037247,0.034295,0.019493,0.019493
31555,323287,-1780,-182,11768,-88,-181,-285,-0.20201,-0.01259,0.98179,-0.07786,0.02137,-0.0313,-0.73488,11.62578,1.00244,-0.74568,11.65993,-0.037266,0.034356,0.018403,0.018403
31556,323297,-1738,-152,11676,-86,-213,-290,-0.19943,-0.01075,0.97633,-0.0626,-0.2229,-0.06947,-0.63102,11.54422,0.99655,-0.74393,11.65538,-0.037456,0.034543,0.017442,0.017442
31557,323307,-1822,-156,11792,-91,-189,-286,-0.20459,-0.011,0.98322,-0.10076,-0.03969,-0.03893,-0.64089,11.75362,1.00434,-0.74285,11.65627,-0.037618,0.034388,0.016465,0.016465
31558,323318,-1766,-236,11830,-90,-157,-286,-0.20115,-0.01591,0.98548,-0.09313,0.20458,-0.03893,-0.92467,11.53502,1.00592,-0.74604,11.65619,-0.037368,0.034558,0.014544,0.014544
31559,323328,-1798,-194,11754,-85,-146,-285,-0.20311,-0.01333,0.98096,-0.05496,0.28855,-0.0313,-0.77849,11.69713,1.00186,-0.74683,11.65945,-0.03731,0.034489,0.018983,0.018983
31560,323338,-1806,-174,11730,-88,-174,-285,-0.20361,-0.0121,0.97954,-0.07786,0.07481,-0.0313,-0.70787,11.7414,1.00055,-0.74647,11.66145,-0.037383,0.034337,0.019559,0.019559
31561,323348,-1814,-208,11726,-83,-215,-284,-0.2041,-0.01419,0.9793,-0.03969,-0.23817,-0.02366,-0.83004,11.77137,1.00044,-0.74813,11.66093,-0.037228,0.034128,0.01956,0.01956
31562,323359,-1802,-230,11790,-86,-180,-278,-0.20336,-0.01554,0.9831,-0.0626,0.02901,0.02214,-0.90547,11.68572,1.00403,-0.75103,11.6613,-0.036977,0.034089,0.016884,0.016884
31563,323369,-1782,-202,11742,-87,-139,-284,-0.20213,-0.01382,0.98025,-0.07023,0.34198,-0.02366,-0.80773,11.65029,1.00097,-0.75246,11.6641,-0.036873,0.034115,0.019431,0.019431
31564,323379,-1780,-184,11702,-84,-160,-279,-0.20201,-0.01272,0.97787,-0.04733,0.18168,0.0145,-0.74501,11.6711,0.9986,-0.75242,11.66569,-0.036887,0.034105,0.019224,0.019224
31565,323390,-1740,-174,11730,-83,-201,-281,-0.19956,-0.0121,0.97954,-0.03969,-0.1313,-0.00076,-0.70787,11.51413,0.99973,-0.75158,11.6611,-0.03697,0.034383,0.019566,0.019566
31566,323400,-1788,-180,11742,-89,-210,-278,-0.2025,-0.01247,0.98025,-0.0855,-0.2,0.02214,-0.72887,11.67114,1.00102,-0.75161,11.65899,-0.037012,0.03436,0.019362,0.019362
31567,323410,-1778,-188,11754,-80,-158,-289,-0.20189,-0.01296,0.98096,-0.01679,0.19695,-0.06183,-0.757,11.62844,1.00161,-0.75152,11.66001,-0.037002,0.034418,0.019064,0.019064
31568,323420,-1796,-180,11728,-89,-138,-282,-0.20299,-0.01247,0.97942,-0.0855,0.34962,-0.0084,-0.72949,11.70831,1.00031,-0.75156,11.66404,-0.037044,0.034335,0.019519,0.019519
31569,323431,-1768,-166,11724,-81,-176,-284,-0.20127,-0.01161,0.97918,-0.02443,0.05954,-0.02366,-0.67942,11.61477,0.99972,-0.75003,11.66333,-0.037177,0.034426,0.019504,0.019504
31570,323441,-1828,-232,11758,-87,-198,-282,-0.20496,-0.01566,0.9812,-0.07023,-0.1084,-0.0084,-0.91438,11.79701,1.0025,-0.75338,11.66438,-0.036891,0.034191,0.018377,0.018377
31571,323451,-1776,-200,11746,-77,-202,-284,-0.20176,-0.0137,0.98049,0.00611,-0.13893,-0.02366,-0.80037,11.62692,1.00112,-0.75386,11.66196,-0.036804,0.034256,0.019269,0.019269
31572,323462,-1800,-200,11780,-88,-183,-277,-0.20324,-0.0137,0.98251,-0.07786,0.00611,0.02977,-0.79872,11.68605,1.0034,-0.75505,11.66211,-0.036731,0.034216,0.01751,0.01751
31573,323472,-1778,-138,11730,-80,-163,-287,-0.20189,-0.00989,0.97954,-0.01679,0.15878,-0.04656,-0.57872,11.64531,1.00017,-0.75141,11.663,-0.037056,0.034249,0.019511,0.019511
31574,323482,-1734,-150,11756,-86,-186,-280,-0.19919,-0.01063,0.98108,-0.0626,-0.01679,0.00687,-0.62079,11.47603,1.00115,-0.74915,11.6589,-0.037295,0.034589,0.019249,0.019249
31575,323492,-1816,-200,11770,-73,-188,-286,-0.20422,-0.0137,0.98191,0.03664,-0.03206,-0.03893,-0.79921,11.74785,1.00302,-0.74932,11.65984,-0.037209,0.034437,0.01789,0.01789
31576,323503,-1820,-250,11816,-83,-174,-285,-0.20446,-0.01676,0.98465,-0.03969,0.07481,-0.0313,-0.97541,11.72929,1.00579,-0.75266,11.66125,-0.036895,0.034341,0.014677,0.014677
31577,323513,-1820,-240,11718,-83,-148,-288,-0.20446,-0.01615,0.97882,-0.03969,0.27328,-0.0542,-0.94532,11.79722,1.00008,-0.75646,11.66626,-0.036537,0.034093,0.019578,0.019578
31578,323523,-1828,-198,11676,-83,-173,-281,-0.20496,-0.01357,0.97633,-0.03969,0.08244,-0.00076,-0.79658,11.85457,0.9977,-0.75724,11.67023,-0.036466,0.033762,0.018595,0.018595
31579,323534,-1740,-182,11658,-87,-190,-281,-0.19956,-0.01259,0.97526,-0.07023,-0.04733,-0.00076,-0.7398,11.56321,0.99554,-0.75728,11.66769,-0.036494,0.033927,0.016372,0.016372
31580,323544,-1764,-138,11694,-81,-215,-280,-0.20103,-0.00989,0.9774,-0.02443,-0.23817,0.00687,-0.57999,11.62179,0.99791,-0.75383,11.66415,-0.03681,0.034004,0.018793,0.018793
31581,323554,-1760,-144,11672,-85,-193,-283,-0.20078,-0.01026,0.97609,-0.05496,-0.07023,-0.01603,-0.60237,11.62306,0.99658,-0.75135,11.66241,-0.037062,0.034071,0.01758,0.01758
31582,323564,-1828,-230,11746,-84,-140,-288,-0.20496,-0.01554,0.98049,-0.04733,0.33435,-0.0542,-0.90788,11.80537,1.0018,-0.75443,11.66807,-0.03678,0.033818,0.019012,0.019012
31583,323575,-1818,-194,11768,-79,-145,-276,-0.20434,-0.01333,0.98179,-0.00916,0.29618,0.0374,-0.77783,11.75615,1.00292,-0.75458,11.67224,-0.03674,0.033672,0.018092,0.018092
31584,323585,-1770,-170,11776,-86,-177,-278,-0.2014,-0.01186,0.98227,-0.0626,0.05191,0.02214,-0.69159,11.58607,1.00277,-0.75368,11.67085,-0.036849,0.033821,0.01824,0.01824
31585,323595,-1824,-160,11744,-86,-215,-281,-0.20471,-0.01124,0.98037,-0.0626,-0.23817,-0.00076,-0.65709,11.7937,1.00158,-0.75209,11.67053,-0.037025,0.033593,0.019155,0.019155
31586,323606,-1824,-178,11736,-85,-178,-279,-0.20471,-0.01235,0.97989,-0.05496,0.04427,0.0145,-0.72196,11.7991,1.00112,-0.75168,11.67313,-0.037081,0.033357,0.01937,0.01937
31587,323616,-1752,-180,11760,-84,-154,-278,-0.20029,-0.01247,0.98132,-0.04733,0.22748,0.02214,-0.72807,11.535,1.00163,-0.75133,11.67239,-0.037124,0.033611,0.019097,0.019097
31588,323626,-1798,-220,11750,-80,-169,-275,-0.20311,-0.01492,0.98072,-0.01679,0.11298,0.04504,-0.87183,11.69962,1.00165,-0.75343,11.67369,-0.036905,0.033563,0.019075,0.019075
31589,323636,-1778,-224,11684,-83,-194,-282,-0.20189,-0.01517,0.9768,-0.03969,-0.07786,-0.0084,-0.88972,11.67622,0.99756,-0.75597,11.67265,-0.036666,0.033557,0.018496,0.018496
31590,323647,-1778,-184,11726,-85,-183,-278,-0.20189,-0.01272,0.9793,-0.05496,0.00611,0.02214,-0.74393,11.64769,0.99997,-0.75592,11.67189,-0.036689,0.033602,0.019575,0.019575
31591,323657,-1774,-164,11714,-82,-189,-286,-0.20164,-0.01149,0.97859,-0.03206,-0.03969,-0.03893,-0.67265,11.64233,0.99921,-0.75425,11.67059,-0.036842,0.033655,0.019437,0.019437
31592,323667,-1786,-178,11776,-84,-187,-282,-0.20238,-0.01235,0.98227,-0.04733,-0.02443,-0.0084,-0.72021,11.64094,1.00298,-0.75375,11.66949,-0.036901,0.033705,0.017977,0.017977
31593,323677,-1770,-212,11702,-86,-160,-290,-0.2014,-0.01443,0.97787,-0.0626,0.18168,-0.06947,-0.84563,11.63634,0.9985,-0.75576,11.67031,-0.036734,0.033768,0.019129,0.019129
31594,323688,-1768,-240,11692,-86,-157,-278,-0.20127,-0.01615,0.97728,-0.0626,0.20458,0.02214,-0.94681,11.63601,0.99792,-0.75959,11.67134,-0.036395,0.033832,0.018746,0.018746
31595,323698,-1788,-230,11678,-84,-166,-284,-0.2025,-0.01554,0.97645,-0.04733,0.13588,-0.02366,-0.91164,11.71482,0.99734,-0.76248,11.67314,-0.036132,0.033758,0.018274,0.018274
31596,323708,-1746,-152,11762,-84,-189,-276,-0.19992,-0.01075,0.98144,-0.04733,-0.03969,0.0374,-0.62773,11.51324,1.00165,-0.76002,11.66937,-0.036375,0.034045,0.019036,0.019036
31597,323719,-1804,-190,11682,-81,-189,-280,-0.20348,-0.01308,0.97668,-0.02443,-0.03969,0.00687,-0.76751,11.76768,0.99774,-0.76004,11.67048,-0.036362,0.033871,0.018606,0.018606
31598,323729,-1822,-168,11770,-79,-191,-281,-0.20459,-0.01173,0.98191,-0.00916,-0.05496,-0.00076,-0.68469,11.76873,1.00307,-0.75843,11.67136,-0.036489,0.033703,0.017885,0.017885
31599,323739,-1712,-206,11700,-83,-155,-282,-0.19784,-0.01407,0.97775,-0.03969,0.21985,-0.0084,-0.82417,11.43757,0.99767,-0.75968,11.66885,-0.036374,0.034117,0.01856,0.01856
31600,323749,-1816,-204,11808,-80,-154,-282,-0.20422,-0.01394,0.98417,-0.01679,0.22748,-0.0084,-0.81165,11.72161,1.00523,-0.76029,11.67157,-0.036297,0.034043,0.015414,0.015414
31601,323760,-1740,-220,11820,-82,-191,-280,-0.19956,-0.01492,0.98488,-0.03206,-0.05496,0.00687,-0.86815,11.45284,1.00501,-0.76194,11.66725,-0.036136,0.034368,0.015741,0.015741
31602,323770,-1768,-174,11738,-79,-192,-284,-0.20127,-0.0121,0.98001,-0.00916,-0.0626,-0.02366,-0.70753,11.60512,1.00054,-0.76061,11.66508,-0.036237,0.034482,0.01961,0.01961
31603,323780,-1790,-174,11812,-85,-188,-280,-0.20262,-0.0121,0.98441,-0.05496,-0.03206,0.00687,-0.70437,11.63008,1.00512,-0.75992,11.66388,-0.036321,0.034533,0.01563,0.01563
31604,323791,-1768,-174,11818,-85,-187,-278,-0.20127,-0.0121,0.98476,-0.05496,-0.02443,0.02214,-0.70412,11.55061,1.0052,-0.75923,11.66153,-0.036403,0.034699,0.015577,0.015577
31605,323801,-1848,-180,11740,-89,-161,-282,-0.20618,-0.01247,0.98013,-0.0855,0.17405,-0.0084,-0.72896,11.87877,1.00166,-0.75913,11.66708,-0.03646,0.034305,0.019236,0.019236
31606,323811,-1780,-200,11800,-90,-166,-272,-0.20201,-0.0137,0.9837,-0.09313,0.13588,0.06794,-0.79776,11.60375,1.00432,-0.76033,11.66702,-0.036399,0.034407,0.016691,0.016691
31607,323821,-1770,-156,11706,-86,-182,-280,-0.2014,-0.011,0.97811,-0.0626,0.01374,0.00687,-0.64424,11.63411,0.99869,-0.75833,11.66618,-0.036614,0.034468,0.019446,0.019446
31608,323832,-1798,-188,11742,-86,-199,-286,-0.20311,-0.01296,0.98025,-0.0626,-0.11603,-0.03893,-0.75755,11.70546,1.00116,-0.75857,11.66547,-0.036616,0.034392,0.019498,0.019498
31609,323842,-1814,-158,11778,-75,-198,-285,-0.2041,-0.01112,0.98239,0.02137,-0.1084,-0.0313,-0.64859,11.73584,1.00343,-0.75606,11.66531,-0.036799,0.034272,0.017696,0.017696
31610,323852,-1772,-144,11758,-77,-174,-280,-0.20152,-0.01026,0.9812,0.00611,0.07481,0.00687,-0.59923,11.60544,1.00173,-0.75263,11.66456,-0.037084,0.034381,0.019182,0.019182
31611,323863,-1784,-154,11748,-87,-195,-286,-0.20226,-0.01088,0.98061,-0.07023,-0.0855,-0.03893,-0.63543,11.65347,1.00131,-0.75068,11.66317,-0.0373,0.0344,0.019408,0.019408
31612,323873,-1788,-224,11718,-84,-170,-285,-0.2025,-0.01517,0.97882,-0.04733,0.10534,-0.0313,-0.88788,11.68723,0.99967,-0.75348,11.66434,-0.037044,0.034356,0.019692,0.019692
31613,323883,-1876,-252,11712,-76,-110,-282,-0.2079,-0.01689,0.97847,0.01374,0.56336,-0.0084,-0.98875,11.9939,1.00045,-0.7576,11.676,-0.036605,0.033752,0.01965,0.01965
31614,323893,-1770,-216,11660,-81,-128,-284,-0.2014,-0.01468,0.97538,-0.02443,0.42595,-0.02366,-0.8622,11.66525,0.99606,-0.75927,11.67967,-0.036435,0.033776,0.017069,0.017069
31615,323904,-1746,-122,11726,-79,-219,-280,-0.19992,-0.00891,0.9793,-0.00916,-0.2687,0.00687,-0.52145,11.53793,0.99954,-0.75433,11.67392,-0.036878,0.034034,0.019653,0.019653
31616,323914,-1736,-124,11776,-80,-312,-279,-0.19931,-0.00904,0.98227,-0.01679,-0.97863,0.0145,-0.52702,11.46958,1.00233,-0.74988,11.66017,-0.03728,0.034378,0.01868,0.01868
31617,323924,-1776,-180,11734,-78,-256,-274,-0.20176,-0.01247,0.97977,-0.00153,-0.55115,0.05267,-0.72922,11.63534,1.00041,-0.74913,11.65394,-0.037318,0.034413,0.019635,0.019635
31618,323934,-1814,-238,11676,-84,-80,-278,-0.2041,-0.01603,0.97633,-0.04733,0.79237,0.02214,-0.94054,11.80584,0.99756,-0.75278,11.6642,-0.036981,0.034159,0.018563,0.018563
31619,323945,-1774,-248,11636,-88,-2,-281,-0.20164,-0.01664,0.97395,-0.07786,1.38779,-0.00076,-0.97891,11.69533,0.99474,-0.75668,11.678,-0.03665,0.034134,0.015458,0.015458
31620,323955,-2896,-1248,11492,-73,-228,-226,-0.27049,-0.07798,0.96539,0.03664,-0.3374,0.41908,-4.6182,15.60405,1.0056,-0.81414,11.73351,-0.031133,0.02852,0.015069,0.015069
31621,323965,-1422,374,10830,-433,-1906,1462,-0.18004,0.02151,0.92606,-2.71145,-13.14656,13.30458,1.33073,10.99912,0.94364,-0.83961,11.60138,-0.03126,0.028555,0.000615,0.000615
31622,323976,-1764,-352,11618,-309,-5548,370,-0.20103,-0.02302,0.97288,-1.76489,-40.94809,4.9687,-1.35553,11.67166,0.9937,-0.86417,11.19857,-0.030575,0.027896,0.014482,0.014482
31623,323986,-1436,-164,11832,-236,-6489,204,-0.1809,-0.01149,0.9856,-1.20763,-48.1313,3.70153,-0.66787,10.39985,1.00213,-0.87192,10.71085,-0.030957,0.028477,0.01933,0.01933
31624,323996,-1134,-468,13258,-219,-5481,296,-0.16237,-0.03014,1.07033,-1.07786,-40.43664,4.40382,-1.61282,8.62259,1.08299,-0.8826,10.3057,-0.030936,0.028524,0.000294,0.000294
31625,324007,-840,50,13772,-372,1559,909,-0.14433,0.00164,1.10087,-2.2458,13.30382,9.08321,0.08524,7.46899,1.11029,-0.90458,10.43795,-0.030952,0.028572,0.000171,0.000171
31626,324017,-732,894,9942,177,8837,-985,-0.1377,0.05341,0.87329,1.94504,68.86107,-5.37481,3.49976,8.94405,0.8857,-0.88411,11.12592,-0.031019,0.028606,0.000162,0.000162
31627,324027,-2538,-488,10458,830,1837,-4658,-0.24853,-0.03136,0.90395,6.92977,15.42595,-33.41298,-1.98713,15.36381,0.93802,-0.81515,11.28214,-0.030958,0.028393,0.00055,0.00055
31628,324037,-2026,-716,11340,307,-4652,-2772,-0.21711,-0.04535,0.95636,2.9374,-34.1084,-19.01603,-2.71484,12.77621,0.98174,-0.79523,10.95006,-0.030033,0.027512,0.005062,0.005062
31629,324048,-1350,-148,11870,-160,-6347,-385,-0.17562,-0.01051,0.98785,-0.62748,-47.04733,-0.79466,-0.60942,10.08029,1.0034,-0.79744,10.47149,-0.030389,0.028254,0.019606,0.019606
31630,324058,-1974,-1246,12106,-381,-6267,1105,-0.21392,-0.07786,1.00188,-2.3145,-46.43664,10.57939,-4.44374,12.01732,1.02741,-0.82973,10.01208,-0.029494,0.027757,0.002606,0.002606
31631,324069,-2064,-620,11318,-583,-5520,4625,-0.21944,-0.03946,0.95506,-3.85649,-40.73435,37.44962,-2.36597,12.92932,0.98073,-0.87514,9.62031,-0.028818,0.026256,0.004767,0.004767
31632,324079,-2478,-1386,12004,-600,-7622,6932,-0.24484,-0.08645,0.99582,-3.98626,-56.78016,55.0603,-4.96144,13.76365,1.02911,-0.92444,9.06357,-0.027896,0.025183,0.002404,0.002404
31633,324089,3388,-2934,16194,-5916,16264,-15842,0.11513,-0.1814,1.24478,-44.56641,125.55573,-118.78702,-8.29136,-5.22926,1.26319,-1.37006,10.31836,-0.027875,0.025232,3.3e-05,3.3e-05
31634,324100,3648,6200,3782,20775,32767,9689,0.13108,0.37888,0.50727,159.18169,251.53284,76.10611,36.75627,-11.69698,0.64657,0.22273,12.83297,-0.02794,0.025276,1.9e-05,1.9e-05
31635,324111,-1046,1882,6658,7082,19376,-13456,-0.15697,0.11401,0.67816,54.65496,149.31146,-100.57328,9.54345,12.85792,0.70536,0.7698,14.32579,-0.027963,0.02528,2.8e-05,2.8e-05
31636,324121,-5704,-6098,7754,-8691,4510,-12954,-0.44281,-0.37548,0.74328,-65.74962,35.83053,-96.74122,-26.80152,28.00177,0.94315,0.09297,14.69355,-0.026106,0.024361,0.000729,0.000729
31637,324132,-5492,1554,8228,-3888,-23946,-1906,-0.4298,0.09389,0.77145,-29.08549,-181.39084,-12.40534,6.93942,28.94491,0.88808,-0.19623,12.88253,-0.026238,0.024064,0.000195,0.000195
31638,324142,-1360,-596,16786,-4474,-30410,-628,-0.17624,-0.03799,1.27996,-33.55878,-230.73434,-2.64962,-1.7,7.8363,1.2926,-0.53159,10.57487,-0.026235,0.024072,2.9e-05,2.9e-05
31639,324153,-2226,-230,16232,-1099,-11084,4781,-0.22938,-0.01554,1.24704,-7.79542,-83.20763,38.64046,-0.71384,10.42163,1.26806,-0.60928,9.74257,-0.026234,0.024069,3.5e-05,3.5e-05
31640,324163,1078,1258,12836,-456,11183,4570,-0.02663,0.07574,1.04525,-2.88702,86.76946,37.02977,4.14431,1.45542,1.04833,-0.63283,10.60035,-0.026713,0.024985,0.001057,0.001057
31641,324174,-1814,296,10176,544,17048,-4085,-0.2041,0.01673,0.8872,4.74656,131.54047,-29.03893,1.08015,12.95307,0.91052,-0.58456,11.91584,-0.026764,0.024954,0.000322,0.000322
31642,324184,-3190,-268,8030,1133,9320,-4060,-0.28854,-0.01787,0.75968,9.24275,72.54809,-28.84809,-1.34741,20.79207,0.81283,-0.49193,12.64168,-0.026757,0.024895,7.5e-05,7.5e-05
31643,324194,-3136,-1618,11172,319,-6942,-2982,-0.28522,-0.10068,0.94638,3.02901,-51.58931,-20.61909,-6.07244,16.68303,0.99354,-0.56589,12.21043,-0.016875,0.016868,0.018626,0.018626
31644,324205,-1510,-418,13068,-1044,-10254,2762,-0.18544,-0.02707,1.05904,-7.37557,-76.87176,23.22824,-1.46419,9.92883,1.07549,-0.63986,11.44084,-0.016839,0.016934,0.000462,0.000462
31645,324216,-464,1130,12692,-848,-5072,3813,-0.12125,0.06789,1.0367,-5.87939,-37.31451,31.25114,3.74653,6.65692,1.04597,-0.69304,11.06213,-0.017354,0.017445,0.001225,0.001225
31646,324226,-1068,-58,13202,-68,-154,-723,-0.15832,-0.00499,1.067,0.07481,0.22748,-3.37481,-0.26779,8.43968,1.07869,-0.69193,11.06308,-0.017371,0.017554,0.000437,0.000437
31647,324236,-1790,-214,11524,402,5822,-1944,-0.20262,-0.01456,0.9673,3.6626,45.8458,-12.69542,-0.86214,11.82965,0.9884,-0.65756,11.52498,-0.017142,0.017212,0.011743,0.011743
31648,324246,-2412,-482,10448,178,5478,-1309,-0.24079,-0.031,0.90336,1.95267,43.21984,-7.84809,-1.96512,14.91696,0.93542,-0.63873,11.95894,-0.01706,0.017029,0.000654,0.000654
31649,324257,-2068,-250,10946,-106,3,-390,-0.21968,-0.01676,0.93295,-0.21527,1.42595,-0.83282,-1.02945,13.24811,0.95861,-0.64132,11.97502,-0.017002,0.016841,0.001559,0.001559
31650,324267,-1754,-212,11820,-144,-4273,-150,-0.20041,-0.01443,0.98488,-0.50534,-31.21527,0.99924,-0.83961,11.50092,1.00517,-0.65048,11.65912,-0.016599,0.017179,0.022103,0.022103
31651,324277,-1416,-52,12530,-211,-442,307,-0.17967,-0.00462,1.02707,-1.01679,-1.97099,4.48779,-0.25767,9.92266,1.04268,-0.65988,11.63671,-0.016655,0.017418,0.001476,0.001476
31652,324288,-1682,-82,11576,-59,2984,-231,-0.196,-0.00646,0.97039,0.14351,24.18168,0.38092,-0.38137,11.41862,0.99,-0.65436,11.87183,-0.017025,0.018033,0.014173,0.014173
31653,324298,-1900,-150,11054,51,2346,-631,-0.20937,-0.01063,0.93937,0.98321,19.31145,-2.67252,-0.64836,12.56439,0.96248,-0.64436,12.06572,-0.017025,0.017943,0.001901,0.001901
31654,324308,-1904,-360,11502,-34,-829,-663,-0.20962,-0.02351,0.96599,0.33435,-4.92519,-2.91679,-1.39429,12.23986,0.98875,-0.65039,12.01912,-0.016125,0.017676,0.012664,0.012664
31655,324318,-1638,-210,11840,-151,-2153,-165,-0.1933,-0.01431,0.98607,-0.55878,-15.03206,0.88473,-0.83147,11.08973,1.00494,-0.65983,11.85083,-0.015746,0.019354,0.02284,0.02284
31656,324329,-1582,-186,12230,-124,-1541,-179,-0.18986,-0.01284,1.00925,-0.35267,-10.3603,0.77786,-0.72882,10.65316,1.02703,-0.66343,11.74325,-0.015725,0.01971,0.003456,0.003456
31657,324339,-1632,-192,12010,-65,337,-254,-0.19293,-0.01321,0.99617,0.09771,3.97557,0.20534,-0.75955,10.9598,1.01477,-0.66317,11.77535,-0.015642,0.020413,0.009061,0.009061
31658,324349,-1698,-160,11588,-66,1587,-256,-0.19698,-0.01124,0.9711,0.09008,13.51756,0.19008,-0.66336,11.4656,0.99094,-0.66213,11.9033,-0.01564,0.021075,0.015789,0.015789
31659,324360,-1874,-208,11394,-75,646,-313,-0.20778,-0.01419,0.95957,0.02137,6.33435,-0.24504,-0.84711,12.21651,0.98191,-0.66302,11.96813,-0.015522,0.020915,0.006775,0.006775
31660,324370,-1772,-178,11734,-88,-1122,-293,-0.20152,-0.01235,0.97977,-0.07786,-7.16183,-0.09237,-0.72205,11.62159,1.00036,-0.66531,11.88848,-0.015365,0.021652,0.028461,0.028461
31661,324380,-1636,-160,11960,-102,-1552,-270,-0.19317,-0.01124,0.9932,-0.18473,-10.44427,0.08321,-0.6486,11.00569,1.01188,-0.66678,11.77461,-0.015386,0.02252,0.011842,0.011842
31662,324391,-1610,-166,11908,-95,-375,-282,-0.19158,-0.01161,0.99011,-0.1313,-1.45954,-0.0084,-0.67192,10.95017,1.00854,-0.66801,11.74647,-0.015379,0.023774,0.016449,0.016449
31663,324401,-1730,-174,11746,-74,792,-271,-0.19894,-0.0121,0.98049,0.02901,7.44885,0.07557,-0.70719,11.46883,1.00054,-0.66867,11.81089,-0.015275,0.0247,0.027955,0.027955
31664,324411,-1794,-190,11578,-71,733,-267,-0.20287,-0.01308,0.9705,0.05191,6.99847,0.10611,-0.77239,11.80578,0.99157,-0.6697,11.8794,-0.015115,0.024815,0.016339,0.016339
31665,324421,-1790,-190,11578,-86,-248,-287,-0.20262,-0.01308,0.9705,-0.0626,-0.49008,-0.04656,-0.77239,11.79189,0.99152,-0.67184,11.87292,-0.014959,0.02494,0.016216,0.016216
31666,324432,-1716,-180,11738,-92,-1047,-291,-0.19808,-0.01247,0.98001,-0.1084,-6.58931,-0.0771,-0.72904,11.42595,0.99991,-0.67432,11.79631,-0.014813,0.025926,0.027491,0.027491
31667,324442,-1666,-130,11942,-90,-851,-289,-0.19501,-0.0094,0.99213,-0.09313,-5.09313,-0.06183,-0.54304,11.11986,1.01116,-0.67348,11.73745,-0.014965,0.026647,0.012262,0.012262
31668,324452,-1716,-148,11920,-80,156,-284,-0.19808,-0.01051,0.99083,-0.01679,2.59389,-0.02366,-0.6076,11.30474,1.01049,-0.67263,11.7571,-0.015047,0.027213,0.013124,0.013124
31669,324462,-1710,-178,11648,-76,685,-278,-0.19771,-0.01235,0.97466,0.01374,6.63206,0.02214,-0.72583,11.4662,0.99459,-0.67348,11.8156,-0.01494,0.027923,0.021161,0.021161
31670,324473,-1804,-192,11580,-75,103,-286,-0.20348,-0.01321,0.97062,0.02137,2.18931,-0.03893,-0.77954,11.83906,0.99181,-0.67485,11.83724,-0.014777,0.02792,0.016331,0.016331
31671,324483,-1708,-194,11734,-77,-647,-284,-0.19759,-0.01333,0.97977,0.00611,-3.53588,-0.02366,-0.77943,11.40094,0.99959,-0.67746,11.79084,-0.014512,0.028933,0.026879,0.026879
31672,324493,-1670,-194,11878,-90,-778,-287,-0.19526,-0.01333,0.98833,-0.09313,-4.53588,-0.04656,-0.77268,11.17477,1.00752,-0.67987,11.73541,-0.01436,0.029852,0.017142,0.017142
31673,324503,-1696,-192,11880,-81,-250,-285,-0.19686,-0.01321,0.98845,-0.02443,-0.50534,-0.0313,-0.76548,11.26245,1.00795,-0.68137,11.72238,-0.014228,0.030573,0.016412,0.016412
31674,324514,-1762,-206,11752,-78,341,-275,-0.20091,-0.01407,0.98084,-0.00153,4.00611,0.04504,-0.82157,11.5746,1.00131,-0.68489,11.75726,-0.013885,0.031032,0.026011,0.026011
31675,324524,-1734,-142,11714,-84,-295,-279,-0.19919,-0.01014,0.97859,-0.04733,-0.84885,0.0145,-0.59365,11.50458,0.9987,-0.68287,11.74219,-0.014106,0.031621,0.025716,0.025716
31676,324534,-1710,-184,11786,-86,-632,-290,-0.19771,-0.01272,0.98286,-0.0626,-3.42137,-0.06947,-0.74123,11.37301,1.00263,-0.68476,11.69956,-0.013975,0.032382,0.02421,0.02421
31677,324545,-1630,-222,11856,-84,-442,-287,-0.19281,-0.01505,0.98702,-0.04733,-1.97099,-0.04656,-0.87339,11.05175,1.00579,-0.68873,11.66741,-0.013633,0.03352,0.019295,0.019295
31678,324555,-1698,-206,11780,-80,28,-280,-0.19698,-0.01407,0.98251,-0.01679,1.61679,0.00687,-0.82018,11.33554,1.00216,-0.69196,11.67477,-0.013332,0.034316,0.024375,0.024375
31679,324565,-1756,-156,11684,-84,204,-280,-0.20054,-0.011,0.9768,-0.04733,2.96031,0.00687,-0.6451,11.60091,0.99724,-0.69119,11.70161,-0.013436,0.034544,0.023488,0.023488
31680,324575,-1782,-204,11658,-80,-72,-284,-0.20213,-0.01394,0.97526,-0.01679,0.85344,-0.02366,-0.81907,11.70824,0.99608,-0.69401,11.70976,-0.013175,0.034547,0.021765,0.021765
31681,324586,-1724,-188,11728,-82,-426,-282,-0.19857,-0.01296,0.97942,-0.03206,-1.84885,-0.0084,-0.75819,11.46021,0.99943,-0.69578,11.68521,-0.013026,0.035084,0.024774,0.024774
31682,324596,-1688,-220,11800,-87,-452,-283,-0.19636,-0.01492,0.9837,-0.07023,-2.04733,-0.01603,-0.8692,11.2877,1.00321,-0.70022,11.65597,-0.012663,0.035875,0.022361,0.022361
31683,324606,-1700,-196,11820,-89,-173,-281,-0.1971,-0.01345,0.98488,-0.0855,0.08244,-0.00076,-0.78252,11.31586,1.0045,-0.70261,11.64948,-0.012507,0.036527,0.020403,0.020403
31684,324616,-1690,-144,11730,-77,79,-275,-0.19649,-0.01026,0.97954,0.00611,2.00611,0.04504,-0.60025,11.34196,0.9991,-0.69996,11.66129,-0.012738,0.037269,0.024124,0.024124
31685,324627,-1734,-174,11756,-82,29,-280,-0.19919,-0.0121,0.98108,-0.03206,1.62443,0.00687,-0.70676,11.47584,1.00117,-0.70031,11.67237,-0.012724,0.037718,0.023785,0.023785
31686,324637,-1724,-222,11740,-88,-238,-282,-0.19857,-0.01505,0.98013,-0.07786,-0.41374,-0.0084,-0.87953,11.45176,1.00016,-0.70523,11.66269,-0.012323,0.038203,0.023898,0.023898
31687,324647,-1664,-190,11822,-80,-407,-285,-0.19489,-0.01308,0.985,-0.01679,-1.70382,-0.0313,-0.76103,11.19099,1.00418,-0.7064,11.63607,-0.012217,0.039067,0.020248,0.020248
31688,324657,-1704,-182,11802,-78,-277,-286,-0.19735,-0.01259,0.98381,-0.00153,-0.71145,-0.03893,-0.73337,11.34171,1.00349,-0.70687,11.62252,-0.012163,0.039635,0.021089,0.021089
31689,324668,-1684,-156,11724,-82,-58,-277,-0.19612,-0.011,0.97918,-0.03206,0.96031,0.02977,-0.64353,11.32518,0.99869,-0.7056,11.62465,-0.012301,0.040299,0.023085,0.023085
31690,324678,-1760,-154,11678,-80,1,-279,-0.20078,-0.01088,0.97645,-0.01679,1.41069,0.0145,-0.63814,11.61886,0.99693,-0.7042,11.63794,-0.012436,0.040339,0.021346,0.021346
31691,324688,-1706,-186,11744,-83,-142,-280,-0.19747,-0.01284,0.98037,-0.03969,0.31908,0.00687,-0.75029,11.38739,1.00014,-0.70554,11.63485,-0.012337,0.04089,0.023174,0.023174
31692,324698,-1684,-172,11776,-87,-311,-281,-0.19612,-0.01198,0.98227,-0.07023,-0.97099,-0.00076,-0.69875,11.29035,1.00173,-0.70595,11.61726,-0.012352,0.041592,0.022362,0.022362
31693,324709,-1730,-168,11778,-88,-322,-276,-0.19894,-0.01173,0.98239,-0.07786,-1.05496,0.0374,-0.68436,11.44728,1.0024,-0.70613,11.60285,-0.012397,0.041915,0.021654,0.021654
31694,324719,-1680,-176,11732,-84,-175,-275,-0.19587,-0.01223,0.97965,-0.04733,0.06718,0.04504,-0.71496,11.30586,0.99912,-0.70667,11.59639,-0.012379,0.042545,0.022576,0.022576
31695,324729,-1778,-166,11768,-83,-59,-282,-0.20189,-0.01161,0.98179,-0.03969,0.95267,-0.0084,-0.67761,11.61905,1.0024,-0.70631,11.60578,-0.012438,0.042518,0.021396,0.021396
31696,324739,-1708,-150,11732,-78,-90,-284,-0.19759,-0.01063,0.97965,-0.00153,0.71603,-0.02366,-0.6217,11.40266,0.99944,-0.70431,11.60781,-0.012616,0.04296,0.022422,0.022422
31697,324750,-1758,-192,11692,-81,-221,-285,-0.20066,-0.01321,0.97728,-0.02443,-0.28397,-0.0313,-0.77423,11.602,0.99775,-0.70591,11.60449,-0.012477,0.042965,0.021306,0.021306
31698,324760,-1700,-150,11782,-83,-306,-282,-0.1971,-0.01063,0.98263,-0.03969,-0.93282,-0.0084,-0.61982,11.34157,1.00226,-0.70436,11.58936,-0.012648,0.043469,0.021197,0.021197
31699,324770,-1722,-162,11778,-84,-219,-281,-0.19845,-0.01137,0.98239,-0.04733,-0.2687,-0.00076,-0.66289,11.41982,1.0023,-0.70382,11.58274,-0.012731,0.043798,0.021062,0.021062
31700,324781,-1726,-244,11730,-85,-117,-284,-0.1987,-0.0164,0.97954,-0.05496,0.50992,-0.02366,-0.95898,11.46517,0.99962,-0.70985,11.58471,-0.012204,0.044051,0.02202,0.02202
31701,324791,-1750,-168,11764,-78,-178,-292,-0.20017,-0.01173,0.98156,-0.00153,0.04427,-0.08473,-0.68494,11.52551,1.00183,-0.70922,11.58345,-0.012254,0.044169,0.021241,0.021241
31702,324801,-1662,-252,12106,-20,-397,-355,-0.19477,-0.01689,1.00188,0.44122,-1.62748,-0.56565,-0.96565,10.99979,1.02077,-0.70578,11.56436,-0.012151,0.044392,0.004183,0.004183
31703,324811,-1728,-270,12134,98,537,-265,-0.19882,-0.01799,1.00354,1.34198,5.50229,0.12137,-1.02707,11.20444,1.0232,-0.69342,11.61748,-0.01204,0.044529,0.003528,0.003528
31704,324822,-1624,-118,11996,407,1879,-518,-0.19244,-0.00867,0.99534,3.70076,15.74656,-1.80992,-0.49892,10.94203,1.01381,-0.65506,11.76799,-0.012156,0.04514,0.007816,0.007816
31705,324832,-1742,-208,12244,1398,2437,-918,-0.19968,-0.01419,1.01008,11.26565,20.00611,-4.86336,-0.80475,11.18133,1.02972,-0.54289,11.96576,-0.012098,0.045314,0.002343,0.002343
31706,324842,-1768,-156,12526,3135,2659,-1287,-0.20127,-0.011,1.02683,24.52519,21.70076,-7.68015,-0.61367,11.08956,1.04643,-0.29785,12.18118,-0.012067,0.04542,0.001037,0.001037
31707,324853,-1790,24,12210,4269,4897,-1218,-0.20262,4e-05,1.00806,33.18168,38.78473,-7.15343,0.00244,11.36526,1.02822,0.034,12.56539,-0.012059,0.045719,0.002646,0.002646
31708,324863,-2636,-212,11980,5451,6512,-806,-0.25454,-0.01443,0.99439,42.20458,51.11298,-4.0084,-0.83158,14.35656,1.02655,0.45233,13.07988,-0.011698,0.04536,0.002984,0.002984
31709,324873,-1996,530,11448,9917,1888,-549,-0.21527,0.03108,0.96278,76.29618,15.81527,-2.04656,1.84903,12.59697,0.98704,1.22112,13.2318,-0.012236,0.045903,0.009024,0.009024
31710,324883,-2496,138,11552,9416,1853,-730,-0.24595,0.00704,0.96896,72.47176,15.54809,-3.42824,0.41603,14.24209,0.99971,1.90932,13.40731,-0.008794,0.043979,0.02395,0.02395
31711,324894,-2970,-434,11874,8520,2236,745,-0.27504,-0.02805,0.98809,65.63206,18.47176,7.8313,-1.62614,15.5486,1.02604,2.55265,13.59769,-0.007565,0.043406,0.00312,0.00312
31712,324904,-1594,1590,10576,13525,-3811,914,-0.1906,0.0961,0.91097,103.83817,-27.68855,9.12137,6.02215,11.75382,0.93564,3.59252,13.31946,-0.007698,0.043491,0.000581,0.000581
31713,324914,-478,3046,9494,3735,5947,156,-0.12211,0.18541,0.84667,29.10534,46.8,3.33511,12.35229,8.01944,0.8753,3.88501,13.7861,-0.007825,0.043578,0.00016,0.00016
31714,324924,-3236,484,9558,-5864,8490,-4873,-0.29136,0.02826,0.85048,-44.16947,66.21221,-35.0542,1.90312,18.90091,0.89944,3.44301,14.4489,-0.007789,0.043474,0.000249,0.000249
31715,324935,-4356,-320,11298,-3868,-4508,-3438,-0.36009,-0.02106,0.95387,-28.93282,-33.00916,-24.1,-1.2647,20.67713,1.01979,3.13072,14.15257,-0.005625,0.040262,0.005215,0.005215
31716,324945,-2742,408,12796,-1054,-10026,1442,-0.26104,0.0236,1.04288,-7.45191,-75.1313,13.15191,1.29624,14.0496,1.07531,3.05546,13.40115,-0.005551,0.040234,0.000451,0.000451
31717,324956,-1678,638,12460,-5408,215,8292,-0.19575,0.03771,1.02291,-40.68855,3.04427,65.44199,2.11105,10.82633,1.04216,2.64788,13.42753,-0.00548,0.040578,0.001404,0.001404
31718,324966,-2048,764,11894,-2261,1158,6884,-0.21846,0.04544,0.98928,-16.66565,10.24275,54.69389,2.62959,12.43971,1.01413,2.48259,13.51992,-0.005603,0.041482,0.008841,0.008841
31719,324976,-870,1550,13404,5633,-4005,2327,-0.14617,0.09365,1.079,43.59389,-29.16947,19.90763,4.96038,7.68607,1.09288,2.91921,13.2261,-0.005662,0.041642,0.000308,0.000308
31720,324987,-1368,1284,13764,10862,-2019,-1182,-0.17673,0.07733,1.1004,83.50993,-14.00916,-6.87863,4.01995,9.10193,1.11718,3.75442,13.08481,-0.005667,0.041716,0.000197,0.000197
31721,324997,-1376,1670,12216,9127,11495,-1246,-0.17722,0.10101,1.00841,70.26565,89.15115,-7.36718,5.72006,9.91873,1.02884,4.46087,13.96391,-0.006018,0.042842,0.002958,0.002958
31722,325007,-2398,1320,10774,7460,18346,-1945,-0.23993,0.07954,0.92273,57.54045,141.44887,-12.70305,4.92678,14.52406,0.95673,5.03618,15.37676,-0.006003,0.042956,0.001414,0.001414
31723,325018,-3036,1808,9112,7974,13519,-4257,-0.27909,0.10947,0.82398,61.46412,104.60152,-30.35191,7.56808,18.55978,0.87682,5.65123,16.42274,-0.006036,0.042919,0.000185,0.000185
31724,325028,-3512,774,10050,-2259,2430,-5102,-0.3083,0.04605,0.87971,-16.65038,19.95267,-36.80229,2.99641,19.28863,0.93331,5.48322,16.62352,-0.005889,0.042761,0.00063,0.00063
31725,325038,-6366,2734,11946,671,-9970,-89,-0.48343,0.16628,0.99237,5.71603,-74.70382,1.46489,9.51181,25.66211,1.11631,5.54129,15.87814,-0.005969,0.042565,0.000213,0.000213
31726,325049,-3210,1442,12596,2382,-7674,-491,-0.28976,0.08702,1.03099,18.7771,-57.1771,-1.60382,4.82478,15.64527,1.07447,5.72864,15.30612,-0.005924,0.042549,0.000521,0.000521
31727,325059,-2548,1702,12230,3321,-2476,820,-0.24914,0.10297,1.00925,25.94504,-17.49771,8.40382,5.82569,13.79776,1.04463,5.98792,15.12882,-0.005903,0.042727,0.001422,0.001422
31728,325069,-780,1630,10426,1152,5308,320,-0.14064,0.09856,0.90205,9.38779,41.92213,4.58702,6.23526,8.81038,0.91826,6.08193,15.54462,-0.005909,0.043007,0.000444,0.000444
31729,325079,-3492,1466,11542,-6382,12960,-5433,-0.30707,0.0885,0.96837,-48.12366,100.33435,-39.32901,5.2216,17.5253,1.01973,5.5984,16.55359,-0.005689,0.042439,0.006198,0.006198
31730,325090,-6106,158,11386,2886,-1922,-4416,-0.46748,0.00826,0.9591,22.62443,-13.2687,-31.56565,0.49359,25.98454,1.06699,5.82114,16.42688,-0.005355,0.041839,0.000669,0.000669
31731,325100,-2772,2188,10940,5713,-3875,1153,-0.26289,0.13278,0.93259,44.20458,-28.1771,10.9458,8.10339,15.5929,0.97799,6.27297,16.14177,-0.006267,0.042113,0.005293,0.005293
31732,325111,-4020,3080,458,5842,-10984,1099,-0.33947,0.1875,0.30976,45.18931,-82.44427,10.53359,31.18686,43.15348,0.49633,6.72523,15.31725,-0.006295,0.042081,1.2e-05,1.2e-05
31733,325121,-4946,1718,4330,-10936,-32768,1930,-0.39629,0.10395,0.53983,-82.88702,-248.73434,16.8771,10.89988,35.78647,0.6777,5.89658,12.83018,-0.00631,0.042015,3e-05,3e-05
31734,325132,-3144,1054,13510,-27372,-32768,8924,-0.28571,0.06322,1.0853,-208.35266,-248.73434,70.26642,3.33397,14.72499,1.12406,3.81301,10.34333,-0.0063,0.04193,0.000207,0.000207
31735,325142,-3644,106,18262,-26343,-32768,11235,-0.3164,0.00507,1.36766,-200.49771,-248.73434,87.90764,0.21252,13.02561,1.40379,1.80807,7.85567,-0.006297,0.041921,2e-05,2e-05
31736,325153,-564,-34,19190,-13351,-20135,10392,-0.12739,-0.00351,1.42281,-101.32214,-152.29922,81.47252,-0.14154,5.11626,1.4285,0.79489,6.33223,-0.006296,0.041923,1.8e-05,1.8e-05
31737,325163,12660,372,9928,255,-990,8278,0.68411,0.02139,0.87246,2.54046,-6.1542,65.33512,1.4044,-38.09227,1.1089,0.82052,6.25793,-0.006311,0.043078,0.000278,0.000278
31738,325173,3174,-2480,13426,-354,-7695,-914,0.102,-0.15355,1.08031,-2.1084,-57.33741,-4.83282,-8.08976,-5.34016,1.09593,0.79629,5.68014,-0.00601,0.043451,0.000362,0.000362
31739,325184,1832,138,12230,-4742,-9667,-1271,0.01964,0.00704,1.00925,-35.60458,-72.39084,-7.55801,0.39942,-1.115,1.00946,0.43958,4.84866,-0.005943,0.053472,0.017648,0.017648
31740,325194,1330,-98,14062,-3634,-8818,-3653,-0.01116,-0.00744,1.1181,-27.14656,-65.90993,-25.74122,-0.38128,0.57197,1.11818,0.16804,4.18815,-0.00593,0.053553,0.000241,0.000241
31741,325204,946,194,9582,-3390,-7855,-8119,-0.03473,0.01047,0.8519,-25.28397,-58.55878,-59.83282,0.70419,2.33414,0.85267,-0.08462,3.60183,-0.005942,0.053572,0.000157,0.000157
31742,325215,4976,-1122,17668,-5234,-12056,-8585,0.21258,-0.07025,1.33237,-39.36031,-90.62748,-63.39007,-3.01831,-9.05269,1.35105,-0.47823,2.69469,-0.005935,0.053603,2.8e-05,2.8e-05
31743,325225,2728,-780,11870,-1390,-4952,-13886,0.07463,-0.04927,0.98785,-10.01679,-36.39848,-103.85572,-2.85559,-4.31483,0.99189,-0.62547,2.19264,-0.001531,0.066454,0.020697,0.020697
31744,325236,2204,-2622,13314,-2329,-3536,-16930,0.04247,-0.16226,1.07366,-17.18473,-25.58931,-127.09236,-8.59422,-2.2399,1.08668,-0.80086,1.93418,-0.001199,0.066632,0.000456,0.000456
31745,325247,1206,-662,12926,-1072,-1923,-15920,-0.01877,-0.04204,1.0506,-7.58931,-13.27634,-119.38244,-2.2913,1.02282,1.05161,-0.87853,1.79976,-0.001032,0.066724,0.001268,0.001268
31746,325257,550,-482,12268,-736,-1317,-14841,-0.05903,-0.031,1.0115,-5.02443,-8.65038,-111.1458,-1.75516,3.33823,1.0137,-0.93882,1.73237,-9.3e-05,0.064877,0.012168,0.012168
31747,325268,1120,-516,12078,-341,-1215,-14119,-0.02405,-0.03308,1.00021,-2.00916,-7.87176,-105.63435,-1.89431,1.37661,1.00105,-0.99055,1.64365,0.002861,0.06575,0.033829,0.033829
31748,325278,712,-148,12236,-35,-1555,-13974,-0.04909,-0.01051,1.0096,0.32672,-10.46718,-104.52748,-0.5963,2.78336,1.01085,-0.9812,1.5578,0.00229,0.063932,0.015644,0.015644
31749,325288,2994,874,12034,16,-984,-15771,0.09095,0.05218,0.9976,0.71603,-6.1084,-118.24503,2.9943,-5.20214,1.0031,-0.85309,1.29188,-0.008998,0.082985,0.030485,0.030485
31750,325298,3178,806,11962,-114,-185,-21018,0.10224,0.04801,0.99332,-0.27634,-0.00916,-158.29848,2.76719,-5.86991,0.99972,-0.73739,1.057,-0.020041,0.104812,0.032672,0.032672
31751,325309,2062,408,12140,-135,-69,-25724,0.03376,0.0236,1.0039,-0.43664,0.87634,-194.22214,1.34655,-1.92539,1.00474,-0.68663,0.98606,-0.025164,0.112148,0.026305,0.026305
31752,325319,1414,-170,12102,-88,-311,-29290,-0.00601,-0.01186,1.00164,-0.07786,-0.97099,-221.44351,-0.67822,0.34363,1.00173,-0.68688,0.95584,-0.02519,0.113956,0.030697,0.030697
31753,325329,824,-880,11814,64,-594,-29017,-0.04221,-0.05541,0.98453,1.08244,-3.1313,-219.35954,-3.2212,2.45129,0.98699,-0.7057,0.94134,-0.022402,0.112283,0.011745,0.011745
31754,325339,1370,-598,12506,-176,-430,-26618,-0.00871,-0.03811,1.02565,-0.74962,-1.87939,-201.04655,-2.12802,0.4861,1.02639,-0.71864,0.91968,-0.021874,0.112445,0.004005,0.004005
31755,325350,1680,-92,11870,-74,-258,-26646,0.01032,-0.00707,0.98785,0.02901,-0.56641,-201.2603,-0.4102,-0.59827,0.98793,-0.71414,0.89328,-0.022246,0.114273,0.012976,0.012976
31756,325360,1570,-346,11792,-213,-447,-28544,0.00357,-0.02265,0.98322,-1.03206,-2.00916,-215.74886,-1.31984,-0.20771,0.98349,-0.72935,0.86278,-0.02177,0.115137,0.008583,0.008583
31757,325371,-64,-1320,12164,-216,-225,-28728,-0.09671,-0.0824,1.00532,-1.05496,-0.3145,-217.15343,-4.68563,5.47637,1.01332,-0.7852,0.91175,-0.017528,0.110173,0.011536,0.011536
31758,325381,-78,-1714,12038,-75,-138,-24437,-0.09757,-0.10657,0.99784,0.02137,0.34962,-184.39771,-6.09597,5.55308,1.00824,-0.88533,1.00194,-0.008163,0.101993,0.018925,0.018925
31759,325391,1028,-1116,11746,-93,-207,-19246,-0.02969,-0.06989,0.98049,-0.11603,-0.1771,-144.77176,-4.07693,1.73034,0.98342,-0.91356,1.00538,-0.005633,0.101413,0.008512,0.008512
31760,325402,1228,-578,12266,-229,-460,-17316,-0.01742,-0.03688,1.01138,-1.1542,-2.1084,-130.03893,-2.08859,0.9862,1.01221,-0.93995,0.98331,-0.004245,0.10141,0.012804,0.012804
31761,325412,3214,-1794,11708,-82,-272,-17218,0.10445,-0.11147,0.97823,-0.03206,-0.67328,-129.29083,-6.50112,-6.0558,0.99008,-1.02928,0.86296,0.004049,0.111897,0.016015,0.016015
31762,325422,3174,-1412,11832,-298,-518,-18631,0.102,-0.08804,0.9856,-1.68092,-2.55115,-140.0771,-5.10462,-5.88506,0.99476,-1.14603,0.67089,0.01335,0.127302,0.024614,0.024614
31763,325433,5346,-1680,11936,-223,-190,-24709,0.23528,-0.10448,0.99178,-1.1084,-0.04733,-186.47404,-6.01381,-13.27494,1.02464,-1.17895,0.60682,0.015371,0.133104,0.004469,0.004469
31764,325443,5340,-834,12770,-335,-931,-29032,0.23491,-0.05259,1.04133,-1.96336,-5.70382,-219.47404,-2.89099,-12.69693,1.0688,-1.19986,0.53969,0.015475,0.13392,0.000662,0.000662
31765,325454,8590,-872,12420,-133,-1165,-32768,0.43435,-0.05492,1.02054,-0.42137,-7.49008,-247.99313,-3.0803,-23.02544,1.11048,-1.20472,0.45727,0.015521,0.134495,0.000263,0.000263
31766,325464,7800,1248,11920,-256,-1212,-32768,0.38587,0.07512,0.99083,-1.36031,-7.84885,-247.99313,4.33584,-21.22284,1.06596,-1.21439,0.36155,0.015141,0.135973,0.000735,0.000735
31767,325475,5694,1384,12038,-451,-373,-32768,0.25664,0.08347,0.99784,-2.84886,-1.44427,-247.99313,4.7815,-14.37544,1.03369,-1.22691,0.30635,0.013641,0.139639,0.002676,0.002676
31768,325485,7774,764,12040,-174,468,-32768,0.38428,0.04544,0.99796,-0.73435,4.97557,-247.99313,2.60677,-21.04013,1.07035,-1.23185,0.34055,0.013405,0.140956,0.000662,0.000662
31769,325495,8484,92,11852,-145,669,-32768,0.42785,0.00421,0.98679,-0.51298,6.50992,-247.99313,0.24468,-23.44034,1.07555,-1.23625,0.39037,0.013324,0.142246,0.000582,0.000582
31770,325505,10284,-770,12186,-237,2069,-32768,0.53831,-0.04866,1.00663,-1.21527,17.19695,-247.99313,-2.76758,-28.10836,1.14256,-1.24879,0.55612,0.013348,0.142693,0.000167,0.000167
31771,325516,9576,8,13142,321,2873,-25279,0.49486,-0.00094,1.06344,3.04427,23.33435,-190.8252,-0.05057,-24.95449,1.17294,-1.21835,0.78507,0.013336,0.142968,0.000115,0.000115
31772,325526,5102,-3318,12012,1871,4659,-18365,0.22031,-0.20496,0.99629,14.87634,36.96794,-138.04655,-11.62473,-12.22114,1.04074,-1.09065,1.12679,0.015282,0.145434,0.001983,0.001983
31773,325537,1244,-3892,11848,1037,7337,-16315,-0.01644,-0.24017,0.98655,8.50992,57.41069,-122.39771,-13.68206,0.92761,1.01549,-1.13597,1.69151,0.027389,0.146172,0.010276,0.010276
31774,325547,-2546,-4388,12242,1054,8425,-17608,-0.24902,-0.27059,1.00996,8.6397,65.71603,-132.26793,-14.99865,13.39608,1.07482,-1.05849,2.35406,0.028192,0.145535,0.00062,0.00062
31775,325558,-8804,-6170,9318,1530,8025,-20693,-0.63304,-0.3799,0.83622,12.27328,62.66259,-155.81755,-24.43276,34.57616,1.11549,-0.94228,2.98763,0.028773,0.144755,0.000266,0.000266
31776,325568,786,-3410,10066,1403,6149,-21731,-0.04455,-0.2106,0.88066,11.30382,48.34198,-163.74121,-13.4491,2.81638,0.90659,-0.83469,3.46933,0.029252,0.14478,0.000409,0.000409
31777,325579,-1722,-3612,13194,38,4927,-20553,-0.19845,-0.22299,1.06653,0.88397,39.01374,-154.74886,-11.80941,10.32236,1.10751,-0.82958,3.86004,0.029571,0.144592,0.000313,0.000313
31778,325589,-2560,-3186,12596,1075,3798,-21188,-0.24988,-0.19686,1.03099,8.8,30.39542,-159.59618,-10.81009,13.39076,1.07895,-0.74774,4.16792,0.030115,0.144094,0.000582,0.000582
31779,325599,-3374,-3066,11474,835,3130,-24349,-0.29983,-0.1895,0.96432,6.96794,25.29618,-183.72595,-11.11755,16.96616,1.02749,-0.72363,4.47386,0.034318,0.139042,0.004337,0.004337
31780,325610,3018,-1182,12694,1352,3078,-26167,0.09242,-0.07393,1.03682,10.9145,24.89924,-197.60382,-4.07878,-5.08112,1.04355,-0.62133,4.70308,0.034921,0.140748,0.001875,0.001875
31781,325620,822,-410,12582,1189,4337,-25506,-0.04234,-0.02658,1.03016,9.67023,34.50992,-192.55801,-1.47794,2.35257,1.03137,-0.52829,5.0374,0.035228,0.141617,0.003478,0.003478
31782,325631,-6886,-986,10204,2082,5095,-28711,-0.51534,-0.06191,0.88886,16.48702,40.29618,-217.02367,-3.98434,30.04419,1.02931,-0.37809,5.53631,0.036558,0.132585,0.003957,0.003957
31783,325641,-11018,-2908,10772,1687,4648,-24632,-0.76891,-0.17981,0.92261,13.47176,36.88397,-185.88626,-11.02814,39.28363,1.2144,-0.24464,5.9066,0.036641,0.132327,8.3e-05,8.3e-05
31784,325652,-7094,-1854,10846,1813,3184,-19644,-0.52811,-0.11515,0.92701,14.43359,25.7084,-147.80992,-7.08112,29.48146,1.07308,-0.10564,6.17897,0.037102,0.130788,0.000712,0.000712
31785,325662,-2832,-1190,12348,1219,1885,-13498,-0.26657,-0.07442,1.01626,9.89924,15.79237,-100.89389,-4.18852,14.66018,1.05327,-0.01258,6.34666,0.037618,0.129761,0.001331,0.001331
31786,325673,-2596,1052,11808,1261,1353,-11383,-0.25208,0.0631,0.98417,10.21985,11.7313,-84.74886,3.66856,14.33861,1.0179,0.12255,6.53598,0.03453,0.122967,0.009308,0.009308
31787,325683,824,984,12330,1760,1638,-17208,-0.04221,0.05893,1.01519,14.02901,13.90687,-129.21451,3.3222,2.37711,1.01777,0.29131,6.63336,0.03186,0.126716,0.009418,0.009418
31788,325693,86,550,11588,2664,1694,-22290,-0.0875,0.03231,0.9711,20.92977,14.33435,-168.00839,1.90551,5.14595,0.97557,0.50823,6.76623,0.031125,0.127568,0.005646,0.005646
31789,325703,-2524,812,12152,3131,1636,-28116,-0.24767,0.04838,1.00461,24.49466,13.8916,-212.48167,2.75708,13.83355,1.03582,0.75861,6.92373,0.030593,0.125729,0.002866,0.002866
31790,325714,-6516,204,11102,4129,1004,-32768,-0.49264,0.01108,0.94222,32.11298,9.06718,-247.99313,0.67399,27.60115,1.06329,1.07903,7.03321,0.030629,0.123872,0.000974,0.000974
31791,325724,-8996,-1242,10884,4427,189,-32768,-0.64483,-0.07761,0.92927,34.38778,2.8458,-247.99313,-4.77438,34.6639,1.13374,1.42121,7.06663,0.030758,0.123298,0.000225,0.000225
31792,325734,-4830,-2724,11066,4117,-706,-32768,-0.38918,-0.16852,0.94008,32.02137,-3.98626,-247.99313,-10.16303,22.17021,1.03131,1.69633,7.08252,0.034904,0.118024,0.003763,0.003763
31793,325745,-2526,-636,11748,1377,-1557,-12008,-0.24779,-0.04044,0.98061,11.10534,-10.48244,-89.51984,-2.36164,14.16965,1.01224,1.73958,7.0929,0.041144,0.107255,0.01618,0.01618
31794,325755,-202,2484,12224,-1227,-1583,9425,-0.10517,0.15094,1.00889,-8.77252,-10.68092,74.09084,8.50897,5.88644,1.02553,1.68849,6.97908,0.037718,0.107804,0.005401,0.005401
31795,325766,-10,662,11998,-735,-1216,5438,-0.09339,0.03918,0.99546,-5.01679,-7.87939,43.65572,2.25382,5.3556,1.0006,1.66212,6.83862,0.035482,0.113408,0.039252,0.039252
31796,325776,-324,-182,11954,-160,-635,493,-0.11266,-0.01259,0.99285,-0.62748,-3.44427,5.90763,-0.7267,6.47334,0.9993,1.56474,6.79048,0.043873,0.114569,0.038095,0.038095
31797,325786,-352,-244,12050,-84,-358,-240,-0.11438,-0.0164,0.99855,-0.04733,-1.32977,0.31221,-0.94072,6.53365,1.00521,1.48988,6.76889,0.050708,0.11523,0.029522,0.029522
31798,325796,-354,-316,12012,-68,-185,-308,-0.1145,-0.02081,0.99629,0.07481,-0.00916,-0.20687,-1.19675,6.55475,1.00307,1.40005,6.7605,0.059033,0.11589,0.033524,0.033524
31799,325806,-304,-294,12262,-75,84,-287,-0.11143,-0.01946,1.01115,0.02137,2.04427,-0.04656,-1.10274,6.2878,1.01745,1.37695,6.77532,0.061132,0.116303,0.009079,0.009079
31800,325816,-186,-246,12440,-97,1563,-307,-0.10419,-0.01652,1.02172,-0.14656,13.33435,-0.19924,-0.92627,5.82201,1.02716,1.36471,6.90271,0.062071,0.116746,0.004416,0.004416
31801,325826,-376,-432,12730,-81,3505,-587,-0.11585,-0.02793,1.03896,-0.02443,28.15878,-2.33664,-1.53981,6.36042,1.04577,1.35891,7.18173,0.062527,0.116875,0.0017,0.0017
31802,325836,-306,-278,13144,-111,7542,-279,-0.11156,-0.01848,1.06356,-0.25344,58.97557,0.0145,-0.99556,5.987,1.06955,1.35396,7.76895,0.062693,0.117001,0.000763,0.000763
31803,325846,-812,-258,12366,-103,13755,-87,-0.14261,-0.01726,1.01733,-0.19237,106.40305,1.48015,-0.97171,7.97855,1.02742,1.34106,8.82802,0.063648,0.117351,0.004453,0.004453
31804,325856,-1040,652,12114,-59,15772,-187,-0.1566,0.03856,1.00235,0.14351,121.8,0.71679,2.20333,8.87319,1.01524,1.35168,10.03149,0.062741,0.118584,0.011399,0.011399
31805,325866,-1542,-262,11082,442,16487,-2615,-0.18741,-0.0175,0.94103,3.96794,127.25802,-17.81756,-1.06541,11.26112,0.95967,1.3853,11.30279,0.063243,0.118593,0.002213,0.002213
31806,325877,-2016,-420,10902,815,14312,-4208,-0.21649,-0.02719,0.93034,6.81527,110.65496,-29.97786,-1.67419,13.0944,0.95558,1.447,12.40943,0.06378,0.118475,0.001859,0.001859
31807,325887,-1896,130,10608,655,4017,-3243,-0.20913,0.00655,0.91287,5.59389,32.06717,-22.61145,0.41079,12.90292,0.93654,1.50128,12.72908,0.063875,0.11846,0.000943,0.000943
31808,325897,-2304,-410,11000,766,-1655,-3950,-0.23417,-0.02658,0.93616,6.44122,-11.23053,-28.0084,-1.62627,14.03808,0.96537,1.55542,12.61988,0.064763,0.118064,0.003017,0.003017
31809,325908,-1294,528,10802,815,-5485,-4208,-0.17219,0.03096,0.92439,6.81527,-40.46718,-29.97786,1.91816,10.54575,0.9408,1.62325,12.2122,0.064733,0.118233,0.001098,0.001098
31810,325918,-714,628,10722,1199,-10516,-6484,-0.13659,0.03709,0.91964,9.74656,-78.87176,-47.35191,2.30971,8.44161,0.93047,1.72055,11.41989,0.064689,0.118456,0.000809,0.000809
31811,325928,-214,536,10718,1716,-16896,-9564,-0.10591,0.03145,0.9194,13.69313,-127.57404,-70.86336,1.95911,6.56746,0.92602,1.85691,10.14037,0.064682,0.118694,0.000723,0.000723
31812,325939,1270,32,11618,2049,-23067,-13017,-0.01484,0.00053,0.97288,16.23512,-174.68091,-97.22214,0.03143,0.87416,0.97299,2.0089,8.35564,0.065577,0.12208,0.004886,0.004886
31813,325949,-3266,-6128,16732,1936,-25566,-15392,-0.2932,-0.37732,1.27675,15.37252,-193.75725,-115.35191,-16.46425,12.41994,1.36324,2.16139,6.41703,0.06563,0.122063,3.1e-05,3.1e-05
31814,325960,1588,730,12608,884,-11271,-7432,0.00467,0.04335,1.03171,7.34198,-84.63512,-54.58855,2.406,-0.25911,1.03263,2.23476,5.54884,0.065574,0.123963,0.003537,0.003537
31815,325970,1844,-592,12804,1255,-5526,-11055,0.02038,-0.03774,1.04335,10.17405,-40.78016,-82.24503,-2.07175,-1.11827,1.04423,2.32695,5.12717,0.066394,0.125127,0.002019,0.002019
31816,325980,2398,-24,12726,1485,-5454,-13897,0.05438,-0.0029,1.03872,11.92977,-40.23054,-103.93969,-0.16004,-2.99666,1.04014,2.43922,4.70475,0.066981,0.126864,0.002444,0.002444
31817,325991,1020,-358,12210,1375,-5931,-14622,-0.03019,-0.02339,1.00806,11.09008,-43.87176,-109.47404,-1.32915,1.71473,1.00878,2.4591,4.20536,0.0753,0.132334,0.023294,0.023294
31818,326001,484,-380,11860,1272,-6860,-13475,-0.06308,-0.02474,0.98726,10.30382,-50.96336,-100.71832,-1.43541,3.65463,0.98958,2.48309,3.69362,0.082508,0.132406,0.019589,0.019589
31819,326011,2074,44,11850,1052,-6512,-11344,0.03449,0.00127,0.98667,8.62443,-48.30687,-84.45114,0.07373,-2.00224,0.98727,2.52984,3.12846,0.086067,0.13984,0.015499,0.015499
31820,326022,1218,-938,13546,-79,-5232,-9930,-0.01804,-0.05897,1.08744,-0.00916,-38.53588,-73.65725,-3.10384,0.94878,1.08919,2.52602,2.74079,0.086331,0.139924,0.000509,0.000509
31821,326032,346,-636,12490,497,-3990,-8902,-0.07155,-0.04044,1.02469,4.38779,-29.05496,-65.80992,-2.26013,3.99094,1.02799,2.5465,2.45604,0.088404,0.139262,0.004667,0.004667
31822,326042,-32,-214,11416,608,-2911,-8649,-0.09474,-0.01456,0.96088,5.23511,-20.81832,-63.87862,-0.8679,5.63053,0.96565,2.58673,2.25743,0.089438,0.138253,0.003241,0.003241
31823,326052,-6,-550,12048,-452,-2208,-7519,-0.09315,-0.03517,0.99843,-2.85649,-15.45191,-55.25267,-2.01723,5.32662,1.00338,2.39151,2.2184,0.104683,0.127505,0.036237,0.036237
31824,326063,56,-458,12306,350,-1927,-7442,-0.08934,-0.02952,1.01376,3.26565,-13.30687,-54.66489,-1.66812,5.03433,1.01812,2.38452,2.11189,0.108232,0.124946,0.009435,0.009435
31825,326073,-464,-622,12232,71,-1038,-7065,-0.12125,-0.03958,1.00936,1.13588,-6.52061,-51.78703,-2.24575,6.84479,1.01739,2.3482,2.09362,0.112515,0.120516,0.01004,0.01004
31826,326083,-1004,-924,11744,147,-352,-5773,-0.15439,-0.05811,0.98037,1.71603,-1.28397,-41.92443,-3.39205,8.93413,0.99415,2.19437,2.28185,0.128129,0.101923,0.02951,0.02951
31827,326093,-1176,-804,12196,117,-917,-3877,-0.16495,-0.05075,1.00723,1.48702,-5.59695,-27.45115,-2.8843,9.28875,1.0219,2.17305,2.27329,0.131338,0.097472,0.006855,0.006855
31828,326103,-524,-308,12304,-147,-1367,-2317,-0.12493,-0.02032,1.01364,-0.52824,-9.03206,-15.54275,-1.14855,7.02506,1.02152,2.14297,2.21629,0.133495,0.094321,0.007082,0.007082
31829,326114,-510,-114,11978,-220,-738,-1544,-0.12408,-0.00842,0.99427,-1.0855,-4.23053,-9.64198,-0.48532,7.11294,1.00202,2.03333,2.35707,0.142448,0.077414,0.037253,0.037253
31830,326124,-164,-82,12202,3,-714,-1319,-0.10284,-0.00646,1.00758,0.61679,-4.04733,-7.92443,-0.36729,5.82783,1.01284,2.003,2.36702,0.14567,0.072711,0.014579,0.014579
31831,326134,-690,-1730,12338,-36,657,-405,-0.13512,-0.10755,1.01566,0.31908,6.41832,-0.94733,-6.04453,7.53636,1.03024,1.9739,2.45004,0.148501,0.070915,0.003831,0.003831
31832,326144,-1496,-2096,12210,-375,2788,5538,-0.18458,-0.13,1.00806,-2.2687,22.6855,44.41908,-7.34832,10.29292,1.03303,1.91918,2.70122,0.151307,0.068616,0.003286,0.003286
31833,326154,-3196,-2244,12652,-1245,7176,21036,-0.2889,-0.13908,1.03432,-8.90992,56.18168,162.72443,-7.65822,15.47351,1.08288,1.82318,3.26927,0.151801,0.06798,0.000567,0.000567
31834,326164,-2276,-1534,11434,-1454,8634,26236,-0.23245,-0.09553,0.96195,-10.50534,67.31145,202.41908,-5.67114,13.52066,0.99423,1.50169,4.22037,0.171532,0.042398,0.029092,0.029092
31835,326175,-1026,-1152,12062,-2014,6348,27364,-0.15574,-0.07209,0.99926,-14.78015,49.86107,211.02977,-4.12656,8.83598,1.01389,1.2799,4.77287,0.178166,0.037412,0.013191,0.013191
31836,326185,-1220,-1706,11140,-2815,2319,25782,-0.16765,-0.10608,0.94448,-20.89466,19.10534,198.95345,-6.40816,10.00359,0.96509,1.0471,4.97843,0.180192,0.036046,0.002953,0.002953
31837,326196,-1308,-2538,11340,-2234,-2646,24099,-0.17305,-0.15711,0.95636,-16.45954,-18.79542,186.10611,-9.32926,10.12338,0.98451,0.76389,4.85114,0.190912,0.030447,0.011441,0.011441
31838,326206,-1246,-2616,11330,-1103,-7603,24518,-0.16924,-0.1619,0.95577,-7.82595,-56.63512,189.30458,-9.61401,9.90324,0.98405,0.57082,4.34608,0.201271,0.024795,0.010964,0.010964
31839,326217,-420,-2434,10480,-1001,-10233,27710,-0.11855,-0.15073,0.90526,-7.04733,-76.71145,213.67099,-9.45342,7.36077,0.92535,0.49144,3.58134,0.201903,0.024554,0.000692,0.000692
31840,326227,-1278,-2752,15538,-1653,-9334,29062,-0.1712,-0.17024,1.20581,-12.02443,-69.84885,223.99161,-8.03605,8.00273,1.22974,0.36855,2.88299,0.20196,0.024519,7.5e-05,7.5e-05
31841,326238,-2910,-4158,10858,-481,-3564,28840,-0.27135,-0.25648,0.92772,-3.07786,-25.80305,222.29695,-15.45432,15.74415,1.00004,-0.2724,3.13001,0.257737,-0.021824,0.038515,0.038515
31842,326249,104,-2776,12004,-860,-3412,29848,-0.0864,-0.17171,0.99582,-5.97099,-24.64275,229.99161,-9.78343,4.8868,1.0142,-0.45506,2.90931,0.268776,-0.024164,0.012739,0.012739
31843,326259,1236,-1730,11068,-1228,-4108,29603,-0.01693,-0.10755,0.9402,-8.78015,-29.95572,228.12138,-6.52564,1.02497,0.94648,-0.55337,2.60792,0.269493,-0.023974,0.001308,0.001308
31844,326269,2390,-1542,12130,-1332,-4816,25536,0.05389,-0.09602,1.0033,-9.57405,-35.36031,197.07558,-5.46658,-3.06033,1.00933,-0.75062,2.14548,0.278553,-0.013973,0.020524,0.020524
31845,326280,3012,34,12386,-1023,-3051,25589,0.09205,0.00066,1.01852,-7.21527,-21.88702,197.48015,0.03692,-5.16445,1.02267,-0.82015,1.88223,0.278056,-0.009891,0.006279,0.006279
31846,326290,1238,-492,12484,-1723,-5140,20647,-0.01681,-0.03161,1.02434,-12.55878,-37.83359,159.75496,-1.76746,0.93962,1.02496,-0.9529,1.50097,0.278458,-0.009614,0.005356,0.005356
31847,326301,4938,2050,10904,-825,-3833,19190,0.21025,0.12432,0.93046,-5.70382,-27.85649,148.63283,7.61028,-12.62418,0.96198,-0.99094,1.18752,0.276462,-0.006409,0.002526,0.002526
31848,326311,5064,2052,11690,5,-3261,18369,0.21798,0.12444,0.97716,0.63206,-23.49008,142.36565,7.25759,-12.47766,1.00888,-0.80948,0.66289,0.260159,0.020147,0.021577,0.021577
31849,326321,6778,2906,12608,-1020,-2422,14278,0.32316,0.17683,1.03171,-7.19237,-17.08549,111.13664,9.72557,-17.15681,1.0955,-0.87952,0.48437,0.259748,0.020831,0.000423,0.000423
31850,326332,8824,3412,12086,-334,-543,6222,0.44871,0.20787,1.00069,-1.95573,-2.74198,49.64046,11.73471,-23.70304,1.11621,-0.89802,0.44975,0.259413,0.021472,0.000289,0.000289
31851,326342,7734,1306,12144,2,-160,2495,0.38182,0.07868,1.00414,0.60916,0.18168,21.19007,4.48041,-20.76122,1.07716,-0.89099,0.43742,0.25909,0.022748,0.000657,0.000657
31852,326352,2118,-238,12116,-47,-195,-254,0.03719,-0.01603,1.00247,0.23511,-0.0855,0.20534,-0.91601,-2.12455,1.00329,-0.8921,0.34678,0.259169,0.030951,0.034973,0.034973
31853,326362,1620,-296,12086,-84,-377,-493,0.00663,-0.01959,1.00069,-0.04733,-1.47481,-1.61908,-1.12128,-0.37974,1.0009,-0.90362,0.30512,0.259944,0.033387,0.037393,0.037393
31854,326372,1924,-510,11966,-52,-703,-847,0.02529,-0.03271,0.99356,0.19695,-3.96336,-4.32137,-1.88578,-1.45724,0.99442,-0.93196,0.21652,0.262481,0.03784,0.028231,0.028231
31855,326382,1682,-354,12254,117,-2252,-1332,0.01044,-0.02314,1.01067,1.48702,-15.78779,-8.02366,-1.31181,-0.59158,1.01099,-0.92625,0.04744,0.263079,0.038832,0.016669,0.016669
31856,326392,4590,-58,12160,138,-1774,-3183,0.18889,-0.00499,1.00509,1.64733,-12.13893,-22.15344,-0.28429,-10.64357,1.02269,-0.90863,-0.13789,0.262734,0.044651,0.006013,0.006013
31857,326403,6654,1586,11936,-71,-1263,-12523,0.31555,0.09586,0.99178,0.05191,-8.23817,-93.45114,5.5206,-17.57248,1.04517,-0.89952,-0.25097,0.261707,0.047421,0.001743,0.001743
31858,326413,8732,3594,11820,-40,-1231,-23645,0.44307,0.21903,0.98488,0.28855,-7.99389,-178.3519,12.53801,-23.70819,1.10194,-0.89443,-0.33979,0.261265,0.04819,0.000359,0.000359
31859,326423,8788,2790,12094,-167,-897,-32768,0.4465,0.16971,1.00116,-0.68092,-5.44427,-247.99313,9.62097,-23.73567,1.10928,-0.90052,-0.4021,0.26096,0.048866,0.000316,0.000316
31860,326434,9238,3892,11918,-642,-77,-32768,0.47412,0.23731,0.99071,-4.30687,0.81527,-247.99313,13.47052,-24.95731,1.12366,-0.94259,-0.40057,0.26063,0.049428,0.00025,0.00025
31861,326444,6676,2024,12418,-541,85,-32768,0.3169,0.12272,1.02042,-3.53588,2.05191,-247.99313,6.85795,-17.13647,1.07552,-0.97531,-0.39177,0.26015,0.050455,0.00067,0.00067
31862,326454,4696,804,12210,-374,86,-32768,0.1954,0.04789,1.00806,-2.26107,2.05954,-247.99313,2.71984,-10.95774,1.02794,-0.984,-0.41869,0.258638,0.054757,0.004441,0.004441
31863,326465,1666,-1900,11922,-293,305,-28261,0.00946,-0.11798,0.99094,-1.64275,3.7313,-213.58855,-6.78937,-0.54292,0.99799,-1.21466,-0.38782,0.278004,0.055296,0.036577,0.036577
31864,326475,-1538,-5368,12618,-408,946,-17903,-0.18716,-0.33071,1.0323,-2.52061,8.62443,-134.51985,-17.76329,9.79611,1.10002,-1.24893,-0.29828,0.278579,0.054944,0.000381,0.000381
31865,326485,-1536,-4718,11864,-81,192,-12116,-0.18704,-0.29083,0.9875,-0.02443,2.8687,-90.34427,-16.41057,10.29768,1.04629,-1.27817,-0.25187,0.280977,0.053272,0.001729,0.001729
31866,326496,-2058,-5482,12726,-266,194,-9821,-0.21907,-0.3377,1.03872,-1.43664,2.88397,-72.82519,-18.00992,11.34136,1.11399,-1.30035,-0.2201,0.281435,0.052956,0.000299,0.000299
31867,326506,-1842,-3734,11902,14,-353,-9915,-0.20582,-0.23048,0.98976,0.70076,-1.2916,-73.54275,-13.10834,11.44907,1.03687,-1.32811,-0.20194,0.284357,0.050065,0.002705,0.002705
31868,326517,-4818,-3914,12314,-161,-458,-9786,-0.38844,-0.24152,1.01424,-0.63511,-2.09313,-72.55801,-13.39419,20.43388,1.11261,-1.34107,-0.21693,0.284701,0.049476,0.000312,0.000312
31869,326527,-3712,-3280,12024,-12,-288,-8284,-0.32057,-0.20263,0.99701,0.50229,-0.79542,-61.09237,-11.48806,17.48915,1.0667,-1.34787,-0.20971,0.285523,0.048043,0.000885,0.000885
31870,326538,-7092,-2484,12076,-153,72,-6193,-0.52799,-0.1538,1.0001,-0.57405,1.95267,-45.13054,-8.74273,27.55563,1.14132,-1.35796,-0.18505,0.285659,0.047529,0.000202,0.000202
31871,326548,-1834,88,12102,-85,-49,-3538,-0.20532,0.00397,1.00164,-0.05496,1.02901,-24.86336,0.22702,11.58437,1.02248,-1.35067,-0.096,0.284681,0.040286,0.006737,0.006737
31872,326558,180,-448,12264,-163,954,-94,-0.08173,-0.02891,1.01127,-0.65038,8.6855,1.42672,-1.63751,4.61888,1.01498,-1.3635,0.04849,0.284999,0.034981,0.01254,0.01254
31873,326568,-8954,-8650,12222,-313,1978,6687,-0.64225,-0.53203,1.00877,-1.79542,16.50229,53.19007,-27.80718,29.38582,1.30887,-1.38544,0.21442,0.285103,0.034866,4.3e-05,4.3e-05
31874,326578,-7512,-7054,11862,-183,-70,32767,-0.55376,-0.43413,0.98738,-0.80305,0.8687,252.27403,-23.73391,27.17618,1.21245,-1.39837,0.22523,0.28529,0.03464,9.2e-05,9.2e-05
31875,326589,-5010,-5532,12514,-214,-541,32767,-0.40022,-0.34077,1.02612,-1.03969,-2.72672,252.27403,-18.37088,20.31236,1.15292,-1.41464,0.2012,0.285566,0.034313,0.000178,0.000178
31876,326599,2668,476,12334,-313,-464,32767,0.07095,0.02777,1.01543,-1.79542,-2.13893,252.27403,1.56648,-3.99512,1.01828,-1.40649,0.1392,0.282921,0.037991,0.009646,0.009646
31877,326609,9166,5030,12282,-211,-465,32767,0.4697,0.30711,1.01234,-1.01679,-2.14656,252.27403,16.87633,-23.941,1.15748,-1.41638,0.11327,0.282637,0.038365,0.00017,0.00017
31878,326620,6018,456,11854,-50,-364,31024,0.27652,0.02654,0.9869,0.21221,-1.37557,238.9687,1.54056,-15.64697,1.02525,-1.40007,0.00854,0.281083,0.046638,0.005753,0.005753
31879,326630,13984,3984,12134,-116,-339,30202,0.76536,0.24295,1.00354,-0.2916,-1.18473,232.69389,13.60916,-36.5476,1.28526,-1.40501,-0.0057,0.281011,0.046814,5.3e-05,5.3e-05
31880,326640,14336,3624,12062,6,-49,21449,0.78696,0.22087,0.99926,0.63969,1.02901,165.87711,12.46382,-37.55964,1.29098,-1.40072,0.00221,0.280946,0.046989,5.1e-05,5.1e-05
31881,326650,2880,-26,12002,-71,-295,4296,0.08395,-0.00302,0.9957,0.05191,-0.84885,34.93817,-0.17402,-4.81961,0.99924,-1.35186,-0.20704,0.276277,0.065273,0.041617,0.041617
31882,326660,2300,-370,12164,24,-1686,-559,0.04836,-0.02413,1.00532,0.7771,-11.46718,-2.1229,-1.37469,-2.75338,1.00678,-1.34764,-0.39081,0.276349,0.07152,0.028154,0.028154
31883,326671,4670,1440,12368,-74,-1091,-1750,0.1938,0.0869,1.01745,0.02901,-6.92519,-11.2145,4.88186,-10.74611,1.03938,-1.33448,-0.48657,0.274923,0.073873,0.002507,0.002507
31884,326681,12394,4588,11760,44,-2627,-10760,0.66779,0.28,0.98132,0.92977,-18.65038,-79.99313,15.92515,-33.20015,1.21956,-1.32644,-0.67662,0.274787,0.07413,8.7e-05,8.7e-05
31885,326691,9962,3650,12058,-59,-1307,-30857,0.51855,0.22246,0.99903,0.14351,-8.57405,-233.40533,12.55386,-26.86879,1.14736,-1.32507,-0.76815,0.274542,0.074591,0.000193,0.000193
31886,326702,11948,5246,12186,-259,-779,-32768,0.64042,0.32036,1.00663,-1.38321,-4.54351,-247.99313,17.65385,-31.22594,1.23535,-1.34019,-0.81667,0.274409,0.074804,7.7e-05,7.7e-05
31887,326712,9796,4686,12372,-566,-250,-32768,0.50836,0.28601,1.01768,-3.72672,-0.50534,-247.99313,15.69766,-25.68275,1.17299,-1.37776,-0.82603,0.274186,0.075129,0.000143,0.000143
31888,326722,7158,2946,11990,-476,266,-32768,0.34648,0.17928,0.99498,-3.03969,3.43359,-247.99313,10.21418,-18.91687,1.06873,-1.40044,-0.80875,0.273232,0.076615,0.000899,0.000899
31889,326733,5598,1064,12000,-346,251,-29646,0.25075,0.06384,0.99558,-2.04733,3.31908,-224.16107,3.66882,-14.10872,1.02865,-1.39955,-0.83941,0.271035,0.082368,0.004732,0.004732
31890,326743,-4916,-9058,11904,-435,793,-25594,-0.39445,-0.55705,0.98987,-2.72672,7.45649,-193.22977,-29.36867,19.15087,1.2024,-1.43252,-0.76354,0.271308,0.082173,0.000107,0.000107
31891,326754,-9534,-9572,12264,-221,709,-28527,-0.67784,-0.58858,1.01127,-1.09313,6.81527,-215.61908,-30.20047,30.08423,1.35224,-1.44719,-0.69511,0.271401,0.082073,3.6e-05,3.6e-05
31892,326764,-14886,-13112,11928,-91,127,-17765,-1.00627,-0.80573,0.9913,-0.10076,2.37252,-133.46642,-39.10416,38.2282,1.62618,-1.45134,-0.67176,0.271441,0.082033,1.1e-05,1.1e-05
31893,326775,-6792,-5868,11988,-64,-269,-6954,-0.50958,-0.36138,0.99487,0.10534,-0.65038,-50.9397,-19.9631,25.7075,1.17474,-1.45574,-0.67518,0.27169,0.081678,0.000148,0.000148
31894,326785,744,-760,12112,-96,21,-733,-0.04712,-0.04805,1.00223,-0.13893,1.56336,-3.45115,-2.74472,2.68886,1.00449,-1.50686,-0.53781,0.275973,0.070512,0.036592,0.036592
31895,326795,1372,-420,12058,-108,26,486,-0.00859,-0.02719,0.99903,-0.23053,1.60153,5.8542,-1.55914,0.49217,0.99943,-1.51392,-0.47951,0.276155,0.066596,0.04237,0.04237
31896,326805,928,-178,12118,-168,189,277,-0.03583,-0.01235,1.00259,-0.68855,2.8458,4.25878,-0.70562,2.04667,1.00331,-1.49311,-0.35866,0.273381,0.05812,0.037246,0.037246
31897,326815,-6852,-7096,12098,-124,287,12282,-0.51326,-0.4367,1.0014,-0.35267,3.59389,95.9,-23.56158,25.16458,1.20704,-1.50151,-0.32083,0.273576,0.057895,9.7e-05,9.7e-05
31898,326826,-2186,-3374,12120,145,107,32767,-0.22692,-0.20839,1.00271,1.70076,2.21985,252.27403,-11.74062,12.49357,1.04898,-1.5045,-0.27768,0.275148,0.055934,0.001683,0.001683
31899,326836,5546,2108,11986,-33,332,32767,0.24756,0.12788,0.99475,0.34198,3.9374,252.27403,7.32532,-13.86529,1.03303,-1.47246,-0.28727,0.272291,0.060341,0.003553,0.003553
31900,326846,7792,650,11826,-78,-479,32767,0.38538,0.03844,0.98524,-0.00153,-2.25344,252.27403,2.23444,-21.34854,1.05863,-1.47072,-0.33579,0.271884,0.062652,0.001207,0.001207
31901,326856,8964,3414,11962,-196,321,32767,0.4573,0.20799,0.99332,-0.90229,3.85344,252.27403,11.82609,-24.25669,1.11314,-1.47802,-0.30589,0.271479,0.063381,0.000334,0.000334
31902,326866,4334,-104,12290,-109,720,32072,0.17318,-0.00781,1.01281,-0.23817,6.89924,246.9687,-0.44174,-9.70289,1.02754,-1.47787,-0.28524,0.271002,0.067723,0.005041,0.005041
31903,326877,6056,552,12018,21,997,21199,0.27885,0.03243,0.99665,0.7542,9.01374,163.9687,1.86374,-15.62324,1.03543,-1.46232,-0.24534,0.270026,0.072233,0.003213,0.003213
31904,326887,4714,382,12086,4,134,8726,0.1965,0.022,1.00069,0.62443,2.42595,68.75497,1.2596,-11.10688,1.02004,-1.43515,-0.31638,0.267877,0.080839,0.008689,0.008689
31905,326897,1672,-256,12088,-69,-181,884,0.00982,-0.01713,1.00081,0.06718,0.02137,8.89237,-0.98073,-0.56236,1.001,-1.41811,-0.32722,0.266144,0.081771,0.041732,0.041732
31906,326907,1668,-268,12106,-78,-284,-224,0.00958,-0.01787,1.00188,-0.00153,-0.76489,0.43435,-1.02176,-0.54772,1.00208,-1.40515,-0.344,0.264721,0.082527,0.039193,0.039193
31907,326917,1640,-330,12116,19,-1352,-987,0.00786,-0.02167,1.00247,0.73893,-8.91756,-5.39008,-1.23844,-0.44918,1.00274,-1.39441,-0.43456,0.264176,0.082578,0.037002,0.037002
31908,326927,1918,-392,12194,10,-1495,-1259,0.02492,-0.02547,1.00711,0.67023,-10.00916,-7.46641,-1.44899,-1.41703,1.00774,-1.39179,-0.55709,0.264307,0.084544,0.024518,0.024518
31909,326937,6992,20,12786,-44,-1551,-1076,0.33629,-0.0002,1.04228,0.25802,-10.43664,-6.06947,-0.01113,-17.88223,1.09519,-1.39126,-0.66974,0.264253,0.085221,0.000432,0.000432
31910,326947,10712,2400,11966,318,-2644,-6854,0.56457,0.14579,0.99356,3.02137,-18.78015,-50.17634,8.34764,-29.34522,1.15202,-1.36201,-0.8633,0.2641,0.085667,0.000172,0.000172
31911,326958,12624,3890,11894,25,-1291,-25911,0.6819,0.23719,0.98928,0.78473,-8.45191,-195.64961,13.48251,-33.83381,1.22471,-1.35562,-0.9513,0.263993,0.085906,8e-05,8e-05
31912,326968,9150,702,11680,-75,-1202,-32768,0.46872,0.04163,0.97656,0.02137,-7.77252,-247.99313,2.4411,-25.61917,1.08402,-1.35589,-1.04389,0.263796,0.087179,0.000569,0.000569
31913,326978,8698,1108,12112,-654,-461,-32768,0.44098,0.06654,1.00223,-4.39847,-2.11603,-247.99313,3.79817,-23.70301,1.09698,-1.40026,-1.07572,0.263591,0.08807,0.000433,0.000433
31914,326989,6144,-66,12388,-1215,494,-32768,0.28425,-0.00548,1.01863,-8.68092,5.17405,-247.99313,-0.30811,-15.59171,1.05757,-1.48827,-1.04258,0.263461,0.089681,0.001216,0.001216
31915,326999,1528,-1184,12044,-847,187,-32768,0.00099,-0.07406,0.99819,-5.87176,2.83053,-247.99313,-4.24303,-0.05655,1.00094,-1.65709,-0.97692,0.273231,0.086203,0.039902,0.039902
31916,327010,-1798,-4358,12200,-417,518,-32768,-0.20311,-0.26875,1.00746,-2.58931,5.35725,-247.99313,-14.93646,11.02308,1.06229,-1.69924,-0.91202,0.27446,0.085095,0.00102,0.00102
31917,327020,-6232,-6348,12286,-407,1717,-32768,-0.47521,-0.39082,1.01257,-2.51298,14.50992,-247.99313,-21.10494,23.64527,1.18485,-1.72943,-0.76485,0.274671,0.084829,0.00012,0.00012
31918,327031,-8910,-8948,12248,-210,485,-17533,-0.63955,-0.55031,1.01032,-1.00916,5.10534,-131.69542,-28.57655,29.06987,1.31628,-1.74338,-0.71341,0.274772,0.084717,4.1e-05,4.1e-05
31919,327041,-7328,-5358,11984,-162,-66,-6863,-0.54247,-0.33009,0.99463,-0.64275,0.89924,-50.24504,-18.35972,27.36771,1.18005,-1.75469,-0.70165,0.274966,0.084389,0.000129,0.000129
31920,327052,-1192,-884,12090,-42,-324,-4467,-0.16593,-0.05565,1.00093,0.27328,-1.07023,-31.95496,-3.18253,9.39827,1.01611,-1.77129,-0.5958,0.276472,0.073721,0.01161,0.01161
31921,327062,350,-342,12108,-128,-278,-3565,-0.0713,-0.02241,1.002,-0.38321,-0.71908,-25.06947,-1.2811,4.06923,1.00478,-1.7614,-0.44868,0.274975,0.059633,0.03318,0.03318
31922,327072,-4678,-8788,11684,-107,1203,16227,-0.37985,-0.54049,0.9768,-0.2229,10.58626,126.0145,-28.95693,18.7911,1.17922,-1.76985,-0.34097,0.27529,0.059411,0.000128,0.000128
31923,327083,-3626,-5652,12126,-211,655,32620,-0.31529,-0.34813,1.00307,-1.01679,6.40305,251.1519,-19.13997,16.5389,1.10758,-1.78895,-0.27155,0.275852,0.058867,0.000356,0.000356
31924,327093,-1280,-2942,12198,-308,328,30622,-0.17133,-0.18189,1.00734,-1.75725,3.90687,235.90001,-10.23546,9.50162,1.03787,-1.83227,-0.20652,0.27794,0.056455,0.002728,0.002728
31925,327104,250,-2958,11810,-58,-213,29579,-0.07744,-0.18287,0.98429,0.15115,-0.2229,227.93817,-10.52519,4.42302,1.00412,-2.13652,-0.04783,0.305461,0.041787,0.034859,0.034859
31926,327114,3940,1560,11986,-203,-257,26866,0.149,0.09426,0.99475,-0.95573,-0.55878,207.22824,5.41318,-8.48152,1.01025,-2.00023,-0.21978,0.291937,0.056859,0.01969,0.01969
31927,327124,5744,2920,12278,21,-595,23098,0.25971,0.17769,1.0121,0.7542,-3.13893,178.46489,9.95746,-14.18373,1.05989,-1.98239,-0.26714,0.290737,0.058258,0.001105,0.001105
31928,327134,4842,3124,12002,-12,-237,20627,0.20435,0.1902,0.9957,0.50229,-0.40611,159.60229,10.8144,-11.39764,1.03409,-1.9387,-0.30793,0.286961,0.061541,0.003249,0.003249
31929,327144,6178,3992,12108,-135,-165,21431,0.28634,0.24344,1.002,-0.43664,0.14351,165.7397,13.65585,-15.51947,1.07016,-1.93308,-0.31965,0.285793,0.062679,0.000824,0.000824
31930,327155,5790,3518,12096,-16,-33,16186,0.26253,0.21437,1.00128,0.47176,1.15115,125.70153,12.08417,-14.37993,1.05709,-1.9138,-0.32625,0.284212,0.064267,0.001243,0.001243
31931,327165,3842,1904,12094,-108,-91,7744,0.14299,0.11536,1.00116,-0.23053,0.7084,61.25878,6.57316,-8.07543,1.01788,-1.83451,-0.39693,0.276544,0.071269,0.009944,0.009944
31932,327175,1890,130,12060,-111,-323,1876,0.0232,0.00655,0.99914,-0.25344,-1.0626,16.46488,0.37532,-1.33027,0.99944,-1.75049,-0.44545,0.268435,0.074645,0.040323,0.040323
31933,327185,1284,-524,12038,-57,-675,97,-0.01399,-0.03357,0.99784,0.15878,-3.74962,2.88473,-1.92696,0.80253,0.9985,-1.75832,-0.43427,0.269047,0.070158,0.038424,0.038424
31934,327195,802,-1358,12032,-62,-850,958,-0.04356,-0.08473,0.99748,0.12061,-5.0855,9.45725,-4.85527,2.49177,1.00202,-1.87352,-0.37644,0.27937,0.060228,0.036737,0.036737
31935,327205,1562,-734,12138,-77,-800,4364,0.00307,-0.04645,1.00378,0.00611,-4.70382,35.45725,-2.64967,-0.1753,1.00486,-1.8997,-0.41654,0.281499,0.059543,0.030313,0.030313
31936,327215,2412,432,12202,-16,-853,6148,0.05524,0.02507,1.00758,0.47176,-5.1084,49.07557,1.4253,-3.13683,1.00941,-1.83234,-0.52078,0.275557,0.064315,0.019697,0.019697
31937,327225,2070,62,11896,100,-1978,4035,0.03425,0.00237,0.9894,1.35725,-13.69618,32.9458,0.13747,-1.98251,0.98999,-1.78547,-0.68276,0.272283,0.066528,0.018408,0.018408
31938,327235,2518,-612,12088,55,-856,2556,0.06174,-0.03897,1.00081,1.01374,-5.1313,21.65572,-2.22987,-3.52746,1.00347,-1.79259,-0.82457,0.273602,0.074684,0.032169,0.032169
31939,327245,2724,56,12072,-1,-375,2986,0.07438,0.00201,0.99986,0.58626,-1.45954,24.93817,0.11494,-4.25451,1.00262,-1.72667,-0.95249,0.267902,0.084904,0.032968,0.032968
31940,327255,4148,414,12408,47,-417,1434,0.16177,0.02397,1.01982,0.95267,-1.78015,13.09084,1.3462,-9.01085,1.03285,-1.71059,-0.99536,0.267064,0.087103,0.003013,0.003013
31941,327265,6316,2190,11806,1,-508,-3636,0.29481,0.13291,0.98405,0.60153,-2.47481,-25.61145,7.69187,-16.53563,1.03583,-1.6829,-1.06116,0.264853,0.090752,0.00259,0.00259
31942,327276,3316,1722,11730,91,-827,-12324,0.11071,0.1042,0.97954,1.28855,-4.90992,-91.93206,6.07208,-6.41251,0.99126,-1.51673,-1.21791,0.250693,0.100445,0.020134,0.020134
31943,327286,3940,2204,12532,-49,-607,-21590,0.149,0.13377,1.02719,0.21985,-3.23053,-162.66489,7.41957,-8.18549,1.04653,-1.50289,-1.26219,0.249409,0.101441,0.001583,0.001583
31944,327296,3464,1324,12050,-329,-315,-28649,0.11979,0.07979,0.99855,-1.91756,-1.00153,-216.55038,4.56832,-6.81934,1.00887,-1.40344,-1.38347,0.238409,0.111454,0.019879,0.019879
31945,327306,2196,46,12368,-654,340,-25637,0.04198,0.00139,1.01745,-4.39847,3.99847,-193.55801,0.07841,-2.36271,1.01831,-1.4373,-1.35294,0.237273,0.112211,0.008183,0.008183
31946,327316,614,-1708,12598,-301,-170,-14884,-0.0551,-0.1062,1.03111,-1.70382,0.10534,-111.47404,-5.88043,3.04279,1.03803,-1.467,-1.34279,0.238207,0.111283,0.002324,0.002324
31947,327327,-1356,-3980,12352,60,-304,-3759,-0.17599,-0.24557,1.01649,1.05191,-0.91756,-26.55038,-13.58131,9.55302,1.06044,-1.47059,-1.34253,0.239272,0.110325,0.000967,0.000967
31948,327337,-1858,-4624,11884,149,-565,850,-0.2068,-0.28507,0.98869,1.7313,-2.90992,8.63282,-16.08388,11.36369,1.04954,-1.47666,-1.35445,0.241179,0.108665,0.001435,0.001435
31949,327347,-3174,-3662,12520,152,-340,2469,-0.28755,-0.22606,1.02648,1.7542,-1.19237,20.9916,-12.41986,15.30065,1.0897,-1.46651,-1.35989,0.241631,0.107976,0.000455,0.000455
31950,327358,-2788,-2128,12190,165,-338,2528,-0.26387,-0.13196,1.00687,1.85344,-1.1771,21.44198,-7.46674,14.56589,1.0492,-1.45931,-1.3491,0.242442,0.105829,0.001483,0.001483
31951,327368,-1294,-244,12222,95,-348,2801,-0.17219,-0.0164,1.00877,1.31908,-1.25344,23.52595,-0.93119,9.68518,1.02349,-1.44556,-1.29903,0.242171,0.100046,0.005762,0.005762
31952,327378,-2762,-4904,11614,105,-401,2929,-0.26227,-0.30224,0.97264,1.39542,-1.65802,24.50305,-17.26236,14.44009,1.05175,-1.45563,-1.29511,0.244133,0.098093,0.001365,0.001365
31953,327388,-3702,-2962,12728,-502,1378,32767,-0.31996,-0.18312,1.03884,-3.23817,11.92214,252.27403,-9.99708,16.87348,1.10231,-1.49354,-1.17033,0.244413,0.097499,0.000362,0.000362
31954,327399,-4688,-6210,12302,127,188,32767,-0.38046,-0.38235,1.01352,1.56336,2.83817,252.27403,-20.66913,19.35249,1.14812,-1.48372,-1.13932,0.244719,0.097172,0.000176,0.000176
31955,327409,-2304,-4532,11970,89,76,32767,-0.23417,-0.27943,0.9938,1.27328,1.98321,252.27403,-15.70435,12.78025,1.05856,-1.48918,-1.10508,0.24615,0.095774,0.001107,0.001107
31956,327420,4906,3690,12012,75,-7,32513,0.20828,0.22492,0.99629,1.16641,1.34962,250.3351,12.72154,-11.52601,1.04239,-1.45049,-1.1142,0.243471,0.097742,0.002076,0.002076
31957,327430,8928,4944,11862,38,-192,28550,0.4551,0.30184,0.98738,0.88397,-0.0626,220.08321,16.99824,-23.78678,1.12833,-1.43966,-1.12125,0.243069,0.098236,0.00024,0.00024
31958,327440,11730,6100,11904,63,-252,19587,0.62704,0.37275,0.98987,1.07481,-0.52061,151.66336,20.63444,-30.66026,1.22962,-1.42966,-1.12968,0.242917,0.09844,7.6e-05,7.6e-05
31959,327450,5536,1616,12268,-78,155,8881,0.24694,0.0977,1.0115,-0.00153,2.58626,69.93817,5.51687,-13.65832,1.04578,-1.41929,-1.12796,0.241753,0.100543,0.001845,0.001845
31960,327460,2076,-306,12038,-46,-504,1174,0.03462,-0.0202,0.99784,0.24275,-2.44427,11.10611,-1.1597,-1.98647,0.99864,-1.40925,-1.18559,0.240842,0.103466,0.038625,0.038625
31961,327470,2128,-254,12146,69,-675,102,0.03781,-0.01701,1.00425,1.12061,-3.74962,2.9229,-0.97037,-2.15571,1.00511,-1.38732,-1.25258,0.239649,0.10605,0.030552,0.030552
31962,327480,2240,-104,12570,601,-1300,-81,0.04468,-0.00781,1.02945,5.18168,-8.52061,1.52595,-0.4346,-2.48514,1.03045,-1.33449,-1.34317,0.239339,0.106443,0.003776,0.003776
31963,327490,4490,118,11894,1024,-1780,-2957,0.18275,0.00581,0.98928,8.41069,-12.18473,-20.42825,0.33643,-10.4663,1.00604,-1.2084,-1.71739,0.23531,0.129264,0.027922,0.027922
31964,327501,5906,1134,12190,-45,-1325,-9003,0.26965,0.06813,1.00687,0.25038,-8.71145,-66.58091,3.87109,-14.9598,1.04457,-1.1989,-1.83001,0.23446,0.131463,0.001841,0.001841
31965,327511,5672,2586,11776,-382,-1595,-16046,0.25529,0.1572,0.98227,-2.32214,-10.77252,-120.34427,9.09225,-14.39325,1.027,-1.17637,-1.99711,0.230094,0.136735,0.004661,0.004661
31966,327521,7706,3848,11700,-584,-1366,-23281,0.38011,0.23461,0.97775,-3.86412,-9.02443,-175.57327,13.4929,-20.70784,1.07495,-1.20728,-2.10143,0.229182,0.137888,0.000683,0.000683
31967,327532,7524,4460,11868,-548,-610,-28200,0.36894,0.27215,0.98774,-3.58931,-3.25344,-213.12289,15.40444,-19.80395,1.08895,-1.23727,-2.14403,0.228438,0.138678,0.000492,0.000492
31968,327542,7194,4840,12282,-653,30,-31157,0.34869,0.29546,1.01234,-4.39084,1.63206,-235.69542,16.27038,-18.29614,1.11072,-1.27781,-2.1343,0.227925,0.139151,0.000322,0.000322
31969,327553,5818,3772,11780,-415,331,-32768,0.26425,0.22995,0.98251,-2.57405,3.92977,-247.99313,13.17252,-14.67484,1.04308,-1.27613,-2.1222,0.225228,0.141493,0.002051,0.002051
31970,327563,3382,3898,12176,-309,1044,-32482,0.11476,0.23768,1.00604,-1.76489,9.37252,-245.80992,13.29243,-6.33479,1.04008,-1.26146,-2.04009,0.22209,0.142419,0.00237,0.00237
31971,327573,2384,1536,11524,13,822,-12813,0.05352,0.09279,0.9673,0.69313,7.67786,-95.66488,5.47946,-3.15231,0.97321,-1.22327,-1.97064,0.21905,0.142955,0.00497,0.00497
31972,327583,-598,-2096,11764,-766,1126,10151,-0.12948,-0.13,0.98156,-5.25344,9.99847,79.63283,-7.54446,7.45012,0.99856,-1.52025,-1.5117,0.241042,0.110239,0.038659,0.038659
31973,327594,-4402,-5638,12142,-940,1508,22449,-0.36291,-0.34727,1.00402,-6.58168,12.9145,173.5107,-19.0794,18.86035,1.12265,-1.59308,-1.37833,0.24146,0.109756,0.000263,0.000263
31974,327604,-4768,-7344,11868,-206,616,24389,-0.38537,-0.45192,0.98774,-0.97863,6.10534,188.31985,-24.58534,19.53397,1.15255,-1.60924,-1.31478,0.241819,0.10943,0.000172,0.000172
31975,327615,-8900,-7560,12334,-92,368,19902,-0.63894,-0.46516,1.01543,-0.1084,4.21221,154.06795,-24.61243,29.7722,1.28674,-1.61388,-1.27222,0.241923,0.10929,4.9e-05,4.9e-05
31976,327625,-8594,-5228,12200,-77,119,15097,-0.62016,-0.32212,1.00746,0.00611,2.31145,117.38855,-17.73074,30.38408,1.22611,-1.61753,-1.24766,0.24204,0.10906,8e-05,8e-05
31977,327635,-1404,-492,12016,21,198,12054,-0.17894,-0.03161,0.99653,0.7542,2.9145,94.15955,-1.81675,10.17453,1.01296,-1.61552,-1.04595,0.242322,0.093299,0.015241,0.015241
31978,327646,1034,250,12300,-223,1343,11031,-0.02933,0.01391,1.0134,-1.1084,11.65496,86.35039,0.78616,1.65745,1.01392,-1.5956,-0.89452,0.239289,0.090049,0.013841,0.013841
31979,327656,844,-8,12216,-159,303,14635,-0.04099,-0.00192,1.00841,-0.61985,3.71603,113.86183,-0.10909,2.32746,1.00925,-1.5718,-0.78924,0.236349,0.083785,0.021666,0.021666
31980,327666,1218,62,12200,74,-407,17341,-0.01804,0.00237,1.00746,1.15878,-1.70382,134.51833,0.13501,1.02559,1.00763,-1.52009,-0.76124,0.232494,0.079623,0.025027,0.025027
31981,327676,766,-316,11912,124,-786,18521,-0.04577,-0.02081,0.99035,1.54046,-4.59695,143.52596,-1.20393,2.64568,0.99163,-1.50005,-0.72869,0.231862,0.072425,0.022968,0.022968
31982,327686,1090,-1126,12010,-13,119,16884,-0.02589,-0.0705,0.99617,0.49466,2.31145,131.02977,-4.04805,1.48505,0.999,-1.59337,-0.62386,0.240568,0.064945,0.037618,0.037618
31983,327696,-920,-604,12248,-172,977,13437,-0.14924,-0.03848,1.01032,-0.71908,8.86107,104.7168,-2.18112,8.39651,1.022,-1.60674,-0.47757,0.240911,0.059651,0.006531,0.006531
31984,327706,3974,-1372,12020,-48,-36,15027,0.15109,-0.08559,0.99677,0.22748,1.12824,116.8542,-4.90773,-8.58809,1.01178,-1.65932,-0.59591,0.24567,0.07136,0.015888,0.015888
31985,327717,4446,-1054,12076,-26,-67,11133,0.18005,-0.06608,1.0001,0.39542,0.8916,87.12901,-3.78038,-10.18426,1.01832,-1.67634,-0.67143,0.24735,0.078957,0.008724,0.008724
31986,327727,3016,-620,12084,-77,-122,7180,0.0923,-0.03946,1.00057,0.00611,0.47176,56.95343,-2.25846,-5.26642,1.00559,-1.69523,-0.79822,0.248845,0.090818,0.028423,0.028423
31987,327737,2016,-394,12060,-69,-218,2485,0.03093,-0.0256,0.99914,0.06718,-0.26107,21.11374,-1.46756,-1.77279,0.99995,-1.6887,-0.83703,0.248088,0.094021,0.036345,0.036345
31988,327747,1548,-268,12016,-55,-476,131,0.00222,-0.01787,0.99653,0.17405,-2.23053,3.14427,-1.02725,-0.12735,0.99669,-1.66821,-0.83678,0.246162,0.091888,0.03206,0.03206
31989,327757,2160,-70,11780,68,-1531,739,0.03977,-0.00572,0.98251,1.11298,-10.28397,7.7855,-0.33374,-2.31799,0.98333,-1.64705,-0.95352,0.245028,0.093067,0.009426,0.009426
31990,327767,3162,-886,12122,68,-1072,2966,0.10126,-0.05578,1.00283,1.11298,-6.78015,24.7855,-3.1835,-5.75702,1.00947,-1.66717,-1.1105,0.247641,0.101076,0.018639,0.018639
31991,327777,7334,364,11848,-49,-203,1241,0.35728,0.0209,0.98655,0.21985,-0.14656,11.61756,1.21356,-19.90375,1.04946,-1.66341,-1.13933,0.247275,0.103468,0.001402,0.001402
31992,327787,8380,1764,12066,-151,-26,-4485,0.42147,0.10678,0.9995,-0.55878,1.20458,-32.09237,6.09772,-22.7479,1.08997,-1.66805,-1.13783,0.246964,0.104332,0.00044,0.00044
31993,327798,6498,902,11902,-281,323,-14524,0.30598,0.0539,0.98976,-1.55114,3.8687,-108.72595,3.11713,-17.15472,1.03737,-1.67435,-1.13923,0.245904,0.107876,0.002432,0.002432
31994,327808,5704,-378,12100,-299,1151,-24257,0.25725,-0.02462,1.00152,-1.68855,10.18931,-183.02367,-1.40797,-14.40147,1.03433,-1.69287,-1.07677,0.24583,0.111358,0.00287,0.00287
31995,327818,4616,-814,12506,-270,249,-32130,0.19049,-0.05136,1.02565,-1.46718,3.30382,-243.12289,-2.86677,-10.50839,1.04445,-1.71207,-1.06172,0.246017,0.11289,0.001784,0.001784
31996,327829,-774,-2162,12324,-116,8,-32768,-0.14028,-0.13405,1.01483,-0.2916,1.46412,-247.99313,-7.52457,7.80298,1.03321,-1.73545,-1.02076,0.247652,0.110398,0.003101,0.003101
31997,327839,-4266,-2860,11880,-197,13,-32768,-0.35457,-0.17686,0.98845,-0.90992,1.50229,-247.99313,-10.1446,19.4482,1.06491,-1.75436,-0.98898,0.248318,0.108776,0.000874,0.000874
31998,327849,-7854,-4930,12244,-234,161,-29775,-0.57475,-0.30384,1.01008,-1.19237,2.63206,-225.1458,-16.74167,28.5857,1.20121,-1.77017,-0.96097,0.248445,0.108524,9.4e-05,9.4e-05
31999,327860,-11084,-3604,12252,-359,1131,-14002,-0.77296,-0.2225,1.01055,-2.14656,10.03664,-104.74122,-12.41712,36.75953,1.29158,-1.7946,-0.85999,0.248489,0.10837,4.5e-05,4.5e-05
32000,327871,-3488,-4082,13390,455,1274,-2508,-0.30682,-0.25182,1.07817,4.06718,11.12824,-17.00076,-13.14653,15.48906,1.14892,-1.7584,-0.74696,0.248669,0.108113,0.000175,0.000175
32001,327881,-10166,-7008,9940,2719,3660,9765,-0.71662,-0.4313,0.87318,21.34962,29.34199,76.68626,-26.28706,36.34707,1.20914,-1.54961,-0.45132,0.248871,0.107813,9e-05,9e-05
32002,327892,-6650,-3702,11792,87,265,25828,-0.50086,-0.22851,0.98322,1.25802,3.42595,199.30458,-13.08396,26.38994,1.12686,-1.54235,-0.41157,0.249127,0.107217,0.000245,0.000245
32003,327902,-5742,-3750,11004,-461,-725,29353,-0.44514,-0.23146,0.9364,-2.92519,-4.1313,226.21298,-13.88396,24.77278,1.06234,-1.58645,-0.42862,0.25025,0.104917,0.001004,0.001004
32004,327912,-1392,-2532,10722,-1052,-1499,28375,-0.1782,-0.15674,0.91964,-7.43664,-10.03969,218.74733,-9.67255,10.8142,0.94977,-1.67565,-0.51261,0.251369,0.103332,0.001539,0.001539
32005,327923,4426,-240,12490,-1126,-960,25536,0.17883,-0.01615,1.02469,-8.00153,-5.92519,197.07558,-0.90301,-9.89817,1.04031,-1.75616,-0.59489,0.251186,0.105329,0.002359,0.002359
32006,327933,5428,744,12832,-380,-584,24689,0.24031,0.04421,1.04502,-2.30687,-3.05496,190.60992,2.42239,-12.93956,1.0732,-1.77858,-0.63576,0.250899,0.10617,0.000752,0.000752
32007,327944,4198,130,12120,-112,-454,17723,0.16483,0.00655,1.00271,-0.26107,-2.0626,137.43436,0.37399,-9.33513,1.01619,-1.75927,-0.75572,0.248681,0.115089,0.011325,0.011325
32008,327954,7848,1470,11940,-18,-982,13347,0.38882,0.08874,0.99201,0.45649,-6.09313,104.02978,5.11184,-21.32525,1.06918,-1.75137,-0.83516,0.248153,0.116665,0.000847,0.000847
32009,327964,8480,1646,12324,-59,-473,9099,0.4276,0.09954,1.01483,0.14351,-2.20763,71.60229,5.60181,-22.75036,1.10573,-1.74969,-0.86652,0.247906,0.117401,0.00037,0.00037
32010,327974,7222,716,12196,-21,-267,5392,0.35041,0.04249,1.00723,0.43359,-0.63511,43.30458,2.41564,-19.16656,1.06728,-1.74404,-0.8907,0.247562,0.118912,0.000911,0.000911
32011,327984,6308,1140,12214,-66,-245,1347,0.29432,0.0685,1.00829,0.09008,-0.46718,12.42672,3.88645,-16.23685,1.0526,-1.73727,-0.9193,0.246804,0.120975,0.001482,0.001482
32012,327994,4874,290,12180,-87,-58,-2565,0.20632,0.01636,1.00627,-0.07023,0.96031,-17.43588,0.93141,-11.58538,1.02734,-1.72698,-0.96467,0.245583,0.125853,0.005037,0.005037
32013,328004,3724,-316,12066,-59,-168,-6277,0.13575,-0.02081,0.9995,0.14351,0.12061,-45.77176,-1.19291,-7.73266,1.00889,-1.71543,-1.12378,0.244443,0.140282,0.023501,0.023501
32014,328015,2530,152,11980,-20,-557,-9074,0.06248,0.00789,0.99439,0.44122,-2.84886,-67.12289,0.45487,-3.595,0.99638,-1.63494,-1.24208,0.23732,0.148302,0.036215,0.036215
32015,328025,3358,-1020,11990,-80,-902,-9474,0.11329,-0.064,0.99498,-0.01679,-5.48244,-70.17633,-3.68015,-6.48236,1.00346,-1.71026,-1.4831,0.243921,0.165057,0.035631,0.035631
32016,328035,3844,-1514,12222,-136,-350,-9218,0.14311,-0.0943,1.00877,-0.44427,-1.2687,-68.22214,-5.34044,-8.03992,1.02323,-1.73983,-1.5384,0.245979,0.168773,0.006262,0.006262
32017,328045,6688,-480,12144,-124,-727,-9369,0.31764,-0.03087,1.00414,-0.35267,-4.14656,-69.37481,-1.76104,-17.54583,1.05363,-1.74584,-1.60322,0.245981,0.170738,0.001357,0.001357
32018,328056,5126,1592,11986,-187,-555,-12175,0.22178,0.09623,0.99475,-0.83359,-2.83359,-90.79465,5.52521,-12.51218,1.0237,-1.71202,-1.69992,0.241935,0.176783,0.006127,0.006127
32019,328066,7134,2162,11832,-108,-595,-14266,0.34501,0.13119,0.9856,-0.23053,-3.13893,-106.75648,7.58187,-19.13609,1.05244,-1.7034,-1.75805,0.240725,0.179047,0.001435,0.001435
32020,328077,3490,1214,11840,-88,-452,-17626,0.12139,0.07304,0.98607,-0.07786,-2.04733,-132.40533,4.23616,-6.99896,0.9962,-1.49961,-1.96207,0.221954,0.195531,0.034829,0.034829
32021,328087,3132,176,12306,-204,-90,-18718,0.09942,0.00937,1.01376,-0.96336,0.71603,-140.74121,0.52937,-5.60081,1.01867,-1.4933,-1.98929,0.220307,0.198472,0.0089,0.0089
32022,328097,-664,-1430,11710,-118,106,-15832,-0.13353,-0.08915,0.97835,-0.30687,2.21221,-118.71069,-5.20638,7.7401,0.99143,-1.58284,-1.7485,0.227949,0.178462,0.022726,0.022726
32023,328107,-1390,-2250,12136,-268,110,-11641,-0.17808,-0.13945,1.00366,-1.45191,2.24275,-86.71832,-7.90988,9.96739,1.02883,-1.6265,-1.67807,0.230385,0.173947,0.004257,0.004257
32024,328118,-3264,-2280,12172,-139,97,-7720,-0.29308,-0.14129,1.0058,-0.46718,2.14351,-56.78703,-7.99609,16.09573,1.05711,-1.64104,-1.63725,0.231071,0.172032,0.00119,0.00119
32025,328128,-4640,-1760,12076,-52,-344,-4654,-0.37752,-0.10939,1.0001,0.19695,-1.2229,-33.38244,-6.24211,20.56825,1.07456,-1.64467,-1.63535,0.231369,0.170594,0.000713,0.000713
32026,328138,-1664,116,12124,-120,-54,-2973,-0.19489,0.00569,1.00295,-0.32214,0.99084,-20.55038,0.32484,10.99645,1.02172,-1.63622,-1.53776,0.230101,0.16249,0.007081,0.007081
32027,328149,1146,-224,12086,-122,-82,-987,-0.02245,-0.01517,1.00069,-0.3374,0.7771,-5.39008,-0.86849,1.28526,1.00106,-1.61183,-1.42211,0.227375,0.152561,0.038877,0.038877
32028,328159,-10514,-8570,12274,20,-139,25108,-0.73798,-0.52712,1.01186,0.74656,0.34198,193.8084,-27.51682,32.89579,1.3588,-1.60743,-1.41915,0.227447,0.152465,3.1e-05,3.1e-05
32029,328169,-3246,-3112,11398,-48,-122,32767,-0.29197,-0.19232,0.95981,0.22748,0.47176,252.27403,-11.33057,16.60827,1.0215,-1.67631,-1.28829,0.233691,0.140889,0.007084,0.007084
32030,328180,-3788,-2648,12190,66,-116,32767,-0.32523,-0.16386,1.00687,1.09771,0.51756,252.27403,-9.24337,17.68332,1.07071,-1.67364,-1.26956,0.234233,0.139533,0.000789,0.000789
32031,328190,4572,2480,11896,144,-277,32767,0.18779,0.1507,0.9894,1.69313,-0.71145,252.27403,8.66017,-10.62706,1.01828,-1.56337,-1.36476,0.225558,0.147392,0.009272,0.009272
32032,328200,6782,1178,11876,81,-23,32309,0.3234,0.07083,0.98821,1.21221,1.22748,248.77786,4.09967,-18.07798,1.04219,-1.54131,-1.39003,0.224453,0.150663,0.002157,0.002157
32033,328210,7874,1844,11678,130,-172,22677,0.39042,0.11168,0.97645,1.58626,0.09008,175.25114,6.52496,-21.66513,1.05752,-1.51802,-1.41498,0.223576,0.152869,0.001201,0.001201
32034,328220,4476,1086,12222,-237,30,21236,0.18189,0.06519,1.00877,-1.21527,1.63206,164.25114,3.69731,-10.20053,1.02711,-1.50665,-1.44353,0.221241,0.156798,0.004925,0.004925
32035,328230,8586,1680,12154,44,-18,14459,0.43411,0.10162,1.00473,0.92977,1.26565,112.51833,5.77552,-23.26149,1.09921,-1.49653,-1.44156,0.220966,0.157624,0.000418,0.000418
32036,328240,7488,-90,12260,-130,-291,10754,0.36673,-0.00695,1.01103,-0.39847,-0.81832,84.23588,-0.39385,-19.93671,1.07551,-1.50192,-1.46467,0.220894,0.158834,0.000722,0.000722
32037,328251,4070,-116,11962,-35,-871,7429,0.15698,-0.00854,0.99332,0.32672,-5.2458,58.8542,-0.49286,-8.98017,1.00569,-1.46964,-1.74985,0.218063,0.179783,0.030978,0.030978
32038,328261,2796,-444,12016,20,-1528,2722,0.0788,-0.02866,0.99653,0.74656,-10.26107,22.9229,-1.64762,-4.51936,1.00005,-1.47164,-1.9602,0.218724,0.189385,0.039752,0.039752
32039,328271,2058,-646,12018,186,-1690,440,0.03351,-0.04106,0.99665,2.01374,-11.49771,5.50305,-2.35887,-1.92419,0.99806,-1.48741,-2.07138,0.22178,0.188868,0.037256,0.037256
32040,328281,1370,-70,12768,325,-1194,-113,-0.00871,-0.00572,1.04121,3.07481,-7.71145,1.28168,-0.31493,0.47915,1.04127,-1.45641,-2.1447,0.221556,0.188353,0.002162,0.002162
32041,328291,1886,-156,12694,605,-2976,554,0.02296,-0.011,1.03682,5.21221,-21.3145,6.37328,-0.60776,-1.26835,1.03713,-1.40438,-2.35682,0.221363,0.18809,0.002657,0.002657
32042,328302,2268,-320,11444,102,-5430,806,0.0464,-0.02106,0.96254,1.37252,-40.04733,8.29695,-1.2533,-2.75911,0.96389,-1.39247,-2.75918,0.221328,0.18809,0.002819,0.002819
32043,328312,4968,-1276,17472,88,1943,5366,0.21209,-0.0797,1.32072,1.26565,16.23512,43.10611,-3.45337,-9.1066,1.34002,-1.3821,-2.59893,0.221334,0.188111,3.5e-05,3.5e-05
32044,328322,8780,-1256,14750,-465,5199,3659,0.44601,-0.07847,1.15898,-2.95573,41.09008,30.07557,-3.87351,-21.00443,1.24432,-1.41404,-2.19118,0.221349,0.188226,6.8e-05,6.8e-05
32045,328332,4144,802,13474,34,130,-3291,0.16152,0.04777,1.08316,0.85344,2.39542,-22.97786,2.52503,-8.47332,1.09618,-1.406,-2.17186,0.221194,0.188475,0.000436,0.000436
32046,328342,3856,988,12386,-557,458,-5824,0.14385,0.05918,1.01852,-3.65802,4.89924,-42.31374,3.32512,-8.02552,1.03032,-1.42561,-2.14849,0.219455,0.190626,0.004023,0.004023
32047,328352,1796,1674,11976,-442,44,-8030,0.01743,0.10126,0.99415,-2.78015,1.73893,-59.15343,5.81555,-0.9995,0.99945,-1.16724,-2.08805,0.193327,0.186553,0.039658,0.039658
32048,328362,6248,1424,11006,-175,-278,-11852,0.29063,0.08592,0.93652,-0.74198,-0.71908,-88.329,5.24188,-17.17316,0.98433,-1.10279,-2.27048,0.186639,0.202262,0.0115,0.0115
32049,328373,-166,-676,12522,-44,-201,-17109,-0.10297,-0.0429,1.0266,0.25802,-0.1313,-128.45877,-2.39267,5.72255,1.03264,-1.1065,-2.24637,0.18704,0.199775,0.003432,0.003432
32050,328383,-2590,-412,12996,-260,-87,-21601,-0.25172,-0.0267,1.05476,-1.39084,0.73893,-162.74886,-1.45015,13.41833,1.08471,-1.12246,-2.23229,0.187056,0.198988,0.000555,0.000555
32051,328393,-3242,-878,10516,-24,-614,-19181,-0.29173,-0.05529,0.9074,0.41069,-3.28397,-144.27557,-3.48662,17.79157,0.95474,-1.12471,-2.22911,0.187463,0.195544,0.001895,0.001895
32052,328404,-7148,-2822,11258,-212,-182,-11608,-0.53142,-0.17453,0.95149,-1.02443,0.01374,-86.46641,-10.39426,28.78222,1.10372,-1.14033,-2.21919,0.18778,0.19448,0.000378,0.000378
32053,328414,-7040,-4242,11904,-284,-133,-5589,-0.52479,-0.26164,0.98987,-1.57405,0.38779,-40.51985,-14.80542,27.13791,1.15053,-1.16044,-2.21191,0.188006,0.193996,0.000182,0.000182
32054,328425,760,-592,12068,-361,342,-1692,-0.04614,-0.03774,0.99962,-2.16183,4.01374,-10.77176,-2.16231,2.64094,1.0014,-1.22257,-1.98362,0.191505,0.176775,0.039481,0.039481
32055,328435,-1840,1338,12220,-419,660,-183,-0.20569,0.08064,1.00865,-2.60458,6.44122,0.74733,4.57124,11.49048,1.03257,-1.2302,-1.87415,0.189664,0.172533,0.003491,0.003491
32056,328445,-7360,-2436,12068,80,152,16514,-0.54443,-0.15086,0.99962,1.20458,2.56336,128.20535,-8.58189,28.30429,1.14822,-1.22142,-1.84465,0.189787,0.172027,0.000185,0.000185
32057,328455,-9800,-4172,12276,216,-583,19146,-0.69416,-0.25734,1.01198,2.24275,-3.04733,148.29695,-14.26768,33.61555,1.25387,-1.20173,-1.87458,0.189863,0.171821,6.4e-05,6.4e-05
32058,328466,-5916,-2360,12082,103,-631,14136,-0.45582,-0.14619,1.00045,1.38015,-3.41374,110.05267,-8.31363,24.26709,1.10907,-1.1923,-1.90133,0.190087,0.170997,0.000348,0.000348
32059,328476,-1784,-1998,12066,54,-506,12367,-0.20226,-0.12399,0.9995,1.00611,-2.45954,96.54886,-7.0714,11.35497,1.02727,-1.21339,-1.86164,0.192737,0.16502,0.004968,0.004968
32060,328487,16,-474,13102,61,-294,16392,-0.0918,-0.0305,1.06106,1.05954,-0.84122,127.27405,-1.64676,4.94258,1.06546,-1.20515,-1.86513,0.192775,0.164424,0.000964,0.000964
32061,328497,2132,-302,12200,311,-775,15795,0.03805,-0.01995,1.00746,2.96794,-4.51298,122.7168,-1.13467,-2.16267,1.00838,-1.17635,-1.91804,0.192681,0.16498,0.024469,0.024469
32062,328507,3412,-568,11500,-14,-325,13506,0.1166,-0.03627,0.96587,0.48702,-1.07786,105.24352,-2.15058,-6.87873,0.97356,-1.17852,-1.95638,0.193144,0.167326,0.005235,0.005235
32063,328517,4272,-1202,12386,-128,80,12305,0.16938,-0.07516,1.01852,-0.38321,2.01374,96.07558,-4.22046,-9.41657,1.03523,-1.19382,-1.96139,0.194007,0.169452,0.003139,0.003139
32064,328527,6184,22,12102,-18,23,16345,0.28671,-8e-05,1.00164,0.45649,1.57863,126.91527,-0.00456,-15.97314,1.04187,-1.18848,-1.97942,0.193761,0.17236,0.00229,0.00229
32065,328537,7872,244,10788,71,-98,16921,0.39029,0.01354,0.92356,1.13588,0.65496,131.31221,0.8398,-22.90648,1.00274,-1.10168,-2.77682,0.186755,0.244996,0.038326,0.038326
32066,328547,8402,672,12868,-149,295,15831,0.42282,0.03979,1.04716,-0.54351,3.65496,122.99161,2.17618,-21.97337,1.13,-1.10818,-2.74743,0.186683,0.245422,0.000245,0.000245
32067,328558,8826,404,12798,-20,204,13187,0.44884,0.02335,1.043,0.44122,2.96031,102.8084,1.28262,-23.27862,1.13571,-1.10509,-2.72494,0.186634,0.245844,0.000227,0.000227
32068,328568,8716,766,12158,-177,94,8639,0.44209,0.04556,1.00497,-0.75725,2.12061,68.09084,2.59559,-23.72306,1.09885,-1.11294,-2.71522,0.186489,0.246661,0.000429,0.000429
32069,328578,3344,-1900,12922,21,-450,2454,0.11243,-0.11798,1.05036,0.7542,-2.03206,20.8771,-6.40858,-6.07165,1.06293,-1.11284,-2.74151,0.186995,0.246978,0.001053,0.001053
32070,328588,4656,-1254,11970,507,-1253,-5781,0.19294,-0.07835,0.9938,4.46412,-8.16183,-41.9855,-4.50785,-10.95383,1.01538,-1.1136,-2.92853,0.190935,0.256295,0.012662,0.012662
32071,328598,4688,-712,11322,126,-641,-12578,0.1949,-0.0451,0.95529,1.55573,-3.49008,-93.87099,-2.70319,-11.51905,0.97602,-1.1101,-3.02014,0.191854,0.261196,0.006331,0.006331
32072,328609,6258,-176,11882,-156,-604,-16652,0.29125,-0.01223,0.98857,-0.59695,-3.20763,-124.97022,-0.70852,-16.41467,1.03065,-1.1163,-3.11008,0.1917,0.266196,0.004135,0.004135
32073,328619,4418,714,12476,-320,23,-18048,0.17834,0.04237,1.02386,-1.84885,1.57863,-135.62671,2.36958,-9.87231,1.04014,-1.12784,-3.11409,0.190898,0.267747,0.002529,0.002529
32074,328629,5462,664,11284,164,-849,-19567,0.2424,0.0393,0.95303,1.8458,-5.07786,-147.22214,2.36141,-14.25878,0.98416,-1.06856,-3.30402,0.187031,0.280097,0.012304,0.012304
32075,328639,4380,-56,12048,-267,-299,-18414,0.176,-0.00486,0.99843,-1.44427,-0.87939,-138.42061,-0.27914,-9.99727,1.01384,-1.073,-3.41403,0.185957,0.289002,0.014729,0.014729
32076,328650,4858,26,13854,-387,-428,-16776,0.20534,0.00017,1.10574,-2.36031,-1.86412,-125.91679,0.00858,-10.51999,1.12465,-1.09816,-3.43752,0.18593,0.289179,0.000277,0.000277
32077,328660,2562,-132,12908,-47,-726,-17795,0.06444,-0.00953,1.04953,0.23511,-4.13893,-133.69542,-0.52004,-3.51335,1.05155,-1.09675,-3.48185,0.185847,0.289184,0.001584,0.001584
32078,328670,3240,584,11750,-362,-419,-20202,0.10605,0.03439,0.98072,-2.16947,-1.79542,-152.06946,2.00852,-6.16769,0.98704,-1.06966,-3.54584,0.181265,0.293086,0.016187,0.016187
32079,328681,3662,918,10496,-390,-387,-23127,0.13194,0.05488,0.90621,-2.38321,-1.55114,-174.39771,3.46568,-8.26901,0.91741,-1.09242,-3.56725,0.181004,0.293355,0.000632,0.000632
32080,328691,690,-144,12306,-667,-147,-25773,-0.05044,-0.01026,1.01376,-4.49771,0.28092,-194.59618,-0.57998,2.84808,1.01507,-1.13175,-3.48188,0.18033,0.285622,0.013327,0.013327
32081,328701,-696,-98,13244,-519,-100,-26973,-0.13549,-0.00744,1.0695,-3.36794,0.63969,-203.75648,-0.39861,7.21991,1.07807,-1.16669,-3.47075,0.180281,0.284936,0.00071,0.00071
32082,328712,-2954,-1836,12444,-504,356,-22522,-0.27405,-0.11405,1.02196,-3.25344,4.12061,-169.77939,-6.36785,14.92304,1.0642,-1.20645,-3.41312,0.180771,0.283192,0.00105,0.00105
32083,328722,-7466,-5166,11900,-237,-136,-5274,-0.55094,-0.31832,0.98964,-1.21527,0.36489,-38.11527,-17.8303,27.92206,1.17654,-1.22279,-3.40782,0.180986,0.282787,0.000143,0.000143
32084,328733,-9288,460,12572,-558,1529,2291,-0.66275,0.02679,1.02957,-3.66565,13.07481,19.63282,1.4904,32.76108,1.22473,-1.26101,-3.27668,0.180964,0.282496,8.9e-05,8.9e-05
32085,328743,-10124,-2334,12322,-237,1724,24548,-0.71405,-0.1446,1.01471,-1.21527,14.56336,189.53358,-8.11015,34.86325,1.24916,-1.27548,-3.13109,0.181009,0.282245,7.3e-05,7.3e-05
32086,328753,-12970,-5336,12260,123,1055,32767,-0.88869,-0.32874,1.01103,1.53282,9.45649,252.27403,-18.0123,39.89296,1.38565,-1.26248,-3.03802,0.181056,0.282125,3.1e-05,3.1e-05
32087,328764,-8658,-3746,12082,-55,-162,32079,-0.62408,-0.23121,1.00045,0.17405,0.16641,247.02214,-13.01299,31.29054,1.2016,-1.26388,-3.03527,0.181177,0.281771,0.000114,0.000114
32088,328774,-4118,-1194,12106,-96,501,20716,-0.34548,-0.07467,1.00188,-0.13893,5.22748,160.28168,-4.26238,18.9772,1.0624,-1.27059,-2.9601,0.181494,0.279448,0.001171,0.001171
32089,328785,-1320,-2012,12110,-107,-39,15274,-0.17378,-0.12485,1.00212,-0.2229,1.10534,118.7397,-7.1015,9.7641,1.02471,-1.31307,-2.86797,0.184967,0.271868,0.006596,0.006596
32090,328795,2028,-2148,12160,-19,-455,15483,0.03167,-0.13319,1.00509,0.44885,-2.07023,120.33512,-7.54857,-1.7892,1.01437,-1.40521,-2.87465,0.193531,0.270355,0.015194,0.015194
32091,328805,1220,-2844,12218,-72,-587,15638,-0.01791,-0.17588,1.00853,0.04427,-3.07786,121.51833,-9.89255,1.00241,1.02391,-1.46563,-2.88097,0.198855,0.267902,0.006944,0.006944
32092,328815,4268,-2356,12186,62,-1261,12222,0.16913,-0.14595,1.00663,1.06718,-8.2229,95.44199,-8.24962,-9.44064,1.03112,-1.48673,-2.99427,0.201546,0.270467,0.004385,0.004385
32093,328826,6656,-1248,11526,102,-1171,11706,0.31567,-0.07798,0.96741,1.37252,-7.53588,91.50306,-4.6086,-18.01712,1.0206,-1.50303,-3.2059,0.204075,0.28253,0.008937,0.008937
32094,328836,9016,-826,12174,-29,-385,11998,0.4605,-0.0521,1.00592,0.37252,-1.53588,93.73206,-2.96471,-24.56864,1.10754,-1.50194,-3.23273,0.204129,0.283311,0.000405,0.000405
32095,328846,9778,964,12040,-88,-6,12009,0.50726,0.0577,0.99796,-0.07786,1.35725,93.81603,3.30923,-26.90542,1.12096,-1.5032,-3.22965,0.203988,0.284003,0.000324,0.000324
32096,328856,9664,722,11834,47,-297,9436,0.50026,0.04286,0.98572,0.95267,-0.86412,74.17481,2.48964,-26.88644,1.10622,-1.49403,-3.25111,0.203836,0.284904,0.000422,0.000422
32097,328866,9398,346,12460,-45,-137,8597,0.48394,0.01979,1.02291,0.25038,0.35725,67.77023,1.10861,-25.31458,1.13178,-1.49284,-3.25651,0.203771,0.285457,0.000277,0.000277
32098,328876,8682,894,11594,-55,-187,8653,0.44,0.05341,0.97145,0.17405,-0.02443,68.19772,3.14688,-24.33465,1.06779,-1.48831,-3.28153,0.203336,0.287436,0.00104,0.00104
32099,328886,7036,2754,12216,-83,-4,7110,0.33899,0.1675,1.00841,-0.03969,1.37252,56.41908,9.43103,-18.34651,1.07697,-1.48182,-3.28299,0.20253,0.288547,0.000817,0.000817
32100,328896,3068,378,11968,59,-447,4209,0.09549,0.02176,0.99368,1.04427,-2.00916,34.27404,1.25435,-5.4879,0.99849,-1.34714,-3.40697,0.191137,0.297661,0.046289,0.046289
32101,328906,8924,-3094,12186,-119,-11,-1273,0.45485,-0.19122,1.00663,-0.3145,1.31908,-7.57328,-10.75562,-23.93718,1.12105,-1.35524,-3.4034,0.191411,0.298261,0.000324,0.000324
32102,328917,7044,-68,11894,-118,-460,-10305,0.33948,-0.0056,0.98928,-0.30687,-2.1084,-76.51984,-0.32435,-18.93992,1.04592,-1.35797,-3.46122,0.191208,0.301305,0.002176,0.002176
32103,328927,7940,350,11738,-88,-635,-13455,0.39447,0.02004,0.98001,-0.07786,-3.44427,-100.56564,1.17146,-21.92121,1.05661,-1.35695,-3.52566,0.190873,0.303739,0.001465,0.001465
32104,328937,7760,930,12874,76,-873,-13122,0.38342,0.05562,1.04751,1.17405,-5.26107,-98.02366,3.03926,-20.0781,1.11686,-1.34556,-3.58716,0.190733,0.304267,0.000355,0.000355
32105,328948,4936,196,12840,30,-469,-14025,0.21012,0.01059,1.04549,0.8229,-2.1771,-104.91679,0.58053,-11.36335,1.06645,-1.33715,-3.62042,0.190544,0.305029,0.001089,0.001089
32106,328958,4130,812,10562,-114,-647,-15369,0.16066,0.04838,0.91013,-0.27634,-3.53588,-115.17633,3.04277,-9.99721,0.92547,-1.33798,-3.66438,0.190198,0.30553,0.000876,0.000876
32107,328968,3620,786,12144,-143,-590,-17578,0.12937,0.04678,1.00414,-0.49771,-3.10076,-132.03893,2.66759,-7.33326,1.01351,-1.27513,-3.76161,0.183912,0.311223,0.017376,0.017376
32108,328978,3246,104,12842,-117,-434,-17992,0.10641,0.00495,1.04561,-0.29924,-1.90992,-135.19923,0.27125,-5.81107,1.05102,-1.27713,-3.78753,0.183657,0.311558,0.001829,0.001829
32109,328989,-1132,-358,11336,-656,102,-14483,-0.16225,-0.02339,0.95612,-4.41374,2.18168,-108.41297,-1.40132,9.62798,0.97007,-1.32349,-3.70205,0.183692,0.30554,0.004984,0.004984
32110,328999,-2288,-1356,11382,-310,-75,-9755,-0.23318,-0.08461,0.95886,-1.77252,0.83053,-72.32137,-5.04257,13.61747,0.99043,-1.43718,-3.25626,0.192174,0.265842,0.025444,0.025444
32111,329009,-5104,-1938,12254,-252,71,-4976,-0.40599,-0.12031,1.01067,-1.32977,1.94504,-35.84046,-6.78838,21.74644,1.09579,-1.45523,-3.22623,0.192429,0.264648,0.00053,0.00053
32112,329020,-4892,-2170,11698,-55,144,-4095,-0.39298,-0.13454,0.97763,0.17405,2.50229,-29.11527,-7.83562,21.71335,1.06222,-1.46337,-3.17277,0.193146,0.261849,0.001247,0.001247
32113,329030,-3730,-1650,12038,-258,87,-2479,-0.32167,-0.10264,0.99784,-1.37557,2.06718,-16.77939,-5.87301,17.77995,1.05342,-1.48648,-3.11937,0.193814,0.258665,0.001688,0.001688
32114,329040,-3556,-906,12220,0,-80,-1015,-0.311,-0.057,1.00865,0.59389,0.79237,-5.60382,-3.23463,17.11033,1.05705,-1.4851,-3.08376,0.19405,0.255938,0.001497,0.001497
32115,329051,-2114,-378,12244,-161,261,-1703,-0.22251,-0.02462,1.01008,-0.63511,3.39542,-10.85573,-1.39605,12.41951,1.03459,-1.49301,-2.99216,0.194016,0.250517,0.003891,0.003891
32116,329061,544,-218,12006,-143,171,-1196,-0.0594,-0.0148,0.99594,-0.49771,2.7084,-6.9855,-0.85146,3.41261,0.99782,-1.46991,-2.67218,0.191313,0.223921,0.046299,0.046299
32117,329071,774,-186,12270,-250,1209,-312,-0.04528,-0.01284,1.01162,-1.3145,10.63206,-0.2374,-0.72711,2.56274,1.01272,-1.47106,-2.47394,0.190061,0.215443,0.018353,0.018353
32118,329081,142,860,12170,-269,927,1037,-0.08407,0.05132,1.00568,-1.45954,8.47939,10.06031,2.92149,4.77208,1.01049,-1.38816,-2.22981,0.181114,0.200907,0.022544,0.022544
32119,329091,-5138,-2234,12122,-130,977,6408,-0.40808,-0.13846,1.00283,-0.39847,8.86107,51.0603,-7.86134,21.95445,1.0915,-1.3976,-2.12962,0.181442,0.199685,0.000564,0.000564
32120,329101,-5608,-2864,11826,-110,971,19720,-0.43692,-0.17711,0.98524,-0.2458,8.81527,152.67863,-10.19077,23.57975,1.09223,-1.40679,-2.02913,0.181884,0.198394,0.000559,0.000559
32121,329112,-7192,-3452,11852,-250,532,21141,-0.53412,-0.21318,0.98679,-1.3145,5.46412,163.52596,-12.19039,27.88199,1.14214,-1.42432,-1.96933,0.182116,0.197752,0.000239,0.000239
32122,329122,-418,-678,12082,-134,52,17499,-0.11843,-0.04302,1.00045,-0.42901,1.8,135.72443,-2.46213,6.74488,1.00835,-1.45936,-1.70947,0.184718,0.175812,0.028034,0.028034
32123,329133,2424,-476,11764,-75,-286,17786,0.05597,-0.03063,0.98156,0.02137,-0.78015,137.91527,-1.78721,-3.26209,0.98363,-1.46519,-1.7389,0.185096,0.1776,0.012879,0.012879
32124,329143,7936,518,12114,-57,-1072,18627,0.39422,0.03035,1.00235,0.15878,-6.78015,144.33511,1.73404,-21.46054,1.07752,-1.46295,-1.82385,0.184871,0.178983,0.000782,0.000782
32125,329153,9264,844,12122,8,-571,18639,0.47571,0.05034,1.00283,0.65496,-2.95573,144.42673,2.87385,-25.35048,1.11108,-1.45657,-1.8643,0.18472,0.179802,0.000387,0.000387
32126,329163,11614,1614,12084,-22,-485,10370,0.61992,0.09757,1.00057,0.42595,-2.29924,81.30458,5.56981,-31.65988,1.18109,-1.45312,-1.89349,0.184627,0.180197,0.000148,0.000148
32127,329173,4450,-2594,12046,-82,-285,1225,0.1803,-0.16055,0.99831,-0.03206,-0.77252,11.49542,-9.13599,-10.11031,1.02709,-1.50018,-1.95099,0.188664,0.184511,0.005845,0.005845
32128,329184,4046,-1850,12060,-53,-528,-6357,0.15551,-0.11491,0.99914,0.18931,-2.62748,-46.38244,-6.56064,-8.78954,1.01768,-1.55975,-2.05928,0.194021,0.19172,0.011772,0.011772
32129,329194,7678,-1096,12162,-201,-298,-12591,0.37839,-0.06866,1.00521,-0.94046,-0.87176,-93.97022,-3.90741,-20.58386,1.07626,-1.57303,-2.08524,0.194194,0.193098,0.000828,0.000828
32130,329204,8400,362,12260,-130,-123,-11893,0.42269,0.02078,1.01103,-0.39847,0.46412,-88.64198,1.17723,-22.6847,1.09603,-1.5775,-2.09344,0.194063,0.194078,0.000529,0.000529
32131,329215,6640,522,12310,-91,-413,-8766,0.31469,0.03059,1.014,-0.10076,-1.74962,-64.77175,1.72799,-17.23413,1.06215,-1.57629,-2.13184,0.19369,0.195784,0.001255,0.001255
32132,329225,3674,754,11888,-45,-176,-5822,0.13268,0.04482,0.98892,0.25038,0.05954,-42.29847,2.59508,-7.63372,0.99879,-1.37934,-2.39221,0.176039,0.219062,0.047087,0.047087
32133,329235,3092,276,11700,45,-573,-7807,0.09696,0.0155,0.97775,0.9374,-2.97099,-57.45115,0.90826,-5.66282,0.98267,-1.3446,-2.46264,0.173602,0.222525,0.011897,0.011897
32134,329245,1756,278,12084,-199,-3,-9212,0.01498,0.01562,1.00057,-0.92519,1.38015,-68.17633,0.89458,-0.8576,1.0008,-1.25307,-2.37847,0.16439,0.216001,0.045557,0.045557
32135,329255,848,174,12246,-63,-91,-10272,-0.04074,0.00924,1.0102,0.11298,0.7084,-76.26794,0.52428,2.30937,1.01106,-1.21734,-2.27807,0.161133,0.207423,0.020387,0.020387
32136,329265,1326,356,12192,-83,-460,-7113,-0.01141,0.02041,1.00699,-0.03969,-2.1084,-52.15343,1.16102,0.64893,1.00726,-1.15012,-2.21543,0.154913,0.199713,0.029084,0.029084
32137,329275,-1036,-360,12156,-57,-250,-4734,-0.15635,-0.02351,1.00485,0.15878,-0.50534,-33.99313,-1.34039,8.8419,1.01721,-1.15221,-2.09872,0.155104,0.188594,0.011185,0.011185
32138,329285,-4268,-900,12018,71,-257,-6068,-0.35469,-0.05664,0.99665,1.13588,-0.55878,-44.17634,-3.25241,19.56054,1.0594,-1.145,-2.07951,0.155337,0.186196,0.001232,0.001232
32139,329296,-4268,-750,12256,-43,-169,-7378,-0.35469,-0.04743,1.01079,0.26565,0.11298,-54.17634,-2.68683,19.3164,1.07226,-1.1452,-2.06213,0.155455,0.184569,0.000847,0.000847
32140,329306,-5396,-1574,12078,-22,-388,-5526,-0.42391,-0.09798,1.00021,0.42595,-1.55878,-40.03893,-5.59476,22.87001,1.09075,-1.14493,-2.06596,0.155673,0.183347,0.000545,0.000545
32141,329316,-5148,-3006,11872,-109,-181,-4867,-0.40869,-0.18582,0.98797,-0.23817,0.02137,-35.0084,-10.65182,22.12359,1.0852,-1.15478,-2.05251,0.156205,0.181993,0.000623,0.000623
32142,329327,152,40,12066,-162,481,-1659,-0.08345,0.00102,0.9995,-0.64275,5.07481,-10.51985,0.05872,4.77273,1.00298,-1.113,-1.72747,0.151733,0.15719,0.040747,0.040747
32143,329337,-1646,2080,11990,-110,206,1864,-0.19379,0.12616,0.99498,-0.2458,2.97557,16.37328,7.22627,10.93576,1.0215,-1.05106,-1.59946,0.145813,0.148223,0.0079,0.0079
32144,329347,-5072,-206,12040,-230,317,6917,-0.40403,-0.01407,0.99796,-1.16183,3.8229,54.9458,-0.80749,22.0388,1.07673,-1.06395,-1.54506,0.145795,0.146637,0.000748,0.000748
32145,329357,-10650,-4066,11968,55,-250,12332,-0.74633,-0.25084,0.99368,1.01374,-0.50534,96.28168,-14.16755,36.06322,1.2678,-1.05609,-1.54921,0.145869,0.146424,6.3e-05,6.3e-05
32146,329368,-9244,-4388,12398,0,-265,9083,-0.66005,-0.27059,1.01923,0.59389,-0.61985,71.48016,-14.86831,32.04289,1.24407,-1.05267,-1.5543,0.145964,0.146193,7.6e-05,7.6e-05
32147,329378,-4760,-2254,11698,-73,-351,5192,-0.38488,-0.13969,0.97763,0.03664,-1.27634,41.77786,-8.13177,21.29222,1.05991,-1.06258,-1.54003,0.146757,0.143634,0.001246,0.001246
32148,329388,-1044,-1240,11896,-201,298,5756,-0.15685,-0.07749,0.9894,-0.94046,3.67786,46.08321,-4.47837,8.98083,1.00475,-1.19769,-1.12212,0.157914,0.109276,0.036486,0.036486
32149,329398,834,-402,12092,-294,-429,9471,-0.0416,-0.02609,1.00105,-1.65038,-1.87176,74.44199,-1.49284,2.37883,1.00225,-1.22718,-0.99694,0.158938,0.096255,0.04118,0.04118
32150,329409,7170,614,11990,-125,-207,9348,0.34721,0.03623,0.99498,-0.36031,-0.1771,73.50306,2.08559,-19.22536,1.05445,-1.22765,-1.02561,0.158514,0.098584,0.001423,0.001423
32151,329419,10566,1242,12300,-98,-516,8065,0.55561,0.07476,1.0134,-0.1542,-2.53588,63.70916,4.2189,-28.66886,1.15814,-1.22982,-1.0568,0.158429,0.099019,0.000175,0.000175
32152,329429,8614,992,12122,-149,27,12265,0.43583,0.05942,1.00283,-0.54351,1.60916,95.77023,3.39099,-23.45296,1.09505,-1.23459,-1.05259,0.158226,0.099997,0.000486,0.000486
32153,329439,13782,698,11986,50,-356,12506,0.75297,0.04139,0.99475,0.97557,-1.3145,97.60992,2.38242,-37.09975,1.24828,-1.22616,-1.06935,0.158203,0.100232,7.3e-05,7.3e-05
32154,329449,4200,-52,12070,-71,-81,5804,0.16496,-0.00462,0.99974,0.05191,0.78473,46.44962,-0.26471,-9.36933,1.01327,-1.2117,-1.19645,0.156809,0.11226,0.016124,0.016124
32155,329459,3598,-654,12240,-30,-362,167,0.12802,-0.04155,1.00984,0.36489,-1.36031,3.41908,-2.35589,-7.21869,1.01877,-1.22089,-1.27025,0.157822,0.117565,0.009834,0.009834
32156,329469,6740,-2158,11928,-24,-713,-6809,0.32083,-0.1338,0.9913,0.41069,-4.03969,-49.83282,-7.68713,-17.78281,1.05048,-1.22931,-1.33969,0.158804,0.120068,0.001692,0.001692
32157,329480,6466,-382,12346,-112,-304,-10709,0.30401,-0.02486,1.01614,-0.26107,-0.91756,-79.60381,-1.40155,-16.65166,1.06093,-1.23371,-1.3682,0.158822,0.121695,0.001185,0.001185
32158,329490,6812,566,11718,-33,-854,-9163,0.32525,0.03329,0.97882,0.34198,-5.11603,-67.80228,1.94787,-18.37082,1.03198,-1.21902,-1.48912,0.157668,0.12785,0.004044,0.004044
32159,329500,6990,632,12224,-240,-69,-7886,0.33617,0.03734,1.00889,-1.23817,0.87634,-58.0542,2.1195,-18.41665,1.06408,-1.22933,-1.50006,0.15734,0.129504,0.001088,0.001088
32160,329510,5844,1186,12154,-83,-335,-7587,0.26584,0.07132,1.00473,-0.03969,-1.1542,-55.77176,4.06033,-14.7848,1.04175,-1.21807,-1.54608,0.156153,0.132483,0.0025,0.0025
32161,329520,5106,580,11722,-120,-405,-9582,0.22056,0.03415,0.97906,-0.32214,-1.68855,-71.00076,1.99759,-12.68776,1.00418,-1.10023,-1.98782,0.145144,0.170506,0.038075,0.038075
32162,329531,3998,864,11864,-70,-377,-9645,0.15256,0.05157,0.9875,0.05954,-1.47481,-71.48167,2.98938,-8.77061,1.00054,-0.92495,-2.29563,0.129332,0.196662,0.04306,0.04306
32163,329541,956,-64,12076,11,-238,-7245,-0.03411,-0.00536,1.0001,0.67786,-0.41374,-53.16107,-0.30679,1.95358,1.00069,-0.89399,-2.12477,0.127045,0.180775,0.041587,0.041587
32164,329551,-1048,-20,12080,-133,-191,-7342,-0.15709,-0.00266,1.00033,-0.42137,-0.05496,-53.90153,-0.15213,8.92471,1.0126,-0.88748,-1.94973,0.125968,0.164849,0.016051,0.016051
32165,329561,-6730,-2096,12032,1,-169,-5389,-0.50577,-0.13,0.99748,0.60153,0.11298,-38.99313,-7.42537,26.69311,1.12591,-0.88444,-1.94272,0.126122,0.164174,0.000263,0.000263
32166,329572,-7610,-2766,12240,-76,-252,-4765,-0.55977,-0.1711,1.00984,0.01374,-0.52061,-34.22977,-9.61632,28.65793,1.16722,-0.88688,-1.94495,0.12624,0.163759,0.000151,0.000151
32167,329582,-1704,-1462,11746,10,-545,-3649,-0.19735,-0.09111,0.98049,0.67023,-2.75725,-25.71069,-5.30882,11.33256,1.00429,-1.03563,-1.51075,0.140084,0.122151,0.034826,0.034826
32168,329592,922,-226,12260,-224,1332,-596,-0.0362,-0.01529,1.01103,-1.11603,11.57099,-2.40534,-0.86656,2.05036,1.01179,-1.04508,-1.33724,0.139805,0.116852,0.017124,0.017124
32169,329602,-1144,954,12168,-91,543,17,-0.16298,0.05709,1.00556,-0.10076,5.54809,2.27405,3.24942,9.1919,1.02028,-1.01303,-1.19893,0.136711,0.109309,0.008019,0.008019
32170,329612,-2760,440,11954,-116,-143,4965,-0.26215,0.02556,0.99285,-0.2916,0.31145,40.04504,1.47474,14.78602,1.02719,-1.00507,-1.11842,0.135612,0.102261,0.004911,0.004911
32171,329622,-6740,-1622,11698,-44,-207,8390,-0.50639,-0.10092,0.97763,0.25802,-0.1771,66.19008,-5.89392,27.25896,1.10561,-1.00566,-1.11073,0.135774,0.101319,0.00037,0.00037
32172,329633,-4522,-2516,12420,-198,-178,1905,-0.37028,-0.15576,1.02054,-0.91756,0.04427,16.68626,-8.67797,19.73145,1.09675,-1.01959,-1.10204,0.136079,0.100488,0.000444,0.000444
32173,329643,-6884,-2516,11898,-53,-212,-341,-0.51522,-0.15576,0.98952,0.18931,-0.21527,-0.45878,-8.94565,27.21884,1.12644,-1.02115,-1.09774,0.136267,0.099818,0.000264,0.000264
32174,329653,-1308,-1422,12246,-348,-216,3094,-0.17305,-0.08866,1.0102,-2.0626,-0.2458,25.76259,-5.01547,9.68386,1.02874,-1.06142,-1.05156,0.137909,0.095361,0.004602,0.004602
32175,329664,770,-1130,12298,-79,-72,5528,-0.04553,-0.07074,1.01329,-0.00916,0.85344,44.34275,-3.99372,2.56635,1.01677,-1.09558,-1.00371,0.140845,0.091744,0.011155,0.011155
32176,329674,3988,214,12214,-136,14,7374,0.15195,0.0117,1.00829,-0.44427,1.50992,58.43435,0.66468,-8.56931,1.01975,-1.08608,-1.05539,0.139467,0.097659,0.008689,0.008689
32177,329684,7820,690,12152,-43,-237,8203,0.3871,0.0409,1.00461,0.26565,-0.40611,64.7626,2.33112,-21.05703,1.07739,-1.08241,-1.07453,0.13925,0.098926,0.000705,0.000705
32178,329694,8040,816,12082,-134,-268,9651,0.4006,0.04862,1.00045,-0.42901,-0.64275,75.81603,2.78255,-21.79892,1.07877,-1.08543,-1.09619,0.139011,0.100205,0.000687,0.000687
32179,329704,11056,1096,12038,-74,-25,10326,0.58568,0.0658,0.99784,0.02901,1.21221,80.9687,3.77278,-30.35664,1.15889,-1.0857,-1.09012,0.138936,0.100658,0.000173,0.000173
32180,329714,10598,324,12168,-124,-187,8422,0.55758,0.01845,1.00556,-0.35267,-0.02443,66.43436,1.05087,-29.00396,1.14995,-1.09019,-1.09683,0.138898,0.101148,0.000195,0.000195
32181,329724,2576,-276,12120,-62,-226,2432,0.0653,-0.01836,1.00271,0.12061,-0.32214,20.70916,-1.04895,-3.72539,1.005,-1.08895,-1.19137,0.13877,0.109259,0.034413,0.034413
32182,329734,3336,-1076,12212,-81,-433,-131,0.11194,-0.06743,1.00818,-0.02443,-1.90229,1.14427,-3.82653,-6.32158,1.01661,-1.12183,-1.26986,0.141577,0.114502,0.011422,0.011422
32183,329745,5276,-1434,11834,45,-1120,-4864,0.23099,-0.08939,0.98572,0.9374,-7.14656,-34.9855,-5.18182,-13.13639,1.01636,-1.16129,-1.47994,0.145836,0.126848,0.011656,0.011656
32184,329755,5312,-574,12188,6,-971,-9135,0.2332,-0.03664,1.00675,0.63969,-6.00916,-67.58855,-2.08425,-13.03326,1.03405,-1.15953,-1.58062,0.146121,0.13038,0.003422,0.003422
32185,329765,6564,-34,12114,-44,-1092,-9672,0.31003,-0.00351,1.00235,0.25802,-6.93282,-71.68778,-0.20091,-17.18668,1.04921,-1.15676,-1.67802,0.145973,0.132784,0.001723,0.001723
32186,329775,7180,382,12108,-55,-543,-8793,0.34783,0.022,1.002,0.17405,-2.74198,-64.97786,1.25796,-19.1394,1.06088,-1.1537,-1.72683,0.145723,0.134585,0.001151,0.001151
32187,329786,8140,1116,12012,-270,36,-9155,0.40674,0.06703,0.99629,-1.46718,1.67786,-67.74122,3.84885,-22.16265,1.07821,-1.16626,-1.72593,0.145403,0.135891,0.000711,0.000711
32188,329796,9364,1386,11864,-136,11,-7965,0.48185,0.08359,0.9875,-0.44427,1.48702,-58.65725,4.83839,-25.92961,1.10196,-1.16961,-1.7227,0.145174,0.136815,0.000425,0.000425
32189,329806,3552,138,12410,-175,628,-7403,0.12519,0.00704,1.01994,-0.74198,6.19695,-54.36718,0.39523,-6.99759,1.02762,-1.17032,-1.68978,0.14444,0.1393,0.005187,0.005187
32190,329816,1918,520,12298,-128,872,-7582,0.02492,0.03047,1.01329,-0.38321,8.05954,-55.73359,1.72227,-1.40821,1.01405,-1.13224,-1.60755,0.140547,0.139028,0.014961,0.014961
32191,329826,-2462,-170,11968,92,321,-8626,-0.24386,-0.01186,0.99368,1.29618,3.85344,-63.70305,-0.68365,13.7877,1.02323,-1.11764,-1.46334,0.140273,0.129414,0.006971,0.006971
32192,329836,-5166,-334,12344,-125,32,-10175,-0.4098,-0.02192,1.01602,-0.36031,1.64733,-75.52748,-1.23576,21.96127,1.09577,-1.1227,-1.43681,0.140278,0.128394,0.000485,0.000485
32193,329847,-6974,-776,12130,26,-347,-8689,-0.52074,-0.04903,1.0033,0.79237,-1.2458,-64.18397,-2.79771,27.40274,1.13146,-1.11661,-1.44301,0.140318,0.127717,0.000261,0.000261
32194,329857,-8990,-1820,12264,-106,-326,-7447,-0.64446,-0.11307,1.01127,-0.21527,-1.0855,-54.70305,-6.37972,32.3474,1.20448,-1.12074,-1.45145,0.140369,0.127386,0.000109,0.000109
32195,329867,754,-380,12026,-127,-28,-1573,-0.04651,-0.02474,0.99712,-0.37557,1.18931,-9.86336,-1.42122,2.66971,0.99851,-1.13868,-1.263,0.141517,0.111418,0.043263,0.043263
32196,329877,210,670,12222,-305,602,424,-0.07989,0.03967,1.00877,-1.73435,5.99847,5.38092,2.25195,4.52476,1.01271,-1.10022,-1.10798,0.136379,0.102785,0.016784,0.016784
32197,329887,-586,906,12120,-197,426,3285,-0.12874,0.05415,1.00271,-0.90992,4.65496,27.22061,3.09092,7.30574,1.01239,-1.03852,-0.91875,0.1299,0.089881,0.017173,0.017173
32198,329897,-3094,-1218,12256,-131,270,4056,-0.28265,-0.07614,1.01079,-0.40611,3.46412,33.10611,-4.30792,15.58047,1.05232,-1.04893,-0.85954,0.130353,0.087595,0.001546,0.001546
32199,329908,-6314,-2760,11960,-34,53,5002,-0.48024,-0.17073,0.9932,0.33435,1.80763,40.32748,-9.7537,25.4797,1.11635,-1.04972,-0.8338,0.130607,0.086828,0.000325,0.000325
32200,329918,-5178,-2104,12062,-10,39,3798,-0.41053,-0.13049,0.99926,0.51756,1.70076,31.13664,-7.43994,22.16478,1.08816,-1.04948,-0.80462,0.130933,0.085657,0.000567,0.000567
32201,329928,-5916,-2832,11948,-82,45,5576,-0.45582,-0.17515,0.99249,-0.03206,1.74656,44.70916,-10.00802,24.33631,1.10611,-1.05466,-0.77804,0.131252,0.084763,0.000397,0.000397
32202,329938,-5712,-2304,11786,-28,-489,5963,-0.4433,-0.14276,0.98286,0.38015,-2.32977,47.66336,-8.26426,24.05342,1.08762,-1.05638,-0.78766,0.13163,0.083459,0.000584,0.000584
32203,329949,-1012,-920,11858,19,-882,7793,-0.15488,-0.05786,0.98714,0.73893,-5.32977,61.63282,-3.35463,8.90191,1.00089,-1.1506,-0.41775,0.140633,0.045389,0.04352,0.04352
32204,329959,686,-912,12100,-156,-471,11898,-0.05068,-0.05737,1.00152,-0.59695,-2.19237,92.9687,-3.27859,2.89225,1.00444,-1.2336,-0.32129,0.147422,0.03472,0.035662,0.035662
32205,329969,4538,212,12046,-251,-408,14812,0.1857,0.01157,0.99831,-1.32214,-1.71145,115.21298,0.66429,-10.53665,1.0155,-1.22437,-0.46631,0.145275,0.046172,0.012508,0.012508
32206,329979,7882,412,12126,-109,-400,13597,0.39091,0.02384,1.00307,-0.23817,-1.65038,105.93817,1.36168,-21.28598,1.07681,-1.22635,-0.49817,0.145108,0.047509,0.000716,0.000716
32207,329989,10216,1610,11772,-156,-236,11416,0.53413,0.09733,0.98203,-0.59695,-0.39847,89.28931,5.66011,-28.42474,1.12212,-1.23178,-0.51069,0.14493,0.048233,0.000289,0.000289
32208,330000,9946,562,12316,-160,211,11742,0.51757,0.03304,1.01436,-0.62748,3.01374,91.77786,1.86584,-27.02024,1.13925,-1.23881,-0.48699,0.144867,0.048768,0.000224,0.000224
32209,330010,12518,606,12060,-113,-32,9988,0.6754,0.03574,0.99914,-0.2687,1.15878,78.38855,2.04882,-34.04081,1.20654,-1.2426,-0.47936,0.144836,0.049079,0.000103,0.000103
32210,330020,3396,-182,12058,-87,-214,3554,0.11562,-0.01259,0.99903,-0.07023,-0.23053,29.27405,-0.7222,-6.60108,1.00577,-1.22785,-0.6801,0.143319,0.06685,0.032349,0.032349
32211,330030,3408,-2402,12090,-69,-385,-882,0.11636,-0.14877,1.00093,0.06718,-1.53588,-4.58855,-8.45408,-6.55934,1.01859,-1.29853,-0.75286,0.149596,0.071944,0.009677,0.009677
32212,330040,1356,158,12098,-26,-250,-7161,-0.00957,0.00826,1.0014,0.39542,-0.50534,-52.51985,0.47274,0.54734,1.00148,-1.22381,-0.70528,0.143108,0.067154,0.040854,0.040854
32213,330050,8936,-1042,12036,-39,-228,-4193,0.45559,-0.06535,0.99772,0.29618,-0.3374,-29.86336,-3.74727,-24.49648,1.09876,-1.22336,-0.7195,0.143205,0.068067,0.000428,0.000428
32214,330061,7712,-2076,12036,-65,-628,-5265,0.38047,-0.12877,0.99772,0.09771,-3.39084,-38.04657,-7.35433,-20.717,1.07554,-1.2283,-0.76871,0.143608,0.06938,0.000732,0.000732
32215,330071,8576,672,11942,96,-1386,-9805,0.43349,0.03979,0.99213,1.32672,-9.1771,-72.70305,2.29674,-23.58517,1.08343,-1.21434,-0.87498,0.143417,0.07062,0.000608,0.000608
32216,330081,6974,892,11772,-75,-1002,-10637,0.33519,0.05329,0.98203,0.02137,-6.2458,-79.0542,3.10592,-18.82005,1.03903,-1.20405,-0.98574,0.142384,0.074893,0.002662,0.002662
32217,330091,7386,1938,13314,-123,-839,-9714,0.36047,0.11745,1.07366,-0.34504,-5.00153,-72.00839,6.24285,-18.45638,1.13863,-1.20725,-1.04044,0.142233,0.075246,0.000226,0.000226
32218,330102,3656,1194,12118,-52,-890,-9100,0.13157,0.07181,1.00259,0.19695,-5.39084,-67.32137,4.09687,-7.45757,1.01373,-1.12704,-1.19066,0.13508,0.083827,0.01502,0.01502
32219,330112,2544,1450,12136,6,-399,-8063,0.06334,0.08751,1.00366,0.63969,-1.64275,-59.40535,4.98333,-3.59723,1.00946,-0.98413,-1.26188,0.122702,0.088671,0.02258,0.02258
32220,330122,-1716,-224,11382,-14,-313,-8529,-0.19808,-0.01517,0.95886,0.48702,-0.98626,-62.96259,-0.90637,11.67067,0.97922,-0.97989,-1.16835,0.122649,0.079308,0.008056,0.008056
32221,330132,-3686,400,12226,-147,-6,-6808,-0.31897,0.02311,1.00901,-0.52824,1.35725,-49.82519,1.31189,17.53879,1.05848,-0.98358,-1.13263,0.122395,0.077248,0.001227,0.001227
32222,330142,-8862,-1996,11652,84,-275,-3825,-0.6366,-0.12387,0.9749,1.23511,-0.69618,-27.0542,-7.24087,32.93457,1.17091,-0.97339,-1.1353,0.122479,0.076793,0.000149,0.000149
32223,330153,-12080,-6308,12084,-105,-17,-4698,-0.83408,-0.38837,1.00057,-0.20763,1.27328,-33.71832,-21.21346,37.85141,1.35929,-0.97738,-1.122,0.122541,0.076674,3.4e-05,3.4e-05
32224,330163,-148,-564,12018,-104,426,-2739,-0.10186,-0.03603,0.99665,-0.2,4.65496,-18.76412,-2.07014,5.8318,1.00249,-1.02435,-0.79883,0.126469,0.051767,0.040154,0.040154
32225,330173,-2096,2642,12330,-153,462,4681,-0.2214,0.16063,1.01519,-0.57405,4.92977,37.8771,8.99135,12.15632,1.05139,-1.01564,-0.72982,0.125058,0.04995,0.001568,0.001568
32226,330184,-4914,3470,12274,-103,1,6808,-0.39433,0.21142,1.01186,-0.19237,1.41069,54.11374,11.80186,20.8804,1.10637,-1.01394,-0.708,0.124621,0.049213,0.00038,0.00038
32227,330194,-6818,-2620,12296,-207,395,8144,-0.51117,-0.16214,1.01317,-0.98626,4.41832,64.31222,-9.09221,26.48199,1.14634,-1.02669,-0.65879,0.124768,0.048717,0.000203,0.000203
32228,330204,-9252,-2844,12180,-18,34,10763,-0.66054,-0.17588,1.00627,0.45649,1.6626,84.30458,-9.91431,32.8873,1.21648,-1.02421,-0.63949,0.124843,0.048434,9.4e-05,9.4e-05
32229,330214,-7806,-2408,11980,-90,63,8159,-0.5718,-0.14914,0.99439,-0.09313,1.88397,64.42672,-8.52958,29.62544,1.15672,-1.02775,-0.61567,0.124965,0.047943,0.000181,0.000181
32230,330224,-192,-1756,12420,-302,-289,6225,-0.10456,-0.10914,1.02054,-1.71145,-0.80305,49.66336,-6.10442,5.81702,1.03167,-1.06667,-0.598,0.126811,0.045592,0.004064,0.004064
32231,330235,3144,-820,12512,-148,-579,11616,0.10016,-0.05173,1.026,-0.53588,-3.01679,90.81603,-2.88627,-5.56835,1.03218,-1.08049,-0.64823,0.127457,0.047353,0.003969,0.003969
32232,330245,4884,-208,12008,-80,-324,18637,0.20693,-0.01419,0.99605,-0.01679,-1.07023,144.41145,-0.81608,-11.73518,1.01742,-1.07897,-0.78283,0.127191,0.058434,0.011144,0.011144
32233,330255,8768,-318,12210,-133,-139,13284,0.44528,-0.02094,1.00806,-0.42137,0.34198,103.54886,-1.18976,-23.82734,1.10222,-1.08451,-0.7899,0.127195,0.059324,0.00043,0.00043
32234,330266,9764,-528,12210,-85,-22,10785,0.5064,-0.03382,1.00806,-0.05496,1.23511,84.47252,-1.92137,-26.65973,1.12861,-1.08656,-0.78526,0.127216,0.059963,0.000275,0.000275
32235,330276,9604,-584,11816,-110,217,8042,0.49658,-0.03725,0.98465,-0.2458,3.05954,63.53359,-2.16664,-26.74635,1.10341,-1.09075,-0.76638,0.127257,0.060961,0.000428,0.000428
32236,330286,7552,-676,11986,-215,856,4613,0.37066,-0.0429,0.99475,-1.04733,7.93741,37.35801,-2.46918,-20.41866,1.06243,-1.10408,-0.71059,0.1274,0.063022,0.001164,0.001164
32237,330296,2036,-258,11878,-103,36,538,0.03216,-0.01726,0.98833,-0.19237,1.67786,6.25115,-1.00022,-1.86356,0.989,-1.10505,-0.71876,0.1272,0.065206,0.020805,0.020805
32238,330306,3188,-2434,12000,-4,-1341,-2955,0.10286,-0.15073,0.99558,0.56336,-8.83359,-20.41298,-8.6093,-5.83242,1.01216,-1.23855,-0.9,0.139573,0.073486,0.018359,0.018359
32239,330317,2684,-1034,12124,-18,-896,-9381,0.07193,-0.06486,1.00295,0.45649,-5.43664,-69.46641,-3.69988,-4.09346,1.00761,-1.30504,-1.04381,0.145826,0.081448,0.028265,0.028265
32240,330327,940,1206,12116,1,-514,-9243,-0.0351,0.07255,1.00247,0.60153,-2.52061,-68.41297,4.13921,1.9998,1.00571,-1.12165,-0.96892,0.129776,0.072391,0.032874,0.032874
32241,330337,7744,-3364,12252,-64,-271,-5472,0.38244,-0.20778,1.01055,0.10534,-0.66565,-39.62672,-11.61863,-20.33925,1.10029,-1.12644,-0.98468,0.130183,0.073143,0.000433,0.000433
32242,330347,5246,940,12236,-150,-480,-10930,0.22915,0.05623,1.0096,-0.55115,-2.26107,-81.29084,3.18786,-12.76847,1.03681,-1.12011,-1.04379,0.129004,0.076353,0.003042,0.003042
32243,330358,6126,2180,11972,71,-1270,-13323,0.28315,0.13229,0.99392,1.13588,-8.2916,-99.55801,7.58169,-15.76921,1.04189,-1.08917,-1.16264,0.12713,0.07951,0.002402,0.002402
32244,330368,5396,1196,11858,-16,-1266,-11521,0.23835,0.07193,0.98714,0.47176,-8.26107,-85.80228,4.16785,-13.54001,1.01805,-1.03084,-1.37447,0.122204,0.091036,0.010447,0.010447
32245,330378,1828,358,11562,-17,-1157,-9933,0.0194,0.02053,0.96955,0.46412,-7.42901,-73.68015,1.21308,-1.1459,0.96996,-1.01742,-1.44832,0.121307,0.090915,0.004462,0.004462
32246,330388,1498,88,12192,-74,-786,-11846,-0.00085,0.00397,1.00699,0.02901,-4.59695,-88.2832,0.22581,0.04853,1.007,-0.98176,-1.4498,0.118024,0.086841,0.029406,0.029406
32247,330398,532,-918,12210,-129,-272,-12849,-0.06013,-0.05774,1.00806,-0.39084,-0.67328,-95.93969,-3.27823,3.40818,1.0115,-1.02966,-1.3665,0.121866,0.078682,0.018683,0.018683
32248,330409,-1482,-208,12308,-74,-482,-11665,-0.18372,-0.01419,1.01388,0.02901,-2.27634,-86.90153,-0.80174,10.27002,1.03049,-1.02962,-1.34066,0.121779,0.07425,0.004236,0.004236
32249,330419,-3224,-762,12398,-239,-180,-11355,-0.29062,-0.04817,1.01923,-1.23053,0.02901,-84.53511,-2.7059,15.89812,1.06095,-1.04506,-1.32124,0.121951,0.072466,0.001153,0.001153
32250,330429,-5702,-1442,12092,-31,-562,-9336,-0.44269,-0.08988,1.00105,0.35725,-2.88702,-69.12289,-5.13075,23.77124,1.09825,-1.04457,-1.33941,0.122118,0.071441,0.000455,0.000455
32251,330440,-8722,-2324,12200,-56,-217,-8193,-0.62801,-0.14398,1.00746,0.16641,-0.25344,-60.39771,-8.13354,31.67831,1.19587,-1.04495,-1.33881,0.122192,0.071096,0.000116,0.000116
32252,330450,978,-124,11836,-165,593,-495,-0.03276,-0.00904,0.98583,-0.66565,5.92977,-1.63435,-0.52512,1.90339,0.98642,-1.04457,-1.23044,0.121451,0.066628,0.015639,0.015639
32253,330460,1296,-270,12460,-382,2920,342,-0.01325,-0.01799,1.02291,-2.32214,23.69313,4.75496,-1.00763,0.74195,1.02316,-1.06858,-0.98201,0.121413,0.065536,0.007007,0.007007
32254,330470,-2238,64,11958,-39,797,1891,-0.23012,0.0025,0.99308,0.29618,7.48702,16.57939,0.14404,13.04621,1.0194,-1.0555,-0.77722,0.120396,0.053818,0.009357,0.009357
32255,330480,-4982,-1986,12328,-139,340,10871,-0.3985,-0.12325,1.01507,-0.46718,3.99847,85.12901,-6.92308,21.29214,1.09743,-1.06412,-0.72745,0.120642,0.052892,0.000469,0.000469
32256,330491,-7078,-5050,12316,-2,-385,11705,-0.52713,-0.3112,1.01436,0.57863,-1.53588,91.49542,-17.05577,26.41872,1.18475,-1.06167,-0.73974,0.120833,0.052569,0.000133,0.000133
32257,330501,-5164,-2756,12038,-97,-43,7886,-0.40967,-0.17048,0.99784,-0.14656,1.07481,62.34275,-9.69557,22.033,1.09205,-1.06895,-0.71737,0.121246,0.051479,0.000534,0.000534
32258,330511,-2184,-2018,11854,-184,-296,6792,-0.2268,-0.12521,0.9869,-0.81069,-0.85649,53.9916,-7.23084,12.84302,1.02034,-1.13307,-0.60557,0.126164,0.040632,0.008908,0.008908
32259,330522,3340,78,12358,-257,-226,11637,0.11218,0.00336,1.01685,-1.36794,-0.32214,90.97634,0.18906,-6.2956,1.02303,-1.13829,-0.65057,0.125291,0.044344,0.007275,0.007275
32260,330532,4118,368,11638,-108,-151,15629,0.15993,0.02114,0.97407,-0.23053,0.25038,121.44962,1.24352,-9.32165,0.98734,-1.1002,-0.79993,0.121554,0.057931,0.017459,0.017459
32261,330542,6928,584,11772,-83,-260,14700,0.33236,0.03439,0.98203,-0.03969,-0.58168,114.35802,2.00585,-18.68748,1.03732,-1.09229,-0.8611,0.1207,0.062845,0.003063,0.003063
32262,330552,13514,2168,12156,-75,-321,12158,0.73652,0.13156,1.00485,0.02137,-1.04733,94.95344,7.45888,-36.00828,1.25279,-1.09267,-0.87474,0.120645,0.063072,7.2e-05,7.2e-05
32263,330562,9632,1384,12098,-93,-225,7565,0.4983,0.08347,1.0014,-0.11603,-0.3145,59.89236,4.76455,-26.37589,1.12164,-1.0932,-0.88648,0.120481,0.063787,0.000312,0.000312
32264,330572,4374,-3022,12106,-43,-384,233,0.17564,-0.1868,1.00188,0.26565,-1.52824,3.9229,-10.56156,-9.77809,1.03417,-1.12671,-0.93517,0.123617,0.066727,0.003692,0.003692
32265,330583,880,800,12054,-25,-369,-5562,-0.03878,0.04764,0.99879,0.40305,-1.41374,-40.31374,2.731,2.22082,1.00068,-0.9509,-0.80766,0.108096,0.05396,0.044883,0.044883
32266,330593,7046,-1422,12246,-10,-509,-929,0.3396,-0.08866,1.0102,0.51756,-2.48244,-4.94733,-5.01547,-18.51518,1.06943,-0.95056,-0.84936,0.108434,0.055426,0.000924,0.000924
32267,330603,10044,-2670,11638,40,-1894,-3458,0.52358,-0.16521,0.97407,0.89924,-13.05496,-24.25267,-9.62615,-27.92134,1.11814,-0.94549,-0.98925,0.108688,0.056214,0.000326,0.000326
32268,330613,8682,450,12456,-149,-1358,-11171,0.44,0.02617,1.02267,-0.54351,-8.96336,-83.13053,1.46609,-23.27269,1.11362,-0.95115,-1.08734,0.108611,0.056922,0.000356,0.000356
32269,330624,7998,1858,12154,-133,-490,-12886,0.39803,0.11254,1.00473,-0.42137,-2.3374,-96.22214,6.39117,-21.48904,1.08654,-0.95193,-1.12381,0.108205,0.058045,0.000615,0.000615
32270,330634,8862,1202,12336,-82,-645,-14652,0.45105,0.0723,1.01554,-0.03206,-3.52061,-109.70305,4.07233,-23.89431,1.11355,-0.95152,-1.16782,0.108042,0.058784,0.000362,0.000362
32271,330644,4356,2232,12386,-147,-195,-14442,0.17453,0.13548,1.01852,-0.52824,-0.0855,-108.1,7.57702,-9.64035,1.0422,-0.9364,-1.19059,0.106116,0.060696,0.002517,0.002517
32272,330655,1412,688,12140,-129,-221,-12427,-0.00613,0.04077,1.0039,-0.39084,-0.28397,-92.71832,2.32578,0.34959,1.00474,-0.81876,-1.13611,0.095121,0.055501,0.037526,0.037526
32273,330665,-3202,-282,12082,-73,-69,-12892,-0.28927,-0.01873,1.00045,0.03664,0.87634,-96.26794,-1.07239,16.12413,1.0416,-0.81999,-1.08429,0.095178,0.051591,0.002528,0.002528
32274,330675,-7110,-984,12210,-6,-202,-12770,-0.52909,-0.06179,1.00806,0.54809,-0.13893,-95.33664,-3.50753,27.64907,1.14015,-0.81609,-1.0794,0.095235,0.050981,0.000236,0.000236
32275,330685,-9950,-2550,12490,-142,-258,-10749,-0.70337,-0.15785,1.02469,-0.49008,-0.56641,-79.90916,-8.75723,34.15363,1.25285,-0.82253,-1.08299,0.095288,0.050749,7.4e-05,7.4e-05
32276,330696,-11108,-4654,11934,130,-594,-8070,-0.77443,-0.28691,0.99166,1.58626,-3.1313,-59.45878,-16.13634,36.87648,1.29052,-0.80848,-1.11267,0.095365,0.050557,5.6e-05,5.6e-05
32277,330706,-278,-410,12038,-246,208,-3351,-0.10984,-0.02658,0.99784,-1.28397,2.99084,-23.43588,-1.5258,6.27944,1.00422,-0.84979,-0.79538,0.097831,0.024746,0.039101,0.039101
32278,330717,-2184,1860,11966,-119,720,6972,-0.2268,0.11266,0.99356,-0.3145,6.89924,55.36565,6.46941,12.77954,1.02533,-0.80829,-0.6425,0.093742,0.017204,0.006229,0.006229
32279,330727,-3812,-1672,12284,-183,458,7088,-0.32671,-0.10399,1.01245,-0.80305,4.89924,56.25114,-5.86438,17.79654,1.06893,-0.8221,-0.57604,0.094176,0.015622,0.000959,0.000959
32280,330737,-8754,-4908,12138,-99,405,7530,-0.62998,-0.30249,1.00378,-0.16183,4.49466,59.62519,-16.7702,31.00217,1.22309,-0.82617,-0.52828,0.094311,0.015356,9.4e-05,9.4e-05
32281,330747,-9552,-4352,12140,-24,363,8836,-0.67895,-0.26838,1.0039,0.41069,4.17405,69.59466,-14.96752,33.15916,1.24129,-0.82415,-0.48396,0.094414,0.015111,8.1e-05,8.1e-05
32282,330758,-5580,-2438,12296,-223,228,5519,-0.4352,-0.15098,1.01317,-1.1084,3.14351,44.27404,-8.4756,23.01838,1.11297,-0.83902,-0.44395,0.094668,0.01433,0.000371,0.000371
32283,330768,-2148,-1582,12168,-142,-77,7025,-0.22459,-0.09847,1.00556,-0.49008,0.81527,55.77023,-5.59289,12.53237,1.03503,-0.86204,-0.38902,0.096208,0.010124,0.003618,0.003618
32284,330778,1142,-896,12332,-274,-252,11514,-0.0227,-0.05639,1.01531,-1.49771,-0.52061,90.03741,-3.17896,1.27878,1.01712,-0.90598,-0.37397,0.098717,0.008299,0.012169,0.012169
32285,330788,3062,-736,11922,-299,-263,14363,0.09512,-0.04658,0.99094,-1.68855,-0.60458,111.7855,-2.69101,-5.47716,0.99659,-0.9971,-0.59136,0.105281,0.027232,0.041448,0.041448
32286,330799,6554,86,12632,-248,-373,12222,0.30941,0.00385,1.03313,-1.29924,-1.44427,95.44199,0.21329,-16.67233,1.07848,-1.01023,-0.61806,0.105199,0.028305,0.000745,0.000745
32287,330809,8034,946,12274,-176,-114,12929,0.40023,0.0566,1.01186,-0.74962,0.53282,100.83894,3.20154,-21.55035,1.08961,-1.01634,-0.62513,0.104981,0.029391,0.000579,0.000579
32288,330819,10354,188,11836,23,303,15137,0.5426,0.0101,0.98583,0.76947,3.71603,117.69389,0.58715,-28.82712,1.12534,-1.00921,-0.59673,0.104938,0.030151,0.0003,0.0003
32289,330829,10626,236,12210,-175,99,15052,0.55929,0.01305,1.00806,-0.74198,2.15878,117.04504,0.74153,-29.02055,1.15289,-1.01733,-0.58125,0.104905,0.03067,0.000204,0.000204
32290,330839,11184,422,11970,-227,404,9788,0.59354,0.02446,0.9938,-1.13893,4.48702,76.86183,1.40972,-30.83978,1.15781,-1.02929,-0.54253,0.104863,0.031194,0.000193,0.000193
32291,330849,4754,-324,11992,-99,-188,3285,0.19895,-0.0213,0.9951,-0.16183,-0.03206,27.22061,-1.22643,-11.30373,1.01502,-1.03482,-0.70168,0.10512,0.045395,0.014731,0.014731
32292,330860,1696,-66,12058,22,-903,-2924,0.0113,-0.00548,0.99903,0.76183,-5.49008,-20.17634,-0.31415,-0.64789,0.9991,-0.99555,-0.75203,0.10219,0.044947,0.045806,0.045806
32293,330870,1580,68,12172,64,-1402,-3001,0.00418,0.00274,1.0058,1.08244,-9.29924,-20.76412,0.15619,-0.23806,1.00581,-0.94731,-0.82503,0.098747,0.043116,0.033654,0.033654
32294,330880,7164,-1650,12114,4,-871,1190,0.34685,-0.10264,1.00235,0.62443,-5.2458,11.22824,-5.84673,-18.99509,1.06562,-0.94711,-0.89659,0.0992,0.044788,0.00103,0.00103
32295,330890,8620,-1254,11804,182,-1142,3431,0.43619,-0.07835,0.98393,1.98321,-7.3145,28.33511,-4.55285,-23.84154,1.07913,-0.93088,-0.98663,0.099433,0.046262,0.000719,0.000719
32296,330900,11272,-2798,11960,-150,-1116,-1629,0.59894,-0.17306,0.9932,-0.55115,-7.11603,-10.29084,-9.88426,-30.71392,1.17266,-0.93876,-1.06283,0.099557,0.046672,0.000154,0.000154
32297,330911,8904,1972,11910,17,-975,-14066,0.45362,0.11953,0.99023,0.72366,-6.03969,-105.22977,6.88308,-24.45586,1.09573,-0.92859,-1.13543,0.099205,0.047723,0.000503,0.000503
32298,330921,5808,1906,11998,-98,-1111,-13146,0.26363,0.11549,0.99546,-0.1542,-7.07786,-98.20687,6.61746,-14.73895,1.03623,-0.90611,-1.25154,0.096964,0.051741,0.003315,0.003315
32299,330931,1554,1448,12254,-88,-450,-10687,0.00258,0.08739,1.01067,-0.07786,-2.03206,-79.43587,4.94203,-0.14592,1.01445,-0.81966,-1.25539,0.089064,0.05022,0.015076,0.015076
32300,330942,1014,986,11898,-125,-335,-10155,-0.03055,0.05905,0.98952,-0.36031,-1.1542,-75.37481,3.41526,1.76546,0.99175,-0.70893,-1.18501,0.078744,0.042836,0.02718,0.02718
32301,330952,-2342,846,11868,-16,-415,-9611,-0.2365,0.05046,0.98774,0.47176,-1.76489,-71.22214,2.92479,13.44819,1.01691,-0.66215,-1.03012,0.074907,0.027345,0.011805,0.011805
32302,330962,-6118,78,12516,74,-600,-8049,-0.46822,0.00336,1.02624,1.15878,-3.1771,-59.29847,0.18733,24.52444,1.12801,-0.65108,-1.05503,0.074886,0.026706,0.000279,0.000279
32303,330972,-6690,-1004,12774,42,-451,-7251,-0.50332,-0.06302,1.04157,0.9145,-2.03969,-53.20687,-3.46219,25.7502,1.15852,-0.6432,-1.07076,0.074932,0.026265,0.000184,0.000184
32304,330983,-9744,-4630,12146,455,-848,-7801,-0.69073,-0.28544,1.00425,4.06718,-5.07023,-57.40535,-15.86659,33.48852,1.25184,-0.6044,-1.11918,0.075033,0.026037,7.4e-05,7.4e-05
32305,330993,-2712,-2094,12078,-277,-38,-8397,-0.2592,-0.12988,1.00021,-1.52061,1.11298,-61.95496,-7.39839,14.41258,1.04138,-0.63796,-1.06801,0.076609,0.022428,0.002597,0.002597
32306,331003,1086,-54,11834,-311,924,-327,-0.02614,-0.00474,0.98572,-1.78015,8.45649,-0.35191,-0.27561,1.51879,0.98607,-0.65047,-0.94388,0.076067,0.018865,0.015898,0.015898
32307,331013,-2274,3190,12194,-240,2430,141,-0.23233,0.19425,1.00711,-1.23817,19.95267,3.22061,10.91697,12.76275,1.05165,-0.64392,-0.72157,0.074303,0.016808,0.001701,0.001701
32308,331024,-2580,1270,12288,-3,903,6672,-0.2511,0.07647,1.01269,0.57099,8.29618,53.07557,4.31849,13.88796,1.04616,-0.62842,-0.60792,0.07336,0.014045,0.002124,0.002124
32309,331034,-5852,-510,12170,-252,583,12647,-0.45189,-0.03271,1.00568,-1.32977,5.85344,98.68626,-1.86307,24.18495,1.10303,-0.64299,-0.53849,0.073409,0.013057,0.000446,0.000446
32310,331044,-9072,-2996,12228,-134,799,20196,-0.64949,-0.18521,1.00913,-0.42901,7.50229,156.31221,-10.39981,32.33557,1.21428,-0.64904,-0.46017,0.0735,0.012749,0.000105,0.000105
32311,331054,-2504,-838,12314,-42,-742,15577,-0.24644,-0.05283,1.01424,0.27328,-4.26107,121.05267,-2.9819,13.63926,1.04508,-0.65235,-0.47074,0.073976,0.009869,0.002275,0.002275
32312,331065,-4252,-2360,12046,-173,-712,3522,-0.35371,-0.14619,0.99831,-0.72672,-4.03206,29.02977,-8.33119,19.31892,1.06916,-0.66804,-0.49131,0.074663,0.008093,0.001001,0.001001
32313,331075,1494,-930,12174,-84,-372,15505,-0.0011,-0.05848,1.00592,-0.04733,-1.43664,120.50306,-3.32697,0.06246,1.00762,-0.74967,-0.48856,0.081861,0.006554,0.030255,0.030255
32314,331085,7656,130,12244,-274,-15,19624,0.37704,0.00655,1.01008,-1.49771,1.28855,151.9458,0.37126,-20.46902,1.07817,-0.76458,-0.49126,0.081782,0.007942,0.000776,0.000776
32315,331095,9832,-166,12222,44,-409,16196,0.51057,-0.01161,1.00877,0.92977,-1.71908,125.77786,-0.65949,-26.84387,1.13068,-0.75607,-0.51598,0.08178,0.008609,0.000283,0.000283
32316,331106,7850,-598,11980,-194,380,13074,0.38894,-0.03811,0.99439,-0.88702,4.30382,101.9458,-2.19484,-21.34805,1.06843,-0.76722,-0.4944,0.08191,0.010522,0.001024,0.001024
32317,331116,9366,-1530,12118,-124,-151,7768,0.48197,-0.09528,1.00259,-0.35267,0.25038,61.44198,-5.42876,-25.57448,1.1165,-0.77325,-0.50106,0.082061,0.011333,0.000361,0.000361
32318,331126,3794,-734,12116,10,-331,2642,0.14004,-0.04645,1.00247,0.67023,-1.12366,22.31221,-2.65312,-7.94421,1.01327,-0.80077,-0.64404,0.08505,0.023112,0.017712,0.017712
32319,331136,2314,-868,12174,-88,-506,-39,0.04922,-0.05467,1.00592,-0.07786,-2.45954,1.84656,-3.11104,-2.79724,1.0086,-0.86604,-0.72754,0.090744,0.028362,0.027565,0.027565
32320,331147,3378,-2232,12214,-49,-1342,-2926,0.11451,-0.13834,1.00829,0.21985,-8.84122,-20.1916,-7.8124,-6.41984,1.02416,-0.91356,-0.85561,0.095112,0.031885,0.007026,0.007026
32321,331157,3134,-388,12060,137,-1727,-8350,0.09954,-0.02523,0.99914,1.63969,-11.78015,-61.59618,-1.44647,-5.68762,1.00441,-0.91951,-1.15759,0.097026,0.048335,0.039004,0.039004
32322,331167,6280,-554,12066,1,-1659,-11394,0.2926,-0.03541,0.9995,0.60153,-11.26107,-84.83282,-2.02912,-16.30743,1.04205,-0.91726,-1.30842,0.097276,0.051711,0.002509,0.002509
32323,331178,8590,542,12384,-89,-623,-15420,0.43435,0.03182,1.0184,-0.0855,-3.35267,-115.56564,1.78949,-23.08854,1.10761,-0.91799,-1.35126,0.097178,0.052498,0.000405,0.000405
32324,331188,9888,1544,12338,-126,-265,-14846,0.51401,0.09328,1.01566,-0.36794,-0.61985,-111.18397,5.24745,-26.74623,1.14214,-0.92119,-1.36395,0.097048,0.053032,0.000235,0.000235
32325,331198,4470,1686,12454,-246,-466,-13530,0.18153,0.10199,1.02256,-1.28397,-2.1542,-101.13817,5.69592,-10.01772,1.04354,-0.91906,-1.40678,0.095622,0.054889,0.002405,0.002405
32326,331209,2206,1334,11898,-102,-37,-10927,0.04259,0.0804,0.98952,-0.18473,1.12061,-81.26794,4.64513,-2.4567,0.99369,-0.73552,-1.43162,0.078953,0.058064,0.033472,0.033472
32327,331219,-2762,758,13368,95,-691,-8573,-0.26227,0.04507,1.07686,1.31908,-3.87176,-63.29847,2.39644,13.67644,1.10926,-0.7219,-1.46498,0.078844,0.057533,0.000392,0.000392
32328,331229,-5528,-336,12354,29,-334,-6120,-0.43201,-0.02204,1.01661,0.81527,-1.14656,-44.57328,-1.24195,23.01821,1.10482,-0.71476,-1.46651,0.078864,0.056593,0.000429,0.000429
32329,331239,-9824,-2672,12362,-231,-108,-4545,-0.69564,-0.16533,1.01709,-1.16947,0.57863,-32.55038,-9.23288,34.02283,1.24327,-0.72793,-1.45841,0.078925,0.056336,8.1e-05,8.1e-05
32330,331250,-7756,-4690,12122,-212,323,-7453,-0.56873,-0.28912,1.00283,-1.02443,3.8687,-54.74886,-16.08235,28.58747,1.18857,-0.74105,-1.41622,0.079112,0.055971,0.000136,0.000136
32331,331260,3822,-2602,12096,-237,2165,2693,0.14176,-0.16104,1.00128,-1.21527,17.92977,22.70153,-9.13671,-7.95743,1.02401,-0.81407,-1.28564,0.084485,0.060278,0.007167,0.007167
32332,331270,-1378,1006,11860,-13,758,6962,-0.17734,0.06028,0.98726,0.49466,7.18931,55.28931,3.49399,10.16488,1.00487,-0.64632,-0.78169,0.06985,0.021586,0.038022,0.038022
32333,331280,-5956,768,11980,-90,265,10981,-0.45827,0.04568,0.99439,-0.09313,3.42595,85.9687,2.63021,24.7201,1.09586,-0.64628,-0.73464,0.0697,0.020423,0.000511,0.000511
32334,331290,-10584,-2026,12114,-247,678,15715,-0.74228,-0.12571,1.00235,-1.2916,6.57863,122.10611,-7.14816,36.30761,1.25359,-0.66037,-0.66631,0.069743,0.020177,7.4e-05,7.4e-05
32335,331301,-12844,-3942,11828,-99,550,12728,-0.88096,-0.24323,0.98536,-0.16183,5.60153,99.30458,-13.86616,40.95792,1.34395,-0.66323,-0.60881,0.069792,0.020026,4.1e-05,4.1e-05
32336,331311,-4834,-2176,11612,-343,-80,7590,-0.38942,-0.13491,0.97252,-2.02443,0.79237,60.08321,-7.89755,21.63455,1.05624,-0.69492,-0.56796,0.070753,0.017064,0.00149,0.00149
32337,331322,388,-1102,11816,-266,-403,11676,-0.06897,-0.06903,0.98465,-1.43664,-1.67328,91.27405,-4.01005,3.99694,0.98947,-0.78498,-0.48074,0.077457,0.007755,0.022724,0.022724
32338,331332,5442,-888,11736,-2,-594,15986,0.24117,-0.0559,0.97989,0.57863,-3.1313,124.17481,-3.265,-13.8054,1.01068,-0.83484,-0.80565,0.082363,0.033997,0.02208,0.02208
32339,331342,8330,-1398,12180,-100,-422,15664,0.4184,-0.08718,1.00627,-0.16947,-1.81832,121.7168,-4.95173,-22.50119,1.09327,-0.83959,-0.83592,0.082562,0.035047,0.000542,0.000542
32340,331353,11436,-1130,12104,-16,-506,12472,0.609,-0.07074,1.00176,0.47176,-2.45954,97.35039,-4.03952,-31.23353,1.17448,-0.8362,-0.86564,0.082608,0.035474,0.000157,0.000157
32341,331363,12814,-728,12198,-182,-104,8655,0.69356,-0.04609,1.00734,-0.79542,0.60916,68.21298,-2.61941,-34.5197,1.22389,-0.84515,-0.86316,0.082623,0.035765,9.7e-05,9.7e-05
32342,331373,11776,-412,12048,-107,-172,4002,0.62987,-0.0267,0.99843,-0.2229,0.09008,32.69389,-1.53193,-32.23675,1.18081,-0.84831,-0.86729,0.082632,0.036183,0.000149,0.000149
32343,331383,5380,-1754,11998,-119,-425,-1692,0.23737,-0.10902,0.99546,-0.3145,-1.84122,-10.77176,-6.25001,-13.33497,1.02916,-0.88015,-0.95035,0.085123,0.041929,0.005164,0.005164
32344,331394,1408,220,12224,-79,-805,-6870,-0.00638,0.01207,1.00889,-0.00916,-4.74198,-50.29847,0.68519,0.36206,1.00898,-0.83933,-0.96192,0.08139,0.038687,0.026666,0.026666
32345,331404,1046,1018,12202,122,-810,-4316,-0.02859,0.06102,1.00758,1.52519,-4.78015,-30.80229,3.4654,1.62237,1.00983,-0.72144,-0.94663,0.072144,0.033014,0.024113,0.024113
32346,331414,10898,-4758,12138,107,-1424,-67,0.57599,-0.29329,1.00378,1.41069,-9.46718,1.63282,-16.28751,-28.84546,1.19388,-0.71003,-1.04516,0.072321,0.033329,0.000127,0.000127
32347,331424,6956,-394,12792,33,-1868,-6901,0.33408,-0.0256,1.04264,0.8458,-12.85649,-50.53511,-1.40637,-17.76146,1.09515,-0.70267,-1.1828,0.072354,0.03411,0.000527,0.000527
32348,331435,8418,1522,11120,55,-1063,-10985,0.4238,0.09193,0.94329,1.01374,-6.71145,-81.71069,5.56636,-24.09223,1.0382,-0.67378,-1.32131,0.070614,0.040461,0.003111,0.003111
32349,331445,8748,2222,11130,-67,-566,-12534,0.44405,0.13487,0.94388,0.08244,-2.91756,-93.53511,8.13183,-24.97229,1.0518,-0.65821,-1.39234,0.069233,0.044164,0.001754,0.001754
32350,331455,5064,1562,12770,-184,-83,-10841,0.21798,0.09438,1.04133,-0.81069,0.76947,-80.61145,5.17906,-11.77586,1.06808,-0.66094,-1.39588,0.06869,0.045129,0.001039,0.001039
32351,331465,3082,732,12386,-66,-458,-9813,0.09635,0.04347,1.01852,0.09008,-2.09313,-72.76412,2.44401,-5.39916,1.02399,-0.63808,-1.44631,0.066667,0.047725,0.007295,0.007295
32352,331476,-1382,-272,11734,236,-822,-6233,-0.17759,-0.01811,0.97977,2.39542,-4.87176,-45.43588,-1.05915,10.27177,0.9959,-0.63292,-1.01533,0.068287,0.004822,0.040806,0.040806
32353,331486,-5884,-1064,10874,156,-224,-4161,-0.45386,-0.0667,0.92867,1.78473,-0.30687,-29.61909,-4.10783,25.98734,1.03579,-0.62787,-0.92477,0.069369,-0.003547,0.003469,0.003469
32354,331496,-6242,-1534,12488,160,-510,-3744,-0.47582,-0.09553,1.02458,1.81527,-2.49008,-26.43588,-5.32655,24.81611,1.13371,-0.61168,-0.94271,0.069482,-0.004166,0.000269,0.000269
32355,331507,-2114,-644,11796,-101,-399,-2717,-0.22251,-0.04093,0.98346,-0.1771,-1.64275,-18.59618,-2.38334,12.73782,1.00914,-0.65989,-0.60498,0.073569,-0.035802,0.025854,0.025854
32356,331517,1250,-210,11792,-411,261,-677,-0.01607,-0.01431,0.98322,-2.54351,3.39542,-3.02366,-0.83388,0.93638,0.98346,-0.68793,-0.5516,0.073736,-0.037506,0.012653,0.012653
32357,331527,1106,70,12176,-762,747,-207,-0.02491,0.00286,1.00604,-5.2229,7.10534,0.56412,0.16314,1.41829,1.00635,-0.71117,-0.41774,0.07108,-0.043082,0.032882,0.032882
32358,331537,1212,-132,11946,-420,834,-628,-0.0184,-0.00953,0.99237,-2.61221,7.76947,-2.64962,-0.54999,1.06239,0.99259,-0.73252,-0.29872,0.07059,-0.046735,0.029167,0.029167
32359,331548,1186,-516,12324,-366,2066,-710,-0.02,-0.03308,1.01483,-2.2,17.17405,-3.27557,-1.86704,1.12838,1.01557,-0.76984,-0.11002,0.071896,-0.048209,0.013148,0.013148
32360,331558,1016,172,12142,-88,1066,-364,-0.03043,0.00912,1.00402,-0.07786,9.54046,-0.63435,0.52051,1.73601,1.00452,-0.72438,0.04949,0.067701,-0.053893,0.03635,0.03635
32361,331568,1508,-224,12482,-217,1301,1022,-0.00024,-0.01517,1.02422,-1.0626,11.33435,9.9458,-0.84854,0.01339,1.02433,-0.7364,0.16242,0.067765,-0.053808,0.006344,0.006344
32362,331578,220,178,12832,526,2098,915,-0.07928,0.00949,1.04502,4.60916,17.41832,9.12901,0.52027,4.33817,1.04806,-0.68876,0.34448,0.067567,-0.054464,0.001836,0.001836
32363,331588,-840,3882,10096,1159,1550,4644,-0.14433,0.2367,0.88244,9.44122,13.23512,37.59465,15.01483,8.97678,0.92497,-0.58287,0.484,0.066481,-0.055055,0.000779,0.000779
32364,331598,1908,-178,12688,-1514,-1767,-1146,0.02431,-0.01235,1.03646,-10.96336,-12.0855,-6.60382,-0.68256,-1.34336,1.03682,-0.69314,0.35843,0.066478,-0.054585,0.003084,0.003084
32365,331608,-2138,180,12622,-178,142,-13254,-0.22398,0.00961,1.03254,-0.76489,2.48702,-99.0313,0.53336,12.23853,1.0566,-0.69976,0.40008,0.066327,-0.056036,0.00137,0.00137
32366,331619,-2224,-1330,12460,1407,1722,-7339,-0.22926,-0.08301,1.02291,11.33435,14.54809,-53.87863,-4.63955,12.59241,1.05157,-0.59377,0.56602,0.066925,-0.057814,0.001652,0.001652
32367,331629,1240,-4170,9268,2029,2616,9499,-0.01669,-0.25722,0.83325,16.08244,21.37252,74.65573,-17.15527,1.09614,0.8722,-0.4383,0.78041,0.067343,-0.057821,0.00028,0.00028
32368,331640,3456,1806,12738,-1246,-1639,17448,0.1193,0.10935,1.03943,-8.91756,-11.1084,135.33511,6.00564,-6.51189,1.05195,-0.51733,0.65802,0.066377,-0.056759,0.001655,0.001655
32369,331650,3110,1210,12458,-622,-361,8588,0.09807,0.07279,1.02279,-4.1542,-1.35267,67.70153,4.07092,-5.46323,1.03006,-0.53807,0.61675,0.064459,-0.054229,0.004636,0.004636
32370,331660,2034,-630,11522,140,310,994,0.03204,-0.04007,0.96718,1.6626,3.76947,9.73206,-2.37263,-1.89569,0.96854,-0.53003,0.64405,0.065168,-0.053252,0.004288,0.004288
32371,331670,674,-1346,11266,-664,-847,1853,-0.05142,-0.08399,0.95197,-4.47481,-5.0626,16.28931,-5.04226,3.07977,0.95705,-0.58623,0.59997,0.066133,-0.053789,0.002418,0.002418
32372,331680,1272,-500,12834,-1728,-2413,5353,-0.01472,-0.0321,1.04514,-12.59695,-17.01679,43.00687,-1.75919,0.80663,1.04573,-0.71512,0.43115,0.066335,-0.053862,0.002161,0.002161
32373,331691,1604,-982,11388,-690,-867,5156,0.00565,-0.06167,0.95921,-4.67328,-5.21527,41.50305,-3.67836,-0.33689,0.96121,-0.77117,0.37741,0.067108,-0.053672,0.002968,0.002968
32374,331701,2280,-272,12148,-349,-1437,6546,0.04714,-0.01811,1.00437,-2.07023,-9.56641,52.11374,-1.03322,-2.68648,1.00564,-0.80101,0.17788,0.067865,-0.044344,0.035167,0.035167
32375,331711,1686,-1008,12478,19,-1769,9434,0.01068,-0.06326,1.02398,0.73893,-12.10076,74.15955,-3.53519,-0.59664,1.02599,-0.81073,0.05339,0.069333,-0.043994,0.005996,0.005996
32376,331721,4318,1454,12106,48,-752,13391,0.1722,0.08776,1.00188,0.96031,-4.3374,104.36565,5.00608,-9.71599,1.02035,-0.74931,-0.0775,0.064641,-0.036136,0.009043,0.009043
32377,331732,3656,6666,12062,-57,170,12400,0.13157,0.40747,0.99926,0.15878,2.70076,96.80077,22.18407,-6.95146,1.08714,-0.73439,-0.05433,0.063392,-0.03576,0.000609,0.000609
32378,331742,4558,7658,12056,-43,446,11621,0.18693,0.46832,0.99891,0.26565,4.80763,90.8542,25.1186,-9.61655,1.11896,-0.72379,-0.00909,0.062626,-0.035476,0.000332,0.000332
32379,331752,5390,12082,11966,-163,638,2086,0.23798,0.73969,0.99356,-0.65038,6.27328,18.06794,36.66709,-10.87561,1.26132,-0.72831,0.05324,0.062393,-0.035408,7e-05,7e-05
32380,331762,2272,5842,12176,14,20,-11672,0.04664,0.35692,1.00604,0.70076,1.55573,-86.95496,19.53373,-2.50199,1.06849,-0.70161,0.06657,0.060578,-0.035177,0.001003,0.001003
32381,331772,-338,586,12120,-420,33,-21309,-0.11352,0.03452,1.00271,-2.61221,1.65496,-160.51985,1.97152,6.45539,1.00971,-0.66257,0.23869,0.054703,-0.049042,0.024359,0.024359
32382,331782,-2006,-5982,12404,700,1282,-18195,-0.21588,-0.36837,1.01958,5.9374,11.18931,-136.74886,-19.86444,11.26222,1.10537,-0.61195,0.35571,0.055436,-0.049457,0.000426,0.000426
32383,331793,-2420,-10386,12760,-339,2083,-9073,-0.24128,-0.63851,1.04074,-1.99389,17.30382,-67.11526,-31.52994,11.17835,1.24461,-0.63492,0.5301,0.055657,-0.049534,8e-05,8e-05
32384,331803,-1604,-10036,11470,425,11234,765,-0.19121,-0.61704,0.96409,3.83817,87.15878,7.98397,-32.62045,9.48356,1.1605,-0.6031,1.4037,0.056194,-0.049669,0.000188,0.000188
32385,331814,-876,-6762,9642,-632,8749,10297,-0.14654,-0.41621,0.85547,-4.23053,68.18931,80.74733,-25.94452,8.75643,0.96257,-0.72818,2.10777,0.063537,-0.051605,0.00325,0.00325
32386,331824,136,-3066,9926,-2059,-2831,16389,-0.08443,-0.1895,0.87234,-15.12366,-20.20763,127.25114,-12.25599,5.40314,0.89667,-0.88525,1.9078,0.064001,-0.051748,0.000456,0.000456
32387,331834,2762,684,12404,-1064,-13482,18677,0.07671,0.04053,1.01958,-7.52824,-101.51298,144.7168,2.27627,-4.29944,1.02327,-0.93633,0.85334,0.061782,-0.048189,0.007674,0.007674
32388,331845,4662,3262,14316,736,-11498,16694,0.19331,0.19866,1.13319,6.21221,-86.36794,129.57939,9.94366,-9.53802,1.1666,-0.87289,-0.01155,0.06161,-0.048037,0.000178,0.000178
32389,331855,5382,3672,12618,-260,-2167,9972,0.23749,0.22381,1.0323,-1.39084,-15.13893,78.26642,12.233,-12.67151,1.08265,-0.87795,-0.17149,0.060764,-0.047231,0.000722,0.000722
32390,331866,5468,1682,12256,-882,246,3137,0.24277,0.10175,1.01079,-6.13893,3.28092,26.09084,5.74801,-13.43993,1.0445,-0.92377,-0.17039,0.05932,-0.044358,0.002419,0.002419
32391,331876,4186,10,12584,606,1992,-1359,0.1641,-0.00082,1.03028,5.21985,16.60916,-8.22977,-0.04537,-9.0498,1.04327,-0.87004,-0.02707,0.05913,-0.042285,0.002567,0.002567
32392,331886,170,-264,11686,1270,4022,-2225,-0.08235,-0.01762,0.97692,10.28855,32.10534,-14.84046,-1.03347,4.81742,0.98054,-0.77055,0.34214,0.05938,-0.046547,0.010554,0.010554
32393,331896,338,-764,12110,-496,2110,-934,-0.07204,-0.04829,1.00212,-3.19237,17.50992,-4.9855,-2.75904,4.1069,1.00586,-0.87451,0.6488,0.065758,-0.058249,0.036523,0.036523
32394,331906,960,-1114,12284,-54,1886,-1073,-0.03387,-0.06976,1.01245,0.18168,15.8,-6.04656,-3.94171,1.91137,1.01542,-0.91766,0.82332,0.069713,-0.059672,0.014441,0.014441
32395,331917,1146,-1396,11996,508,2674,-1333,-0.02245,-0.08706,0.99534,4.47176,21.81527,-8.0313,-4.99884,1.2874,0.99939,-1.06639,1.05353,0.08692,-0.060696,0.046727,0.046727
32396,331927,1104,-504,12338,-35,1955,-609,-0.02503,-0.03234,1.01566,0.32672,16.32672,-2.50458,-1.82403,1.41106,1.01649,-1.07355,1.21984,0.087773,-0.060913,0.012567,0.012567
32397,331937,1002,-240,12280,-85,2653,-100,-0.03129,-0.01615,1.01222,-0.05496,21.65496,1.38092,-0.91414,1.77038,1.01283,-1.07216,1.44283,0.087521,-0.061434,0.017504,0.017504
32398,331947,824,-282,11934,-64,3583,-168,-0.04221,-0.01873,0.99166,0.10534,28.7542,0.86183,-1.08189,2.4371,0.99273,-1.07227,1.75194,0.087547,-0.063304,0.029671,0.029671
32399,331957,642,-240,11516,-78,2731,-224,-0.05338,-0.01615,0.96682,-0.00153,22.25038,0.43435,-0.95705,3.15989,0.96843,-1.07268,1.98,0.087504,-0.063743,0.004154,0.004154
32400,331967,642,-288,11486,-84,-114,-290,-0.05338,-0.0191,0.96504,-0.04733,0.53282,-0.06947,-1.13357,3.16554,0.9667,-1.07426,1.99044,0.087525,-0.064143,0.00379,0.00379
32401,331977,902,-252,12212,-80,-2977,-328,-0.03743,-0.01689,1.00818,-0.01679,-21.32214,-0.35954,-0.95962,2.12575,1.00901,-1.07242,1.78651,0.087268,-0.064915,0.024873,0.024873
32402,331988,1074,-322,12778,-81,-2528,-285,-0.02687,-0.02118,1.04181,-0.02443,-17.89466,-0.0313,-1.16472,1.47724,1.04237,-1.07376,1.6079,0.087287,-0.064887,0.002394,0.002394
32403,331998,954,-198,12388,-80,673,-186,-0.03424,-0.01357,1.01863,-0.01679,6.54046,0.72443,-0.7635,1.9248,1.0193,-1.07181,1.67636,0.08702,-0.065102,0.009599,0.009599
32404,332008,768,-258,11812,-74,2415,-225,-0.04565,-0.01726,0.98441,0.02901,19.83817,0.42672,-1.0042,2.65467,0.98562,-1.07139,1.88685,0.086931,-0.066124,0.014696,0.014696
32405,332018,646,-232,11696,-84,1424,-249,-0.05314,-0.01566,0.97752,-0.04733,12.27328,0.24351,-0.91783,3.11108,0.97908,-1.07143,2.01948,0.086815,-0.06695,0.008396,0.008396
32406,332028,788,-222,11870,-77,-339,-285,-0.04442,-0.01505,0.98785,0.00611,-1.18473,-0.0313,-0.87265,2.5745,0.98897,-1.06822,2.0197,0.086456,-0.067967,0.020128,0.020128
32407,332038,860,-274,12130,-88,-1374,-303,-0.04,-0.01824,1.0033,-0.07786,-9.0855,-0.1687,-1.04132,2.28295,1.00427,-1.06881,1.9425,0.086363,-0.069125,0.036705,0.036705
32408,332048,942,-216,12292,-85,-1072,-290,-0.03497,-0.01468,1.01293,-0.05496,-6.78015,-0.06947,-0.83024,1.9772,1.01364,-1.06661,1.87692,0.08604,-0.069262,0.015081,0.015081
32409,332058,888,-220,12188,-74,63,-259,-0.03829,-0.01492,1.00675,0.02901,1.88397,0.16718,-0.8493,2.17764,1.00759,-1.06132,1.90402,0.085516,-0.069938,0.026892,0.026892
32410,332068,818,-256,12026,-76,882,-242,-0.04258,-0.01713,0.99712,0.01374,8.13588,0.29695,-0.98435,2.44495,0.99818,-1.05895,2.00432,0.08524,-0.071567,0.039767,0.039767
32411,332078,764,-198,11876,-78,846,-241,-0.0459,-0.01357,0.98821,-0.00153,7.86107,0.30458,-0.787,2.65883,0.98937,-1.0546,2.09464,0.084775,-0.072549,0.019107,0.019107
32412,332088,786,-244,11854,-76,48,-260,-0.04455,-0.0164,0.9869,0.01374,1.76947,0.15954,-0.95182,2.58403,0.98804,-1.05359,2.1209,0.084621,-0.073249,0.016639,0.016639
32413,332098,820,-236,12092,-85,-758,-270,-0.04246,-0.01591,1.00105,-0.05496,-4.38321,0.08321,-0.9103,2.42842,1.00207,-1.04954,2.09101,0.084134,-0.074429,0.037672,0.037672
32414,332108,868,-236,12166,-87,-785,-257,-0.03951,-0.01591,1.00544,-0.07023,-4.58931,0.18244,-0.90632,2.25026,1.00634,-1.0471,2.05148,0.083778,-0.074931,0.027522,0.027522
32415,332118,774,-78,12094,-95,-167,-110,-0.04528,-0.00621,1.00116,-0.1313,0.12824,1.30458,-0.35561,2.58963,1.00221,-1.02437,2.07274,0.081556,-0.076649,0.035858,0.035858
32416,332128,912,564,11780,-227,53,1080,-0.03681,0.03317,0.98251,-1.13893,1.80763,10.38855,1.93342,2.14458,0.98376,-1.00588,2.09213,0.078812,-0.076698,0.010337,0.010337
32417,332138,988,-694,12114,-94,-905,826,-0.03215,-0.044,1.00235,-0.12366,-5.50534,8.44962,-2.51346,1.83532,1.00383,-1.0562,2.03134,0.083129,-0.076117,0.032081,0.032081
32418,332148,906,-772,12190,-28,-1074,-936,-0.03718,-0.04878,1.00687,0.38015,-6.79542,-5.00076,-2.77389,2.11238,1.00874,-1.08878,1.96721,0.086308,-0.076391,0.02066,0.02066
32419,332159,876,-226,12238,-81,333,-272,-0.03902,-0.01529,1.00972,-0.02443,3.94504,0.06794,-0.86768,2.21295,1.01059,-1.0861,2.01093,0.085969,-0.076705,0.017061,0.017061
32420,332169,782,-270,12022,-78,900,-268,-0.04479,-0.01799,0.99689,-0.00153,8.27328,0.09847,-1.03393,2.5722,0.99805,-1.08517,2.11071,0.085807,-0.07816,0.034059,0.034059
32421,332179,756,-282,11948,-77,556,-273,-0.04639,-0.01873,0.99249,0.00611,5.64733,0.06031,-1.08099,2.67544,0.99375,-1.08584,2.18068,0.085796,-0.079298,0.025058,0.025058
32422,332189,766,-248,11918,-74,-357,-284,-0.04577,-0.01664,0.99071,0.02901,-1.32214,-0.02366,-0.96235,2.64494,0.9919,-1.08382,2.17819,0.085565,-0.080188,0.020845,0.020845
32423,332199,848,-270,12152,-77,-996,-301,-0.04074,-0.01799,1.00461,0.00611,-6.2,-0.15344,-1.02598,2.32192,1.0056,-1.0831,2.12229,0.085429,-0.080663,0.02589,0.02589
32424,332209,872,-224,12350,-81,-618,-282,-0.03927,-0.01517,1.01638,-0.02443,-3.3145,-0.0084,-0.85508,2.21229,1.01725,-1.08223,2.09101,0.085253,-0.080757,0.00858,0.00858
32425,332219,838,-286,11966,-86,446,-277,-0.04135,-0.01897,0.99356,-0.0626,4.80763,0.02977,-1.09397,2.38299,0.9946,-1.08398,2.14621,0.085277,-0.081323,0.026014,0.026014
32426,332229,762,-234,11926,-81,513,-269,-0.04602,-0.01578,0.99118,-0.02443,5.31908,0.09084,-0.91226,2.65786,0.99238,-1.08144,2.20985,0.084951,-0.082186,0.021044,0.021044
32427,332239,800,-272,11964,-79,42,-280,-0.04369,-0.01811,0.99344,-0.00916,1.72366,0.00687,-1.04459,2.51753,0.99457,-1.08142,2.23524,0.084865,-0.082844,0.025335,0.025335
32428,332249,824,-264,11978,-82,-247,-280,-0.04221,-0.01762,0.99427,-0.03206,-0.48244,0.00687,-1.01544,2.43075,0.99532,-1.08081,2.23654,0.084705,-0.083318,0.026528,0.026528
32429,332259,832,-236,12100,-82,-504,-292,-0.04172,-0.01591,1.00152,-0.03206,-2.44427,-0.08473,-0.90986,2.38522,1.00252,-1.07684,2.21807,0.084245,-0.08378,0.029855,0.029855
32430,332269,826,-246,12122,-94,-317,-286,-0.04209,-0.01652,1.00283,-0.12366,-1.01679,-0.03893,-0.94372,2.40309,1.00385,-1.07524,2.21404,0.083914,-0.084254,0.02723,0.02723
32431,332279,794,-262,12122,-88,104,-280,-0.04405,-0.0175,1.00283,-0.07786,2.19695,0.00687,-0.99977,2.51502,1.00395,-1.0748,2.24426,0.08373,-0.08492,0.026652,0.026652
32432,332289,736,-262,12084,-85,246,-273,-0.04761,-0.0175,1.00057,-0.05496,3.28092,0.06031,-1.00203,2.72404,1.00186,-1.07401,2.29098,0.083535,-0.086092,0.029274,0.029274
32433,332299,728,-250,11992,-76,46,-278,-0.0481,-0.01676,0.9951,0.01374,1.7542,0.02214,-0.96516,2.76721,0.99641,-1.07182,2.32149,0.083275,-0.08718,0.026445,0.026445
32434,332309,752,-244,12058,-83,-297,-284,-0.04663,-0.0164,0.99903,-0.03969,-0.86412,-0.02366,-0.94027,2.67212,1.00025,-1.06915,2.32424,0.082925,-0.088125,0.029341,0.029341
32435,332319,804,-238,12020,-86,-312,-288,-0.04344,-0.01603,0.99677,-0.0626,-0.97863,-0.0542,-0.92125,2.49515,0.99784,-1.06648,2.3203,0.082554,-0.088572,0.027637,0.027637
32436,332329,824,-232,12030,-78,-167,-285,-0.04221,-0.01566,0.99736,-0.00153,0.12824,-0.0313,-0.89957,2.42331,0.99838,-1.06266,2.32527,0.082135,-0.088824,0.027764,0.027764
32437,332339,792,-280,12116,-83,-48,-278,-0.04418,-0.0186,1.00247,-0.03969,1.03664,0.02214,-1.06322,2.52287,1.00362,-1.06386,2.34116,0.082133,-0.089241,0.024903,0.024903
32438,332349,770,-250,12042,-86,100,-274,-0.04553,-0.01676,0.99807,-0.0626,2.16641,0.05267,-0.96229,2.61138,0.99925,-1.06247,2.37056,0.081877,-0.089857,0.027603,0.027603
32439,332359,774,-242,12030,-81,4,-273,-0.04528,-0.01627,0.99736,-0.02443,1.43359,0.06031,-0.9348,2.59919,0.99852,-1.06008,2.39151,0.081566,-0.090372,0.026801,0.026801
32440,332369,838,-248,12074,-78,-215,-277,-0.04135,-0.01664,0.99998,-0.00153,-0.23817,0.02977,-0.95344,2.36782,1.00097,-1.05803,2.38944,0.081307,-0.090318,0.026775,0.026775
32441,332379,794,-276,12026,-78,-267,-285,-0.04405,-0.01836,0.99712,-0.00153,-0.63511,-0.0313,-1.05482,2.52935,0.99827,-1.05876,2.38776,0.081298,-0.090658,0.025919,0.025919
32442,332390,834,-262,12052,-85,-170,-287,-0.0416,-0.0175,0.99867,-0.05496,0.10534,-0.04656,-1.00394,2.38493,0.99969,-1.05864,2.38959,0.081164,-0.090646,0.026341,0.026341
32443,332400,786,-248,11992,-82,-20,-282,-0.04455,-0.01664,0.9951,-0.03206,1.25038,-0.0084,-0.9581,2.56276,0.99624,-1.05744,2.40666,0.080954,-0.090976,0.022897,0.022897
32444,332410,744,-294,12066,-83,7,-278,-0.04712,-0.01946,0.9995,-0.03969,1.45649,0.02214,-1.11559,2.69878,1.0008,-1.06011,2.42924,0.081086,-0.091618,0.025671,0.025671
32445,332420,766,-234,12050,-85,-70,-277,-0.04577,-0.01578,0.99855,-0.05496,0.8687,0.02977,-0.90553,2.62423,0.99972,-1.05749,2.44357,0.080726,-0.092045,0.025527,0.025527
32446,332430,756,-290,12064,-85,-182,-278,-0.04639,-0.01922,0.99938,-0.05496,0.01374,0.02214,-1.10166,2.65699,1.00064,-1.05993,2.44998,0.080824,-0.092528,0.02517,0.02517
32447,332440,752,-258,12116,-89,-210,-276,-0.04663,-0.01726,1.00247,-0.0855,-0.2,0.0374,-0.98611,2.66291,1.0037,-1.05992,2.45362,0.080673,-0.092955,0.022061,0.022061
32448,332450,746,-266,12104,-81,-122,-265,-0.047,-0.01775,1.00176,-0.02443,0.47176,0.12137,-1.01487,2.68579,1.00302,-1.05992,2.46444,0.080578,-0.093423,0.022809,0.022809
32449,332460,800,-296,12102,-76,-73,-269,-0.04369,-0.01959,1.00164,0.01374,0.8458,0.09084,-1.12022,2.49689,1.00278,-1.06196,2.47436,0.080702,-0.093471,0.022911,0.022911
32450,332470,768,-274,11994,-83,-64,-271,-0.04565,-0.01824,0.99522,-0.03969,0.9145,0.07557,-1.04978,2.62583,0.99644,-1.06287,2.48751,0.080675,-0.093749,0.021755,0.021755
32451,332480,760,-250,12076,-86,-116,-276,-0.04614,-0.01676,1.0001,-0.0626,0.51756,0.0374,-0.96035,2.64119,1.0013,-1.06182,2.49715,0.08045,-0.094069,0.023899,0.023899
32452,332490,784,-276,12120,-71,-147,-273,-0.04467,-0.01836,1.00271,0.05191,0.28092,0.06031,-1.04895,2.55027,1.00387,-1.06183,2.50194,0.080425,-0.094163,0.021011,0.021011
32453,332500,758,-266,12094,-79,-155,-268,-0.04626,-0.01775,1.00116,-0.00916,0.21985,0.09847,-1.01547,2.64534,1.00239,-1.06165,2.50826,0.080328,-0.094452,0.022686,0.022686
32454,332510,772,-238,12148,-83,-150,-272,-0.0454,-0.01603,1.00437,-0.03969,0.25802,0.06794,-0.91428,2.58807,1.00553,-1.06013,2.51318,0.080081,-0.094579,0.018318,0.018318
32455,332520,768,-240,12120,-83,-123,-263,-0.04565,-0.01615,1.00271,-0.03969,0.46412,0.13664,-0.9228,2.60635,1.00388,-1.05846,2.52058,0.079821,-0.094743,0.020678,0.020678
32456,332530,758,-254,12052,-83,-109,-263,-0.04626,-0.01701,0.99867,-0.03969,0.57099,0.13664,-0.97579,2.65197,0.99988,-1.05768,2.53018,0.079641,-0.095011,0.023591,0.023591
32457,332540,728,-230,12062,-90,-109,-247,-0.0481,-0.01554,0.99926,-0.09313,0.57099,0.25878,-0.89082,2.75577,1.00054,-1.05547,2.54195,0.079283,-0.095475,0.023343,0.023343
32458,332550,760,-272,12036,-78,-155,-240,-0.04614,-0.01811,0.99772,-0.00153,0.21985,0.31221,-1.04011,2.64741,0.99895,-1.05591,2.54746,0.079249,-0.095689,0.022987,0.022987
32459,332560,752,-256,12096,-84,-217,-154,-0.04663,-0.01713,1.00128,-0.04733,-0.25344,0.9687,-0.98026,2.66607,1.00252,-1.0555,2.54849,0.079097,-0.095927,0.021729,0.021729
32460,332570,778,-94,11936,-108,-393,209,-0.04504,-0.0072,0.99178,-0.23053,-1.59695,3.73969,-0.41567,2.59994,0.99282,-1.04879,2.5345,0.078203,-0.09602,0.015263,0.015263
32461,332580,836,-298,11994,-132,-879,614,-0.04148,-0.01971,0.99522,-0.41374,-5.30687,6.8313,-1.1345,2.38603,0.99628,-1.05534,2.48044,0.078352,-0.095842,0.020225,0.020225
32462,332590,822,248,12204,-70,-1098,18,-0.04234,0.01378,1.0077,0.05954,-6.97863,2.28168,0.78364,2.40552,1.00868,-1.03132,2.41153,0.076144,-0.095835,0.013163,0.013163
32463,332600,868,758,12174,-28,-716,182,-0.03951,0.04507,1.00592,0.38015,-4.0626,3.53359,2.56524,2.24723,1.0077,-0.97612,2.37005,0.071385,-0.09567,0.014514,0.014514
32464,332610,1046,134,12196,-189,-265,-111,-0.02859,0.00679,1.00723,-0.84885,-0.61985,1.29695,0.38627,1.62588,1.00765,-0.9653,2.35402,0.069557,-0.094685,0.014603,0.014603
32465,332620,656,-412,12292,-318,211,-1527,-0.05252,-0.0267,1.01293,-1.83359,3.01374,-9.51221,-1.51001,2.96725,1.01464,-0.98823,2.38943,0.069913,-0.09508,0.00743,0.00743
32466,332630,728,-686,12040,-9,1217,-1519,-0.0481,-0.04351,0.99796,0.52519,10.69313,-9.45115,-2.4964,2.75709,1.00006,-1.01875,2.50334,0.073118,-0.09563,0.023184,0.023184
32467,332640,528,-1150,11780,-39,1227,-847,-0.06038,-0.07197,0.98251,0.29618,10.76947,-4.32137,-4.18957,3.5072,0.98699,-1.04404,2.61975,0.075634,-0.09634,0.008673,0.008673
32468,332650,840,-1022,11844,-235,102,-456,-0.04123,-0.06412,0.98631,-1.2,2.18168,-1.33664,-3.71953,2.38877,0.98925,-1.08579,2.63977,0.078287,-0.096087,0.010891,0.010891
32469,332661,720,-384,11960,-120,-622,-26,-0.0486,-0.02498,0.9932,-0.32214,-3.34504,1.9458,-1.44097,2.80026,0.9947,-1.09622,2.61081,0.078875,-0.09641,0.018286,0.018286
32470,332671,794,-210,12118,-102,-920,6,-0.04405,-0.01431,1.00259,-0.18473,-5.61985,2.19008,-0.81777,2.51574,1.00366,-1.09308,2.55475,0.078346,-0.096335,0.02055,0.02055
32471,332681,816,-280,12296,-89,-747,-255,-0.0427,-0.0186,1.01317,-0.0855,-4.29924,0.19771,-1.05199,2.41315,1.01424,-1.09439,2.51195,0.078315,-0.096264,0.007762,0.007762
32472,332691,760,-274,12110,-83,153,-264,-0.04614,-0.01824,1.00212,-0.03969,2.57099,0.12901,-1.04256,2.63581,1.00334,-1.09445,2.54067,0.078213,-0.096451,0.021021,0.021021
32473,332701,770,-260,11948,-84,507,-268,-0.04553,-0.01738,0.99249,-0.04733,5.27328,0.09847,-1.00311,2.62602,0.99368,-1.09416,2.59489,0.078072,-0.0965,0.016693,0.016693
32474,332711,714,-250,12002,-81,218,-277,-0.04896,-0.01676,0.9957,-0.02443,3.06718,0.02977,-0.96459,2.81488,0.99704,-1.0924,2.63055,0.077816,-0.096869,0.021352,0.021352
32475,332721,762,-240,11980,-75,-392,-279,-0.04602,-0.01615,0.99439,0.02137,-1.58931,0.0145,-0.93052,2.64929,0.99559,-1.08982,2.61628,0.077527,-0.096929,0.019366,0.019366
32476,332731,768,-304,12104,-83,-559,-282,-0.04565,-0.02008,1.00176,-0.03969,-2.86412,-0.0084,-1.14814,2.60864,1.003,-1.0922,2.58903,0.077638,-0.096967,0.021119,0.021119
32477,332741,752,-238,12128,-79,-269,-286,-0.04663,-0.01603,1.00318,-0.00916,-0.65038,-0.03893,-0.91536,2.66108,1.0044,-1.08965,2.58499,0.077324,-0.097104,0.019229,0.019229
32478,332751,728,-256,11980,-79,178,-273,-0.0481,-0.01713,0.99439,-0.00916,2.76183,0.06031,-0.98706,2.76918,0.9957,-1.08852,2.61658,0.077141,-0.09738,0.019303,0.019303
32479,332761,770,-222,11990,-77,60,-276,-0.04553,-0.01505,0.99498,0.00611,1.86107,0.0374,-0.8664,2.61955,0.99614,-1.08481,2.63583,0.076735,-0.09735,0.01983,0.01983
32480,332771,722,-310,12096,-82,-301,-283,-0.04847,-0.02044,1.00128,-0.03206,-0.89466,-0.01603,-1.16974,2.77099,1.00266,-1.08767,2.63089,0.076898,-0.097629,0.021168,0.021168
32481,332781,808,-260,12142,-73,-442,-283,-0.0432,-0.01738,1.00402,0.03664,-1.97099,-0.01603,-0.99159,2.46313,1.0051,-1.08634,2.60948,0.076738,-0.097382,0.017967,0.017967
32482,332791,776,-210,12076,-86,-219,-275,-0.04516,-0.01431,1.0001,-0.0626,-0.2687,0.04504,-0.81981,2.58516,1.00122,-1.08179,2.60727,0.076192,-0.097336,0.022169,0.022169
32483,332801,740,-244,12050,-89,21,-276,-0.04737,-0.0164,0.99855,-0.0855,1.56336,0.0374,-0.94072,2.71554,0.99981,-1.08022,2.62592,0.075898,-0.097525,0.022353,0.022353
32484,332811,764,-288,12020,-81,79,-279,-0.0459,-0.0191,0.99677,-0.02443,2.00611,0.0145,-1.0975,2.6358,0.99801,-1.08157,2.64672,0.07593,-0.097503,0.021399,0.021399
32485,332821,718,-258,11966,-85,-90,-279,-0.04872,-0.01726,0.99356,-0.05496,0.71603,0.0145,-0.99496,2.80678,0.9949,-1.08133,2.65754,0.075787,-0.09775,0.017641,0.017641
32486,332831,732,-220,12080,-84,-300,-280,-0.04786,-0.01492,1.00033,-0.04733,-0.88702,0.00687,-0.85474,2.73883,1.00159,-1.07765,2.65157,0.075334,-0.097927,0.021568,0.021568
32487,332841,794,-248,12126,-87,-299,-277,-0.04405,-0.01664,1.00307,-0.07023,-0.87939,0.02977,-0.9505,2.51446,1.00417,-1.07669,2.64132,0.075111,-0.097703,0.018794,0.018794
32488,332851,760,-280,12064,-81,-143,-267,-0.04614,-0.0186,0.99938,-0.02443,0.31145,0.10611,-1.0665,2.64299,1.00062,-1.07744,2.64536,0.075089,-0.097698,0.021864,0.021864
32489,332861,772,-264,12064,-76,-4,-279,-0.0454,-0.01762,0.99938,0.01374,1.37252,0.0145,-1.01025,2.60091,1.00057,-1.07658,2.65877,0.074953,-0.097579,0.021766,0.021766
32490,332871,746,-306,11990,-79,-42,-276,-0.047,-0.0202,0.99498,-0.00916,1.08244,0.0374,-1.16302,2.70392,0.9963,-1.07906,2.67121,0.075104,-0.097638,0.01916,0.01916
32491,332881,766,-254,12058,-77,-178,-266,-0.04577,-0.01701,0.99903,0.00611,0.04427,0.11374,-0.97544,2.62293,1.00022,-1.07749,2.67156,0.074895,-0.097539,0.021668,0.021668
32492,332891,704,-240,12106,-83,-253,-272,-0.04958,-0.01615,1.00188,-0.03969,-0.52824,0.06794,-0.92357,2.83258,1.00323,-1.0756,2.67048,0.074615,-0.097838,0.019574,0.019574
32493,332901,788,-252,12048,-76,-197,-272,-0.04442,-0.01689,0.99843,0.01374,-0.10076,0.06794,-0.96899,2.54719,0.99956,-1.0739,2.66781,0.074402,-0.097593,0.02148,0.02148
32494,332912,766,-254,12068,-81,-91,-265,-0.04577,-0.01701,0.99962,-0.02443,0.7084,0.12137,-0.97486,2.62138,1.00081,-1.07276,2.67471,0.074205,-0.097486,0.021289,0.021289
32495,332922,710,-266,12048,-71,-91,-259,-0.04921,-0.01775,0.99843,0.05191,0.7084,0.16718,-1.01825,2.82119,0.9998,-1.07182,2.68572,0.074097,-0.097759,0.021329,0.021329
32496,332931,688,-214,12152,-81,-109,-265,-0.05056,-0.01456,1.00461,-0.02443,0.57099,0.12137,-0.83012,2.88081,1.00599,-1.06898,2.69537,0.073744,-0.098033,0.01573,0.01573
32497,332942,742,-258,11976,-78,-159,-263,-0.04725,-0.01726,0.99415,-0.00153,0.18931,0.13664,-0.99436,2.72044,0.99542,-1.06841,2.69863,0.07362,-0.09807,0.017661,0.017661
32498,332952,768,-240,12088,-80,-199,-258,-0.04565,-0.01615,1.00081,-0.01679,-0.11603,0.17481,-0.92456,2.6113,1.00198,-1.06635,2.69667,0.073346,-0.097904,0.020484,0.020484
32499,332962,698,-268,12126,-83,-206,-230,-0.04995,-0.01787,1.00307,-0.03969,-0.16947,0.38855,-1.02055,2.85012,1.00447,-1.06664,2.69869,0.073269,-0.098158,0.017735,0.017735
32500,332972,652,-176,12084,-95,-221,-149,-0.05277,-0.01223,1.00057,-0.1313,-0.28397,1.00687,-0.70002,3.01867,1.00204,-1.06118,2.70338,0.072573,-0.098765,0.020364,0.020364
32501,332982,838,-306,12020,-119,-299,224,-0.04135,-0.0202,0.99677,-0.3145,-0.87939,3.8542,-1.16094,2.37527,0.99783,-1.06699,2.68911,0.072752,-0.098165,0.020194,0.020194
32502,332992,794,-314,12134,-105,-490,-79,-0.04405,-0.02069,1.00354,-0.20763,-2.3374,1.54122,-1.18111,2.51309,1.00472,-1.07172,2.66406,0.072931,-0.097919,0.017292,0.017292
32503,333002,794,-260,12094,-83,-426,-266,-0.04405,-0.01738,1.00116,-0.03969,-1.84885,0.11374,-0.99442,2.5192,1.00228,-1.07127,2.644,0.072785,-0.097682,0.020042,0.020042
32504,333012,702,-310,12030,-86,-214,-275,-0.0497,-0.02044,0.99736,-0.0626,-0.23053,0.04504,-1.17434,2.85219,0.99881,-1.07473,2.64701,0.072981,-0.098085,0.020721,0.020721
32505,333022,742,-248,12138,-83,16,-275,-0.04725,-0.01664,1.00378,-0.03969,1.52519,0.04504,-0.94982,2.69442,1.00503,-1.07374,2.66377,0.072784,-0.098134,0.016785,0.016785
32506,333032,728,-272,12018,-78,143,-275,-0.0481,-0.01811,0.99665,-0.00153,2.49466,0.04504,-1.04122,2.76286,0.99797,-1.07382,2.69117,0.072722,-0.098271,0.020143,0.020143
32507,333042,770,-252,12030,-81,-25,-271,-0.04553,-0.01689,0.99736,-0.02443,1.21221,0.07557,-0.97003,2.61324,0.99854,-1.07264,2.70241,0.072522,-0.098097,0.020472,0.020472
32508,333052,752,-260,12008,-81,-263,-278,-0.04663,-0.01738,0.99605,-0.02443,-0.60458,0.02214,-0.99952,2.68003,0.9973,-1.07217,2.69701,0.072389,-0.098066,0.019445,0.019445
32509,333062,740,-270,12062,-73,-401,-284,-0.04737,-0.01799,0.99926,0.03664,-1.65802,-0.02366,-1.03147,2.71354,1.00055,-1.07168,2.68208,0.072309,-0.098128,0.020735,0.020735
32510,333072,732,-224,12092,-79,-217,-277,-0.04786,-0.01517,1.00105,-0.00916,-0.25344,0.02977,-0.86818,2.73687,1.0023,-1.06847,2.68163,0.071935,-0.098231,0.019706,0.019706
32511,333082,768,-272,12058,-83,11,-278,-0.04565,-0.01811,0.99903,-0.03969,1.48702,0.02214,-1.03875,2.61586,1.00023,-1.06895,2.6958,0.071876,-0.098074,0.020677,0.020677
32512,333092,706,-256,11946,-77,26,-277,-0.04945,-0.01713,0.99237,0.00611,1.60153,0.02977,-0.98907,2.85255,0.99375,-1.0684,2.71488,0.071764,-0.098268,0.014918,0.014918
32513,333102,684,-238,12096,-76,-62,-285,-0.0508,-0.01603,1.00128,0.01374,0.92977,-0.0313,-0.9171,2.90431,1.0027,-1.06605,2.72862,0.071491,-0.09859,0.019304,0.019304
32514,333112,704,-248,12072,-85,-234,-285,-0.04958,-0.01664,0.99986,-0.05496,-0.38321,-0.0313,-0.95355,2.83827,1.00122,-1.065,2.72806,0.071275,-0.098804,0.020349,0.020349
32515,333122,752,-252,12032,-81,-309,-284,-0.04663,-0.01689,0.99748,-0.02443,-0.95573,-0.02366,-0.96991,2.67623,0.99871,-1.06401,2.71861,0.071094,-0.098722,0.020264,0.020264
32516,333133,724,-286,12052,-75,-188,-280,-0.04835,-0.01897,0.99867,0.02137,-0.03206,0.00687,-1.08837,2.77129,1.00002,-1.065,2.72035,0.071139,-0.098821,0.020541,0.020541
32517,333143,740,-248,12068,-76,-32,-277,-0.04737,-0.01664,0.99962,0.01374,1.15878,0.02977,-0.95377,2.71263,1.00088,-1.0633,2.73251,0.070927,-0.098783,0.020331,0.020331
32518,333153,706,-278,12068,-76,-38,-275,-0.04945,-0.01848,0.99962,0.01374,1.11298,0.04504,-1.05922,2.83183,1.00101,-1.06378,2.74639,0.070919,-0.098948,0.02023,0.02023
32519,333162,762,-232,12020,-80,-154,-284,-0.04602,-0.01566,0.99677,-0.01679,0.22748,-0.02366,-0.9001,2.643,0.99795,-1.06143,2.74757,0.070618,-0.098753,0.019581,0.019581
32520,333173,726,-288,12044,-75,-193,-281,-0.04823,-0.0191,0.99819,0.02137,-0.07023,-0.00076,-1.09593,2.76557,0.99954,-1.06262,2.74822,0.070683,-0.098786,0.020309,0.020309
32521,333183,746,-264,12026,-87,-180,-283,-0.047,-0.01762,0.99712,-0.07023,0.02901,-0.01603,-1.01254,2.69826,0.99839,-1.06301,2.74848,0.070587,-0.098692,0.019798,0.019798
32522,333193,752,-284,12076,-82,-165,-277,-0.04663,-0.01885,1.0001,-0.03206,0.14351,0.02977,-1.07979,2.66915,1.00136,-1.06435,2.74927,0.070617,-0.09854,0.019906,0.019906
32523,333203,706,-270,12092,-81,-116,-276,-0.04945,-0.01799,1.00105,-0.02443,0.51756,0.0374,-1.02963,2.82783,1.00243,-1.06461,2.75682,0.070553,-0.098669,0.019123,0.019123
32524,333213,712,-254,12082,-77,-105,-284,-0.04909,-0.01701,1.00045,0.00611,0.60153,-0.02366,-0.97405,2.80853,1.0018,-1.06347,2.7647,0.070386,-0.098751,0.019584,0.019584
32525,333223,760,-260,12042,-84,-142,-280,-0.04614,-0.01738,0.99807,-0.04733,0.31908,0.00687,-0.99749,2.6465,0.99929,-1.0633,2.76642,0.07026,-0.098521,0.020075,0.020075
32526,333233,712,-240,12096,-78,-152,-281,-0.04909,-0.01615,1.00128,-0.00153,0.24275,-0.00076,-0.92412,2.80624,1.00262,-1.06138,2.77052,0.070013,-0.098585,0.018868,0.018868
32527,333243,712,-228,12050,-81,-163,-274,-0.04909,-0.01541,0.99855,-0.02443,0.15878,0.05267,-0.88442,2.81394,0.99987,-1.05875,2.77391,0.069679,-0.098662,0.020115,0.020115
32528,333253,764,-202,12074,-80,-177,-276,-0.0459,-0.01382,0.99998,-0.01679,0.05191,0.0374,-0.7918,2.62759,1.00112,-1.0543,2.77249,0.069182,-0.098388,0.019832,0.019832
32529,333263,706,-232,12132,-83,-146,-283,-0.04945,-0.01566,1.00342,-0.03969,0.28855,-0.01603,-0.89413,2.82126,1.00476,-1.05274,2.77709,0.068935,-0.098457,0.016399,0.016399
32530,333273,716,-276,12002,-76,-123,-280,-0.04884,-0.01836,0.9957,0.01374,0.46412,0.00687,-1.05633,2.80775,0.99706,-1.05335,2.78318,0.06894,-0.0985,0.018515,0.018515
32531,333283,710,-292,11986,-81,-107,-280,-0.04921,-0.01934,0.99475,-0.02443,0.58626,0.00687,-1.11385,2.83153,0.99615,-1.05533,2.79076,0.069038,-0.098568,0.017527,0.017527
32532,333293,754,-280,12074,-78,-176,-277,-0.04651,-0.0186,0.99998,-0.00153,0.05954,0.02977,-1.06587,2.66247,1.00123,-1.05623,2.78977,0.069056,-0.098328,0.019789,0.019789
32533,333303,732,-244,12090,-83,-220,-277,-0.04786,-0.0164,1.00093,-0.03969,-0.27634,0.02977,-0.93849,2.73714,1.0022,-1.05504,2.78701,0.068843,-0.098237,0.019138,0.019138
32534,333313,694,-272,11998,-95,-131,-285,-0.05019,-0.01811,0.99546,-0.1313,0.40305,-0.0313,-1.04247,2.88593,0.99689,-1.05678,2.79375,0.068818,-0.098398,0.018296,0.018296
32535,333323,716,-270,12044,-82,-128,-270,-0.04884,-0.01799,0.99819,-0.03206,0.42595,0.08321,-1.03257,2.80077,0.99955,-1.05728,2.79903,0.068771,-0.098401,0.019988,0.019988
32536,333333,684,128,12016,-83,-181,-98,-0.0508,0.00642,0.99653,-0.03969,0.02137,1.39618,0.36925,2.91845,0.99784,-1.03107,2.80248,0.066212,-0.098613,0.019122,0.019122
32537,333343,554,568,11944,12,-389,533,-0.05878,0.03341,0.99225,0.6855,-1.56641,6.21298,1.9286,3.3884,0.99455,-0.97917,2.7971,0.061928,-0.099484,0.015474,0.015474
32538,333353,656,-294,12094,-24,-834,20,-0.05252,-0.01946,1.00116,0.41069,-4.96336,2.29695,-1.11373,3.00253,1.00273,-0.97826,2.7532,0.062169,-0.099929,0.018664,0.018664
32539,333363,696,-474,12310,-161,-501,-801,-0.05007,-0.0305,1.014,-0.63511,-2.42137,-3.97023,-1.72314,2.82553,1.01569,-0.98956,2.73055,0.062575,-0.099981,0.005865,0.005865
32540,333374,772,-456,12092,50,445,-1279,-0.0454,-0.0294,1.00105,0.97557,4.8,-7.61908,-1.68229,2.59588,1.00251,-0.99383,2.77604,0.063832,-0.099652,0.019085,0.019085
32541,333384,418,-674,11956,-136,805,-501,-0.06713,-0.04277,0.99296,-0.44427,7.54809,-1.68015,-2.46654,3.86395,0.99615,-1.02484,2.87039,0.066265,-0.101329,0.017671,0.017671
32542,333394,706,-406,11968,-258,385,203,-0.04945,-0.02633,0.99368,-1.37557,4.34198,3.69389,-1.51805,2.84823,0.99526,-1.0472,2.91372,0.06701,-0.101226,0.016587,0.016587
32543,333404,770,-522,11988,-65,-282,-272,-0.04553,-0.03345,0.99487,0.09771,-0.74962,0.06794,-1.92565,2.61868,0.99647,-1.06277,2.90203,0.068501,-0.100736,0.018065,0.018065
32544,333414,744,-288,12096,-73,-923,-312,-0.04712,-0.0191,1.00128,0.03664,-5.64275,-0.2374,-1.09255,2.694,1.00257,-1.06365,2.8437,0.068553,-0.100464,0.019035,0.019035
32545,333424,786,-280,12272,-82,-932,-294,-0.04455,-0.0186,1.01174,-0.03206,-5.71145,-0.1,-1.05348,2.5206,1.01289,-1.06457,2.78553,0.068545,-0.100271,0.007704,0.007704
32546,333434,758,-286,12202,-77,109,-278,-0.04626,-0.01897,1.00758,0.00611,2.23511,0.02214,-1.07875,2.62846,1.00882,-1.06535,2.80679,0.06856,-0.100074,0.011606,0.011606
32547,333444,686,-260,11930,-74,704,-264,-0.05068,-0.01738,0.99142,0.02901,6.7771,0.12901,-1.00419,2.926,0.99287,-1.0649,2.87626,0.06848,-0.100139,0.013734,0.013734
32548,333454,672,-268,11844,-75,338,-274,-0.05154,-0.01787,0.98631,0.02137,3.98321,0.05267,-1.03789,2.99087,0.98782,-1.06514,2.91771,0.068459,-0.100197,0.00842,0.00842
32549,333464,702,-230,11996,-82,-426,-283,-0.0497,-0.01554,0.99534,-0.03206,-1.84885,-0.01603,-0.89433,2.85822,0.9967,-1.06291,2.89943,0.068155,-0.100123,0.018841,0.018841
32550,333474,764,-248,12136,-75,-780,-291,-0.0459,-0.01664,1.00366,0.02137,-4.55115,-0.0771,-0.94994,2.61785,1.00485,-1.06146,2.85091,0.067974,-0.099746,0.016926,0.016926
32551,333484,716,-216,12116,-77,-394,-292,-0.04884,-0.01468,1.00247,0.00611,-1.60458,-0.08473,-0.8389,2.78899,1.00377,-1.058,2.83501,0.06759,-0.099665,0.018289,0.018289
32552,333494,780,-286,12140,-71,25,-283,-0.04491,-0.01897,1.0039,0.05191,1.59389,-0.01603,-1.0827,2.56121,1.00508,-1.05856,2.84711,0.067629,-0.099211,0.016616,0.016616
32553,333504,696,-296,12030,-76,259,-272,-0.05007,-0.01959,0.99736,0.01374,3.38015,0.06794,-1.12502,2.87333,0.99881,-1.06045,2.88173,0.067756,-0.099195,0.02055,0.02055
32554,333514,630,-270,11950,-85,155,-274,-0.05412,-0.01799,0.99261,-0.05496,2.58626,0.05267,-1.03838,3.12026,0.99425,-1.06132,2.9119,0.067722,-0.099507,0.015687,0.015687
32555,333524,710,-236,11976,-85,-358,-284,-0.04921,-0.01591,0.99415,-0.05496,-1.32977,-0.02366,-0.91661,2.83339,0.9955,-1.06001,2.89845,0.067484,-0.099399,0.017365,0.017365
32556,333534,718,-252,12080,-75,-518,-289,-0.04872,-0.01689,1.00033,0.02137,-2.55115,-0.06183,-0.96714,2.78783,1.00166,-1.05858,2.87219,0.067306,-0.099235,0.020269,0.020269
32557,333544,720,-256,12064,-81,-274,-285,-0.0486,-0.01713,0.99938,-0.02443,-0.68855,-0.0313,-0.98213,2.78345,1.00071,-1.0579,2.86458,0.067155,-0.099074,0.020658,0.020658
32558,333554,690,-236,12046,-88,13,-277,-0.05044,-0.01591,0.99831,-0.07786,1.50229,0.02977,-0.91279,2.89186,0.99971,-1.05632,2.88083,0.06687,-0.099095,0.020681,0.020681
32559,333564,674,-272,12010,-85,93,-275,-0.05142,-0.01811,0.99617,-0.05496,2.11298,0.04504,-1.04172,2.95427,0.99766,-1.05722,2.90396,0.066841,-0.09919,0.019589,0.019589
32560,333574,632,-222,12076,-75,-74,-276,-0.054,-0.01505,1.0001,0.02137,0.83817,0.0374,-0.86197,3.09009,1.00166,-1.05375,2.91687,0.066472,-0.099524,0.020053,0.020053
32561,333584,686,-278,12080,-83,-224,-282,-0.05068,-0.01848,1.00033,-0.03969,-0.30687,-0.0084,-1.05846,2.89993,1.00179,-1.05489,2.9145,0.066479,-0.099496,0.019927,0.019927
32562,333594,684,-296,12078,-87,-328,-287,-0.0508,-0.01959,1.00021,-0.07023,-1.10076,-0.04656,-1.12182,2.90722,1.00169,-1.05756,2.90455,0.066602,-0.099501,0.019945,0.019945
32563,333605,748,-256,12094,-83,-257,-279,-0.04688,-0.01713,1.00116,-0.03969,-0.55878,0.0145,-0.98038,2.6804,1.00241,-1.05711,2.8957,0.066459,-0.099101,0.019363,0.019363
32564,333615,714,-258,12048,-80,-54,-273,-0.04896,-0.01726,0.99843,-0.01679,0.99084,0.06031,-0.9901,2.80716,0.99978,-1.05656,2.90457,0.066329,-0.098909,0.020422,0.020422
32565,333625,748,-260,12004,-76,-11,-272,-0.04688,-0.01738,0.99582,0.01374,1.31908,0.06794,-0.99976,2.69476,0.99707,-1.05601,2.91454,0.066227,-0.098513,0.0188,0.0188
32566,333635,696,-244,12066,-81,-100,-283,-0.05007,-0.0164,0.9995,-0.02443,0.63969,-0.01603,-0.93983,2.86736,1.00089,-1.05455,2.92082,0.066004,-0.098409,0.020206,0.020206
32567,333645,726,-270,12084,-82,-218,-281,-0.04823,-0.01799,1.00057,-0.03206,-0.26107,-0.00076,-1.03012,2.75907,1.00189,-1.05503,2.91605,0.065957,-0.098113,0.019627,0.019627
32568,333655,700,-234,12086,-87,-281,-290,-0.04982,-0.01578,1.00069,-0.07023,-0.74198,-0.06947,-0.9036,2.84997,1.00205,-1.05342,2.90845,0.065677,-0.098004,0.019478,0.019478
32569,333665,720,-286,12124,-72,-219,-286,-0.0486,-0.01897,1.00295,0.04427,-0.2687,-0.03893,-1.08373,2.77348,1.0043,-1.05415,2.90446,0.065726,-0.097788,0.017142,0.017142
32570,333675,716,-280,12000,-84,-71,-283,-0.04884,-0.0186,0.99558,-0.04733,0.86107,-0.01603,-1.07057,2.80807,0.99695,-1.05556,2.91208,0.065752,-0.097603,0.018576,0.018576
32571,333685,728,-298,12020,-84,-44,-278,-0.0481,-0.01971,0.99677,-0.04733,1.06718,0.02214,-1.13274,2.76245,0.99812,-1.05818,2.92057,0.065893,-0.097305,0.019581,0.019581
32572,333695,736,-254,12060,-78,-150,-283,-0.04761,-0.01701,0.99914,-0.00153,0.25802,-0.01603,-0.97533,2.72795,1.00042,-1.05717,2.92016,0.065734,-0.096932,0.02019,0.02019
32573,333705,674,-242,11962,-83,-233,-280,-0.05142,-0.01627,0.99332,-0.03969,-0.37557,0.00687,-0.9386,2.96283,0.99478,-1.05632,2.9181,0.065554,-0.097,0.015935,0.015935
32574,333715,668,-282,11998,-81,-226,-277,-0.05179,-0.01873,0.99546,-0.02443,-0.32214,0.02977,-1.07776,2.97748,0.99698,-1.0576,2.91699,0.06559,-0.097108,0.018568,0.018568
32575,333725,728,-276,12026,-80,-132,-280,-0.0481,-0.01836,0.99712,-0.01679,0.39542,0.00687,-1.05482,2.76154,0.99845,-1.05835,2.91875,0.065583,-0.09681,0.01975,0.01975
32576,333735,680,-260,11988,-80,-100,-284,-0.05105,-0.01738,0.99487,-0.01679,0.63969,-0.02366,-1.00071,2.93704,0.99633,-1.05813,2.92631,0.065485,-0.096828,0.017823,0.017823
32577,333745,648,-240,12038,-79,-141,-288,-0.05301,-0.01615,0.99784,-0.00916,0.32672,-0.0542,-0.92731,3.0408,0.99937,-1.05623,2.93276,0.065236,-0.097037,0.020107,0.020107
32578,333755,696,-236,12008,-83,-175,-281,-0.05007,-0.01591,0.99605,-0.03969,0.06718,-0.00076,-0.91486,2.87728,0.99744,-1.05459,2.93332,0.064981,-0.096935,0.018927,0.018927
32579,333766,760,-246,12024,-80,-163,-285,-0.04614,-0.01652,0.99701,-0.01679,0.15878,-0.0313,-0.94923,2.64937,0.99821,-1.05333,2.93029,0.064786,-0.096408,0.019513,0.019513
32580,333776,700,-280,12080,-78,-145,-280,-0.04982,-0.0186,1.00033,-0.00153,0.29618,0.00687,-1.06549,2.85085,1.00175,-1.05422,2.93259,0.064807,-0.096254,0.019516,0.019516
32581,333786,726,-286,12056,-79,-159,-282,-0.04823,-0.01897,0.99891,-0.00916,0.18931,-0.0084,-1.08811,2.76361,1.00025,-1.05562,2.932,0.06487,-0.095929,0.020059,0.020059
32582,333796,698,-242,12064,-86,-168,-287,-0.04995,-0.01627,0.99938,-0.0626,0.12061,-0.04656,-0.93291,2.86069,1.00076,-1.05443,2.9327,0.064637,-0.095791,0.01992,0.01992
32583,333806,710,-258,12014,-82,-163,-281,-0.04921,-0.01726,0.99641,-0.03206,0.15878,-0.00076,-0.99211,2.82692,0.99777,-1.05419,2.93318,0.064523,-0.095596,0.019073,0.019073
32584,333816,710,-322,12010,-76,-134,-281,-0.04921,-0.02118,0.99617,0.01374,0.38015,-0.00076,-1.21806,2.82738,0.99761,-1.05779,2.93584,0.064815,-0.095399,0.018925,0.018925
32585,333826,714,-342,12024,-88,-127,-280,-0.04896,-0.02241,0.99701,-0.07786,0.43359,0.00687,-1.28751,2.81088,0.99846,-1.06367,2.93859,0.065235,-0.095159,0.019514,0.019514
32586,333836,678,-246,12084,-81,-179,-283,-0.05117,-0.01652,1.00057,-0.02443,0.03664,-0.01603,-0.94585,2.92738,1.00201,-1.06229,2.93967,0.06502,-0.095136,0.01918,0.01918
32587,333846,680,-258,12084,-76,-192,-285,-0.05105,-0.01726,1.00057,0.01374,-0.0626,-0.0313,-0.98798,2.92033,1.00202,-1.06137,2.93962,0.064885,-0.0951,0.019158,0.019158
32588,333856,652,-234,12050,-81,-165,-278,-0.05277,-0.01578,0.99855,-0.02443,0.14351,0.02214,-0.90553,3.02461,1.00007,-1.05914,2.94365,0.06459,-0.095256,0.019906,0.019906
32589,333866,680,-310,12044,-76,-121,-276,-0.05105,-0.02044,0.99819,0.01374,0.47939,0.0374,-1.17336,2.9271,0.99971,-1.06191,2.94895,0.064804,-0.095214,0.019859,0.019859
32590,333876,674,-296,12008,-83,-132,-280,-0.05142,-0.01959,0.99605,-0.03969,0.39542,0.00687,-1.1265,2.95454,0.99757,-1.06415,2.95387,0.064916,-0.095215,0.018762,0.018762
32591,333886,706,-252,12114,-78,-193,-278,-0.04945,-0.01689,1.00235,-0.00153,-0.07023,0.02214,-0.9652,2.82421,1.00371,-1.06307,2.95185,0.064752,-0.095001,0.017474,0.017474
32592,333896,722,-254,12020,-79,-153,-277,-0.04847,-0.01701,0.99677,-0.00916,0.23511,0.02977,-0.97765,2.7837,0.99809,-1.06216,2.95186,0.064596,-0.09469,0.019169,0.019169
32593,333906,624,-236,12062,-79,-116,-280,-0.05449,-0.01591,0.99926,-0.00916,0.51756,0.00687,-0.91192,3.12068,1.00087,-1.05992,2.96119,0.064315,-0.094993,0.01969,0.01969
32594,333916,630,-254,12112,-87,-152,-288,-0.05412,-0.01701,1.00223,-0.07023,0.24275,-0.0542,-0.97232,3.09041,1.00384,-1.05973,2.96675,0.064169,-0.095199,0.017311,0.017311
32595,333927,662,-232,12076,-76,-204,-278,-0.05215,-0.01566,1.0001,0.01374,-0.1542,0.02214,-0.89711,2.9849,1.00158,-1.05707,2.96652,0.063871,-0.095233,0.01936,0.01936
32596,333937,660,-258,12090,-80,-175,-287,-0.05228,-0.01726,1.00093,-0.01679,0.06718,-0.04656,-0.98763,2.98935,1.00244,-1.05657,2.96854,0.063747,-0.09527,0.01872,0.01872
32597,333947,672,-224,12116,-80,-143,-283,-0.05154,-0.01517,1.00247,-0.01679,0.31145,-0.01603,-0.86694,2.94288,1.00391,-1.05409,2.9721,0.063437,-0.095222,0.017223,0.017223
32598,333957,734,-274,12092,-80,-136,-287,-0.04774,-0.01824,1.00105,-0.01679,0.36489,-0.04656,-1.04367,2.72972,1.00235,-1.05468,2.97205,0.063417,-0.094783,0.01881,0.01881
32599,333967,706,-292,12104,-77,-162,-278,-0.04945,-0.01934,1.00176,0.00611,0.16641,0.02214,-1.10606,2.82575,1.00317,-1.05617,2.97198,0.063504,-0.094529,0.018046,0.018046
32600,333977,722,-234,12014,-79,-167,-277,-0.04847,-0.01578,0.99641,-0.00916,0.12824,0.02977,-0.90748,2.78475,0.99771,-1.05408,2.97063,0.063237,-0.094191,0.018859,0.018859
32601,333987,658,-242,12032,-76,-163,-280,-0.0524,-0.01627,0.99748,0.01374,0.15878,0.00687,-0.93469,3.00674,0.99899,-1.05222,2.97382,0.063015,-0.094254,0.019618,0.019618
32602,333997,670,-230,12036,-80,-140,-272,-0.05166,-0.01554,0.99772,-0.01679,0.33435,0.06794,-0.8922,2.96389,0.99918,-1.04986,2.97783,0.062716,-0.094227,0.019659,0.019659
32603,334007,712,-254,12052,-78,-170,-283,-0.04909,-0.01701,0.99867,-0.00153,0.10534,-0.01603,-0.97579,2.81353,1.00002,-1.04903,2.97653,0.062576,-0.093916,0.019765,0.019765
32604,334017,704,-236,12052,-89,-197,-280,-0.04958,-0.01591,0.99867,-0.0855,-0.10076,0.00687,-0.91246,2.84167,1.00003,-1.04778,2.97381,0.062319,-0.093665,0.019739,0.019739
32605,334027,668,-208,12080,-88,-156,-277,-0.05179,-0.01419,1.00033,-0.07786,0.21221,0.02977,-0.81259,2.96323,1.00177,-1.04466,2.9766,0.061891,-0.09364,0.019124,0.019124
32606,334037,650,-286,12022,-86,-122,-285,-0.05289,-0.01897,0.99689,-0.0626,0.47176,-0.0313,-1.09032,3.03651,0.99847,-1.04676,2.9833,0.061972,-0.093739,0.019258,0.019258
32607,334047,714,-278,12020,-84,-130,-279,-0.04896,-0.01848,0.99677,-0.04733,0.41069,0.0145,-1.06225,2.81178,0.99814,-1.04813,2.98498,0.061998,-0.093421,0.01904,0.01904
32608,334057,664,-280,12116,-83,-188,-275,-0.05203,-0.0186,1.00247,-0.03969,-0.03206,0.04504,-1.06322,2.97069,1.00399,-1.04938,2.98534,0.06202,-0.093397,0.017014,0.017014
32609,334067,740,-212,12104,-89,-213,-274,-0.04737,-0.01443,1.00176,-0.0855,-0.2229,0.05267,-0.82547,2.70694,1.00298,-1.04677,2.97903,0.061634,-0.092922,0.018123,0.018123
32610,334077,720,-210,12106,-79,-193,-277,-0.0486,-0.01431,1.00188,-0.00916,-0.07023,0.02977,-0.81835,2.77665,1.00316,-1.04337,2.97562,0.061245,-0.092578,0.017954,0.017954
32611,334088,726,-268,12000,-78,-122,-271,-0.04823,-0.01787,0.99558,-0.00153,0.47176,0.07557,-1.02823,2.77289,0.99691,-1.04371,2.9775,0.061218,-0.092222,0.018028,0.018028
32612,334098,690,-274,12052,-81,-126,-270,-0.05044,-0.01824,0.99867,-0.02443,0.44122,0.08321,-1.04616,2.89072,1.00011,-1.0446,2.98102,0.061221,-0.09205,0.019725,0.019725
32613,334108,678,-254,12072,-78,-180,-271,-0.05117,-0.01701,0.99986,-0.00153,0.02901,0.07557,-0.97463,2.92944,1.00131,-1.04386,2.98121,0.061091,-0.091954,0.019376,0.019376
32614,334118,668,-280,12074,-76,-187,-267,-0.05179,-0.0186,0.99998,0.01374,-0.02443,0.10611,-1.06587,2.96407,1.00149,-1.04475,2.98154,0.061131,-0.091921,0.019265,0.019265
32615,334128,676,-256,12094,-80,-175,-267,-0.0513,-0.01713,1.00116,-0.01679,0.06718,0.10611,-0.98038,2.93262,1.00262,-1.04433,2.9822,0.061017,-0.091833,0.018425,0.018425
32616,334138,692,-242,12096,-91,-151,-269,-0.05031,-0.01627,1.00128,-0.10076,0.25038,0.09084,-0.93114,2.87628,1.00268,-1.04383,2.98361,0.060817,-0.091643,0.018377,0.018377
32617,334148,710,-228,12102,-84,-175,-272,-0.04921,-0.01541,1.00164,-0.04733,0.06718,0.06794,-0.88169,2.81228,1.00297,-1.04196,2.98207,0.060537,-0.091347,0.01811,0.01811
32618,334158,664,-246,12042,-85,-194,-263,-0.05203,-0.01652,0.99807,-0.05496,-0.07786,0.13664,-0.94821,2.98386,0.99957,-1.04125,2.98224,0.060361,-0.09135,0.019644,0.019644
32619,334168,648,-272,12062,-80,-189,-239,-0.05301,-0.01811,0.99926,-0.01679,-0.03969,0.31985,-1.0385,3.03637,1.00083,-1.04195,2.9838,0.060355,-0.091449,0.019525,0.019525
32620,334178,674,224,11968,-102,-265,-29,-0.05142,0.01231,0.99368,-0.18473,-0.61985,1.9229,0.70982,2.96194,0.99508,-1.01655,2.97825,0.057718,-0.091424,0.015875,0.015875
32621,334188,540,110,12102,-126,-651,344,-0.05964,0.00532,1.00164,-0.36794,-3.56641,4.77023,0.30421,3.40754,1.00343,-0.99742,2.9517,0.055503,-0.092199,0.017654,0.017654
32622,334198,704,-20,12126,42,-755,-66,-0.04958,-0.00266,1.00307,0.9145,-4.36031,1.64046,-0.15171,2.82959,1.00429,-0.97486,2.90769,0.054181,-0.092074,0.016688,0.016688
32623,334208,772,-184,12146,-104,-371,-819,-0.0454,-0.01272,1.00425,-0.2,-1.42901,-4.10763,-0.72544,2.5885,1.00536,-0.97352,2.88961,0.053813,-0.091628,0.0154,0.0154
32624,334218,762,-1726,12174,-64,298,-1024,-0.04602,-0.1073,1.00592,0.10534,3.67786,-5.67252,-6.08883,2.60456,1.01267,-1.01236,2.92482,0.057539,-0.091393,0.007692,0.007692
32625,334228,658,-340,11980,-70,880,-483,-0.0524,-0.02229,0.99439,0.05954,8.12061,-1.54275,-1.28383,3.01571,0.99602,-1.01704,3.00709,0.057985,-0.091407,0.017317,0.017317
32626,334238,650,-240,11952,-82,693,-277,-0.05289,-0.01615,0.99273,-0.03206,6.69313,0.02977,-0.93208,3.04936,0.99427,-1.01664,3.07455,0.057861,-0.091371,0.015144,0.015144
32627,334248,598,-234,11940,-74,114,-280,-0.05608,-0.01578,0.99201,0.02901,2.27328,0.00687,-0.9115,3.23529,0.99372,-1.0154,3.10019,0.057717,-0.091559,0.014489,0.014489
32628,334258,626,-234,11990,-78,-611,-285,-0.05436,-0.01578,0.99498,-0.00153,-3.26107,-0.0313,-0.90878,3.12703,0.99659,-1.01405,3.06955,0.057533,-0.091659,0.018097,0.018097
32629,334268,658,-244,12236,-73,-1007,-303,-0.0524,-0.0164,1.0096,0.03664,-6.28397,-0.1687,-0.93043,2.97071,1.01109,-1.01349,3.00729,0.05746,-0.091627,0.009136,0.009136
32630,334278,734,-278,12186,-74,-385,-285,-0.04774,-0.01848,1.00663,0.02901,-1.53588,-0.0313,-1.05184,2.71459,1.00793,-1.01426,2.98935,0.057506,-0.091296,0.012578,0.012578
32631,334288,642,-270,12078,-80,332,-274,-0.05338,-0.01799,1.00021,-0.01679,3.9374,0.05267,-1.03049,3.05453,1.0018,-1.01531,3.03013,0.057535,-0.091342,0.01981,0.01981
32632,334298,612,-266,11980,-81,446,-268,-0.05522,-0.01775,0.99439,-0.02443,4.80763,0.09847,-1.02239,3.17813,0.99608,-1.01624,3.08087,0.057545,-0.091509,0.017731,0.017731
32633,334308,636,-250,11964,-82,-2,-280,-0.05375,-0.01676,0.99344,-0.03206,1.38779,0.00687,-0.96678,3.09655,0.99503,-1.01631,3.09568,0.057467,-0.09151,0.016433,0.016433
32634,334318,664,-286,12042,-82,-519,-291,-0.05203,-0.01897,0.99807,-0.03206,-2.55878,-0.0771,-1.08902,2.98373,0.99961,-1.01867,3.06923,0.057606,-0.091341,0.020401,0.020401
32635,334328,724,-264,12026,-81,-592,-287,-0.04835,-0.01762,0.99712,-0.02443,-3.11603,-0.04656,-1.01254,2.77564,0.99845,-1.01935,3.03374,0.057593,-0.090845,0.019912,0.019912
32636,334339,694,-258,12108,-88,-340,-290,-0.05019,-0.01726,1.002,-0.07786,-1.19237,-0.06947,-0.98658,2.86719,1.0034,-1.02008,3.01988,0.057534,-0.090575,0.018269,0.018269
32637,334349,708,-240,12076,-89,82,-281,-0.04933,-0.01615,1.0001,-0.0855,2.02901,-0.00076,-0.92522,2.82359,1.00144,-1.01959,3.03674,0.057352,-0.090165,0.019927,0.019927
32638,334359,642,-270,11996,-79,273,-274,-0.05338,-0.01799,0.99534,-0.00916,3.48702,0.05267,-1.03553,3.06945,0.99693,-1.02054,3.07246,0.057379,-0.09016,0.018582,0.018582
32639,334369,646,-264,11996,-78,-50,-282,-0.05314,-0.01762,0.99534,-0.00153,1.02137,-0.0084,-1.01435,3.05538,0.99691,-1.021,3.08305,0.057367,-0.09011,0.018551,0.018551
32640,334379,640,-220,12044,-75,-398,-285,-0.0535,-0.01492,0.99819,0.02137,-1.63511,-0.0313,-0.85658,3.06787,0.99974,-1.01803,3.0676,0.057051,-0.090111,0.020256,0.020256
32641,334389,702,-244,12130,-80,-452,-283,-0.0497,-0.0164,1.0033,-0.01679,-2.04733,-0.01603,-0.93627,2.83554,1.00467,-1.01739,3.04449,0.05692,-0.089775,0.016667,0.016667
32642,334399,712,-254,12132,-78,-234,-281,-0.04909,-0.01701,1.00342,-0.00153,-0.38321,-0.00076,-0.97117,2.80023,1.00477,-1.0172,3.03756,0.056847,-0.089396,0.016565,0.016565
32643,334409,662,-272,12018,-78,21,-278,-0.05215,-0.01811,0.99665,-0.00153,1.56336,0.02214,-1.04122,2.99508,0.99818,-1.01824,3.05293,0.056891,-0.089287,0.019641,0.019641
32644,334419,660,-226,12018,-87,52,-279,-0.05228,-0.01529,0.99665,-0.07023,1.8,0.0145,-0.87906,3.00225,0.99814,-1.01676,3.07046,0.05663,-0.089157,0.019581,0.019581
32645,334429,638,-270,12062,-81,-116,-279,-0.05363,-0.01799,0.99926,-0.02443,0.51756,0.0145,-1.03147,3.07146,1.00086,-1.01785,3.07642,0.056656,-0.089148,0.02007,0.02007
32646,334439,634,-256,12046,-79,-324,-290,-0.05387,-0.01713,0.99831,-0.00916,-1.07023,-0.06947,-0.98318,3.08847,0.99991,-1.0178,3.06705,0.056589,-0.08919,0.020174,0.020174
32647,334449,638,-254,12090,-86,-320,-289,-0.05363,-0.01701,1.00093,-0.0626,-1.03969,-0.06183,-0.97359,3.06642,1.00251,-1.01813,3.05772,0.056507,-0.089206,0.018966,0.018966
32648,334459,656,-226,12032,-83,-48,-278,-0.05252,-0.01529,0.99748,-0.03969,1.03664,0.02214,-0.87832,3.01381,0.99898,-1.01629,3.06788,0.056242,-0.089101,0.019913,0.019913
32649,334469,696,-220,12044,-76,-49,-281,-0.05007,-0.01492,0.99819,0.01374,1.02901,-0.00076,-0.85658,2.87117,0.99956,-1.0135,3.07489,0.055938,-0.088707,0.020043,0.020043
32650,334479,672,-204,12002,-88,-128,-285,-0.05154,-0.01394,0.9957,-0.07786,0.42595,-0.0313,-0.80226,2.96292,0.99713,-1.0109,3.07787,0.055564,-0.088501,0.018545,0.018545
32651,334489,670,-282,12044,-84,-235,-291,-0.05166,-0.01873,0.99819,-0.04733,-0.39084,-0.0771,-1.07481,2.96232,0.99971,-1.01319,3.07259,0.055683,-0.088287,0.020019,0.020019
32652,334499,678,-214,12078,-82,-257,-286,-0.05117,-0.01456,1.00021,-0.03206,-0.55878,-0.03893,-0.83377,2.92851,1.00163,-1.01055,3.06517,0.05535,-0.08803,0.019494,0.019494
32653,334510,646,-250,12032,-83,-176,-282,-0.05314,-0.01676,0.99748,-0.03969,0.05954,-0.0084,-0.96286,3.04889,0.99904,-1.01054,3.06629,0.055259,-0.087997,0.019795,0.019795
32654,334520,652,-280,12066,-78,-110,-280,-0.05277,-0.0186,0.9995,-0.00153,0.56336,0.00687,-1.06638,3.0216,1.00107,-1.0122,3.0718,0.055362,-0.087901,0.019725,0.019725
32655,334530,650,-294,12036,-77,-76,-284,-0.05289,-0.01946,0.99772,0.00611,0.8229,-0.02366,-1.11758,3.03396,0.99931,-1.01477,3.07997,0.055559,-0.087813,0.019823,0.019823
32656,334540,596,-284,12060,-81,-151,-288,-0.05621,-0.01885,0.99914,-0.02443,0.25038,-0.0542,-1.08082,3.2191,1.0009,-1.01685,3.08603,0.055681,-0.088067,0.019728,0.019728
32657,334550,664,-282,12074,-88,-230,-288,-0.05203,-0.01873,0.99998,-0.07786,-0.35267,-0.0542,-1.0729,2.97809,1.0015,-1.01925,3.08134,0.055782,-0.087873,0.019427,0.019427
32658,334560,686,-296,12022,-86,-234,-283,-0.05068,-0.01959,0.99689,-0.0626,-0.38321,-0.01603,-1.12556,2.90987,0.99837,-1.02247,3.07513,0.055975,-0.087564,0.019331,0.019331
32659,334570,634,-236,12068,-86,-163,-287,-0.05387,-0.01591,0.99962,-0.0626,0.15878,-0.04656,-0.9116,3.0845,1.0012,-1.02146,3.07773,0.055767,-0.087577,0.019543,0.019543
32660,334580,644,-264,12056,-71,-79,-283,-0.05326,-0.01762,0.99891,0.05191,0.8,-0.01603,-1.01073,3.05152,1.00048,-1.02129,3.08591,0.055747,-0.087511,0.01975,0.01975
32661,334590,664,-262,12092,-81,-125,-288,-0.05203,-0.0175,1.00105,-0.02443,0.44885,-0.0542,-1.00155,2.97498,1.00255,-1.02171,3.08911,0.055711,-0.087306,0.018584,0.018584
32662,334600,668,-226,12098,-81,-196,-287,-0.05179,-0.01529,1.0014,-0.02443,-0.09313,-0.04656,-0.87489,2.96002,1.00286,-1.01981,3.08669,0.055455,-0.087082,0.0183,0.0183
32663,334610,646,-270,12082,-83,-215,-288,-0.05314,-0.01799,1.00045,-0.03969,-0.23817,-0.0542,-1.03024,3.03979,1.00202,-1.02094,3.08432,0.055472,-0.087001,0.019004,0.019004
32664,334620,682,-244,12094,-82,-177,-289,-0.05093,-0.0164,1.00116,-0.03206,0.05191,-0.06183,-0.93827,2.91164,1.00259,-1.02027,3.08248,0.055325,-0.086695,0.018533,0.018533
32665,334631,690,-258,12068,-81,-131,-289,-0.05044,-0.01726,0.99962,-0.02443,0.40305,-0.06183,-0.98892,2.88803,1.00104,-1.02044,3.08349,0.055266,-0.086325,0.019546,0.019546
32666,334641,686,-284,12028,-84,-138,-287,-0.05068,-0.01885,0.99724,-0.04733,0.34962,-0.04656,-1.08288,2.90888,0.99871,-1.02266,3.08437,0.055379,-0.085996,0.019413,0.019413
32667,334651,622,-220,12036,-83,-152,-282,-0.05461,-0.01492,0.99772,-0.03969,0.24275,-0.0084,-0.85698,3.13257,0.99932,-1.02034,3.08854,0.055069,-0.08608,0.019624,0.019624
32668,334661,672,-266,12018,-82,-179,-280,-0.05154,-0.01775,0.99665,-0.03206,0.03664,0.00687,-1.02007,2.95992,0.99814,-1.02119,3.08729,0.055067,-0.085845,0.019042,0.019042
32669,334671,668,-212,12010,-82,-169,-275,-0.05179,-0.01443,0.99617,-0.03206,0.11298,0.04504,-0.83009,2.97556,0.99762,-1.01848,3.08716,0.054727,-0.085644,0.018646,0.018646
32670,334681,648,-274,12066,-75,-177,-279,-0.05301,-0.01824,0.9995,0.02137,0.05191,0.0145,-1.04528,3.03565,1.00107,-1.01933,3.08751,0.054776,-0.085547,0.019456,0.019456
32671,334691,674,-266,12064,-75,-183,-284,-0.05142,-0.01775,0.99938,0.02137,0.00611,-0.02366,-1.01728,2.94482,1.00086,-1.01961,3.08562,0.054772,-0.085281,0.019515,0.019515
32672,334701,654,-312,11994,-86,-130,-285,-0.05265,-0.02057,0.99522,-0.0626,0.41069,-0.0313,-1.18392,3.02739,0.99683,-1.0237,3.08945,0.055048,-0.085174,0.017872,0.017872
32673,334711,652,-274,12036,-77,-141,-276,-0.05277,-0.01824,0.99772,0.00611,0.32672,0.0374,-1.04715,3.027,0.99928,-1.02464,3.09227,0.055091,-0.08505,0.01955,0.01955
32674,334721,640,-292,11990,-80,-165,-279,-0.0535,-0.01934,0.99498,-0.01679,0.14351,0.0145,-1.11359,3.07751,0.99661,-1.02692,3.09426,0.055238,-0.085022,0.017642,0.017642
32675,334731,672,-278,12008,-78,-191,-285,-0.05154,-0.01848,0.99605,-0.00153,-0.05496,-0.0313,-1.06301,2.96164,0.99756,-1.02814,3.09209,0.055301,-0.084788,0.018562,0.018562
32676,334741,714,-202,12042,-87,-199,-287,-0.04896,-0.01382,0.99807,-0.07023,-0.11603,-0.04656,-0.79331,2.80831,0.99937,-1.02478,3.08623,0.054863,-0.084262,0.01957,0.01957
32677,334751,678,-216,12046,-83,-161,-291,-0.05117,-0.01468,0.99831,-0.03969,0.17405,-0.0771,-0.8424,2.93407,0.99973,-1.02213,3.08578,0.054522,-0.083974,0.019611,0.019611
32678,334761,688,-246,12064,-90,-135,-285,-0.05056,-0.01652,0.99938,-0.09313,0.37252,-0.0313,-0.94697,2.89576,1.0008,-1.02211,3.08655,0.05438,-0.083615,0.019483,0.019483
32679,334772,618,-222,12042,-88,-145,-288,-0.05485,-0.01505,0.99807,-0.07786,0.29618,-0.0542,-0.86372,3.1455,0.99969,-1.02031,3.09143,0.054084,-0.083717,0.019568,0.019568
32680,334782,648,-222,12072,-78,-199,-288,-0.05301,-0.01505,0.99986,-0.00153,-0.11603,-0.0542,-0.86218,3.03473,1.00137,-1.01782,3.09002,0.053795,-0.083614,0.019211,0.019211
32681,334792,644,-254,12078,-74,-204,-286,-0.05326,-0.01701,1.00021,0.02901,-0.1542,-0.03893,-0.97429,3.04757,1.00178,-1.01724,3.08852,0.053716,-0.083539,0.018969,0.018969
32682,334802,670,-286,12010,-73,-155,-283,-0.05166,-0.01897,0.99617,0.03664,0.21985,-0.01603,-1.0911,2.9683,0.99769,-1.01877,3.08927,0.053846,-0.083322,0.018578,0.018578
32683,334812,686,-266,12064,-78,-114,-281,-0.05068,-0.01775,0.99938,-0.00153,0.53282,-0.00076,-1.01728,2.90272,1.00082,-1.01929,3.09169,0.053842,-0.082967,0.019419,0.019419
32684,334822,638,-278,12024,-79,-152,-288,-0.05363,-0.01848,0.99701,-0.00916,0.24275,-0.0542,-1.062,3.07837,0.99862,-1.02073,3.09463,0.053918,-0.082937,0.019173,0.019173
32685,334832,646,-272,12042,-80,-209,-285,-0.05314,-0.01811,0.99807,-0.01679,-0.19237,-0.0313,-1.03974,3.047,0.99965,-1.02179,3.09263,0.053952,-0.082851,0.019498,0.019498
32686,334842,632,-264,12042,-78,-213,-285,-0.054,-0.01762,0.99807,-0.00153,-0.2229,-0.0313,-1.01158,3.0962,0.99969,-1.02213,3.09132,0.053932,-0.08286,0.019486,0.019486
32687,334852,600,-258,12054,-85,-162,-285,-0.05596,-0.01726,0.99879,-0.05496,0.16641,-0.0313,-0.98975,3.20631,1.0005,-1.02257,3.096,0.053871,-0.083067,0.01944,0.01944
32688,334862,628,-270,12076,-81,-116,-281,-0.05424,-0.01799,1.0001,-0.02443,0.51756,-0.00076,-1.03061,3.10396,1.00173,-1.02349,3.10204,0.053884,-0.083071,0.01892,0.01892
32689,334872,638,-278,12056,-81,-153,-283,-0.05363,-0.01848,0.99891,-0.02443,0.23511,-0.01603,-1.05998,3.07253,1.00052,-1.02497,3.10459,0.053949,-0.083011,0.019418,0.019418
32690,334883,646,-270,12064,-81,-198,-289,-0.05314,-0.01799,0.99938,-0.02443,-0.1084,-0.06183,-1.03135,3.04303,1.00096,-1.02586,3.10316,0.05396,-0.082899,0.019282,0.019282
32691,334893,608,-288,12078,-81,-182,-286,-0.05547,-0.0191,1.00021,-0.02443,0.01374,-0.03893,-1.09372,3.17361,1.00193,-1.0279,3.10542,0.054079,-0.083022,0.018756,0.018756
32692,334903,718,-276,12050,-82,-169,-284,-0.04872,-0.01836,0.99855,-0.03206,0.11298,-0.02366,-1.05332,2.79272,0.99991,-1.02924,3.10127,0.054124,-0.082442,0.01944,0.01944
32693,334913,700,-316,12050,-79,-137,-275,-0.04982,-0.02081,0.99855,-0.00916,0.35725,0.04504,-1.19405,2.8558,1.00001,-1.03306,3.10081,0.054427,-0.081981,0.019427,0.019427
32694,334923,650,-276,12030,-79,-143,-284,-0.05289,-0.01836,0.99736,-0.00916,0.31145,-0.02366,-1.05457,3.0351,0.99893,-1.0341,3.10341,0.054465,-0.081854,0.019199,0.019199
32695,334933,606,-212,12060,-81,-181,-285,-0.05559,-0.01443,0.99914,-0.02443,0.02137,-0.0313,-0.82763,3.18426,1.00079,-1.03089,3.10598,0.054086,-0.082,0.019285,0.019285
32696,334943,622,-222,12026,-83,-173,-278,-0.05461,-0.01505,0.99712,-0.03969,0.08244,0.02214,-0.86454,3.13443,0.99873,-1.02864,3.10814,0.053783,-0.082049,0.019092,0.019092
32697,334953,658,-230,12040,-80,-142,-276,-0.0524,-0.01554,0.99796,-0.01679,0.31908,0.0374,-0.89199,3.00534,0.99945,-1.02669,3.11008,0.053531,-0.081853,0.01933,0.01933
32698,334963,702,-274,12014,-74,-168,-280,-0.0497,-0.01824,0.99641,0.02901,0.12061,0.00687,-1.04853,2.85503,0.99782,-1.02733,3.10735,0.053569,-0.081402,0.01851,0.01851
32699,334973,602,-302,12088,-77,-186,-283,-0.05584,-0.01995,1.00081,0.00611,-0.01679,-0.01603,-1.14221,3.19269,1.00256,-1.02989,3.10954,0.053766,-0.081548,0.018207,0.018207
32700,334983,622,-298,11966,-85,-182,-281,-0.05461,-0.01971,0.99356,-0.05496,0.01374,-0.00076,-1.1364,3.1454,0.99525,-1.03265,3.11104,0.053925,-0.0816,0.015882,0.015882
32701,334993,688,-226,12068,-73,-142,-281,-0.05056,-0.01529,0.99962,0.03664,0.31908,-0.00076,-0.87645,2.89513,1.00101,-1.02981,3.11082,0.053639,-0.081199,0.019251,0.019251
32702,335003,650,-278,12080,-82,-156,-287,-0.05289,-0.01848,1.00033,-0.03206,0.21221,-0.04656,-1.05846,3.0261,1.0019,-1.03119,3.11211,0.053689,-0.081043,0.018769,0.018769
32703,335013,628,-214,12046,-83,-169,-290,-0.05424,-0.01456,0.99831,-0.03969,0.11298,-0.06947,-0.83536,3.10966,0.99989,-1.0283,3.11396,0.053326,-0.081034,0.01943,0.01943
32704,335024,626,-246,12084,-78,-148,-280,-0.05436,-0.01652,1.00057,-0.00153,0.27328,0.00687,-0.94585,3.10957,1.00218,-1.02731,3.11736,0.05318,-0.081021,0.018552,0.018552
32705,335034,636,-260,12048,-81,-158,-292,-0.05375,-0.01738,0.99843,-0.02443,0.19695,-0.08473,-0.99714,3.08107,1.00003,-1.02749,3.11938,0.053123,-0.080949,0.019422,0.019422
32706,335044,602,-242,12076,-90,-167,-286,-0.05584,-0.01627,1.0001,-0.09313,0.12824,-0.03893,-0.93224,3.19517,1.00178,-1.02713,3.12286,0.05295,-0.08108,0.01882,0.01882
32707,335054,614,-286,12052,-79,-183,-290,-0.0551,-0.01897,0.99867,-0.00916,0.00611,-0.06947,-1.08837,3.15746,1.00037,-1.02892,3.12438,0.053062,-0.081142,0.019381,0.019381
32708,335064,670,-266,12000,-79,-186,-284,-0.05166,-0.01775,0.99558,-0.00916,-0.01679,-0.02366,-1.02117,2.97013,0.99708,-1.0294,3.12226,0.053047,-0.080879,0.017894,0.017894
32709,335074,636,-280,12036,-75,-159,-282,-0.05375,-0.0186,0.99772,0.02137,0.18931,-0.0084,-1.06828,3.0832,0.99934,-1.03046,3.12415,0.053118,-0.080803,0.019327,0.019327
32710,335084,640,-248,12022,-76,-132,-276,-0.0535,-0.01664,0.99689,0.01374,0.39542,0.0374,-0.95639,3.07181,0.99846,-1.02944,3.12783,0.052984,-0.0807,0.018957,0.018957
32711,335094,646,-256,12078,-72,-158,-282,-0.05314,-0.01713,1.00021,0.04427,0.19695,-0.0084,-0.98131,3.04056,1.00177,-1.02862,3.12891,0.052898,-0.080539,0.018815,0.018815
32712,335104,616,-234,12072,-76,-200,-287,-0.05498,-0.01578,0.99986,0.01374,-0.12366,-0.04656,-0.90435,3.14688,1.00149,-1.02665,3.12883,0.052673,-0.080572,0.018978,0.018978
32713,335114,614,-262,12066,-86,-182,-281,-0.0551,-0.0175,0.9995,-0.0626,0.01374,-0.00076,-1.0031,3.15492,1.00117,-1.02733,3.13025,0.052629,-0.080618,0.01913,0.01913
32714,335124,630,-246,12084,-85,-169,-278,-0.05412,-0.01652,1.00057,-0.05496,0.11298,0.02214,-0.94585,3.09556,1.00217,-1.02687,3.13151,0.052483,-0.080553,0.018526,0.018526
32715,335134,670,-246,12064,-80,-149,-286,-0.05166,-0.01652,0.99938,-0.01679,0.26565,-0.03893,-0.94697,2.95892,1.00085,-1.02602,3.13158,0.052336,-0.080232,0.019247,0.019247
32716,335144,624,-270,12046,-82,-149,-285,-0.05449,-0.01799,0.99831,-0.03206,0.26565,-0.0313,-1.03245,3.12353,0.99996,-1.02697,3.13482,0.052346,-0.08021,0.019375,0.019375
32717,335154,640,-220,11946,-76,-176,-286,-0.0535,-0.01492,0.99237,0.01374,0.05954,-0.03893,-0.8616,3.08584,0.99392,-1.025,3.1355,0.052123,-0.080142,0.014216,0.014216
32718,335164,622,-230,12016,-80,-182,-285,-0.05461,-0.01554,0.99653,-0.01679,0.01374,-0.0313,-0.89327,3.13627,0.99815,-1.02319,3.13644,0.051886,-0.080142,0.018815,0.018815
32719,335175,660,-298,12072,-79,-160,-284,-0.05228,-0.01971,0.99986,-0.00916,0.18168,-0.02366,-1.12924,2.99241,1.00142,-1.02582,3.13626,0.052077,-0.079877,0.019072,0.019072
32720,335185,654,-320,12038,-75,-160,-286,-0.05265,-0.02106,0.99784,0.02137,0.18168,-0.03893,-1.20898,3.01945,0.99945,-1.02967,3.13656,0.052414,-0.079657,0.019382,0.019382
32721,335195,598,-260,12054,-76,-170,-283,-0.05608,-0.01738,0.99879,0.01374,0.10534,-0.01603,-0.99678,3.21332,1.00051,-1.02941,3.13986,0.052352,-0.079795,0.019377,0.019377
32722,335205,660,-214,11992,-79,-179,-280,-0.05228,-0.01456,0.9951,-0.00916,0.03664,0.00687,-0.83805,3.00694,0.99658,-1.02668,3.13869,0.052035,-0.079573,0.017419,0.017419
32723,335215,650,-240,12084,-82,-173,-277,-0.05289,-0.01615,1.00057,-0.03206,0.08244,0.02977,-0.92478,3.02551,1.0021,-1.02561,3.13817,0.051853,-0.07937,0.018635,0.018635
32724,335225,656,-258,12060,-82,-159,-285,-0.05252,-0.01726,0.99914,-0.03206,0.18931,-0.0313,-0.98939,3.00871,1.00067,-1.02573,3.1383,0.051785,-0.079127,0.019354,0.019354
32725,335235,620,-252,12036,-78,-145,-285,-0.05473,-0.01689,0.99772,-0.00153,0.29618,-0.0313,-0.96968,3.1395,0.99936,-1.02517,3.142,0.051681,-0.079122,0.01935,0.01935
32726,335245,680,-264,12028,-83,-178,-281,-0.05105,-0.01762,0.99724,-0.03969,0.04427,-0.00076,-1.01242,2.93004,0.9987,-1.02582,3.13917,0.051656,-0.078736,0.0191,0.0191
32727,335255,636,-262,12022,-76,-179,-282,-0.05375,-0.0175,0.99689,0.01374,0.03664,-0.0084,-1.00573,3.08583,0.99849,-1.02581,3.13929,0.051619,-0.078637,0.018982,0.018982
32728,335265,598,-286,12062,-77,-173,-282,-0.05608,-0.01897,0.99926,0.00611,0.08244,-0.0084,-1.08772,3.2117,1.00102,-1.02745,3.14226,0.051731,-0.078767,0.019208,0.019208
32729,335275,624,-252,12012,-81,-155,-281,-0.05449,-0.01689,0.99629,-0.02443,0.21985,-0.00076,-0.97107,3.12991,0.99792,-1.02714,3.14496,0.051631,-0.078739,0.018607,0.018607
32730,335285,618,-274,12068,-80,-169,-287,-0.05485,-0.01824,0.99962,-0.01679,0.11298,-0.04656,-1.04516,3.14048,1.00129,-1.02816,3.14675,0.051662,-0.078728,0.019085,0.019085
32731,335295,640,-272,12110,-83,-186,-288,-0.0535,-0.01811,1.00212,-0.03969,-0.01679,-0.0542,-1.03555,3.05573,1.00371,-1.02918,3.14581,0.051672,-0.078579,0.017088,0.017088
32732,335305,622,-214,12058,-84,-151,-281,-0.05461,-0.01456,0.99903,-0.04733,0.25038,-0.00076,-0.83476,3.1285,1.00062,-1.02639,3.1487,0.051313,-0.078541,0.019347,0.019347
32733,335316,654,-246,12010,-86,-154,-280,-0.05265,-0.01652,0.99617,-0.0626,0.22748,0.00687,-0.95002,3.02474,0.9977,-1.0261,3.14941,0.051178,-0.078319,0.018452,0.018452
32734,335326,688,-228,12034,-79,-159,-281,-0.05056,-0.01541,0.9976,-0.00916,0.18931,-0.00076,-0.88526,2.90098,0.999,-1.02399,3.14726,0.050919,-0.07786,0.019225,0.019225
32735,335336,604,-276,12082,-84,-186,-276,-0.05571,-0.01836,1.00045,-0.04733,-0.01679,0.0374,-1.05132,3.18691,1.00217,-1.02546,3.1486,0.050966,-0.077929,0.018548,0.018548
32736,335346,656,-256,12028,-76,-196,-286,-0.05252,-0.01713,0.99724,0.01374,-0.09313,-0.03893,-0.98423,3.01444,0.99877,-1.02503,3.14588,0.05089,-0.077686,0.019125,0.019125
32737,335356,648,-262,12014,-85,-163,-283,-0.05301,-0.0175,0.99641,-0.05496,0.15878,-0.01603,-1.00621,3.04508,0.99797,-1.02572,3.14632,0.050855,-0.077503,0.018649,0.018649
32738,335366,628,-280,12014,-81,-139,-281,-0.05424,-0.0186,0.99641,-0.02443,0.34198,-0.00076,-1.06968,3.11537,0.99806,-1.02728,3.14986,0.050932,-0.077441,0.018711,0.018711
32739,335376,636,-266,12074,-78,-150,-282,-0.05375,-0.01775,0.99998,-0.00153,0.25802,-0.0084,-1.01668,3.0763,1.00158,-1.0276,3.15176,0.050912,-0.077302,0.01894,0.01894
32740,335386,640,-282,12082,-78,-200,-281,-0.0535,-0.01873,1.00045,-0.00153,-0.12366,-0.00076,-1.07239,3.06077,1.00206,-1.02895,3.14961,0.05099,-0.077142,0.018625,0.018625
32741,335396,680,-258,12062,-81,-197,-284,-0.05105,-0.01726,0.99926,-0.02443,-0.10076,-0.02366,-0.98928,2.92414,1.00072,-1.02892,3.14502,0.050916,-0.076729,0.019303,0.019303
32742,335406,684,-250,12048,-81,-161,-282,-0.0508,-0.01676,0.99843,-0.02443,0.17405,-0.0084,-0.96195,2.91255,0.99986,-1.02836,3.14298,0.050791,-0.076297,0.019385,0.019385
32743,335416,692,-284,12136,-82,-128,-288,-0.05031,-0.01885,1.00366,-0.03206,0.42595,-0.0542,-1.07596,2.86935,1.0051,-1.02991,3.1437,0.05086,-0.075888,0.015442,0.015442
32744,335427,652,-270,12074,-73,-142,-288,-0.05277,-0.01799,0.99998,0.03664,0.31908,-0.0542,-1.03073,3.0202,1.00153,-1.03007,3.14522,0.050861,-0.075658,0.019004,0.019004
32745,335437,630,-218,12054,-73,-190,-282,-0.05412,-0.0148,0.99879,0.03664,-0.04733,-0.0084,-0.84903,3.10116,1.00036,-1.02669,3.14465,0.050527,-0.075576,0.019409,0.019409
32746,335447,682,-274,12050,-80,-168,-281,-0.05093,-0.01824,0.99855,-0.01679,0.12061,-0.00076,-1.04628,2.91915,1.00001,-1.02773,3.14219,0.050562,-0.075157,0.01942,0.01942
32747,335457,630,-270,12058,-78,-166,-293,-0.05412,-0.01799,0.99903,-0.00153,0.13588,-0.09237,-1.03171,3.10026,1.00065,-1.02832,3.14345,0.050568,-0.075076,0.019326,0.019326
32748,335467,596,-264,12114,-80,-172,-285,-0.05621,-0.01762,1.00235,-0.01679,0.09008,-0.0313,-1.00726,3.20889,1.00408,-1.02863,3.14617,0.050534,-0.075177,0.016671,0.016671
32749,335477,624,-244,12078,-80,-180,-284,-0.05449,-0.0164,1.00021,-0.01679,0.02901,-0.02366,-0.93916,3.11769,1.00183,-1.02761,3.14665,0.050373,-0.075124,0.018816,0.018816
32750,335487,604,-258,12064,-80,-141,-278,-0.05571,-0.01726,0.99938,-0.01679,0.32672,0.02214,-0.98916,3.19038,1.00108,-1.02753,3.15143,0.050302,-0.075197,0.019212,0.019212
32751,335497,626,-266,12046,-85,-133,-280,-0.05436,-0.01775,0.99831,-0.05496,0.38779,0.00687,-1.01837,3.11653,0.99995,-1.02838,3.15529,0.050283,-0.075124,0.019422,0.019422
32752,335507,678,-266,12030,-87,-174,-285,-0.05117,-0.01775,0.99736,-0.07023,0.07481,-0.0313,-1.01934,2.93671,0.99883,-1.02939,3.15258,0.050264,-0.074723,0.019153,0.019153
32753,335517,622,-262,12090,-74,-197,-285,-0.05461,-0.0175,1.00093,0.02901,-0.10076,-0.0313,-1.00167,3.12242,1.00257,-1.0291,3.15177,0.050216,-0.074672,0.018222,0.018222
32754,335527,592,-252,12058,-73,-180,-284,-0.05645,-0.01689,0.99903,0.03664,0.02901,-0.02366,-0.96841,3.23363,1.00076,-1.02806,3.15437,0.050104,-0.07482,0.019301,0.019301
32755,335537,654,-260,12052,-79,-157,-283,-0.05265,-0.01738,0.99867,-0.00916,0.20458,-0.01603,-0.9969,3.01715,1.00021,-1.02803,3.15445,0.050046,-0.074562,0.019391,0.019391
32756,335547,636,-238,12076,-84,-147,-284,-0.05375,-0.01603,1.0001,-0.04733,0.28092,-0.02366,-0.91819,3.07602,1.00167,-1.02692,3.15646,0.049847,-0.074415,0.018873,0.018873
32757,335557,632,-238,12116,-83,-162,-285,-0.054,-0.01603,1.00247,-0.03969,0.16641,-0.0313,-0.91601,3.08273,1.00405,-1.02595,3.15759,0.04967,-0.074294,0.016695,0.016695
32758,335568,590,-252,12098,-80,-184,-282,-0.05657,-0.01689,1.0014,-0.01679,-0.00153,-0.0084,-0.96611,3.23297,1.00314,-1.02554,3.15964,0.049568,-0.07442,0.01771,0.01771
32759,335578,652,-256,12000,-86,-152,-284,-0.05277,-0.01713,0.99558,-0.0626,0.24275,-0.02366,-0.98588,3.03355,0.99712,-1.02593,3.16049,0.049498,-0.074199,0.017984,0.017984
32760,335588,566,-330,12044,-78,-150,-283,-0.05805,-0.02167,0.99819,-0.00153,0.25802,-0.01603,-1.24375,3.32728,1.00011,-1.03066,3.16699,0.0499,-0.074501,0.019454,0.019454
32761,335598,622,-244,12008,-75,-184,-289,-0.05461,-0.0164,0.99605,0.02137,-0.00153,-0.06183,-0.94308,3.13772,0.99769,-1.02933,3.16717,0.049746,-0.074448,0.018471,0.018471
32762,335608,642,-242,12044,-80,-197,-284,-0.05338,-0.01627,0.99819,-0.01679,-0.10076,-0.02366,-0.93402,3.06079,0.99975,-1.02813,3.16484,0.049569,-0.074253,0.019434,0.019434
32763,335618,654,-264,12070,-84,-169,-287,-0.05265,-0.01762,0.99974,-0.04733,0.11298,-0.04656,-1.00989,3.01392,1.00128,-1.02873,3.16379,0.049534,-0.073975,0.019125,0.019125
32764,335628,600,-262,12054,-85,-138,-282,-0.05596,-0.0175,0.99879,-0.05496,0.34962,-0.0084,-1.00382,3.20629,1.00051,-1.02927,3.16877,0.049486,-0.074045,0.019374,0.019374
32765,335638,620,-296,12090,-74,-161,-286,-0.05473,-0.01959,1.00093,0.02901,0.17405,-0.03893,-1.12102,3.12931,1.00261,-1.03114,3.17049,0.049644,-0.073973,0.018192,0.018192
32766,335648,668,-236,12042,-77,-193,-287,-0.05179,-0.01591,0.99807,0.00611,-0.07023,-0.04656,-0.91301,2.96984,0.99954,-1.02928,3.16664,0.049426,-0.073603,0.019381,0.019381
32767,335658,632,-258,12042,-83,-196,-289,-0.054,-0.01726,0.99807,-0.03969,-0.09313,-0.06183,-0.99045,3.09622,0.99968,-1.0294,3.16508,0.049353,-0.073474,0.019389,0.019389
32768,335668,648,-238,12066,-84,-162,-282,-0.05301,-0.01603,0.9995,-0.04733,0.16641,-0.0084,-0.91873,3.03576,1.00103,-1.02822,3.16495,0.049149,-0.073234,0.019194,0.019194
32769,335679,618,-274,12094,-79,-131,-283,-0.05485,-0.01824,1.00116,-0.00916,0.40305,-0.01603,-1.04355,3.13565,1.00283,-1.02907,3.1691,0.049174,-0.073176,0.017973,0.017973
32770,335689,630,-260,12130,-84,-168,-280,-0.05412,-0.01738,1.0033,-0.04733,0.12061,0.00687,-0.9923,3.0871,1.00491,-1.02944,3.16972,0.049118,-0.073051,0.015689,0.015689
32771,335699,616,-250,12056,-83,-191,-286,-0.05498,-0.01676,0.99891,-0.03969,-0.05496,-0.03893,-0.96149,3.14982,1.00056,-1.029,3.16951,0.048991,-0.073014,0.0194,0.0194
32772,335709,614,-256,12096,-81,-184,-283,-0.0551,-0.01713,1.00128,-0.02443,-0.00153,-0.01603,-0.98026,3.14934,1.00294,-1.02884,3.16985,0.048907,-0.072978,0.017922,0.017922
32773,335719,610,-308,12024,-72,-150,-283,-0.05535,-0.02032,0.99701,0.04427,0.25802,-0.01603,-1.16771,3.17669,0.99875,-1.03155,3.17323,0.04916,-0.072985,0.019165,0.019165
32774,335729,616,-338,12036,-79,-149,-280,-0.05498,-0.02216,0.99772,-0.00916,0.26565,0.00687,-1.27251,3.15323,0.99948,-1.0368,3.17616,0.049603,-0.072941,0.019399,0.019399
32775,335739,630,-242,12028,-81,-179,-282,-0.05412,-0.01627,0.99724,-0.02443,0.03664,-0.0084,-0.93491,3.10588,0.99884,-1.03557,3.17589,0.049416,-0.072811,0.019185,0.019185
32776,335749,616,-238,12066,-86,-204,-282,-0.05498,-0.01603,0.9995,-0.0626,-0.1542,-0.0084,-0.91873,3.14799,1.00114,-1.03443,3.17456,0.049201,-0.072762,0.019183,0.019183
32777,335759,594,-236,12060,-80,-174,-278,-0.05633,-0.01591,0.99914,-0.01679,0.07481,0.02214,-0.91203,3.22628,1.00086,-1.03271,3.177,0.048975,-0.072854,0.01928,0.01928
32778,335769,568,-316,12022,-85,-125,-281,-0.05792,-0.02081,0.99689,-0.05496,0.44885,-0.00076,-1.19604,3.32466,0.99878,-1.03686,3.18494,0.04927,-0.073113,0.019131,0.019131
32779,335779,624,-270,12080,-87,-156,-281,-0.05449,-0.01799,1.00033,-0.07023,0.21221,-0.00076,-1.03037,3.11724,1.00198,-1.03791,3.18648,0.049257,-0.072988,0.018684,0.018684
32780,335789,660,-248,12076,-85,-207,-277,-0.05228,-0.01664,1.0001,-0.05496,-0.1771,0.02977,-0.95332,2.99186,1.0016,-1.03733,3.18177,0.049103,-0.07264,0.018927,0.018927
32781,335800,570,-250,12090,-84,-188,-278,-0.0578,-0.01676,1.00093,-0.04733,-0.03206,0.02214,-0.95955,3.30453,1.00273,-1.03687,3.18439,0.048967,-0.07285,0.018072,0.018072
32782,335810,622,-256,12076,-82,-161,-287,-0.05461,-0.01713,1.0001,-0.03206,0.17405,-0.04656,-0.98143,3.12504,1.00173,-1.03662,3.18569,0.048867,-0.072739,0.018856,0.018856
32783,335820,640,-296,12046,-86,-143,-284,-0.0535,-0.01959,0.99831,-0.0626,0.31145,-0.02366,-1.12395,3.06726,0.99994,-1.03941,3.18716,0.049026,-0.072514,0.019407,0.019407
32784,335830,612,-264,12024,-90,-164,-283,-0.05522,-0.01762,0.99701,-0.09313,0.15115,-0.01603,-1.01266,3.16982,0.99869,-1.04029,3.18903,0.048975,-0.072478,0.019073,0.019073
32785,335840,636,-242,12034,-86,-214,-278,-0.05375,-0.01627,0.9976,-0.0626,-0.23053,0.02214,-0.93457,3.08369,0.99918,-1.03935,3.18545,0.048779,-0.072288,0.019261,0.019261
32786,335850,588,-248,12008,-78,-160,-278,-0.0567,-0.01664,0.99605,-0.00153,0.18168,0.02214,-0.95719,3.25734,0.99781,-1.03832,3.18927,0.048634,-0.07241,0.018504,0.018504
32787,335860,616,-266,12050,-80,-142,-282,-0.05498,-0.01775,0.99855,-0.01679,0.31908,-0.0084,-1.01813,3.15089,1.00022,-1.03858,3.19237,0.048595,-0.072332,0.019374,0.019374
32788,335870,628,-290,12106,-81,-214,-286,-0.05424,-0.01922,1.00188,-0.02443,-0.23053,-0.03893,-1.09891,3.09838,1.00353,-1.04033,3.18919,0.048693,-0.072181,0.017263,0.017263
32789,335880,656,-224,11998,-77,-193,-279,-0.05252,-0.01517,0.99546,0.00611,-0.07023,0.0145,-0.87305,3.01992,0.99696,-1.03778,3.1862,0.04841,-0.071895,0.017788,0.017788
32790,335890,592,-244,12052,-84,-162,-282,-0.05645,-0.0164,0.99867,-0.04733,0.16641,-0.0084,-0.94061,3.23481,1.0004,-1.03683,3.18948,0.048229,-0.07198,0.019387,0.019387
32791,335900,626,-298,12060,-75,-132,-272,-0.05436,-0.01971,0.99914,0.02137,0.39542,0.06794,-1.13005,3.11382,1.00082,-1.03889,3.1926,0.048399,-0.071833,0.019278,0.019278
32792,335910,620,-258,12056,-78,-127,-290,-0.05473,-0.01726,0.99891,-0.00153,0.43359,-0.06947,-0.98963,3.13576,1.00055,-1.03843,3.19646,0.048308,-0.071719,0.019336,0.019336
32793,335920,606,-270,12106,-81,-189,-286,-0.05559,-0.01799,1.00188,-0.02443,-0.03969,-0.03893,-1.02878,3.17541,1.00358,-1.03898,3.19641,0.048291,-0.071684,0.017218,0.017218
32794,335931,648,-198,12068,-81,-246,-282,-0.05301,-0.01357,0.99962,-0.02443,-0.47481,-0.0084,-0.77802,3.03551,1.00112,-1.03469,3.18937,0.047814,-0.071398,0.019177,0.019177
32795,335941,558,-226,12004,-85,-195,-284,-0.05854,-0.01529,0.99582,-0.05496,-0.0855,-0.02366,-0.87979,3.36374,0.99765,-1.03284,3.19244,0.047542,-0.071704,0.018409,0.018409
32796,335951,658,-272,12030,-72,-103,-284,-0.0524,-0.01811,0.99736,0.04427,0.61679,-0.02366,-1.04048,3.007,0.9989,-1.03302,3.19564,0.047555,-0.071353,0.019182,0.019182
32797,335961,624,-270,12006,-74,-195,-279,-0.05449,-0.01799,0.99594,0.02901,-0.0855,0.0145,-1.03491,3.13097,0.99759,-1.03324,3.19431,0.047558,-0.071241,0.018353,0.018353
32798,335971,584,-188,12026,-78,-248,-273,-0.05694,-0.01296,0.99712,-0.00153,-0.49008,0.06031,-0.74473,3.26809,0.99883,-1.0282,3.19162,0.047033,-0.071382,0.019151,0.019151
32799,335981,624,-248,12032,-90,-240,-288,-0.05449,-0.01664,0.99748,-0.09313,-0.42901,-0.0542,-0.95582,3.12621,0.99911,-1.02818,3.18685,0.046898,-0.071269,0.019248,0.019248
32800,335991,656,-264,12020,-91,-124,-283,-0.05252,-0.01762,0.99677,-0.10076,0.45649,-0.01603,-1.0129,3.01585,0.99831,-1.02934,3.1888,0.046868,-0.070954,0.018859,0.018859
32801,336001,634,-260,12042,-83,-58,-284,-0.05387,-0.01738,0.99807,-0.03969,0.96031,-0.02366,-0.99749,3.08919,0.99968,-1.02957,3.19699,0.046808,-0.070751,0.019368,0.019368
32802,336011,596,-264,12058,-87,-244,-284,-0.05621,-0.01762,0.99903,-0.07023,-0.45954,-0.02366,-1.01061,3.21956,1.00076,-1.03035,3.19361,0.046771,-0.0708,0.019266,0.019266
32803,336021,596,-216,12122,-92,-275,-286,-0.05621,-0.01468,1.00283,-0.1084,-0.69618,-0.03893,-0.8386,3.20753,1.00451,-1.02878,3.18768,0.046474,-0.070831,0.016146,0.016146
32804,336031,612,-242,12078,-87,-141,-281,-0.05522,-0.01627,1.00021,-0.07023,0.32672,-0.00076,-0.93213,3.15975,1.00187,-1.02811,3.19106,0.0463,-0.070774,0.018772,0.018772
