sample_index,timestamp_ms,ax_raw,ay_raw,az_raw,gx_raw,gy_raw,gz_raw,ax_calibrated_g,ay_calibrated_g,az_calibrated_g,gx_dps,gy_dps,gz_dps
3237,32383,1316,-142,12040,-73,-179,-288,-0.01202,-0.01014,0.99796,0.03664,0.03664,-0.0542
3238,32393,1362,-124,12064,-89,-173,-300,-0.0092,-0.00904,0.99938,-0.0855,0.08244,-0.1458
3239,32403,1310,-170,12080,-94,-153,-301,-0.01239,-0.01186,1.00033,-0.12366,0.23511,-0.15344
3240,32413,1276,-188,12020,-95,-143,-299,-0.01448,-0.01296,0.99677,-0.1313,0.31145,-0.13817
3241,32423,1270,-190,12070,-92,-150,-291,-0.01484,-0.01308,0.99974,-0.1084,0.25802,-0.0771
3242,32433,1290,-200,12106,-87,-156,-289,-0.01362,-0.0137,1.00188,-0.07023,0.21221,-0.06183
3243,32443,1306,-52,12096,-83,-162,-285,-0.01264,-0.00462,1.00128,-0.03969,0.16641,-0.0313
3244,32453,1266,-54,12038,-75,-177,-276,-0.01509,-0.00474,0.99784,0.02137,0.05191,0.0374
3245,32463,1220,-172,12090,-81,-184,-281,-0.01791,-0.01198,1.00093,-0.02443,-0.00153,-0.00076
3246,32473,1242,-244,12128,-85,-192,-281,-0.01656,-0.0164,1.00318,-0.05496,-0.0626,-0.00076
3247,32483,1284,-268,12058,-76,-200,-279,-0.01399,-0.01787,0.99903,0.01374,-0.12366,0.0145
3248,32493,1290,-198,12016,-76,-191,-286,-0.01362,-0.01357,0.99653,0.01374,-0.05496,-0.03893
3249,32503,1326,-130,12096,-77,-186,-282,-0.01141,-0.0094,1.00128,0.00611,-0.01679,-0.0084
3250,32513,1316,-98,12120,-83,-184,-282,-0.01202,-0.00744,1.00271,-0.03969,-0.00153,-0.0084
3251,32523,1322,-188,12100,-92,-188,-286,-0.01165,-0.01296,1.00152,-0.1084,-0.03206,-0.03893
3252,32533,1304,-244,12072,-89,-189,-284,-0.01276,-0.0164,0.99986,-0.0855,-0.03969,-0.02366
3253,32543,1332,-286,12056,-81,-191,-283,-0.01104,-0.01897,0.99891,-0.02443,-0.05496,-0.01603
3254,32553,1362,-232,12056,-68,-191,-290,-0.0092,-0.01566,0.99891,0.07481,-0.05496,-0.06947
3255,32563,1318,-176,12090,-69,-178,-289,-0.0119,-0.01223,1.00093,0.06718,0.04427,-0.06183
3256,32573,1308,-98,11998,-66,-183,-289,-0.01251,-0.00744,0.99546,0.09008,0.00611,-0.06183
3257,32583,1286,-102,12026,-67,-189,-290,-0.01386,-0.00769,0.99712,0.08244,-0.03969,-0.06947
3258,32593,1318,-108,12006,-71,-191,-284,-0.0119,-0.00805,0.99594,0.05191,-0.05496,-0.02366
3259,32603,1280,-230,12102,-68,-198,-273,-0.01423,-0.01554,1.00164,0.07481,-0.1084,0.06031
3260,32613,1240,-196,12088,-70,-199,-269,-0.01669,-0.01345,1.00081,0.05954,-0.11603,0.09084
3261,32623,1260,-198,12086,-67,-201,-271,-0.01546,-0.01357,1.00069,0.08244,-0.1313,0.07557
3262,32633,1270,-142,12148,-72,-201,-265,-0.01484,-0.01014,1.00437,0.04427,-0.1313,0.12137
3263,32643,1308,-116,12108,-80,-189,-264,-0.01251,-0.00854,1.002,-0.01679,-0.03969,0.12901
3264,32653,1298,-120,12082,-86,-178,-264,-0.01313,-0.00879,1.00045,-0.0626,0.04427,0.12901
3265,32663,1292,-186,12044,-97,-177,-260,-0.01349,-0.01284,0.99819,-0.14656,0.05191,0.15954
3266,32673,1270,-200,12076,-90,-185,-255,-0.01484,-0.0137,1.0001,-0.09313,-0.00916,0.19771
3267,32683,1264,-268,12064,-85,-184,-237,-0.01521,-0.01787,0.99938,-0.05496,-0.00153,0.33511
3268,32693,1346,-264,12048,-81,-192,-233,-0.01018,-0.01762,0.99843,-0.02443,-0.0626,0.36565
3269,32703,1350,-262,12068,-77,-194,-231,-0.00994,-0.0175,0.99962,0.00611,-0.07786,0.38092
3270,32713,1332,-182,11958,-75,-195,-227,-0.01104,-0.01259,0.99308,0.02137,-0.0855,0.41145
3271,32723,1320,-160,12072,-81,-192,-230,-0.01178,-0.01124,0.99986,-0.02443,-0.0626,0.38855
3272,32733,1342,-150,12050,-77,-192,-236,-0.01043,-0.01063,0.99855,0.00611,-0.0626,0.34275
3273,32743,1334,-226,12052,-72,-200,-239,-0.01092,-0.01529,0.99867,0.04427,-0.12366,0.31985
3274,32753,1324,-200,12034,-75,-194,-245,-0.01153,-0.0137,0.9976,0.02137,-0.07786,0.27405
3275,32763,1278,-194,12114,-75,-181,-247,-0.01435,-0.01333,1.00235,0.02137,0.02137,0.25878
3276,32773,1262,-118,12056,-68,-191,-249,-0.01534,-0.00867,0.99891,0.07481,-0.05496,0.24351
3277,32783,1262,-148,12110,-82,-187,-264,-0.01534,-0.01051,1.00212,-0.03206,-0.02443,0.12901
3278,32793,1240,-146,12116,-81,-183,-266,-0.01669,-0.01038,1.00247,-0.02443,0.00611,0.11374
3279,32803,1268,-136,12140,-81,-174,-264,-0.01497,-0.00977,1.0039,-0.02443,0.07481,0.12901
3280,32813,1220,-192,12054,-80,-179,-257,-0.01791,-0.01321,0.99879,-0.01679,0.03664,0.18244
3281,32823,1280,-176,12070,-80,-177,-255,-0.01423,-0.01223,0.99974,-0.01679,0.05191,0.19771
3282,32833,1276,-196,12032,-81,-182,-238,-0.01448,-0.01345,0.99748,-0.02443,0.01374,0.32748
3283,32843,1296,-220,12080,-81,-184,-216,-0.01325,-0.01492,1.00033,-0.02443,-0.00153,0.49542
3284,32853,1314,-184,12076,-81,-187,-211,-0.01214,-0.01272,1.0001,-0.02443,-0.02443,0.53359
3285,32863,1370,-192,11936,-83,-188,-193,-0.00871,-0.01321,0.99178,-0.03969,-0.03206,0.67099
3286,32873,1376,-192,12004,-93,-163,-203,-0.00834,-0.01321,0.99582,-0.11603,0.15878,0.59466
3287,32883,1364,-190,12146,-84,-155,-234,-0.00908,-0.01308,1.00425,-0.04733,0.21985,0.35802
3288,32893,1318,-206,12046,-86,-166,-263,-0.0119,-0.01407,0.99831,-0.0626,0.13588,0.13664
3289,32903,1348,-212,12058,-87,-160,-272,-0.01006,-0.01443,0.99903,-0.07023,0.18168,0.06794
3290,32913,1322,-186,12022,-83,-163,-271,-0.01165,-0.01284,0.99689,-0.03969,0.15878,0.07557
3291,32923,1282,-182,12086,-78,-175,-279,-0.01411,-0.01259,1.00069,-0.00153,0.06718,0.0145
3292,32933,1288,-130,12098,-74,-183,-281,-0.01374,-0.0094,1.0014,0.02901,0.00611,-0.00076
3293,32943,1258,-182,12104,-64,-188,-275,-0.01558,-0.01259,1.00176,0.10534,-0.03206,0.04504
3294,32953,1264,-140,12082,-66,-190,-276,-0.01521,-0.01002,1.00045,0.09008,-0.04733,0.0374
3295,32963,1288,-210,12118,-75,-192,-272,-0.01374,-0.01431,1.00259,0.02137,-0.0626,0.06794
3296,32973,1296,-182,12054,-83,-193,-274,-0.01325,-0.01259,0.99879,-0.03969,-0.07023,0.05267
3297,32983,1314,-174,12080,-74,-194,-272,-0.01214,-0.0121,1.00033,0.02901,-0.07786,0.06794
3298,32993,1278,-160,12154,-78,-188,-267,-0.01435,-0.01124,1.00473,-0.00153,-0.03206,0.10611
3299,33003,1282,-148,12034,-84,-187,-258,-0.01411,-0.01051,0.9976,-0.04733,-0.02443,0.17481
3300,33013,1274,-156,12030,-81,-174,-261,-0.0146,-0.011,0.99736,-0.02443,0.07481,0.15191
3301,33023,1270,-226,12040,-91,-191,-254,-0.01484,-0.01529,0.99796,-0.10076,-0.05496,0.20534
3302,33033,1338,-198,12070,-91,-185,-250,-0.01067,-0.01357,0.99974,-0.10076,-0.00916,0.23588
3303,33043,1308,-238,12036,-78,-196,-247,-0.01251,-0.01603,0.99772,-0.00153,-0.09313,0.25878
3304,33053,1248,-214,12018,-67,-209,-250,-0.01619,-0.01456,0.99665,0.08244,-0.19237,0.23588
3305,33063,1318,-130,12064,-65,-202,-264,-0.0119,-0.0094,0.99938,0.09771,-0.13893,0.12901
3306,33073,1322,-156,12030,-85,-182,-273,-0.01165,-0.011,0.99736,-0.05496,0.01374,0.06031
3307,33083,1328,-136,12052,-91,-172,-268,-0.01129,-0.00977,0.99867,-0.10076,0.09008,0.09847
3308,33093,1326,-214,12046,-78,-188,-276,-0.01141,-0.01456,0.99831,-0.00153,-0.03206,0.0374
3309,33103,1318,-180,12094,-87,-188,-283,-0.0119,-0.01247,1.00116,-0.07023,-0.03206,-0.01603
3310,33113,1292,-182,12028,-89,-181,-286,-0.01349,-0.01259,0.99724,-0.0855,0.02137,-0.03893
3311,33123,1264,-208,12062,-80,-192,-287,-0.01521,-0.01419,0.99926,-0.01679,-0.0626,-0.04656
3312,33133,1288,-146,12002,-79,-194,-281,-0.01374,-0.01038,0.9957,-0.00916,-0.07786,-0.00076
3313,33143,1276,-132,12118,-80,-188,-280,-0.01448,-0.00953,1.00259,-0.01679,-0.03206,0.00687
3314,33153,1242,-164,12046,-76,-202,-265,-0.01656,-0.01149,0.99831,0.01374,-0.13893,0.12137
3315,33163,1326,-214,12122,-75,-194,-270,-0.01141,-0.01456,1.00283,0.02137,-0.07786,0.08321
3316,33173,1266,-174,12048,-78,-186,-273,-0.01509,-0.0121,0.99843,-0.00153,-0.01679,0.06031
3317,33183,1258,-206,12128,-78,-183,-268,-0.01558,-0.01407,1.00318,-0.00153,0.00611,0.09847
3318,33193,1308,-188,12070,-62,-186,-267,-0.01251,-0.01296,0.99974,0.12061,-0.01679,0.10611
3319,33203,1328,-202,12002,-62,-187,-263,-0.01129,-0.01382,0.9957,0.12061,-0.02443,0.13664
3320,33213,1326,-180,12032,-75,-187,-265,-0.01141,-0.01247,0.99748,0.02137,-0.02443,0.12137
3321,33223,1344,-162,12106,-77,-199,-265,-0.0103,-0.01137,1.00188,0.00611,-0.11603,0.12137
3322,33233,1320,-168,12098,-71,-190,-266,-0.01178,-0.01173,1.0014,0.05191,-0.04733,0.11374
3323,33243,1332,-174,12080,-81,-171,-269,-0.01104,-0.0121,1.00033,-0.02443,0.09771,0.09084
3324,33253,1290,-212,12044,-87,-180,-277,-0.01362,-0.01443,0.99819,-0.07023,0.02901,0.02977
3325,33263,1274,-214,12016,-85,-166,-275,-0.0146,-0.01456,0.99653,-0.05496,0.13588,0.04504
3326,33273,1274,-142,12042,-72,-179,-279,-0.0146,-0.01014,0.99807,0.04427,0.03664,0.0145
3327,33283,1300,-102,12152,-79,-187,-277,-0.013,-0.00769,1.00461,-0.00916,-0.02443,0.02977
3328,33293,1284,-146,12116,-76,-185,-275,-0.01399,-0.01038,1.00247,0.01374,-0.00916,0.04504
3329,33303,1270,-194,12102,-78,-179,-275,-0.01484,-0.01333,1.00164,-0.00153,0.03664,0.04504
3330,33313,1328,-200,12076,-73,-186,-265,-0.01129,-0.0137,1.0001,0.03664,-0.01679,0.12137
3331,33323,1270,-178,12106,-68,-198,-272,-0.01484,-0.01235,1.00188,0.07481,-0.1084,0.06794
3332,33333,1320,-200,12112,-76,-198,-279,-0.01178,-0.0137,1.00223,0.01374,-0.1084,0.0145
3333,33343,1324,-154,12068,-74,-198,-277,-0.01153,-0.01088,0.99962,0.02901,-0.1084,0.02977
3334,33353,1310,-138,12090,-84,-180,-278,-0.01239,-0.00989,1.00093,-0.04733,0.02901,0.02214
3335,33363,1282,-144,12078,-83,-176,-273,-0.01411,-0.01026,1.00021,-0.03969,0.05954,0.06031
3336,33373,1300,-158,12114,-81,-187,-271,-0.013,-0.01112,1.00235,-0.02443,-0.02443,0.07557
3337,33383,1308,-236,12082,-44,-214,-259,-0.01251,-0.01591,1.00045,0.25802,-0.23053,0.16718
3338,33393,1336,-212,12104,-58,-201,-261,-0.01079,-0.01443,1.00176,0.15115,-0.1313,0.15191
3339,33403,1332,-214,12122,-59,-194,-269,-0.01104,-0.01456,1.00283,0.14351,-0.07786,0.09084
3340,33413,1290,-182,12042,-59,-197,-269,-0.01362,-0.01259,0.99807,0.14351,-0.10076,0.09084
3341,33423,1274,-132,12054,-51,-200,-279,-0.0146,-0.00953,0.99879,0.20458,-0.12366,0.0145
3342,33433,1240,-154,12100,-56,-206,-286,-0.01669,-0.01088,1.00152,0.16641,-0.16947,-0.03893
3343,33443,1310,-160,12106,-60,-210,-290,-0.01239,-0.01124,1.00188,0.13588,-0.2,-0.06947
3344,33453,1268,-186,12134,-79,-200,-288,-0.01497,-0.01284,1.00354,-0.00916,-0.12366,-0.0542
3345,33463,1294,-182,12098,-76,-201,-300,-0.01337,-0.01259,1.0014,0.01374,-0.1313,-0.1458
3346,33473,1274,-202,12098,-88,-193,-304,-0.0146,-0.01382,1.0014,-0.07786,-0.07023,-0.17634
3347,33483,1310,-132,12034,-114,-172,-267,-0.01239,-0.00953,0.9976,-0.27634,0.09008,0.10611
3348,33493,1278,-92,12054,-149,-144,-275,-0.01435,-0.00707,0.99879,-0.54351,0.30382,0.04504
3349,33503,1318,-184,12028,-138,-135,-276,-0.0119,-0.01272,0.99724,-0.45954,0.37252,0.0374
3350,33513,1314,-178,12104,-104,-153,-280,-0.01214,-0.01235,1.00176,-0.2,0.23511,0.00687
3351,33523,1292,-222,12038,-90,-164,-294,-0.01349,-0.01505,0.99784,-0.09313,0.15115,-0.1
3352,33533,1332,-234,12058,-87,-168,-299,-0.01104,-0.01578,0.99903,-0.07023,0.12061,-0.13817
3353,33543,1312,-206,12042,-77,-179,-302,-0.01227,-0.01407,0.99807,0.00611,0.03664,-0.16107
3354,33553,1296,-152,12112,-74,-195,-294,-0.01325,-0.01075,1.00223,0.02901,-0.0855,-0.1
3355,33563,1296,-126,12054,-71,-199,-282,-0.01325,-0.00916,0.99879,0.05191,-0.11603,-0.0084
3356,33573,1308,-164,12056,-76,-192,-278,-0.01251,-0.01149,0.99891,0.01374,-0.0626,0.02214
3357,33583,1292,-204,12096,-70,-191,-271,-0.01349,-0.01394,1.00128,0.05954,-0.05496,0.07557
3358,33593,1266,-188,12026,-71,-198,-266,-0.01509,-0.01296,0.99712,0.05191,-0.1084,0.11374
3359,33603,1304,-180,12102,-79,-174,-262,-0.01276,-0.01247,1.00164,-0.00916,0.07481,0.14427
3360,33613,1272,-178,12034,-75,-184,-251,-0.01472,-0.01235,0.9976,0.02137,-0.00153,0.22824
3361,33623,1298,-122,12118,-53,-193,-257,-0.01313,-0.00891,1.00259,0.18931,-0.07023,0.18244
3362,33633,1266,-120,12116,-50,-200,-265,-0.01509,-0.00879,1.00247,0.21221,-0.12366,0.12137
3363,33643,1300,-156,12144,-54,-207,-266,-0.013,-0.011,1.00414,0.18168,-0.1771,0.11374
3364,33653,1250,-164,12072,-56,-215,-258,-0.01607,-0.01149,0.99986,0.16641,-0.23817,0.17481
3365,33663,1284,-220,12126,-52,-224,-235,-0.01399,-0.01492,1.00307,0.19695,-0.30687,0.35038
3366,33673,1292,-196,12020,-62,-207,-214,-0.01349,-0.01345,0.99677,0.12061,-0.1771,0.51069
3367,33683,1284,-182,12022,-90,-193,-192,-0.01399,-0.01259,0.99689,-0.09313,-0.07023,0.67863
3368,33693,1256,-138,12098,-103,-176,-134,-0.0157,-0.00989,1.0014,-0.19237,0.05954,1.12137
3369,33703,1280,-168,12084,-115,-160,1,-0.01423,-0.01173,1.00057,-0.28397,0.18168,2.15191
3370,33713,1286,-162,12112,-123,-157,187,-0.01386,-0.01137,1.00223,-0.34504,0.20458,3.57176
3371,33723,1258,-160,12054,-108,-163,260,-0.01558,-0.01124,0.99879,-0.23053,0.15878,4.12901
3372,33733,1310,-210,12092,-102,-158,301,-0.01239,-0.01431,1.00105,-0.18473,0.19695,4.44199
3373,33743,1306,-232,12020,-92,-157,329,-0.01264,-0.01566,0.99677,-0.1084,0.20458,4.65573
3374,33753,1292,-194,12022,-71,-173,287,-0.01349,-0.01333,0.99689,0.05191,0.08244,4.33511
3375,33763,1316,-206,12056,-67,-178,229,-0.01202,-0.01407,0.99891,0.08244,0.04427,3.89237
3376,33773,1312,-148,12074,-52,-195,142,-0.01227,-0.01051,0.99998,0.19695,-0.0855,3.22824
3377,33783,1334,-138,12078,-74,-181,62,-0.01092,-0.00989,1.00021,0.02901,0.02137,2.61756
3378,33793,1296,-192,12026,-109,-155,68,-0.01325,-0.01321,0.99712,-0.23817,0.21985,2.66336
3379,33803,1236,-170,12128,-114,-146,70,-0.01693,-0.01186,1.00318,-0.27634,0.28855,2.67863
3380,33813,1298,-228,12110,-115,-140,53,-0.01313,-0.01541,1.00212,-0.28397,0.33435,2.54885
3381,33823,1312,-214,12144,-112,-142,25,-0.01227,-0.01456,1.00414,-0.26107,0.31908,2.33511
3382,33833,1232,-150,12124,-104,-160,-21,-0.01718,-0.01063,1.00295,-0.2,0.18168,1.98397
3383,33843,1324,-140,12114,-103,-155,-88,-0.01153,-0.01002,1.00235,-0.19237,0.21985,1.47252
3384,33853,1300,-140,12086,-114,-157,-162,-0.013,-0.01002,1.00069,-0.27634,0.20458,0.90763
3385,33863,1270,-194,12040,-118,-166,-214,-0.01484,-0.01333,0.99796,-0.30687,0.13588,0.51069
3386,33873,1266,-170,12072,-107,-183,-242,-0.01509,-0.01186,0.99986,-0.2229,0.00611,0.29695
3387,33883,1326,-178,12074,-101,-176,-261,-0.01141,-0.01235,0.99998,-0.1771,0.05954,0.15191
3388,33893,1342,-220,12114,-86,-187,-292,-0.01043,-0.01492,1.00235,-0.0626,-0.02443,-0.08473
3389,33903,1286,-158,12002,-73,-188,-304,-0.01386,-0.01112,0.9957,0.03664,-0.03206,-0.17634
3390,33913,1312,-178,12098,-76,-192,-318,-0.01227,-0.01235,1.0014,0.01374,-0.0626,-0.28321
3391,33923,1298,-178,12040,-77,-193,-330,-0.01313,-0.01235,0.99796,0.00611,-0.07023,-0.37481
3392,33933,1284,-162,12116,-60,-202,-343,-0.01399,-0.01137,1.00247,0.13588,-0.13893,-0.47405
3393,33943,1318,-198,12040,-80,-208,-386,-0.0119,-0.01357,0.99796,-0.01679,-0.18473,-0.80229
3394,33953,1334,-212,12086,-74,-201,-498,-0.01092,-0.01443,1.00069,0.02901,-0.1313,-1.65725
3395,33963,1346,-224,12076,-79,-200,-722,-0.01018,-0.01517,1.0001,-0.00916,-0.12366,-3.36718
3396,33973,1290,-188,12108,-85,-205,-885,-0.01362,-0.01296,1.002,-0.05496,-0.16183,-4.61145
3397,33983,1340,-202,12064,-77,-215,-1001,-0.01055,-0.01382,0.99938,0.00611,-0.23817,-5.49695
3398,33993,1234,-132,12032,-74,-209,-887,-0.01705,-0.00953,0.99748,0.02901,-0.19237,-4.62672
3399,34003,1310,-186,12126,-129,-181,-499,-0.01239,-0.01284,1.00307,-0.39084,0.02137,-1.66489
3400,34013,1336,-224,12074,-120,-191,-525,-0.01079,-0.01517,0.99998,-0.32214,-0.05496,-1.86336
3401,34023,1286,-176,11994,-102,-189,-515,-0.01386,-0.01223,0.99522,-0.18473,-0.03969,-1.78702
3402,34033,1350,-134,12040,-96,-194,-474,-0.00994,-0.00965,0.99796,-0.13893,-0.07786,-1.47405
3403,34043,1290,-136,12054,-97,-190,-453,-0.01362,-0.00977,0.99879,-0.14656,-0.04733,-1.31374
3404,34053,1272,-146,12038,-104,-177,-452,-0.01472,-0.01038,0.99784,-0.2,0.05191,-1.30611
3405,34063,1274,-180,11970,-105,-176,-451,-0.0146,-0.01247,0.9938,-0.20763,0.05954,-1.29847
3406,34073,1272,-174,12036,-97,-179,-421,-0.01472,-0.0121,0.99772,-0.14656,0.03664,-1.06947
3407,34083,1278,-188,12032,-93,-182,-377,-0.01435,-0.01296,0.99748,-0.11603,0.01374,-0.73359
3408,34093,1282,-184,12090,-93,-182,-350,-0.01411,-0.01272,1.00093,-0.11603,0.01374,-0.52748
3409,34103,1314,-176,12082,-97,-179,-321,-0.01214,-0.01223,1.00045,-0.14656,0.03664,-0.30611
3410,34113,1280,-196,12068,-90,-182,-303,-0.01423,-0.01345,0.99962,-0.09313,0.01374,-0.1687
3411,34123,1244,-154,12058,-90,-182,-290,-0.01644,-0.01088,0.99903,-0.09313,0.01374,-0.06947
3412,34133,1276,-146,12068,-96,-170,-286,-0.01448,-0.01038,0.99962,-0.13893,0.10534,-0.03893
3413,34143,1336,-168,12042,-96,-177,-284,-0.01079,-0.01173,0.99807,-0.13893,0.05191,-0.02366
3414,34153,1264,-190,12022,-95,-175,-290,-0.01521,-0.01308,0.99689,-0.1313,0.06718,-0.06947
3415,34163,1268,-196,12128,-86,-191,-293,-0.01497,-0.01345,1.00318,-0.0626,-0.05496,-0.09237
3416,34173,1274,-214,12064,-82,-188,-292,-0.0146,-0.01456,0.99938,-0.03206,-0.03206,-0.08473
3417,34183,1294,-176,12012,-80,-186,-296,-0.01337,-0.01223,0.99629,-0.01679,-0.01679,-0.11527
3418,34193,1290,-218,12076,-79,-188,-289,-0.01362,-0.0148,1.0001,-0.00916,-0.03206,-0.06183
3419,34203,1280,-166,12058,-90,-180,-287,-0.01423,-0.01161,0.99903,-0.09313,0.02901,-0.04656
3420,34213,1256,-224,12088,-87,-177,-287,-0.0157,-0.01517,1.00081,-0.07023,0.05191,-0.04656
3421,34223,1268,-204,12092,-90,-190,-286,-0.01497,-0.01394,1.00105,-0.09313,-0.04733,-0.03893
3422,34233,1294,-204,12090,-95,-174,-290,-0.01337,-0.01394,1.00093,-0.1313,0.07481,-0.06947
3423,34243,1264,-184,12066,-99,-177,-294,-0.01521,-0.01272,0.9995,-0.16183,0.05191,-0.1
3424,34253,1304,-156,12032,-91,-185,-290,-0.01276,-0.011,0.99748,-0.10076,-0.00916,-0.06947
3425,34263,1294,-172,12106,-76,-190,-293,-0.01337,-0.01198,1.00188,0.01374,-0.04733,-0.09237
3426,34273,1312,-184,12050,-72,-191,-295,-0.01227,-0.01272,0.99855,0.04427,-0.05496,-0.10763
3427,34283,1300,-186,12038,-77,-188,-298,-0.013,-0.01284,0.99784,0.00611,-0.03206,-0.13053
3428,34293,1272,-210,12100,-81,-189,-299,-0.01472,-0.01431,1.00152,-0.02443,-0.03969,-0.13817
3429,34303,1288,-180,11988,-85,-190,-298,-0.01374,-0.01247,0.99487,-0.05496,-0.04733,-0.13053
3430,34313,1244,-196,12098,-85,-185,-293,-0.01644,-0.01345,1.0014,-0.05496,-0.00916,-0.09237
3431,34323,1260,-138,12130,-83,-183,-294,-0.01546,-0.00989,1.0033,-0.03969,0.00611,-0.1
3432,34333,1320,-180,12074,-80,-194,-293,-0.01178,-0.01247,0.99998,-0.01679,-0.07786,-0.09237
3433,34343,1310,-160,12112,-76,-188,-290,-0.01239,-0.01124,1.00223,0.01374,-0.03206,-0.06947
3434,34353,1322,-184,12096,-80,-177,-288,-0.01165,-0.01272,1.00128,-0.01679,0.05191,-0.0542
3435,34363,1344,-222,11990,-85,-174,-289,-0.0103,-0.01505,0.99498,-0.05496,0.07481,-0.06183
3436,34373,1286,-172,12092,-86,-187,-297,-0.01386,-0.01198,1.00105,-0.0626,-0.02443,-0.1229
3437,34383,1276,-192,12046,-80,-187,-315,-0.01448,-0.01321,0.99831,-0.01679,-0.02443,-0.26031
3438,34393,1262,-178,12070,-84,-188,-324,-0.01534,-0.01235,0.99974,-0.04733,-0.03206,-0.32901
3439,34403,1290,-172,12094,-82,-188,-331,-0.01362,-0.01198,1.00116,-0.03206,-0.03206,-0.38244
3440,34413,1292,-194,12068,-86,-170,-341,-0.01349,-0.01333,0.99962,-0.0626,0.10534,-0.45878
3441,34423,1312,-176,12122,-92,-172,-344,-0.01227,-0.01223,1.00283,-0.1084,0.09008,-0.48168
3442,34433,1292,-212,12014,-79,-178,-329,-0.01349,-0.01443,0.99641,-0.00916,0.04427,-0.36718
3443,34443,1342,-194,12062,-78,-184,-325,-0.01043,-0.01333,0.99926,-0.00153,-0.00153,-0.33664
3444,34453,1272,-184,12096,-76,-181,-318,-0.01472,-0.01272,1.00128,0.01374,0.02137,-0.28321
3445,34463,1334,-208,12046,-75,-196,-313,-0.01092,-0.01419,0.99831,0.02137,-0.09313,-0.24504
3446,34473,1264,-174,12074,-75,-186,-306,-0.01521,-0.0121,0.99998,0.02137,-0.01679,-0.1916
3447,34483,1276,-164,12066,-91,-175,-311,-0.01448,-0.01149,0.9995,-0.10076,0.06718,-0.22977
3448,34493,1298,-194,12044,-94,-179,-316,-0.01313,-0.01333,0.99819,-0.12366,0.03664,-0.26794
3449,34503,1316,-218,12030,-97,-174,-323,-0.01202,-0.0148,0.99736,-0.14656,0.07481,-0.32137
3450,34513,1276,-160,12072,-95,-160,-331,-0.01448,-0.01124,0.99986,-0.1313,0.18168,-0.38244
3451,34523,1306,-214,12094,-82,-171,-361,-0.01264,-0.01456,1.00116,-0.03206,0.09771,-0.61145
3452,34533,1270,-170,12026,-65,-197,-408,-0.01484,-0.01186,0.99712,0.09771,-0.10076,-0.97023
3453,34543,1302,-148,11982,-38,-214,-434,-0.01288,-0.01051,0.99451,0.30382,-0.23053,-1.1687
3454,34553,1246,-170,12044,11,-261,-437,-0.01632,-0.01186,0.99819,0.67786,-0.58931,-1.1916
3455,34563,1280,-154,12014,-52,-231,-407,-0.01423,-0.01088,0.99641,0.19695,-0.36031,-0.9626
3456,34573,1292,-220,12170,-95,-203,-408,-0.01349,-0.01492,1.00568,-0.1313,-0.14656,-0.97023
3457,34583,1310,-208,12070,-89,-201,-417,-0.01239,-0.01419,0.99974,-0.0855,-0.1313,-1.03893
3458,34593,1336,-194,12102,-98,-197,-404,-0.01079,-0.01333,1.00164,-0.1542,-0.10076,-0.93969
3459,34603,1286,-220,12112,-87,-194,-392,-0.01386,-0.01492,1.00223,-0.07023,-0.07786,-0.84809
3460,34613,1252,-190,12052,-90,-189,-372,-0.01595,-0.01308,0.99867,-0.09313,-0.03969,-0.69542
3461,34623,1300,-158,12002,-96,-182,-348,-0.013,-0.01112,0.9957,-0.13893,0.01374,-0.51221
3462,34633,1300,-200,12076,-90,-177,-324,-0.013,-0.0137,1.0001,-0.09313,0.05191,-0.32901
3463,34643,1296,-194,12114,-99,-169,-310,-0.01325,-0.01333,1.00235,-0.16183,0.11298,-0.22214
3464,34653,1268,-170,12110,-94,-174,-295,-0.01497,-0.01186,1.00212,-0.12366,0.07481,-0.10763
3465,34663,1258,-160,12070,-92,-179,-289,-0.01558,-0.01124,0.99974,-0.1084,0.03664,-0.06183
3466,34673,1290,-190,12086,-89,-175,-285,-0.01362,-0.01308,1.00069,-0.0855,0.06718,-0.0313
3467,34683,1286,-176,12064,-85,-175,-277,-0.01386,-0.01223,0.99938,-0.05496,0.06718,0.02977
3468,34693,1266,-200,12060,-86,-167,-282,-0.01509,-0.0137,0.99914,-0.0626,0.12824,-0.0084
3469,34703,1260,-190,12118,-86,-174,-278,-0.01546,-0.01308,1.00259,-0.0626,0.07481,0.02214
3470,34713,1310,-218,12050,-78,-175,-278,-0.01239,-0.0148,0.99855,-0.00153,0.06718,0.02214
3471,34723,1280,-190,12104,-74,-182,-275,-0.01423,-0.01308,1.00176,0.02901,0.01374,0.04504
3472,34733,1286,-232,12088,-68,-190,-269,-0.01386,-0.01566,1.00081,0.07481,-0.04733,0.09084
3473,34743,1268,-198,12014,-78,-194,-270,-0.01497,-0.01357,0.99641,-0.00153,-0.07786,0.08321
3474,34753,1268,-206,12062,-89,-170,-280,-0.01497,-0.01407,0.99926,-0.0855,0.10534,0.00687
3475,34763,1268,-212,12114,-91,-178,-287,-0.01497,-0.01443,1.00235,-0.10076,0.04427,-0.04656
3476,34773,1270,-148,12082,-74,-179,-290,-0.01484,-0.01051,1.00045,0.02901,0.03664,-0.06947
3477,34783,1342,-198,12004,-67,-188,-287,-0.01043,-0.01357,0.99582,0.08244,-0.03206,-0.04656
3478,34793,1306,-172,12062,-68,-190,-292,-0.01264,-0.01198,0.99926,0.07481,-0.04733,-0.08473
3479,34803,1332,-146,12040,-82,-181,-294,-0.01104,-0.01038,0.99796,-0.03206,0.02137,-0.1
3480,34813,1274,-178,12020,-79,-189,-296,-0.0146,-0.01235,0.99677,-0.00916,-0.03969,-0.11527
3481,34823,1328,-172,12062,-66,-199,-296,-0.01129,-0.01198,0.99926,0.09008,-0.11603,-0.11527
3482,34833,1284,-220,12010,-72,-192,-296,-0.01399,-0.01492,0.99617,0.04427,-0.0626,-0.11527
3483,34843,1294,-196,12072,-77,-192,-297,-0.01337,-0.01345,0.99986,0.00611,-0.0626,-0.1229
3484,34853,1274,-202,12098,-81,-189,-300,-0.0146,-0.01382,1.0014,-0.02443,-0.03969,-0.1458
3485,34863,1276,-190,12060,-83,-195,-299,-0.01448,-0.01308,0.99914,-0.03969,-0.0855,-0.13817
3486,34873,1288,-178,12054,-84,-186,-295,-0.01374,-0.01235,0.99879,-0.04733,-0.01679,-0.10763
3487,34883,1302,-172,12014,-87,-185,-298,-0.01288,-0.01198,0.99641,-0.07023,-0.00916,-0.13053
3488,34893,1278,-218,12074,-79,-188,-289,-0.01435,-0.0148,0.99998,-0.00916,-0.03206,-0.06183
3489,34903,1272,-194,12116,-78,-190,-291,-0.01472,-0.01333,1.00247,-0.00153,-0.04733,-0.0771
3490,34913,1244,-172,12022,-83,-179,-291,-0.01644,-0.01198,0.99689,-0.03969,0.03664,-0.0771
3491,34923,1336,-182,12072,-80,-187,-291,-0.01079,-0.01259,0.99986,-0.01679,-0.02443,-0.0771
3492,34933,1326,-204,12088,-77,-184,-293,-0.01141,-0.01394,1.00081,0.00611,-0.00153,-0.09237
3493,34943,1316,-138,12010,-73,-194,-293,-0.01202,-0.00989,0.99617,0.03664,-0.07786,-0.09237
3494,34953,1324,-178,12078,-84,-189,-300,-0.01153,-0.01235,1.00021,-0.04733,-0.03969,-0.1458
3495,34963,1262,-188,12094,-84,-196,-294,-0.01534,-0.01296,1.00116,-0.04733,-0.09313,-0.1
3496,34973,1264,-206,11990,-81,-193,-301,-0.01521,-0.01407,0.99498,-0.02443,-0.07023,-0.15344
3497,34983,1264,-172,12054,-85,-198,-302,-0.01521,-0.01198,0.99879,-0.05496,-0.1084,-0.16107
3498,34993,1288,-200,12132,-77,-194,-300,-0.01374,-0.0137,1.00342,0.00611,-0.07786,-0.1458
3499,35003,1298,-212,12084,-80,-187,-303,-0.01313,-0.01443,1.00057,-0.01679,-0.02443,-0.1687
3500,35013,1286,-184,12066,-87,-190,-299,-0.01386,-0.01272,0.9995,-0.07023,-0.04733,-0.13817
3501,35023,1296,-164,12166,-81,-192,-296,-0.01325,-0.01149,1.00544,-0.02443,-0.0626,-0.11527
3502,35033,1302,-154,12014,-79,-187,-302,-0.01288,-0.01088,0.99641,-0.00916,-0.02443,-0.16107
3503,35043,1292,-216,12058,-85,-188,-300,-0.01349,-0.01468,0.99903,-0.05496,-0.03206,-0.1458
3504,35053,1306,-210,12054,-93,-179,-298,-0.01264,-0.01431,0.99879,-0.11603,0.03664,-0.13053
3505,35063,1282,-186,12022,-87,-183,-296,-0.01411,-0.01284,0.99689,-0.07023,0.00611,-0.11527
3506,35073,1260,-152,12094,-86,-181,-295,-0.01546,-0.01075,1.00116,-0.0626,0.02137,-0.10763
3507,35083,1292,-254,12024,-91,-174,-296,-0.01349,-0.01701,0.99701,-0.10076,0.07481,-0.11527
3508,35093,1254,-194,12084,-107,-161,-292,-0.01583,-0.01333,1.00057,-0.2229,0.17405,-0.08473
3509,35103,1238,-182,12024,-87,-167,-292,-0.01681,-0.01259,0.99701,-0.07023,0.12824,-0.08473
3510,35113,1334,-208,12060,-78,-172,-288,-0.01092,-0.01419,0.99914,-0.00153,0.09008,-0.0542
3511,35123,1284,-198,12072,-76,-188,-285,-0.01399,-0.01357,0.99986,0.01374,-0.03206,-0.0313
3512,35133,1254,-182,12100,-73,-194,-286,-0.01583,-0.01259,1.00152,0.03664,-0.07786,-0.03893
3513,35143,1302,-156,12050,-75,-198,-287,-0.01288,-0.011,0.99855,0.02137,-0.1084,-0.04656
3514,35153,1258,-172,12050,-76,-194,-282,-0.01558,-0.01198,0.99855,0.01374,-0.07786,-0.0084
3515,35163,1282,-212,12068,-77,-201,-280,-0.01411,-0.01443,0.99962,0.00611,-0.1313,0.00687
3516,35173,1290,-188,12044,-70,-210,-283,-0.01362,-0.01296,0.99819,0.05954,-0.2,-0.01603
3517,35183,1296,-146,12122,-87,-197,-284,-0.01325,-0.01038,1.00283,-0.07023,-0.10076,-0.02366
3518,35193,1326,-174,12046,-90,-179,-284,-0.01141,-0.0121,0.99831,-0.09313,0.03664,-0.02366
3519,35203,1342,-200,12042,-101,-177,-289,-0.01043,-0.0137,0.99807,-0.1771,0.05191,-0.06183
3520,35213,1300,-192,12118,-93,-167,-285,-0.013,-0.01321,1.00259,-0.11603,0.12824,-0.0313
3521,35223,1298,-196,12056,-95,-164,-292,-0.01313,-0.01345,0.99891,-0.1313,0.15115,-0.08473
3522,35233,1264,-210,11988,-93,-177,-294,-0.01521,-0.01431,0.99487,-0.11603,0.05191,-0.1
3523,35243,1250,-164,12088,-89,-178,-295,-0.01607,-0.01149,1.00081,-0.0855,0.04427,-0.10763
3524,35253,1248,-176,12118,-90,-178,-292,-0.01619,-0.01223,1.00259,-0.09313,0.04427,-0.08473
3525,35263,1286,-200,12090,-84,-186,-296,-0.01386,-0.0137,1.00093,-0.04733,-0.01679,-0.11527
3526,35273,1324,-208,11992,-73,-193,-291,-0.01153,-0.01419,0.9951,0.03664,-0.07023,-0.0771
3527,35283,1248,-216,12078,-77,-188,-292,-0.01619,-0.01468,1.00021,0.00611,-0.03206,-0.08473
3528,35293,1302,-164,11990,-83,-186,-293,-0.01288,-0.01149,0.99498,-0.03969,-0.01679,-0.09237
3529,35303,1244,-212,12076,-79,-194,-291,-0.01644,-0.01443,1.0001,-0.00916,-0.07786,-0.0771
3530,35313,1270,-202,12034,-81,-193,-296,-0.01484,-0.01382,0.9976,-0.02443,-0.07023,-0.11527
3531,35323,1282,-170,12066,-83,-189,-293,-0.01411,-0.01186,0.9995,-0.03969,-0.03969,-0.09237
3532,35333,1278,-196,12074,-88,-175,-286,-0.01435,-0.01345,0.99998,-0.07786,0.06718,-0.03893
3533,35343,1248,-168,12100,-83,-171,-290,-0.01619,-0.01173,1.00152,-0.03969,0.09771,-0.06947
3534,35353,1258,-128,12046,-81,-175,-286,-0.01558,-0.00928,0.99831,-0.02443,0.06718,-0.03893
3535,35363,1284,-198,12046,-85,-185,-289,-0.01399,-0.01357,0.99831,-0.05496,-0.00916,-0.06183
3536,35373,1298,-202,12120,-89,-180,-287,-0.01313,-0.01382,1.00271,-0.0855,0.02901,-0.04656
3537,35383,1288,-184,12016,-79,-182,-286,-0.01374,-0.01272,0.99653,-0.00916,0.01374,-0.03893
3538,35393,1270,-210,12024,-79,-186,-288,-0.01484,-0.01431,0.99701,-0.00916,-0.01679,-0.0542
3539,35403,1298,-182,12044,-82,-188,-295,-0.01313,-0.01259,0.99819,-0.03206,-0.03206,-0.10763
3540,35413,1284,-194,12054,-70,-192,-289,-0.01399,-0.01333,0.99879,0.05954,-0.0626,-0.06183
3541,35423,1314,-224,12052,-77,-194,-293,-0.01214,-0.01517,0.99867,0.00611,-0.07786,-0.09237
3542,35433,1302,-192,12020,-83,-191,-291,-0.01288,-0.01321,0.99677,-0.03969,-0.05496,-0.0771
3543,35443,1318,-202,12054,-85,-182,-288,-0.0119,-0.01382,0.99879,-0.05496,0.01374,-0.0542
3544,35453,1276,-198,12118,-84,-182,-296,-0.01448,-0.01357,1.00259,-0.04733,0.01374,-0.11527
3545,35463,1294,-180,12092,-87,-167,-293,-0.01337,-0.01247,1.00105,-0.07023,0.12824,-0.09237
3546,35473,1316,-164,12090,-87,-167,-293,-0.01202,-0.01149,1.00093,-0.07023,0.12824,-0.09237
3547,35483,1256,-174,12080,-80,-178,-293,-0.0157,-0.0121,1.00033,-0.01679,0.04427,-0.09237
3548,35493,1256,-148,12046,-79,-196,-292,-0.0157,-0.01051,0.99831,-0.00916,-0.09313,-0.08473
3549,35503,1276,-172,12054,-75,-205,-294,-0.01448,-0.01198,0.99879,0.02137,-0.16183,-0.1
3550,35513,1238,-234,12070,-81,-194,-290,-0.01681,-0.01578,0.99974,-0.02443,-0.07786,-0.06947
3551,35523,1272,-174,12066,-88,-199,-293,-0.01472,-0.0121,0.9995,-0.07786,-0.11603,-0.09237
3552,35533,1308,-212,12082,-84,-185,-293,-0.01251,-0.01443,1.00045,-0.04733,-0.00916,-0.09237
3553,35543,1332,-204,12028,-87,-181,-294,-0.01104,-0.01394,0.99724,-0.07023,0.02137,-0.1
3554,35553,1306,-156,12098,-62,-196,-288,-0.01264,-0.011,1.0014,0.12061,-0.09313,-0.0542
3555,35563,1320,-182,11998,-72,-187,-285,-0.01178,-0.01259,0.99546,0.04427,-0.02443,-0.0313
3556,35573,1312,-224,12084,-78,-185,-278,-0.01227,-0.01517,1.00057,-0.00153,-0.00916,0.02214
3557,35583,1270,-220,12058,-74,-187,-283,-0.01484,-0.01492,0.99903,0.02901,-0.02443,-0.01603
3558,35593,1254,-174,12074,-77,-185,-284,-0.01583,-0.0121,0.99998,0.00611,-0.00916,-0.02366
3559,35603,1250,-206,12010,-73,-193,-284,-0.01607,-0.01407,0.99617,0.03664,-0.07023,-0.02366
3560,35613,1272,-174,12122,-70,-192,-289,-0.01472,-0.0121,1.00283,0.05954,-0.0626,-0.06183
3561,35623,1252,-198,12146,-71,-200,-288,-0.01595,-0.01357,1.00425,0.05191,-0.12366,-0.0542
3562,35633,1278,-204,12042,-74,-201,-284,-0.01435,-0.01394,0.99807,0.02901,-0.1313,-0.02366
3563,35643,1292,-184,12060,-67,-195,-275,-0.01349,-0.01272,0.99914,0.08244,-0.0855,0.04504
3564,35653,1298,-214,12082,-74,-204,-284,-0.01313,-0.01456,1.00045,0.02901,-0.1542,-0.02366
3565,35663,1274,-176,12058,-82,-193,-290,-0.0146,-0.01223,0.99903,-0.03206,-0.07023,-0.06947
3566,35673,1322,-176,12098,-84,-188,-281,-0.01165,-0.01223,1.0014,-0.04733,-0.03206,-0.00076
3567,35683,1270,-168,12078,-89,-187,-288,-0.01484,-0.01173,1.00021,-0.0855,-0.02443,-0.0542
3568,35693,1290,-192,12040,-85,-177,-293,-0.01362,-0.01321,0.99796,-0.05496,0.05191,-0.09237
3569,35703,1292,-176,12066,-84,-178,-290,-0.01349,-0.01223,0.9995,-0.04733,0.04427,-0.06947
3570,35713,1336,-208,12016,-86,-184,-290,-0.01079,-0.01419,0.99653,-0.0626,-0.00153,-0.06947
3571,35723,1282,-200,12060,-85,-193,-286,-0.01411,-0.0137,0.99914,-0.05496,-0.07023,-0.03893
3572,35733,1288,-246,12090,-82,-194,-288,-0.01374,-0.01652,1.00093,-0.03206,-0.07786,-0.0542
3573,35743,1318,-206,12062,-78,-206,-288,-0.0119,-0.01407,0.99926,-0.00153,-0.16947,-0.0542
3574,35753,1268,-210,12082,-65,-208,-289,-0.01497,-0.01431,1.00045,0.09771,-0.18473,-0.06183
3575,35763,1296,-172,12092,-54,-212,-292,-0.01325,-0.01198,1.00105,0.18168,-0.21527,-0.08473
3576,35773,1328,-178,12020,-67,-198,-287,-0.01129,-0.01235,0.99677,0.08244,-0.1084,-0.04656
3577,35783,1280,-218,12062,-75,-198,-297,-0.01423,-0.0148,0.99926,0.02137,-0.1084,-0.1229
3578,35793,1268,-196,12072,-76,-194,-301,-0.01497,-0.01345,0.99986,0.01374,-0.07786,-0.15344
3579,35803,1288,-156,12032,-88,-199,-300,-0.01374,-0.011,0.99748,-0.07786,-0.11603,-0.1458
3580,35813,1268,-198,12056,-87,-197,-291,-0.01497,-0.01357,0.99891,-0.07023,-0.10076,-0.0771
3581,35823,1224,-166,12056,-83,-189,-295,-0.01767,-0.01161,0.99891,-0.03969,-0.03969,-0.10763
3582,35833,1298,-184,12082,-86,-186,-300,-0.01313,-0.01272,1.00045,-0.0626,-0.01679,-0.1458
3583,35843,1300,-194,12018,-86,-189,-292,-0.013,-0.01333,0.99665,-0.0626,-0.03969,-0.08473
3584,35853,1296,-180,12070,-81,-197,-294,-0.01325,-0.01247,0.99974,-0.02443,-0.10076,-0.1
3585,35863,1320,-178,12040,-76,-203,-293,-0.01178,-0.01235,0.99796,0.01374,-0.14656,-0.09237
3586,35873,1274,-210,12080,-74,-201,-292,-0.0146,-0.01431,1.00033,0.02901,-0.1313,-0.08473
3587,35883,1280,-180,12088,-79,-195,-297,-0.01423,-0.01247,1.00081,-0.00916,-0.0855,-0.1229
3588,35893,1276,-188,12078,-82,-193,-296,-0.01448,-0.01296,1.00021,-0.03206,-0.07023,-0.11527
3589,35903,1308,-186,12108,-81,-194,-295,-0.01251,-0.01284,1.002,-0.02443,-0.07786,-0.10763
3590,35913,1300,-194,12106,-84,-191,-304,-0.013,-0.01333,1.00188,-0.04733,-0.05496,-0.17634
3591,35923,1278,-168,12076,-91,-187,-292,-0.01435,-0.01173,1.0001,-0.10076,-0.02443,-0.08473
3592,35933,1272,-228,12066,-93,-193,-291,-0.01472,-0.01541,0.9995,-0.11603,-0.07023,-0.0771
3593,35943,1264,-208,12134,-78,-193,-299,-0.01521,-0.01419,1.00354,-0.00153,-0.07023,-0.13817
3594,35953,1328,-226,12006,-84,-190,-290,-0.01129,-0.01529,0.99594,-0.04733,-0.04733,-0.06947
3595,35963,1266,-184,12018,-88,-183,-298,-0.01509,-0.01272,0.99665,-0.07786,0.00611,-0.13053
3596,35973,1278,-212,12058,-85,-183,-296,-0.01435,-0.01443,0.99903,-0.05496,0.00611,-0.11527
3597,35983,1242,-166,11984,-85,-189,-296,-0.01656,-0.01161,0.99463,-0.05496,-0.03969,-0.11527
3598,35993,1308,-166,12064,-101,-188,-294,-0.01251,-0.01161,0.99938,-0.1771,-0.03206,-0.1
3599,36003,1286,-240,12046,-97,-182,-295,-0.01386,-0.01615,0.99831,-0.14656,0.01374,-0.10763
3600,36013,1320,-170,12008,-90,-185,-295,-0.01178,-0.01186,0.99605,-0.09313,-0.00916,-0.10763
3601,36023,1318,-160,12044,-88,-188,-298,-0.0119,-0.01124,0.99819,-0.07786,-0.03206,-0.13053
3602,36033,1310,-180,12048,-76,-187,-300,-0.01239,-0.01247,0.99843,0.01374,-0.02443,-0.1458
3603,36043,1330,-166,12088,-83,-193,-295,-0.01116,-0.01161,1.00081,-0.03969,-0.07023,-0.10763
3604,36053,1256,-218,12232,-90,-189,-294,-0.0157,-0.0148,1.00936,-0.09313,-0.03969,-0.1
3605,36063,1266,-212,12026,-84,-196,-291,-0.01509,-0.01443,0.99712,-0.04733,-0.09313,-0.0771
3606,36073,1298,-192,11996,-88,-188,-295,-0.01313,-0.01321,0.99534,-0.07786,-0.03206,-0.10763
3607,36083,1280,-254,12116,-88,-186,-297,-0.01423,-0.01701,1.00247,-0.07786,-0.01679,-0.1229
3608,36093,1316,-194,12028,-87,-182,-298,-0.01202,-0.01333,0.99724,-0.07023,0.01374,-0.13053
3609,36103,1300,-198,12052,-84,-183,-293,-0.013,-0.01357,0.99867,-0.04733,0.00611,-0.09237
3610,36113,1296,-162,12084,-86,-187,-298,-0.01325,-0.01137,1.00057,-0.0626,-0.02443,-0.13053
3611,36123,1330,-186,12168,-84,-186,-302,-0.01116,-0.01284,1.00556,-0.04733,-0.01679,-0.16107
3612,36133,1268,-178,12048,-86,-188,-302,-0.01497,-0.01235,0.99843,-0.0626,-0.03206,-0.16107
3613,36143,1260,-208,12056,-81,-183,-302,-0.01546,-0.01419,0.99891,-0.02443,0.00611,-0.16107
3614,36153,1260,-184,12052,-83,-179,-299,-0.01546,-0.01272,0.99867,-0.03969,0.03664,-0.13817
3615,36163,1268,-202,12092,-88,-197,-296,-0.01497,-0.01382,1.00105,-0.07786,-0.10076,-0.11527
3616,36173,1268,-202,12018,-84,-188,-289,-0.01497,-0.01382,0.99665,-0.04733,-0.03206,-0.06183
3617,36183,1298,-146,12074,-82,-198,-291,-0.01313,-0.01038,0.99998,-0.03206,-0.1084,-0.0771
3618,36193,1260,-178,12078,-75,-198,-289,-0.01546,-0.01235,1.00021,0.02137,-0.1084,-0.06183
3619,36203,1266,-172,12086,-74,-197,-294,-0.01509,-0.01198,1.00069,0.02901,-0.10076,-0.1
3620,36213,1336,-218,12100,-80,-188,-294,-0.01079,-0.0148,1.00152,-0.01679,-0.03206,-0.1
3621,36223,1338,-184,12096,-76,-198,-297,-0.01067,-0.01272,1.00128,0.01374,-0.1084,-0.1229
3622,36233,1330,-204,12078,-75,-195,-293,-0.01116,-0.01394,1.00021,0.02137,-0.0855,-0.09237
3623,36243,1272,-196,12078,-90,-195,-294,-0.01472,-0.01345,1.00021,-0.09313,-0.0855,-0.1
3624,36253,1300,-176,12022,-88,-196,-294,-0.013,-0.01223,0.99689,-0.07786,-0.09313,-0.1
3625,36263,1296,-152,12118,-79,-192,-291,-0.01325,-0.01075,1.00259,-0.00916,-0.0626,-0.0771
3626,36273,1282,-192,12050,-81,-194,-290,-0.01411,-0.01321,0.99855,-0.02443,-0.07786,-0.06947
3627,36283,1266,-168,12080,-81,-195,-291,-0.01509,-0.01173,1.00033,-0.02443,-0.0855,-0.0771
3628,36293,1308,-208,12006,-79,-191,-294,-0.01251,-0.01419,0.99594,-0.00916,-0.05496,-0.1
3629,36303,1308,-210,12024,-81,-192,-292,-0.01251,-0.01431,0.99701,-0.02443,-0.0626,-0.08473
3630,36313,1282,-170,12050,-84,-195,-292,-0.01411,-0.01186,0.99855,-0.04733,-0.0855,-0.08473
3631,36323,1278,-184,12076,-98,-181,-295,-0.01435,-0.01272,1.0001,-0.1542,0.02137,-0.10763
3632,36333,1248,-174,12074,-91,-170,-302,-0.01619,-0.0121,0.99998,-0.10076,0.10534,-0.16107
3633,36343,1308,-168,12060,-82,-182,-299,-0.01251,-0.01173,0.99914,-0.03206,0.01374,-0.13817
3634,36353,1320,-184,12002,-83,-186,-293,-0.01178,-0.01272,0.9957,-0.03969,-0.01679,-0.09237
3635,36363,1320,-182,12072,-82,-204,-295,-0.01178,-0.01259,0.99986,-0.03206,-0.1542,-0.10763
3636,36373,1312,-204,12112,-75,-203,-296,-0.01227,-0.01394,1.00223,0.02137,-0.14656,-0.11527
3637,36383,1316,-204,12034,-84,-196,-295,-0.01202,-0.01394,0.9976,-0.04733,-0.09313,-0.10763
3638,36393,1318,-164,12140,-89,-193,-299,-0.0119,-0.01149,1.0039,-0.0855,-0.07023,-0.13817
3639,36403,1286,-160,12098,-92,-188,-297,-0.01386,-0.01124,1.0014,-0.1084,-0.03206,-0.1229
3640,36413,1280,-198,12036,-91,-185,-295,-0.01423,-0.01357,0.99772,-0.10076,-0.00916,-0.10763
3641,36423,1262,-204,12030,-84,-189,-293,-0.01534,-0.01394,0.99736,-0.04733,-0.03969,-0.09237
3642,36433,1260,-198,12070,-82,-189,-298,-0.01546,-0.01357,0.99974,-0.03206,-0.03969,-0.13053
3643,36443,1268,-216,12046,-83,-184,-295,-0.01497,-0.01468,0.99831,-0.03969,-0.00153,-0.10763
3644,36453,1258,-202,12028,-86,-181,-298,-0.01558,-0.01382,0.99724,-0.0626,0.02137,-0.13053
3645,36463,1264,-174,12026,-84,-181,-295,-0.01521,-0.0121,0.99712,-0.04733,0.02137,-0.10763
3646,36473,1282,-220,12030,-83,-185,-296,-0.01411,-0.01492,0.99736,-0.03969,-0.00916,-0.11527
3647,36483,1256,-150,12122,-79,-187,-306,-0.0157,-0.01063,1.00283,-0.00916,-0.02443,-0.1916
3648,36493,1304,-150,12060,-85,-184,-303,-0.01276,-0.01063,0.99914,-0.05496,-0.00153,-0.1687
3649,36503,1290,-174,12028,-88,-188,-295,-0.01362,-0.0121,0.99724,-0.07786,-0.03206,-0.10763
3650,36513,1292,-154,12020,-80,-196,-295,-0.01349,-0.01088,0.99677,-0.01679,-0.09313,-0.10763
3651,36523,1288,-192,11954,-92,-187,-298,-0.01374,-0.01321,0.99285,-0.1084,-0.02443,-0.13053
3652,36533,1316,-180,12006,-86,-188,-294,-0.01202,-0.01247,0.99594,-0.0626,-0.03206,-0.1
3653,36543,1264,-182,12070,-80,-183,-295,-0.01521,-0.01259,0.99974,-0.01679,0.00611,-0.10763
3654,36553,1254,-222,12052,-72,-205,-296,-0.01583,-0.01505,0.99867,0.04427,-0.16183,-0.11527
3655,36563,1298,-216,12008,-71,-205,-299,-0.01313,-0.01468,0.99605,0.05191,-0.16183,-0.13817
3656,36573,1266,-210,12098,-78,-195,-297,-0.01509,-0.01431,1.0014,-0.00153,-0.0855,-0.1229
3657,36583,1282,-180,12090,-95,-175,-298,-0.01411,-0.01247,1.00093,-0.1313,0.06718,-0.13053
3658,36593,1300,-158,12042,-86,-175,-295,-0.013,-0.01112,0.99807,-0.0626,0.06718,-0.10763
3659,36603,1278,-164,12118,-89,-182,-297,-0.01435,-0.01149,1.00259,-0.0855,0.01374,-0.1229
3660,36613,1302,-150,12036,-86,-183,-294,-0.01288,-0.01063,0.99772,-0.0626,0.00611,-0.1
3661,36623,1286,-210,12160,-85,-184,-294,-0.01386,-0.01431,1.00509,-0.05496,-0.00153,-0.1
3662,36633,1286,-210,12130,-77,-191,-293,-0.01386,-0.01431,1.0033,0.00611,-0.05496,-0.09237
3663,36643,1236,-160,12002,-86,-194,-296,-0.01693,-0.01124,0.9957,-0.0626,-0.07786,-0.11527
3664,36653,1280,-164,12082,-85,-190,-290,-0.01423,-0.01149,1.00045,-0.05496,-0.04733,-0.06947
3665,36663,1258,-156,12022,-80,-190,-292,-0.01558,-0.011,0.99689,-0.01679,-0.04733,-0.08473
3666,36673,1274,-126,12078,-72,-197,-291,-0.0146,-0.00916,1.00021,0.04427,-0.10076,-0.0771
3667,36683,1344,-196,12032,-68,-206,-290,-0.0103,-0.01345,0.99748,0.07481,-0.16947,-0.06947
3668,36693,1296,-144,12096,-76,-196,-289,-0.01325,-0.01026,1.00128,0.01374,-0.09313,-0.06183
3669,36703,1270,-196,11996,-86,-186,-291,-0.01484,-0.01345,0.99534,-0.0626,-0.01679,-0.0771
3670,36713,1256,-210,12024,-93,-191,-297,-0.0157,-0.01431,0.99701,-0.11603,-0.05496,-0.1229
3671,36723,1258,-186,12098,-90,-191,-297,-0.01558,-0.01284,1.0014,-0.09313,-0.05496,-0.1229
3672,36733,1252,-166,12106,-89,-189,-293,-0.01595,-0.01161,1.00188,-0.0855,-0.03969,-0.09237
3673,36743,1244,-166,12044,-85,-184,-294,-0.01644,-0.01161,0.99819,-0.05496,-0.00153,-0.1
3674,36753,1284,-196,12042,-80,-182,-294,-0.01399,-0.01345,0.99807,-0.01679,0.01374,-0.1
3675,36763,1244,-218,12042,-76,-189,-291,-0.01644,-0.0148,0.99807,0.01374,-0.03969,-0.0771
3676,36773,1296,-188,12042,-78,-192,-290,-0.01325,-0.01296,0.99807,-0.00153,-0.0626,-0.06947
3677,36783,1308,-170,12024,-80,-199,-290,-0.01251,-0.01186,0.99701,-0.01679,-0.11603,-0.06947
3678,36793,1280,-218,12062,-73,-195,-288,-0.01423,-0.0148,0.99926,0.03664,-0.0855,-0.0542
3679,36803,1334,-226,12094,-80,-192,-292,-0.01092,-0.01529,1.00116,-0.01679,-0.0626,-0.08473
3680,36813,1262,-150,12026,-82,-186,-296,-0.01534,-0.01063,0.99712,-0.03206,-0.01679,-0.11527
3681,36823,1332,-174,12044,-82,-188,-293,-0.01104,-0.0121,0.99819,-0.03206,-0.03206,-0.09237
3682,36833,1284,-186,12032,-81,-188,-290,-0.01399,-0.01284,0.99748,-0.02443,-0.03206,-0.06947
3683,36843,1318,-204,12054,-90,-186,-299,-0.0119,-0.01394,0.99879,-0.09313,-0.01679,-0.13817
3684,36853,1258,-192,12134,-87,-172,-299,-0.01558,-0.01321,1.00354,-0.07023,0.09008,-0.13817
3685,36863,1288,-206,12054,-84,-185,-302,-0.01374,-0.01407,0.99879,-0.04733,-0.00916,-0.16107
3686,36873,1280,-170,12078,-83,-186,-299,-0.01423,-0.01186,1.00021,-0.03969,-0.01679,-0.13817
3687,36883,1302,-156,12098,-81,-192,-297,-0.01288,-0.011,1.0014,-0.02443,-0.0626,-0.1229
3688,36893,1316,-204,12086,-82,-198,-294,-0.01202,-0.01394,1.00069,-0.03206,-0.1084,-0.1
3689,36903,1328,-216,12118,-76,-194,-290,-0.01129,-0.01468,1.00259,0.01374,-0.07786,-0.06947
3690,36913,1280,-194,11974,-81,-185,-297,-0.01423,-0.01333,0.99403,-0.02443,-0.00916,-0.1229
3691,36923,1256,-182,12082,-82,-189,-294,-0.0157,-0.01259,1.00045,-0.03206,-0.03969,-0.1
3692,36933,1274,-194,12058,-83,-190,-297,-0.0146,-0.01333,0.99903,-0.03969,-0.04733,-0.1229
3693,36943,1288,-164,12116,-86,-200,-299,-0.01374,-0.01149,1.00247,-0.0626,-0.12366,-0.13817
3694,36953,1298,-194,12098,-82,-194,-295,-0.01313,-0.01333,1.0014,-0.03206,-0.07786,-0.10763
3695,36963,1256,-208,12074,-81,-187,-295,-0.0157,-0.01419,0.99998,-0.02443,-0.02443,-0.10763
3696,36973,1252,-194,12030,-85,-183,-294,-0.01595,-0.01333,0.99736,-0.05496,0.00611,-0.1
3697,36983,1294,-194,12106,-89,-179,-292,-0.01337,-0.01333,1.00188,-0.0855,0.03664,-0.08473
3698,36993,1280,-216,12078,-89,-180,-300,-0.01423,-0.01468,1.00021,-0.0855,0.02901,-0.1458
3699,37003,1290,-198,12070,-89,-183,-299,-0.01362,-0.01357,0.99974,-0.0855,0.00611,-0.13817
3700,37013,1308,-196,12054,-89,-195,-292,-0.01251,-0.01345,0.99879,-0.0855,-0.0855,-0.08473
3701,37023,1258,-160,12080,-80,-186,-291,-0.01558,-0.01124,1.00033,-0.01679,-0.01679,-0.0771
3702,37033,1284,-174,12104,-76,-194,-295,-0.01399,-0.0121,1.00176,0.01374,-0.07786,-0.10763
3703,37043,1280,-222,12082,-79,-201,-286,-0.01423,-0.01505,1.00045,-0.00916,-0.1313,-0.03893
3704,37053,1286,-136,12060,-80,-201,-286,-0.01386,-0.00977,0.99914,-0.01679,-0.1313,-0.03893
3705,37063,1328,-148,12110,-72,-206,-302,-0.01129,-0.01051,1.00212,0.04427,-0.16947,-0.16107
3706,37073,1310,-202,12078,-56,-218,-310,-0.01239,-0.01382,1.00021,0.16641,-0.26107,-0.22214
3707,37083,1332,-192,12154,-74,-206,-325,-0.01104,-0.01321,1.00473,0.02901,-0.16947,-0.33664
3708,37093,1300,-228,12076,-81,-209,-325,-0.013,-0.01541,1.0001,-0.02443,-0.19237,-0.33664
3709,37103,1250,-208,12066,-89,-196,-326,-0.01607,-0.01419,0.9995,-0.0855,-0.09313,-0.34427
3710,37113,1258,-186,12040,-101,-175,-329,-0.01558,-0.01284,0.99796,-0.1771,0.06718,-0.36718
3711,37123,1248,-140,12108,-101,-165,-335,-0.01619,-0.01002,1.002,-0.1771,0.14351,-0.41298
3712,37133,1178,-170,12128,-103,-162,-332,-0.02049,-0.01186,1.00318,-0.19237,0.16641,-0.39008
3713,37143,1242,-184,12078,-92,-172,-327,-0.01656,-0.01272,1.00021,-0.1084,0.09008,-0.35191
3714,37153,1260,-186,12072,-79,-189,-324,-0.01546,-0.01284,0.99986,-0.00916,-0.03969,-0.32901
3715,37163,1264,-202,12138,-72,-208,-310,-0.01521,-0.01382,1.00378,0.04427,-0.18473,-0.22214
3716,37173,1312,-206,12046,-39,-231,-304,-0.01227,-0.01407,0.99831,0.29618,-0.36031,-0.17634
3717,37183,1300,-214,12070,-41,-245,-305,-0.013,-0.01456,0.99974,0.28092,-0.46718,-0.18397
3718,37193,1362,-216,11988,-51,-237,-315,-0.0092,-0.01468,0.99487,0.20458,-0.40611,-0.26031
3719,37203,1328,-216,12050,-64,-217,-322,-0.01129,-0.01468,0.99855,0.10534,-0.25344,-0.31374
3720,37213,1278,-156,12082,-81,-194,-337,-0.01435,-0.011,1.00045,-0.02443,-0.07786,-0.42824
3721,37223,1296,-202,12094,-97,-176,-354,-0.01325,-0.01382,1.00116,-0.14656,0.05954,-0.55802
3722,37233,1298,-190,11988,-105,-173,-372,-0.01313,-0.01308,0.99487,-0.20763,0.08244,-0.69542
3723,37243,1258,-196,12058,-122,-159,-392,-0.01558,-0.01345,0.99903,-0.3374,0.18931,-0.84809
3724,37253,1316,-208,12050,-118,-162,-398,-0.01202,-0.01419,0.99855,-0.30687,0.16641,-0.89389
3725,37263,1296,-166,12054,-110,-160,-361,-0.01325,-0.01161,0.99879,-0.2458,0.18168,-0.61145
3726,37273,1288,-152,12092,-98,-179,-311,-0.01374,-0.01075,1.00105,-0.1542,0.03664,-0.22977
3727,37283,1270,-154,12072,-92,-181,-287,-0.01484,-0.01088,0.99986,-0.1084,0.02137,-0.04656
3728,37293,1264,-148,12028,-76,-189,-263,-0.01521,-0.01051,0.99724,0.01374,-0.03969,0.13664
3729,37303,1286,-142,12078,-83,-195,-253,-0.01386,-0.01014,1.00021,-0.03969,-0.0855,0.21298
3730,37313,1270,-142,12162,-84,-190,-236,-0.01484,-0.01014,1.00521,-0.04733,-0.04733,0.34275
3731,37323,1230,-142,12122,-83,-189,-199,-0.0173,-0.01014,1.00283,-0.03969,-0.03969,0.62519
3732,37333,1240,-134,12076,-77,-205,-120,-0.01669,-0.00965,1.0001,0.00611,-0.16183,1.22824
3733,37343,1330,-146,12026,-76,-189,6,-0.01116,-0.01038,0.99712,0.01374,-0.03969,2.19008
3734,37353,1302,-204,12082,-79,-183,96,-0.01288,-0.01394,1.00045,-0.00916,0.00611,2.8771
3735,37363,1338,-264,12056,-86,-174,83,-0.01067,-0.01762,0.99891,-0.0626,0.07481,2.77786
3736,37373,1338,-218,12078,-92,-158,24,-0.01067,-0.0148,1.00021,-0.1084,0.19695,2.32748
3737,37383,1336,-174,12052,-90,-168,-18,-0.01079,-0.0121,0.99867,-0.09313,0.12061,2.00687
3738,37393,1338,-198,12058,-83,-171,-20,-0.01067,-0.01357,0.99903,-0.03969,0.09771,1.9916
3739,37403,1322,-206,12056,-84,-179,-17,-0.01165,-0.01407,0.99891,-0.04733,0.03664,2.0145
3740,37413,1300,-220,12006,-76,-179,-50,-0.013,-0.01492,0.99594,0.01374,0.03664,1.7626
3741,37423,1296,-196,12004,-81,-176,-85,-0.01325,-0.01345,0.99582,-0.02443,0.05954,1.49542
3742,37433,1328,-182,12022,-76,-166,-124,-0.01129,-0.01259,0.99689,0.01374,0.13588,1.19771
3743,37443,1252,-196,12088,-78,-174,-169,-0.01595,-0.01345,1.00081,-0.00153,0.07481,0.8542
3744,37453,1230,-186,12062,-72,-186,-208,-0.0173,-0.01284,0.99926,0.04427,-0.01679,0.55649
3745,37463,1250,-170,12040,-79,-183,-242,-0.01607,-0.01186,0.99796,-0.00916,0.00611,0.29695
3746,37473,1240,-118,12054,-82,-182,-273,-0.01669,-0.00867,0.99879,-0.03206,0.01374,0.06031
3747,37483,1258,-140,12068,-91,-170,-292,-0.01558,-0.01002,0.99962,-0.10076,0.10534,-0.08473
3748,37493,1242,-160,12030,-87,-182,-294,-0.01656,-0.01124,0.99736,-0.07023,0.01374,-0.1
3749,37503,1274,-162,12060,-87,-183,-302,-0.0146,-0.01137,0.99914,-0.07023,0.00611,-0.16107
3750,37513,1282,-188,12098,-89,-194,-310,-0.01411,-0.01296,1.0014,-0.0855,-0.07786,-0.22214
3751,37523,1306,-194,12112,-87,-200,-307,-0.01264,-0.01333,1.00223,-0.07023,-0.12366,-0.19924
3752,37533,1326,-204,12016,-84,-198,-310,-0.01141,-0.01394,0.99653,-0.04733,-0.1084,-0.22214
3753,37543,1358,-256,12016,-75,-195,-310,-0.00944,-0.01713,0.99653,0.02137,-0.0855,-0.22214
3754,37553,1316,-228,12064,-73,-196,-312,-0.01202,-0.01541,0.99938,0.03664,-0.09313,-0.2374
3755,37563,1318,-202,12096,-81,-193,-307,-0.0119,-0.01382,1.00128,-0.02443,-0.07023,-0.19924
3756,37573,1288,-234,12036,-84,-200,-311,-0.01374,-0.01578,0.99772,-0.04733,-0.12366,-0.22977
3757,37583,1290,-202,12016,-86,-193,-313,-0.01362,-0.01382,0.99653,-0.0626,-0.07023,-0.24504
3758,37593,1298,-210,12012,-89,-189,-319,-0.01313,-0.01431,0.99629,-0.0855,-0.03969,-0.29084
3759,37603,1318,-146,12126,-89,-189,-322,-0.0119,-0.01038,1.00307,-0.0855,-0.03969,-0.31374
3760,37613,1242,-136,12062,-87,-182,-317,-0.01656,-0.00977,0.99926,-0.07023,0.01374,-0.27557
3761,37623,1286,-190,12100,-80,-187,-325,-0.01386,-0.01308,1.00152,-0.01679,-0.02443,-0.33664
3762,37633,1274,-216,12056,-80,-192,-323,-0.0146,-0.01468,0.99891,-0.01679,-0.0626,-0.32137
3763,37643,1230,-144,12052,-80,-187,-329,-0.0173,-0.01026,0.99867,-0.01679,-0.02443,-0.36718
3764,37653,1288,-188,12066,-85,-194,-331,-0.01374,-0.01296,0.9995,-0.05496,-0.07786,-0.38244
3765,37663,1290,-188,12088,-92,-190,-323,-0.01362,-0.01296,1.00081,-0.1084,-0.04733,-0.32137
3766,37673,1280,-182,12092,-88,-184,-314,-0.01423,-0.01259,1.00105,-0.07786,-0.00153,-0.25267
3767,37683,1292,-180,12070,-84,-196,-297,-0.01349,-0.01247,0.99974,-0.04733,-0.09313,-0.1229
3768,37693,1280,-160,12002,-82,-192,-298,-0.01423,-0.01124,0.9957,-0.03206,-0.0626,-0.13053
3769,37703,1312,-186,12124,-85,-192,-294,-0.01227,-0.01284,1.00295,-0.05496,-0.0626,-0.1
3770,37713,1328,-200,12114,-80,-199,-299,-0.01129,-0.0137,1.00235,-0.01679,-0.11603,-0.13817
3771,37723,1324,-176,12044,-82,-195,-294,-0.01153,-0.01223,0.99819,-0.03206,-0.0855,-0.1
3772,37733,1302,-222,12050,-80,-197,-292,-0.01288,-0.01505,0.99855,-0.01679,-0.10076,-0.08473
3773,37743,1322,-200,12048,-74,-198,-300,-0.01165,-0.0137,0.99843,0.02901,-0.1084,-0.1458
3774,37753,1226,-216,12084,-83,-189,-297,-0.01754,-0.01468,1.00057,-0.03969,-0.03969,-0.1229
3775,37763,1266,-158,12088,-79,-195,-300,-0.01509,-0.01112,1.00081,-0.00916,-0.0855,-0.1458
3776,37773,1312,-146,12028,-78,-199,-296,-0.01227,-0.01038,0.99724,-0.00153,-0.11603,-0.11527
3777,37783,1280,-218,12040,-75,-202,-293,-0.01423,-0.0148,0.99796,0.02137,-0.13893,-0.09237
3778,37793,1300,-156,12056,-78,-196,-291,-0.013,-0.011,0.99891,-0.00153,-0.09313,-0.0771
3779,37803,1246,-188,12076,-84,-195,-289,-0.01632,-0.01296,1.0001,-0.04733,-0.0855,-0.06183
3780,37813,1276,-160,12134,-89,-185,-291,-0.01448,-0.01124,1.00354,-0.0855,-0.00916,-0.0771
3781,37823,1300,-182,12160,-91,-186,-289,-0.013,-0.01259,1.00509,-0.10076,-0.01679,-0.06183
3782,37833,1266,-186,12050,-85,-196,-293,-0.01509,-0.01284,0.99855,-0.05496,-0.09313,-0.09237
3783,37843,1300,-212,12058,-78,-202,-297,-0.013,-0.01443,0.99903,-0.00153,-0.13893,-0.1229
3784,37853,1264,-196,12042,-74,-200,-296,-0.01521,-0.01345,0.99807,0.02901,-0.12366,-0.11527
3785,37863,1214,-208,12064,-76,-201,-303,-0.01828,-0.01419,0.99938,0.01374,-0.1313,-0.1687
3786,37873,1278,-202,12010,-84,-196,-301,-0.01435,-0.01382,0.99617,-0.04733,-0.09313,-0.15344
3787,37883,1286,-234,12068,-88,-191,-297,-0.01386,-0.01578,0.99962,-0.07786,-0.05496,-0.1229
3788,37893,1314,-210,12024,-85,-192,-300,-0.01214,-0.01431,0.99701,-0.05496,-0.0626,-0.1458
3789,37903,1370,-194,12054,-78,-190,-295,-0.00871,-0.01333,0.99879,-0.00153,-0.04733,-0.10763
3790,37913,1322,-198,12022,-75,-195,-302,-0.01165,-0.01357,0.99689,0.02137,-0.0855,-0.16107
3791,37923,1306,-182,12064,-73,-196,-304,-0.01264,-0.01259,0.99938,0.03664,-0.09313,-0.17634
3792,37933,1290,-202,12016,-78,-195,-309,-0.01362,-0.01382,0.99653,-0.00153,-0.0855,-0.2145
3793,37943,1282,-192,12036,-84,-179,-310,-0.01411,-0.01321,0.99772,-0.04733,0.03664,-0.22214
3794,37953,1314,-176,12060,-85,-190,-310,-0.01214,-0.01223,0.99914,-0.05496,-0.04733,-0.22214
3795,37963,1248,-154,12048,-83,-175,-313,-0.01619,-0.01088,0.99843,-0.03969,0.06718,-0.24504
3796,37973,1272,-132,12046,-82,-185,-308,-0.01472,-0.00953,0.99831,-0.03206,-0.00916,-0.20687
3797,37983,1294,-222,12018,-83,-192,-301,-0.01337,-0.01505,0.99665,-0.03969,-0.0626,-0.15344
3798,37993,1264,-166,12010,-88,-193,-297,-0.01521,-0.01161,0.99617,-0.07786,-0.07023,-0.1229
3799,38003,1272,-180,12026,-79,-203,-301,-0.01472,-0.01247,0.99712,-0.00916,-0.14656,-0.15344
3800,38013,1254,-226,12058,-73,-206,-301,-0.01583,-0.01529,0.99903,0.03664,-0.16947,-0.15344
3801,38023,1282,-196,12006,-77,-206,-299,-0.01411,-0.01345,0.99594,0.00611,-0.16947,-0.13817
3802,38033,1300,-186,12174,-84,-197,-305,-0.013,-0.01284,1.00592,-0.04733,-0.10076,-0.18397
3803,38043,1328,-192,12020,-84,-186,-300,-0.01129,-0.01321,0.99677,-0.04733,-0.01679,-0.1458
3804,38053,1306,-148,12078,-84,-196,-303,-0.01264,-0.01051,1.00021,-0.04733,-0.09313,-0.1687
3805,38063,1334,-188,12016,-83,-194,-303,-0.01092,-0.01296,0.99653,-0.03969,-0.07786,-0.1687
3806,38073,1284,-170,12060,-85,-188,-301,-0.01399,-0.01186,0.99914,-0.05496,-0.03206,-0.15344
3807,38083,1314,-172,12058,-86,-190,-301,-0.01214,-0.01198,0.99903,-0.0626,-0.04733,-0.15344
3808,38093,1286,-188,12040,-80,-179,-308,-0.01386,-0.01296,0.99796,-0.01679,0.03664,-0.20687
3809,38103,1286,-192,12046,-81,-197,-302,-0.01386,-0.01321,0.99831,-0.02443,-0.10076,-0.16107
3810,38113,1276,-200,12044,-85,-184,-301,-0.01448,-0.0137,0.99819,-0.05496,-0.00153,-0.15344
3811,38123,1260,-188,12062,-84,-199,-303,-0.01546,-0.01296,0.99926,-0.04733,-0.11603,-0.1687
3812,38133,1296,-176,12068,-84,-200,-301,-0.01325,-0.01223,0.99962,-0.04733,-0.12366,-0.15344
3813,38143,1280,-172,12142,-78,-199,-304,-0.01423,-0.01198,1.00402,-0.00153,-0.11603,-0.17634
3814,38153,1214,-214,12024,-74,-203,-305,-0.01828,-0.01456,0.99701,0.02901,-0.14656,-0.18397
3815,38163,1316,-170,12074,-75,-196,-305,-0.01202,-0.01186,0.99998,0.02137,-0.09313,-0.18397
3816,38173,1254,-188,12070,-80,-185,-301,-0.01583,-0.01296,0.99974,-0.01679,-0.00916,-0.15344
3817,38183,1256,-168,12098,-86,-184,-304,-0.0157,-0.01173,1.0014,-0.0626,-0.00153,-0.17634
3818,38193,1306,-170,12080,-80,-180,-308,-0.01264,-0.01186,1.00033,-0.01679,0.02901,-0.20687
3819,38203,1342,-152,12086,-86,-191,-302,-0.01043,-0.01075,1.00069,-0.0626,-0.05496,-0.16107
3820,38213,1316,-190,12016,-85,-199,-298,-0.01202,-0.01308,0.99653,-0.05496,-0.11603,-0.13053
3821,38223,1346,-204,12058,-77,-205,-299,-0.01018,-0.01394,0.99903,0.00611,-0.16183,-0.13817
3822,38233,1328,-206,12020,-72,-205,-304,-0.01129,-0.01407,0.99677,0.04427,-0.16183,-0.17634
3823,38243,1316,-222,12026,-76,-197,-311,-0.01202,-0.01505,0.99712,0.01374,-0.10076,-0.22977
3824,38253,1306,-162,12070,-83,-206,-309,-0.01264,-0.01137,0.99974,-0.03969,-0.16947,-0.2145
3825,38263,1306,-194,12022,-82,-197,-317,-0.01264,-0.01333,0.99689,-0.03206,-0.10076,-0.27557
3826,38273,1310,-190,12042,-81,-197,-313,-0.01239,-0.01308,0.99807,-0.02443,-0.10076,-0.24504
3827,38283,1318,-200,12092,-76,-198,-312,-0.0119,-0.0137,1.00105,0.01374,-0.1084,-0.2374
3828,38293,1312,-156,11948,-75,-198,-313,-0.01227,-0.011,0.99249,0.02137,-0.1084,-0.24504
3829,38303,1296,-200,12036,-81,-181,-314,-0.01325,-0.0137,0.99772,-0.02443,0.02137,-0.25267
3830,38313,1294,-164,12040,-82,-190,-310,-0.01337,-0.01149,0.99796,-0.03206,-0.04733,-0.22214
3831,38323,1306,-202,12044,-77,-199,-307,-0.01264,-0.01382,0.99819,0.00611,-0.11603,-0.19924
3832,38333,1248,-160,12110,-79,-197,-309,-0.01619,-0.01124,1.00212,-0.00916,-0.10076,-0.2145
3833,38343,1294,-166,12098,-82,-214,-310,-0.01337,-0.01161,1.0014,-0.03206,-0.23053,-0.22214
3834,38353,1246,-140,12086,-80,-208,-310,-0.01632,-0.01002,1.00069,-0.01679,-0.18473,-0.22214
3835,38363,1312,-196,12050,-85,-190,-309,-0.01227,-0.01345,0.99855,-0.05496,-0.04733,-0.2145
3836,38373,1266,-174,12038,-88,-197,-309,-0.01509,-0.0121,0.99784,-0.07786,-0.10076,-0.2145
3837,38383,1298,-196,11998,-91,-191,-311,-0.01313,-0.01345,0.99546,-0.10076,-0.05496,-0.22977
3838,38393,1254,-226,12082,-88,-202,-310,-0.01583,-0.01529,1.00045,-0.07786,-0.13893,-0.22214
3839,38403,1296,-222,12068,-94,-197,-307,-0.01325,-0.01505,0.99962,-0.12366,-0.10076,-0.19924
3840,38413,1286,-210,12024,-88,-193,-306,-0.01386,-0.01431,0.99701,-0.07786,-0.07023,-0.1916
3841,38423,1256,-222,12030,-84,-183,-310,-0.0157,-0.01505,0.99736,-0.04733,0.00611,-0.22214
3842,38433,1324,-178,12014,-71,-213,-308,-0.01153,-0.01235,0.99641,0.05191,-0.2229,-0.20687
3843,38443,1304,-178,12052,-73,-220,-312,-0.01276,-0.01235,0.99867,0.03664,-0.27634,-0.2374
3844,38453,1292,-198,12082,-75,-223,-314,-0.01349,-0.01357,1.00045,0.02137,-0.29924,-0.25267
3845,38463,1274,-194,12070,-67,-217,-309,-0.0146,-0.01333,0.99974,0.08244,-0.25344,-0.2145
3846,38473,1252,-180,12104,-74,-230,-306,-0.01595,-0.01247,1.00176,0.02901,-0.35267,-0.1916
3847,38483,1282,-174,12020,-78,-241,-310,-0.01411,-0.0121,0.99677,-0.00153,-0.43664,-0.22214
3848,38493,1276,-168,12122,-79,-232,-308,-0.01448,-0.01173,1.00283,-0.00916,-0.36794,-0.20687
3849,38503,1310,-196,12084,-88,-215,-311,-0.01239,-0.01345,1.00057,-0.07786,-0.23817,-0.22977
3850,38513,1266,-214,12000,-94,-205,-314,-0.01509,-0.01456,0.99558,-0.12366,-0.16183,-0.25267
3851,38523,1254,-180,12086,-88,-207,-316,-0.01583,-0.01247,1.00069,-0.07786,-0.1771,-0.26794
3852,38533,1294,-168,12066,-87,-221,-326,-0.01337,-0.01173,0.9995,-0.07023,-0.28397,-0.34427
3853,38543,1338,-216,12038,-76,-254,-336,-0.01067,-0.01468,0.99784,0.01374,-0.53588,-0.42061
3854,38553,1266,-178,12036,-63,-256,-334,-0.01509,-0.01235,0.99772,0.11298,-0.55115,-0.40534
3855,38563,1314,-152,12076,-59,-255,-333,-0.01214,-0.01075,1.0001,0.14351,-0.54351,-0.39771
3856,38573,1354,-230,12036,-64,-226,-334,-0.00969,-0.01554,0.99772,0.10534,-0.32214,-0.40534
3857,38583,1320,-204,11980,-90,-182,-335,-0.01178,-0.01394,0.99439,-0.09313,0.01374,-0.41298
3858,38593,1320,-192,12106,-90,-170,-346,-0.01178,-0.01321,1.00188,-0.09313,0.10534,-0.49695
3859,38603,1298,-164,12014,-105,-132,-346,-0.01313,-0.01149,0.99641,-0.20763,0.39542,-0.49695
3860,38613,1304,-162,12084,-115,-123,-344,-0.01276,-0.01137,1.00057,-0.28397,0.46412,-0.48168
3861,38623,1298,-188,12022,-109,-141,-340,-0.01313,-0.01296,0.99689,-0.23817,0.32672,-0.45115
3862,38633,1314,-186,12068,-101,-170,-336,-0.01214,-0.01284,0.99962,-0.1771,0.10534,-0.42061
3863,38643,1302,-170,11994,-99,-201,-335,-0.01288,-0.01186,0.99522,-0.16183,-0.1313,-0.41298
3864,38653,1344,-216,12018,-90,-213,-333,-0.0103,-0.01468,0.99665,-0.09313,-0.2229,-0.39771
3865,38663,1274,-174,12094,-81,-199,-339,-0.0146,-0.0121,1.00116,-0.02443,-0.11603,-0.44351
3866,38673,1290,-192,12052,-73,-201,-338,-0.01362,-0.01321,0.99867,0.03664,-0.1313,-0.43588
3867,38683,1254,-162,12042,-81,-201,-333,-0.01583,-0.01137,0.99807,-0.02443,-0.1313,-0.39771
3868,38693,1276,-164,12020,-82,-185,-333,-0.01448,-0.01149,0.99677,-0.03206,-0.00916,-0.39771
3869,38703,1300,-188,12068,-87,-177,-327,-0.013,-0.01296,0.99962,-0.07023,0.05191,-0.35191
3870,38713,1338,-154,12070,-95,-153,-324,-0.01067,-0.01088,0.99974,-0.1313,0.23511,-0.32901
3871,38723,1300,-210,12120,-91,-135,-327,-0.013,-0.01431,1.00271,-0.10076,0.37252,-0.35191
3872,38733,1344,-184,12060,-88,-126,-346,-0.0103,-0.01272,0.99914,-0.07786,0.44122,-0.49695
3873,38743,1380,-196,12056,-100,-119,-375,-0.00809,-0.01345,0.99891,-0.16947,0.49466,-0.71832
3874,38753,1352,-170,12044,-106,-122,-446,-0.00981,-0.01186,0.99819,-0.21527,0.47176,-1.26031
3875,38763,1350,-202,12002,-97,-164,-602,-0.00994,-0.01382,0.9957,-0.14656,0.15115,-2.45115
3876,38773,1276,-190,12104,-90,-174,-798,-0.01448,-0.01308,1.00176,-0.09313,0.07481,-3.94733
3877,38783,1198,-164,12062,-71,-212,-779,-0.01926,-0.01149,0.99926,0.05191,-0.21527,-3.80229
3878,38793,1310,-212,12092,-27,-256,-679,-0.01239,-0.01443,1.00105,0.38779,-0.55115,-3.03893
3879,38803,1218,-174,12092,-189,-125,-682,-0.01804,-0.0121,1.00105,-0.84885,0.44885,-3.06183
3880,38813,1300,-186,12130,-233,-48,-444,-0.013,-0.01284,1.0033,-1.18473,1.03664,-1.24504
3881,38823,1334,-174,12050,-115,-122,-450,-0.01092,-0.0121,0.99855,-0.28397,0.47176,-1.29084
3882,38833,1322,-228,11994,-73,-160,-474,-0.01165,-0.01541,0.99522,0.03664,0.18168,-1.47405
3883,38843,1300,-208,12074,-57,-201,-433,-0.013,-0.01419,0.99998,0.15878,-0.1313,-1.16107
3884,38853,1316,-192,12028,-56,-220,-344,-0.01202,-0.01321,0.99724,0.16641,-0.27634,-0.48168
3885,38863,1322,-188,12072,-72,-203,-313,-0.01165,-0.01296,0.99986,0.04427,-0.14656,-0.24504
3886,38873,1300,-168,11986,-86,-190,-320,-0.013,-0.01173,0.99475,-0.0626,-0.04733,-0.29847
3887,38883,1230,-188,12028,-90,-174,-319,-0.0173,-0.01296,0.99724,-0.09313,0.07481,-0.29084
3888,38893,1258,-184,12078,-94,-177,-319,-0.01558,-0.01272,1.00021,-0.12366,0.05191,-0.29084
3889,38903,1276,-220,12116,-90,-186,-325,-0.01448,-0.01492,1.00247,-0.09313,-0.01679,-0.33664
3890,38913,1248,-242,12118,-85,-193,-334,-0.01619,-0.01627,1.00259,-0.05496,-0.07023,-0.40534
3891,38923,1292,-176,12052,-80,-197,-334,-0.01349,-0.01223,0.99867,-0.01679,-0.10076,-0.40534
3892,38933,1312,-144,12034,-72,-210,-325,-0.01227,-0.01026,0.9976,0.04427,-0.2,-0.33664
3893,38943,1324,-124,12034,-76,-203,-311,-0.01153,-0.00904,0.9976,0.01374,-0.14656,-0.22977
3894,38953,1282,-168,12122,-80,-212,-307,-0.01411,-0.01173,1.00283,-0.01679,-0.21527,-0.19924
3895,38963,1318,-206,12078,-73,-201,-291,-0.0119,-0.01407,1.00021,0.03664,-0.1313,-0.0771
3896,38973,1314,-194,12082,-73,-190,-262,-0.01214,-0.01333,1.00045,0.03664,-0.04733,0.14427
3897,38983,1286,-180,12054,-82,-189,-251,-0.01386,-0.01247,0.99879,-0.03206,-0.03969,0.22824
3898,38993,1268,-218,12126,-84,-191,-224,-0.01497,-0.0148,1.00307,-0.04733,-0.05496,0.43435
3899,39003,1288,-192,12076,-82,-209,-196,-0.01374,-0.01321,1.0001,-0.03206,-0.19237,0.64809
3900,39013,1284,-190,12044,-74,-212,-176,-0.01399,-0.01308,0.99819,0.02901,-0.21527,0.80076
3901,39023,1276,-146,12084,-71,-202,-168,-0.01448,-0.01038,1.00057,0.05191,-0.13893,0.86183
3902,39033,1298,-194,12038,-75,-188,-165,-0.01313,-0.01333,0.99784,0.02137,-0.03206,0.88473
3903,39043,1246,-210,12014,-81,-175,-163,-0.01632,-0.01431,0.99641,-0.02443,0.06718,0.9
3904,39053,1302,-216,12010,-96,-166,-142,-0.01288,-0.01468,0.99617,-0.13893,0.13588,1.06031
3905,39063,1322,-240,12048,-80,-178,-145,-0.01165,-0.01615,0.99843,-0.01679,0.04427,1.0374
3906,39073,1302,-192,12086,-69,-188,-200,-0.01288,-0.01321,1.00069,0.06718,-0.03206,0.61756
3907,39083,1346,-182,12088,-77,-181,-237,-0.01018,-0.01259,1.00081,0.00611,0.02137,0.33511
3908,39093,1288,-162,11996,-86,-176,-260,-0.01374,-0.01137,0.99534,-0.0626,0.05954,0.15954
3909,39103,1304,-200,12058,-84,-175,-269,-0.01276,-0.0137,0.99903,-0.04733,0.06718,0.09084
3910,39113,1298,-196,12106,-79,-179,-280,-0.01313,-0.01345,1.00188,-0.00916,0.03664,0.00687
3911,39123,1278,-172,11994,-61,-188,-288,-0.01435,-0.01198,0.99522,0.12824,-0.03206,-0.0542
3912,39133,1294,-216,12026,-60,-192,-287,-0.01337,-0.01468,0.99712,0.13588,-0.0626,-0.04656
3913,39143,1264,-196,11980,-48,-197,-291,-0.01521,-0.01345,0.99439,0.22748,-0.10076,-0.0771
3914,39153,1280,-184,12102,-41,-204,-277,-0.01423,-0.01272,1.00164,0.28092,-0.1542,0.02977
3915,39163,1288,-200,12082,-38,-204,-270,-0.01374,-0.0137,1.00045,0.30382,-0.1542,0.08321
3916,39173,1322,-146,12078,-52,-182,-273,-0.01165,-0.01038,1.00021,0.19695,0.01374,0.06031
3917,39183,1288,-174,12090,-66,-177,-266,-0.01374,-0.0121,1.00093,0.09008,0.05191,0.11374
3918,39193,1298,-156,12066,-61,-178,-263,-0.01313,-0.011,0.9995,0.12824,0.04427,0.13664
3919,39203,1294,-180,12094,-57,-187,-271,-0.01337,-0.01247,1.00116,0.15878,-0.02443,0.07557
3920,39213,1274,-172,12054,-62,-179,-271,-0.0146,-0.01198,0.99879,0.12061,0.03664,0.07557
3921,39223,1298,-132,12102,-72,-184,-268,-0.01313,-0.00953,1.00164,0.04427,-0.00153,0.09847
3922,39233,1270,-136,12078,-66,-191,-264,-0.01484,-0.00977,1.00021,0.09008,-0.05496,0.12901
3923,39243,1262,-170,12112,-56,-191,-267,-0.01534,-0.01186,1.00223,0.16641,-0.05496,0.10611
3924,39253,1338,-174,12062,-57,-197,-263,-0.01067,-0.0121,0.99926,0.15878,-0.10076,0.13664
3925,39263,1262,-194,12080,-72,-181,-269,-0.01534,-0.01333,1.00033,0.04427,0.02137,0.09084
3926,39273,1282,-184,12108,-77,-172,-268,-0.01411,-0.01272,1.002,0.00611,0.09008,0.09847
3927,39283,1262,-188,12110,-71,-175,-274,-0.01534,-0.01296,1.00212,0.05191,0.06718,0.05267
3928,39293,1302,-188,12080,-62,-180,-275,-0.01288,-0.01296,1.00033,0.12061,0.02901,0.04504
3929,39303,1284,-182,12010,-51,-186,-270,-0.01399,-0.01259,0.99617,0.20458,-0.01679,0.08321
3930,39313,1248,-178,12138,-57,-204,-253,-0.01619,-0.01235,1.00378,0.15878,-0.1542,0.21298
3931,39323,1274,-234,12132,-69,-197,-236,-0.0146,-0.01578,1.00342,0.06718,-0.10076,0.34275
3932,39333,1308,-154,12026,-84,-180,-262,-0.01251,-0.01088,0.99712,-0.04733,0.02901,0.14427
3933,39343,1290,-190,12100,-78,-175,-259,-0.01362,-0.01308,1.00152,-0.00153,0.06718,0.16718
3934,39353,1300,-234,12166,-69,-191,-252,-0.013,-0.01578,1.00544,0.06718,-0.05496,0.22061
3935,39363,1302,-198,12074,-58,-205,-256,-0.01288,-0.01357,0.99998,0.15115,-0.16183,0.19008
3936,39373,1282,-164,12058,-56,-202,-247,-0.01411,-0.01149,0.99903,0.16641,-0.13893,0.25878
3937,39383,1296,-192,12042,-63,-196,-245,-0.01325,-0.01321,0.99807,0.11298,-0.09313,0.27405
3938,39393,1290,-188,12090,-75,-192,-236,-0.01362,-0.01296,1.00093,0.02137,-0.0626,0.34275
3939,39403,1284,-222,12130,-91,-170,-234,-0.01399,-0.01505,1.0033,-0.10076,0.10534,0.35802
3940,39413,1346,-192,12096,-96,-166,-242,-0.01018,-0.01321,1.00128,-0.13893,0.13588,0.29695
3941,39423,1322,-164,12066,-91,-174,-233,-0.01165,-0.01149,0.9995,-0.10076,0.07481,0.36565
3942,39433,1290,-144,12064,-69,-207,-244,-0.01362,-0.01026,0.99938,0.06718,-0.1771,0.28168
3943,39443,1312,-172,12008,-96,-198,-238,-0.01227,-0.01198,0.99605,-0.13893,-0.1084,0.32748
3944,39453,1274,-196,12038,-107,-209,-232,-0.0146,-0.01345,0.99784,-0.2229,-0.19237,0.37328
3945,39463,1284,-192,12046,-121,-218,-231,-0.01399,-0.01321,0.99831,-0.32977,-0.26107,0.38092
3946,39473,1254,-166,12048,-144,-204,-241,-0.01583,-0.01161,0.99843,-0.50534,-0.1542,0.30458
3947,39483,1266,-168,12066,-142,-209,-234,-0.01509,-0.01173,0.9995,-0.49008,-0.19237,0.35802
3948,39493,1256,-158,12044,-130,-190,-213,-0.0157,-0.01112,0.99819,-0.39847,-0.04733,0.51832
3949,39503,1322,-206,12054,-133,-183,-161,-0.01165,-0.01407,0.99879,-0.42137,0.00611,0.91527
3950,39513,1296,-186,12030,-126,-173,-93,-0.01325,-0.01284,0.99736,-0.36794,0.08244,1.43435
3951,39523,1306,-166,12050,-124,-179,-5,-0.01264,-0.01161,0.99855,-0.35267,0.03664,2.10611
3952,39533,1328,-172,12046,-129,-173,70,-0.01129,-0.01198,0.99831,-0.39084,0.08244,2.67863
3953,39543,1260,-194,12028,-114,-178,108,-0.01546,-0.01333,0.99724,-0.27634,0.04427,2.9687
3954,39553,1312,-180,12106,-93,-189,75,-0.01227,-0.01247,1.00188,-0.11603,-0.03969,2.71679
3955,39563,1326,-190,11982,-92,-191,-32,-0.01141,-0.01308,0.99451,-0.1084,-0.05496,1.9
3956,39573,1328,-234,12110,-88,-185,-166,-0.01129,-0.01578,1.00212,-0.07786,-0.00916,0.8771
3957,39583,1294,-152,12080,-87,-180,-254,-0.01337,-0.01075,1.00033,-0.07023,0.02901,0.20534
3958,39593,1264,-168,12028,-99,-160,-294,-0.01521,-0.01173,0.99724,-0.16183,0.18168,-0.1
3959,39603,1288,-198,12016,-102,-168,-313,-0.01374,-0.01357,0.99653,-0.18473,0.12061,-0.24504
3960,39613,1290,-174,12130,-109,-165,-321,-0.01362,-0.0121,1.0033,-0.23817,0.14351,-0.30611
3961,39623,1302,-158,12018,-100,-175,-330,-0.01288,-0.01112,0.99665,-0.16947,0.06718,-0.37481
3962,39633,1212,-160,12048,-97,-168,-340,-0.0184,-0.01124,0.99843,-0.14656,0.12061,-0.45115
3963,39643,1294,-126,12092,-49,-193,-329,-0.01337,-0.00916,1.00105,0.21985,-0.07023,-0.36718
3964,39653,1300,-180,12016,14,-249,-308,-0.013,-0.01247,0.99653,0.70076,-0.49771,-0.20687
3965,39663,1274,-182,12040,-23,-211,-288,-0.0146,-0.01259,0.99796,0.41832,-0.20763,-0.0542
3966,39673,1290,-204,12114,-21,-207,-276,-0.01362,-0.01394,1.00235,0.43359,-0.1771,0.0374
3967,39683,1270,-194,12070,-41,-189,-276,-0.01484,-0.01333,0.99974,0.28092,-0.03969,0.0374
3968,39693,1308,-168,12116,-64,-182,-263,-0.01251,-0.01173,1.00247,0.10534,0.01374,0.13664
3969,39703,1310,-144,12094,-58,-162,-276,-0.01239,-0.01026,1.00116,0.15115,0.16641,0.0374
3970,39713,1288,-142,12046,-50,-174,-272,-0.01374,-0.01014,0.99831,0.21221,0.07481,0.06794
3971,39723,1294,-142,12096,-58,-167,-272,-0.01337,-0.01014,1.00128,0.15115,0.12824,0.06794
3972,39733,1298,-190,12052,-56,-167,-269,-0.01313,-0.01308,0.99867,0.16641,0.12824,0.09084
3973,39743,1280,-220,12024,-59,-174,-266,-0.01423,-0.01492,0.99701,0.14351,0.07481,0.11374
3974,39753,1246,-180,12050,-47,-188,-266,-0.01632,-0.01247,0.99855,0.23511,-0.03206,0.11374
3975,39763,1302,-192,12092,-53,-195,-275,-0.01288,-0.01321,1.00105,0.18931,-0.0855,0.04504
3976,39773,1322,-178,12098,-57,-195,-271,-0.01165,-0.01235,1.0014,0.15878,-0.0855,0.07557
3977,39783,1278,-156,12056,-60,-194,-268,-0.01435,-0.011,0.99891,0.13588,-0.07786,0.09847
3978,39793,1292,-172,12034,-76,-185,-263,-0.01349,-0.01198,0.9976,0.01374,-0.00916,0.13664
3979,39803,1310,-250,12074,-85,-175,-258,-0.01239,-0.01676,0.99998,-0.05496,0.06718,0.17481
3980,39813,1296,-210,12118,-91,-166,-253,-0.01325,-0.01431,1.00259,-0.10076,0.13588,0.21298
3981,39823,1318,-206,12090,-74,-173,-250,-0.0119,-0.01407,1.00093,0.02901,0.08244,0.23588
3982,39833,1290,-148,12072,-71,-183,-253,-0.01362,-0.01051,0.99986,0.05191,0.00611,0.21298
3983,39843,1272,-156,12062,-86,-165,-250,-0.01472,-0.011,0.99926,-0.0626,0.14351,0.23588
3984,39853,1290,-112,12066,-80,-171,-257,-0.01362,-0.0083,0.9995,-0.01679,0.09771,0.18244
3985,39863,1278,-164,12072,-88,-163,-261,-0.01435,-0.01149,0.99986,-0.07786,0.15878,0.15191
3986,39873,1292,-200,12126,-82,-169,-266,-0.01349,-0.0137,1.00307,-0.03206,0.11298,0.11374
3987,39883,1298,-182,12124,-69,-194,-270,-0.01313,-0.01259,1.00295,0.06718,-0.07786,0.08321
3988,39893,1248,-226,12092,-50,-192,-270,-0.01619,-0.01529,1.00105,0.21221,-0.0626,0.08321
3989,39903,1294,-198,12076,-58,-199,-270,-0.01337,-0.01357,1.0001,0.15115,-0.11603,0.08321
3990,39913,1270,-172,12080,-59,-193,-274,-0.01484,-0.01198,1.00033,0.14351,-0.07023,0.05267
3991,39923,1288,-170,12086,-68,-198,-270,-0.01374,-0.01186,1.00069,0.07481,-0.1084,0.08321
3992,39933,1250,-140,12122,-70,-197,-271,-0.01607,-0.01002,1.00283,0.05954,-0.10076,0.07557
3993,39943,1270,-182,12098,-73,-196,-272,-0.01484,-0.01259,1.0014,0.03664,-0.09313,0.06794
3994,39953,1320,-190,12044,-66,-194,-268,-0.01178,-0.01308,0.99819,0.09008,-0.07786,0.09847
3995,39963,1300,-202,12116,-65,-200,-269,-0.013,-0.01382,1.00247,0.09771,-0.12366,0.09084
3996,39973,1306,-156,12056,-75,-190,-268,-0.01264,-0.011,0.99891,0.02137,-0.04733,0.09847
3997,39983,1266,-204,12044,-75,-180,-271,-0.01509,-0.01394,0.99819,0.02137,0.02901,0.07557
3998,39993,1260,-224,12010,-78,-183,-270,-0.01546,-0.01517,0.99617,-0.00153,0.00611,0.08321
3999,40003,1300,-120,12112,-78,-185,-275,-0.013,-0.00879,1.00223,-0.00153,-0.00916,0.04504
4000,40013,1290,-130,12096,-72,-197,-270,-0.01362,-0.0094,1.00128,0.04427,-0.10076,0.08321
4001,40023,1270,-184,12028,-62,-211,-280,-0.01484,-0.01272,0.99724,0.12061,-0.20763,0.00687
4002,40033,1252,-224,12016,-63,-203,-272,-0.01595,-0.01517,0.99653,0.11298,-0.14656,0.06794
4003,40043,1288,-200,12066,-55,-194,-272,-0.01374,-0.0137,0.9995,0.17405,-0.07786,0.06794
4004,40053,1270,-182,12086,-52,-203,-278,-0.01484,-0.01259,1.00069,0.19695,-0.14656,0.02214
4005,40063,1236,-180,12090,-55,-207,-273,-0.01693,-0.01247,1.00093,0.17405,-0.1771,0.06031
4006,40073,1326,-146,12108,-67,-194,-276,-0.01141,-0.01038,1.002,0.08244,-0.07786,0.0374
4007,40083,1312,-178,12044,-84,-191,-279,-0.01227,-0.01235,0.99819,-0.04733,-0.05496,0.0145
4008,40093,1282,-186,12008,-97,-176,-283,-0.01411,-0.01284,0.99605,-0.14656,0.05954,-0.01603
4009,40103,1262,-204,12022,-100,-176,-290,-0.01534,-0.01394,0.99689,-0.16947,0.05954,-0.06947
4010,40113,1230,-128,12120,-90,-191,-281,-0.0173,-0.00928,1.00271,-0.09313,-0.05496,-0.00076
4011,40123,1322,-168,12006,-91,-193,-281,-0.01165,-0.01173,0.99594,-0.10076,-0.07023,-0.00076
4012,40133,1258,-166,12058,-98,-185,-292,-0.01558,-0.01161,0.99903,-0.1542,-0.00916,-0.08473
4013,40143,1276,-176,12032,-116,-177,-287,-0.01448,-0.01223,0.99748,-0.2916,0.05191,-0.04656
4014,40153,1318,-186,12032,-113,-177,-284,-0.0119,-0.01284,0.99748,-0.2687,0.05191,-0.02366
4015,40163,1236,-186,12068,-59,-203,-285,-0.01693,-0.01284,0.99962,0.14351,-0.14656,-0.0313
4016,40173,1240,-200,12012,-82,-189,-276,-0.01669,-0.0137,0.99629,-0.03206,-0.03969,0.0374
4017,40183,1282,-202,12098,-90,-185,-275,-0.01411,-0.01382,1.0014,-0.09313,-0.00916,0.04504
4018,40193,1282,-202,12092,-98,-178,-272,-0.01411,-0.01382,1.00105,-0.1542,0.04427,0.06794
4019,40203,1228,-188,12074,-79,-177,-279,-0.01742,-0.01296,0.99998,-0.00916,0.05191,0.0145
4020,40213,1284,-138,12038,-75,-184,-278,-0.01399,-0.00989,0.99784,0.02137,-0.00153,0.02214
4021,40223,1328,-208,12006,-59,-204,-281,-0.01129,-0.01419,0.99594,0.14351,-0.1542,-0.00076
4022,40233,1324,-228,12008,-78,-199,-285,-0.01153,-0.01541,0.99605,-0.00153,-0.11603,-0.0313
4023,40243,1286,-186,12042,-73,-199,-278,-0.01386,-0.01284,0.99807,0.03664,-0.11603,0.02214
4024,40253,1298,-188,12040,-84,-180,-276,-0.01313,-0.01296,0.99796,-0.04733,0.02901,0.0374
4025,40263,1282,-196,12040,-71,-184,-276,-0.01411,-0.01345,0.99796,0.05191,-0.00153,0.0374
4026,40273,1288,-164,12144,-84,-184,-279,-0.01374,-0.01149,1.00414,-0.04733,-0.00153,0.0145
4027,40283,1296,-176,12022,-80,-183,-285,-0.01325,-0.01223,0.99689,-0.01679,0.00611,-0.0313
4028,40293,1254,-182,12070,-83,-179,-279,-0.01583,-0.01259,0.99974,-0.03969,0.03664,0.0145
4029,40303,1248,-190,12026,-78,-184,-276,-0.01619,-0.01308,0.99712,-0.00153,-0.00153,0.0374
4030,40313,1302,-192,12060,-84,-177,-269,-0.01288,-0.01321,0.99914,-0.04733,0.05191,0.09084
4031,40323,1266,-184,12106,-81,-180,-269,-0.01509,-0.01272,1.00188,-0.02443,0.02901,0.09084
4032,40333,1312,-184,11978,-76,-184,-274,-0.01227,-0.01272,0.99427,0.01374,-0.00153,0.05267
4033,40343,1308,-270,12076,-78,-181,-274,-0.01251,-0.01799,1.0001,-0.00153,0.02137,0.05267
4034,40353,1312,-184,12058,-76,-183,-272,-0.01227,-0.01272,0.99903,0.01374,0.00611,0.06794
4035,40363,1266,-224,12006,-74,-191,-273,-0.01509,-0.01517,0.99594,0.02901,-0.05496,0.06031
4036,40373,1254,-194,12044,-76,-189,-270,-0.01583,-0.01333,0.99819,0.01374,-0.03969,0.08321
4037,40383,1286,-164,12110,-62,-193,-272,-0.01386,-0.01149,1.00212,0.12061,-0.07023,0.06794
4038,40393,1278,-138,12026,-70,-201,-271,-0.01435,-0.00989,0.99712,0.05954,-0.1313,0.07557
4039,40403,1324,-180,12058,-72,-194,-267,-0.01153,-0.01247,0.99903,0.04427,-0.07786,0.10611
4040,40413,1312,-142,12122,-72,-186,-268,-0.01227,-0.01014,1.00283,0.04427,-0.01679,0.09847
4041,40423,1226,-190,12146,-80,-189,-268,-0.01754,-0.01308,1.00425,-0.01679,-0.03969,0.09847
4042,40433,1326,-194,12020,-80,-189,-272,-0.01141,-0.01333,0.99677,-0.01679,-0.03969,0.06794
4043,40443,1296,-198,12112,-79,-191,-290,-0.01325,-0.01357,1.00223,-0.00916,-0.05496,-0.06947
4044,40453,1318,-176,12048,-61,-186,-295,-0.0119,-0.01223,0.99843,0.12824,-0.01679,-0.10763
4045,40463,1290,-154,12018,-71,-185,-280,-0.01362,-0.01088,0.99665,0.05191,-0.00916,0.00687
4046,40473,1316,-176,12064,-66,-184,-274,-0.01202,-0.01223,0.99938,0.09008,-0.00153,0.05267
4047,40483,1292,-166,12042,-71,-196,-269,-0.01349,-0.01161,0.99807,0.05191,-0.09313,0.09084
4048,40493,1322,-180,12098,-79,-187,-271,-0.01165,-0.01247,1.0014,-0.00916,-0.02443,0.07557
4049,40503,1288,-190,12048,-74,-192,-269,-0.01374,-0.01308,0.99843,0.02901,-0.0626,0.09084
4050,40513,1272,-226,12116,-64,-196,-277,-0.01472,-0.01529,1.00247,0.10534,-0.09313,0.02977
4051,40523,1314,-156,12094,-65,-186,-275,-0.01214,-0.011,1.00116,0.09771,-0.01679,0.04504
4052,40533,1274,-174,12086,-70,-191,-271,-0.0146,-0.0121,1.00069,0.05954,-0.05496,0.07557
4053,40543,1254,-154,12052,-74,-191,-270,-0.01583,-0.01088,0.99867,0.02901,-0.05496,0.08321
4054,40553,1314,-162,12096,-81,-186,-266,-0.01214,-0.01137,1.00128,-0.02443,-0.01679,0.11374
4055,40563,1252,-198,12036,-86,-181,-264,-0.01595,-0.01357,0.99772,-0.0626,0.02137,0.12901
4056,40573,1292,-188,11964,-80,-192,-269,-0.01349,-0.01296,0.99344,-0.01679,-0.0626,0.09084
4057,40583,1334,-222,12046,-64,-196,-269,-0.01092,-0.01505,0.99831,0.10534,-0.09313,0.09084
4058,40593,1348,-232,12076,-62,-198,-273,-0.01006,-0.01566,1.0001,0.12061,-0.1084,0.06031
4059,40603,1334,-174,12128,-72,-189,-281,-0.01092,-0.0121,1.00318,0.04427,-0.03969,-0.00076
4060,40613,1304,-200,12104,-82,-184,-285,-0.01276,-0.0137,1.00176,-0.03206,-0.00153,-0.0313
4061,40623,1372,-180,12038,-85,-185,-284,-0.00859,-0.01247,0.99784,-0.05496,-0.00916,-0.02366
4062,40633,1278,-168,12020,-78,-201,-285,-0.01435,-0.01173,0.99677,-0.00153,-0.1313,-0.0313
4063,40643,1272,-162,12122,-71,-207,-288,-0.01472,-0.01137,1.00283,0.05191,-0.1771,-0.0542
4064,40653,1286,-182,12116,-68,-208,-292,-0.01386,-0.01259,1.00247,0.07481,-0.18473,-0.08473
4065,40663,1270,-188,12090,-66,-210,-299,-0.01484,-0.01296,1.00093,0.09008,-0.2,-0.13817
4066,40673,1274,-140,12014,-88,-193,-301,-0.0146,-0.01002,0.99641,-0.07786,-0.07023,-0.15344
4067,40683,1292,-188,11996,-100,-177,-299,-0.01349,-0.01296,0.99534,-0.16947,0.05191,-0.13817
4068,40693,1320,-180,12102,-134,-151,-289,-0.01178,-0.01247,1.00164,-0.42901,0.25038,-0.06183
4069,40703,1312,-176,12054,-105,-160,-292,-0.01227,-0.01223,0.99879,-0.20763,0.18168,-0.08473
4070,40713,1274,-186,12012,-95,-158,-284,-0.0146,-0.01284,0.99629,-0.1313,0.19695,-0.02366
4071,40723,1280,-204,12052,-91,-169,-288,-0.01423,-0.01394,0.99867,-0.10076,0.11298,-0.0542
4072,40733,1300,-164,12054,-95,-169,-291,-0.013,-0.01149,0.99879,-0.1313,0.11298,-0.0771
4073,40743,1252,-168,12096,-81,-172,-291,-0.01595,-0.01173,1.00128,-0.02443,0.09008,-0.0771
4074,40753,1302,-160,12118,-80,-181,-292,-0.01288,-0.01124,1.00259,-0.01679,0.02137,-0.08473
4075,40763,1298,-186,12036,-73,-181,-282,-0.01313,-0.01284,0.99772,0.03664,0.02137,-0.0084
4076,40773,1238,-140,12108,-66,-193,-287,-0.01681,-0.01002,1.002,0.09008,-0.07023,-0.04656
4077,40783,1296,-214,12018,-77,-188,-291,-0.01325,-0.01456,0.99665,0.00611,-0.03206,-0.0771
4078,40793,1274,-190,12036,-83,-188,-287,-0.0146,-0.01308,0.99772,-0.03969,-0.03206,-0.04656
4079,40803,1306,-154,12026,-80,-181,-286,-0.01264,-0.01088,0.99712,-0.01679,0.02137,-0.03893
4080,40813,1348,-168,12100,-78,-192,-287,-0.01006,-0.01173,1.00152,-0.00153,-0.0626,-0.04656
4081,40823,1284,-156,12098,-77,-198,-281,-0.01399,-0.011,1.0014,0.00611,-0.1084,-0.00076
4082,40833,1278,-202,12104,-68,-194,-270,-0.01435,-0.01382,1.00176,0.07481,-0.07786,0.08321
4083,40843,1276,-166,12020,-75,-180,-271,-0.01448,-0.01161,0.99677,0.02137,0.02901,0.07557
4084,40853,1308,-186,12086,-95,-169,-273,-0.01251,-0.01284,1.00069,-0.1313,0.11298,0.06031
4085,40863,1256,-232,12128,-100,-170,-272,-0.0157,-0.01566,1.00318,-0.16947,0.10534,0.06794
4086,40873,1266,-134,12088,-93,-166,-270,-0.01509,-0.00965,1.00081,-0.11603,0.13588,0.08321
4087,40883,1276,-164,12074,-97,-172,-265,-0.01448,-0.01149,0.99998,-0.14656,0.09008,0.12137
4088,40893,1306,-180,11988,-109,-163,-278,-0.01264,-0.01247,0.99487,-0.23817,0.15878,0.02214
4089,40903,1278,-198,12130,-107,-158,-288,-0.01435,-0.01357,1.0033,-0.2229,0.19695,-0.0542
4090,40913,1260,-222,12006,-31,-220,-293,-0.01546,-0.01505,0.99594,0.35725,-0.27634,-0.09237
4091,40923,1316,-228,12038,-11,-232,-293,-0.01202,-0.01541,0.99784,0.50992,-0.36794,-0.09237
4092,40933,1330,-168,12030,-43,-211,-284,-0.01116,-0.01173,0.99736,0.26565,-0.20763,-0.02366
4093,40943,1290,-166,12072,-71,-200,-290,-0.01362,-0.01161,0.99986,0.05191,-0.12366,-0.06947
4094,40953,1266,-164,11996,-86,-195,-300,-0.01509,-0.01149,0.99534,-0.0626,-0.0855,-0.1458
4095,40963,1230,-224,12054,-92,-188,-306,-0.0173,-0.01517,0.99879,-0.1084,-0.03206,-0.1916
4096,40973,1292,-188,12138,-87,-176,-302,-0.01349,-0.01296,1.00378,-0.07023,0.05954,-0.16107
4097,40983,1288,-246,12082,-92,-176,-302,-0.01374,-0.01652,1.00045,-0.1084,0.05954,-0.16107
4098,40993,1286,-186,12050,-83,-170,-295,-0.01386,-0.01284,0.99855,-0.03969,0.10534,-0.10763
4099,41003,1340,-238,12036,-90,-167,-271,-0.01055,-0.01603,0.99772,-0.09313,0.12824,0.07557
4100,41013,1300,-176,12040,-75,-192,-263,-0.013,-0.01223,0.99796,0.02137,-0.0626,0.13664
4101,41023,1276,-190,12102,-69,-204,-258,-0.01448,-0.01308,1.00164,0.06718,-0.1542,0.17481
4102,41033,1284,-200,12090,-72,-207,-267,-0.01399,-0.0137,1.00093,0.04427,-0.1771,0.10611
4103,41043,1290,-200,12014,-68,-196,-269,-0.01362,-0.0137,0.99641,0.07481,-0.09313,0.09084
4104,41053,1264,-204,12066,-62,-192,-269,-0.01521,-0.01394,0.9995,0.12061,-0.0626,0.09084
4105,41063,1304,-180,12076,-72,-184,-267,-0.01276,-0.01247,1.0001,0.04427,-0.00153,0.10611
4106,41073,1308,-154,12114,-104,-170,-268,-0.01251,-0.01088,1.00235,-0.2,0.10534,0.09847
4107,41083,1282,-174,12038,-109,-151,-272,-0.01411,-0.0121,0.99784,-0.23817,0.25038,0.06794
4108,41093,1276,-184,12024,-95,-159,-274,-0.01448,-0.01272,0.99701,-0.1313,0.18931,0.05267
4109,41103,1288,-180,12046,-82,-180,-275,-0.01374,-0.01247,0.99831,-0.03206,0.02901,0.04504
4110,41113,1224,-210,12038,-49,-197,-274,-0.01767,-0.01431,0.99784,0.21985,-0.10076,0.05267
4111,41123,1266,-188,12126,-53,-204,-277,-0.01509,-0.01296,1.00307,0.18931,-0.1542,0.02977
4112,41133,1334,-110,12012,-73,-187,-270,-0.01092,-0.00818,0.99629,0.03664,-0.02443,0.08321
4113,41143,1274,-200,12076,-81,-177,-271,-0.0146,-0.0137,1.0001,-0.02443,0.05191,0.07557
4114,41153,1290,-212,12050,-88,-176,-275,-0.01362,-0.01443,0.99855,-0.07786,0.05954,0.04504
4115,41163,1280,-178,12106,-67,-200,-283,-0.01423,-0.01235,1.00188,0.08244,-0.12366,-0.01603
4116,41173,1320,-152,12064,-58,-205,-292,-0.01178,-0.01075,0.99938,0.15115,-0.16183,-0.08473
4117,41183,1294,-200,12044,-70,-188,-290,-0.01337,-0.0137,0.99819,0.05954,-0.03206,-0.06947
4118,41193,1270,-126,12102,-71,-188,-287,-0.01484,-0.00916,1.00164,0.05191,-0.03206,-0.04656
4119,41203,1274,-156,12082,-75,-188,-296,-0.0146,-0.011,1.00045,0.02137,-0.03206,-0.11527
4120,41213,1304,-206,12074,-84,-191,-297,-0.01276,-0.01407,0.99998,-0.04733,-0.05496,-0.1229
4121,41223,1342,-184,12052,-87,-189,-289,-0.01043,-0.01272,0.99867,-0.07023,-0.03969,-0.06183
4122,41233,1266,-174,12026,-89,-187,-283,-0.01509,-0.0121,0.99712,-0.0855,-0.02443,-0.01603
4123,41243,1324,-130,12130,-79,-186,-282,-0.01153,-0.0094,1.0033,-0.00916,-0.01679,-0.0084
4124,41253,1276,-150,12098,-77,-186,-281,-0.01448,-0.01063,1.0014,0.00611,-0.01679,-0.00076
4125,41263,1340,-152,12090,-74,-189,-280,-0.01055,-0.01075,1.00093,0.02901,-0.03969,0.00687
4126,41273,1292,-214,12050,-84,-170,-282,-0.01349,-0.01456,0.99855,-0.04733,0.10534,-0.0084
4127,41283,1290,-190,12138,-86,-164,-280,-0.01362,-0.01308,1.00378,-0.0626,0.15115,0.00687
4128,41293,1338,-202,12066,-80,-187,-283,-0.01067,-0.01382,0.9995,-0.01679,-0.02443,-0.01603
4129,41303,1254,-150,12044,-73,-184,-284,-0.01583,-0.01063,0.99819,0.03664,-0.00153,-0.02366
4130,41313,1342,-156,12146,-72,-191,-279,-0.01043,-0.011,1.00425,0.04427,-0.05496,0.0145
4131,41323,1324,-136,12122,-65,-199,-279,-0.01153,-0.00977,1.00283,0.09771,-0.11603,0.0145
4132,41333,1312,-158,12076,-59,-187,-278,-0.01227,-0.01112,1.0001,0.14351,-0.02443,0.02214
4133,41343,1254,-198,12084,-63,-195,-271,-0.01583,-0.01357,1.00057,0.11298,-0.0855,0.07557
4134,41353,1274,-176,12138,-64,-186,-264,-0.0146,-0.01223,1.00378,0.10534,-0.01679,0.12901
4135,41363,1272,-216,12080,-67,-190,-269,-0.01472,-0.01468,1.00033,0.08244,-0.04733,0.09084
4136,41373,1278,-156,12130,-74,-191,-270,-0.01435,-0.011,1.0033,0.02901,-0.05496,0.08321
4137,41383,1310,-184,12138,-63,-187,-270,-0.01239,-0.01272,1.00378,0.11298,-0.02443,0.08321
4138,41393,1306,-186,12050,-63,-186,-277,-0.01264,-0.01284,0.99855,0.11298,-0.01679,0.02977
4139,41403,1314,-176,12078,-71,-183,-274,-0.01214,-0.01223,1.00021,0.05191,0.00611,0.05267
4140,41413,1314,-168,12046,-75,-188,-276,-0.01214,-0.01173,0.99831,0.02137,-0.03206,0.0374
4141,41423,1282,-184,12064,-72,-197,-282,-0.01411,-0.01272,0.99938,0.04427,-0.10076,-0.0084
4142,41433,1288,-182,12036,-70,-199,-287,-0.01374,-0.01259,0.99772,0.05954,-0.11603,-0.04656
4143,41443,1268,-160,12126,-64,-212,-289,-0.01497,-0.01124,1.00307,0.10534,-0.21527,-0.06183
4144,41453,1334,-166,12128,-58,-209,-292,-0.01092,-0.01161,1.00318,0.15115,-0.19237,-0.08473
4145,41463,1280,-206,11970,-51,-212,-295,-0.01423,-0.01407,0.9938,0.20458,-0.21527,-0.10763
4146,41473,1260,-164,12040,-49,-219,-300,-0.01546,-0.01149,0.99796,0.21985,-0.2687,-0.1458
4147,41483,1236,-186,12074,-71,-207,-295,-0.01693,-0.01284,0.99998,0.05191,-0.1771,-0.10763
4148,41493,1292,-210,12078,-88,-190,-296,-0.01349,-0.01431,1.00021,-0.07786,-0.04733,-0.11527
4149,41503,1306,-200,12064,-72,-207,-305,-0.01264,-0.0137,0.99938,0.04427,-0.1771,-0.18397
4150,41513,1280,-184,12048,-64,-206,-307,-0.01423,-0.01272,0.99843,0.10534,-0.16947,-0.19924
4151,41523,1302,-128,12046,-65,-200,-312,-0.01288,-0.00928,0.99831,0.09771,-0.12366,-0.2374
4152,41533,1344,-194,12060,-53,-226,-317,-0.0103,-0.01333,0.99914,0.18931,-0.32214,-0.27557
4153,41543,1346,-190,12056,-38,-243,-337,-0.01018,-0.01308,0.99891,0.30382,-0.45191,-0.42824
4154,41553,1306,-164,12034,-24,-245,-360,-0.01264,-0.01149,0.9976,0.41069,-0.46718,-0.60382
4155,41563,1270,-172,12042,-30,-244,-391,-0.01484,-0.01198,0.99807,0.36489,-0.45954,-0.84046
4156,41573,1348,-166,12106,-41,-232,-524,-0.01006,-0.01161,1.00188,0.28092,-0.36794,-1.85573
4157,41583,1264,-268,12068,-29,-230,-616,-0.01521,-0.01787,0.99962,0.37252,-0.35267,-2.55802
4158,41593,1264,-162,12078,-27,-219,-544,-0.01521,-0.01137,1.00021,0.38779,-0.2687,-2.0084
4159,41603,1314,-218,12062,-15,-237,-456,-0.01214,-0.0148,0.99926,0.47939,-0.40611,-1.33664
4160,41613,1232,-194,12000,-1,-257,-373,-0.01718,-0.01333,0.99558,0.58626,-0.55878,-0.70305
4161,41623,1300,-182,12062,-31,-226,-321,-0.013,-0.01259,0.99926,0.35725,-0.32214,-0.30611
4162,41633,1302,-168,11956,-49,-212,-295,-0.01288,-0.01173,0.99296,0.21985,-0.21527,-0.10763
4163,41643,1282,-160,12082,-52,-218,-290,-0.01411,-0.01124,1.00045,0.19695,-0.26107,-0.06947
4164,41653,1316,-110,12062,-58,-208,-291,-0.01202,-0.00818,0.99926,0.15115,-0.18473,-0.0771
4165,41663,1276,-148,12068,-39,-216,-289,-0.01448,-0.01051,0.99962,0.29618,-0.2458,-0.06183
4166,41673,1300,-130,12150,9,-273,-301,-0.013,-0.0094,1.00449,0.6626,-0.68092,-0.15344
4167,41683,1288,-116,12112,50,-321,-306,-0.01374,-0.00854,1.00223,0.97557,-1.04733,-0.1916
4168,41693,1286,-156,12030,-6,-283,-309,-0.01386,-0.011,0.99736,0.54809,-0.75725,-0.2145
4169,41703,1312,-162,12032,-72,-197,-320,-0.01227,-0.01137,0.99748,0.04427,-0.10076,-0.29847
4170,41713,1312,-174,12060,-106,-165,-332,-0.01227,-0.0121,0.99914,-0.21527,0.14351,-0.39008
4171,41723,1376,-146,12048,-105,-163,-343,-0.00834,-0.01038,0.99843,-0.20763,0.15878,-0.47405
4172,41733,1274,-156,12040,-87,-181,-341,-0.0146,-0.011,0.99796,-0.07023,0.02137,-0.45878
4173,41743,1326,-176,12022,-66,-220,-332,-0.01141,-0.01223,0.99689,0.09008,-0.27634,-0.39008
4174,41753,1302,-166,12014,-97,-194,-319,-0.01288,-0.01161,0.99641,-0.14656,-0.07786,-0.29084
4175,41763,1314,-190,12036,-120,-158,-298,-0.01214,-0.01308,0.99772,-0.32214,0.19695,-0.13053
4176,41773,1298,-164,12110,-133,-134,-288,-0.01313,-0.01149,1.00212,-0.42137,0.38015,-0.0542
4177,41783,1306,-144,12020,-85,-196,-294,-0.01264,-0.01026,0.99677,-0.05496,-0.09313,-0.1
4178,41793,1266,-166,12042,-51,-238,-300,-0.01509,-0.01161,0.99807,0.20458,-0.41374,-0.1458
4179,41803,1330,-150,12122,-41,-247,-303,-0.01116,-0.01063,1.00283,0.28092,-0.48244,-0.1687
4180,41813,1356,-156,12034,-40,-256,-305,-0.00957,-0.011,0.9976,0.28855,-0.55115,-0.18397
4181,41823,1342,-152,12078,-52,-241,-311,-0.01043,-0.01075,1.00021,0.19695,-0.43664,-0.22977
4182,41833,1328,-158,12034,-51,-229,-306,-0.01129,-0.01112,0.9976,0.20458,-0.34504,-0.1916
4183,41843,1302,-128,11968,-68,-202,-304,-0.01288,-0.00928,0.99368,0.07481,-0.13893,-0.17634
4184,41853,1294,-170,12012,-113,-167,-302,-0.01337,-0.01186,0.99629,-0.2687,0.12824,-0.16107
4185,41863,1322,-210,12018,-128,-159,-299,-0.01165,-0.01431,0.99665,-0.38321,0.18931,-0.13817
4186,41873,1340,-194,12104,-125,-154,-298,-0.01055,-0.01333,1.00176,-0.36031,0.22748,-0.13053
4187,41883,1312,-214,12032,-108,-168,-298,-0.01227,-0.01456,0.99748,-0.23053,0.12061,-0.13053
4188,41893,1344,-130,12066,-58,-222,-297,-0.0103,-0.0094,0.9995,0.15115,-0.2916,-0.1229
4189,41903,1354,-166,12048,-31,-249,-294,-0.00969,-0.01161,0.99843,0.35725,-0.49771,-0.1
4190,41913,1286,-162,12082,-8,-281,-290,-0.01386,-0.01137,1.00045,0.53282,-0.74198,-0.06947
4191,41923,1302,-146,12000,-14,-270,-306,-0.01288,-0.01038,0.99558,0.48702,-0.65802,-0.1916
4192,41933,1344,-166,12026,-44,-248,-323,-0.0103,-0.01161,0.99712,0.25802,-0.49008,-0.32137
4193,41943,1334,-206,12078,-107,-187,-334,-0.01092,-0.01407,1.00021,-0.2229,-0.02443,-0.40534
4194,41953,1336,-160,12132,-149,-154,-360,-0.01079,-0.01124,1.00342,-0.54351,0.22748,-0.60382
4195,41963,1360,-190,12004,-141,-145,-370,-0.00932,-0.01308,0.99582,-0.48244,0.29618,-0.68015
4196,41973,1272,-162,12116,-131,-137,-375,-0.01472,-0.01137,1.00247,-0.40611,0.35725,-0.71832
4197,41983,1350,-152,12122,-101,-154,-362,-0.00994,-0.01075,1.00283,-0.1771,0.22748,-0.61908
4198,41993,1308,-142,12056,-52,-206,-345,-0.01251,-0.01014,0.99891,0.19695,-0.16947,-0.48931
4199,42003,1302,-158,12066,-39,-228,-330,-0.01288,-0.01112,0.9995,0.29618,-0.3374,-0.37481
4200,42013,1294,-122,12090,-74,-202,-329,-0.01337,-0.00891,1.00093,0.02901,-0.13893,-0.36718
4201,42023,1276,-120,12110,-70,-211,-324,-0.01448,-0.00879,1.00212,0.05954,-0.20763,-0.32901
4202,42033,1306,-128,12076,-42,-241,-316,-0.01264,-0.00928,1.0001,0.27328,-0.43664,-0.26794
4203,42043,1304,-148,12106,-37,-237,-320,-0.01276,-0.01051,1.00188,0.31145,-0.40611,-0.29847
4204,42053,1322,-144,12050,-8,-259,-312,-0.01165,-0.01026,0.99855,0.53282,-0.57405,-0.2374
4205,42063,1330,-130,12076,-9,-265,-317,-0.01116,-0.0094,1.0001,0.52519,-0.61985,-0.27557
4206,42073,1312,-116,12060,-27,-249,-320,-0.01227,-0.00854,0.99914,0.38779,-0.49771,-0.29847
4207,42083,1330,-164,12092,-61,-228,-325,-0.01116,-0.01149,1.00105,0.12824,-0.3374,-0.33664
4208,42093,1338,-122,12036,-103,-192,-328,-0.01067,-0.00891,0.99772,-0.19237,-0.0626,-0.35954
4209,42103,1356,-124,12042,-115,-184,-330,-0.00957,-0.00904,0.99807,-0.28397,-0.00153,-0.37481
4210,42113,1346,-120,12016,-116,-182,-331,-0.01018,-0.00879,0.99653,-0.2916,0.01374,-0.38244
4211,42123,1360,-140,12046,-116,-177,-326,-0.00932,-0.01002,0.99831,-0.2916,0.05191,-0.34427
4212,42133,1356,-136,12080,-112,-179,-319,-0.00957,-0.00977,1.00033,-0.26107,0.03664,-0.29084
4213,42143,1326,-160,12056,-140,-157,-321,-0.01141,-0.01124,0.99891,-0.47481,0.20458,-0.30611
4214,42153,1334,-160,12056,-149,-147,-323,-0.01092,-0.01124,0.99891,-0.54351,0.28092,-0.32137
4215,42163,1306,-132,12142,-171,-129,-333,-0.01264,-0.00953,1.00402,-0.71145,0.41832,-0.39771
4216,42173,1356,-168,12064,-156,-134,-357,-0.00957,-0.01173,0.99938,-0.59695,0.38015,-0.58092
4217,42183,1350,-140,12094,-138,-150,-378,-0.00994,-0.01002,1.00116,-0.45954,0.25802,-0.74122
4218,42193,1346,-164,12032,-138,-144,-400,-0.01018,-0.01149,0.99748,-0.45954,0.30382,-0.90916
4219,42203,1364,-126,12142,-145,-156,-414,-0.00908,-0.00916,1.00402,-0.51298,0.21221,-1.01603
4220,42213,1288,-190,12060,-138,-144,-435,-0.01374,-0.01308,0.99914,-0.45954,0.30382,-1.17634
4221,42223,1300,-150,12084,-141,-116,-452,-0.013,-0.01063,1.00057,-0.48244,0.51756,-1.30611
4222,42233,1268,-180,11992,-112,-158,-449,-0.01497,-0.01247,0.9951,-0.26107,0.19695,-1.28321
4223,42243,1284,-152,11998,-108,-170,-424,-0.01399,-0.01075,0.99546,-0.23053,0.10534,-1.09237
4224,42253,1340,-148,12038,-127,-141,-391,-0.01055,-0.01051,0.99784,-0.37557,0.32672,-0.84046
4225,42263,1264,-198,12074,-136,-121,-354,-0.01521,-0.01357,0.99998,-0.44427,0.47939,-0.55802
4226,42273,1314,-178,12132,-139,-104,-322,-0.01214,-0.01235,1.00342,-0.46718,0.60916,-0.31374
4227,42283,1298,-170,12058,-90,-166,-304,-0.01313,-0.01186,0.99903,-0.09313,0.13588,-0.17634
4228,42293,1298,-156,12030,-64,-195,-299,-0.01313,-0.011,0.99736,0.10534,-0.0855,-0.13817
4229,42303,1336,-180,12086,-47,-219,-289,-0.01079,-0.01247,1.00069,0.23511,-0.2687,-0.06183
4230,42313,1312,-162,12098,-9,-268,-274,-0.01227,-0.01137,1.0014,0.52519,-0.64275,0.05267
4231,42323,1350,-166,12040,44,-329,-267,-0.00994,-0.01161,0.99796,0.92977,-1.1084,0.10611
4232,42333,1366,-154,12038,45,-331,-277,-0.00895,-0.01088,0.99784,0.9374,-1.12366,0.02977
4233,42343,1306,-148,12048,-13,-267,-302,-0.01264,-0.01051,0.99843,0.49466,-0.63511,-0.16107
4234,42353,1334,-122,12032,-60,-227,-318,-0.01092,-0.00891,0.99748,0.13588,-0.32977,-0.28321
4235,42363,1302,-156,12026,-64,-229,-316,-0.01288,-0.011,0.99712,0.10534,-0.34504,-0.26794
4236,42373,1306,-162,12016,-62,-226,-317,-0.01264,-0.01137,0.99653,0.12061,-0.32214,-0.27557
4237,42383,1360,-168,12028,-58,-224,-318,-0.00932,-0.01173,0.99724,0.15115,-0.30687,-0.28321
4238,42393,1356,-160,12046,-58,-224,-315,-0.00957,-0.01124,0.99831,0.15115,-0.30687,-0.26031
4239,42403,1332,-128,12074,-70,-211,-315,-0.01104,-0.00928,0.99998,0.05954,-0.20763,-0.26031
4240,42413,1340,-106,12036,-80,-194,-293,-0.01055,-0.00793,0.99772,-0.01679,-0.07786,-0.09237
4241,42423,1322,-122,12104,-80,-197,-284,-0.01165,-0.00891,1.00176,-0.01679,-0.10076,-0.02366
4242,42433,1312,-190,12058,-72,-215,-280,-0.01227,-0.01308,0.99903,0.04427,-0.23817,0.00687
4243,42443,1324,-160,12014,-61,-228,-277,-0.01153,-0.01124,0.99641,0.12824,-0.3374,0.02977
4244,42453,1332,-138,12084,-81,-186,-275,-0.01104,-0.00989,1.00057,-0.02443,-0.01679,0.04504
4245,42463,1322,-156,12050,-50,-229,-270,-0.01165,-0.011,0.99855,0.21221,-0.34504,0.08321
4246,42473,1346,-184,12052,-23,-247,-252,-0.01018,-0.01272,0.99867,0.41832,-0.48244,0.22061
4247,42483,1342,-144,12026,-8,-262,-253,-0.01043,-0.01026,0.99712,0.53282,-0.59695,0.21298
4248,42493,1332,-154,12030,1,-270,-264,-0.01104,-0.01088,0.99736,0.60153,-0.65802,0.12901
4249,42503,1376,-98,12032,-12,-272,-267,-0.00834,-0.00744,0.99748,0.50229,-0.67328,0.10611
4250,42513,1360,-140,11994,-34,-250,-280,-0.00932,-0.01002,0.99522,0.33435,-0.50534,0.00687
4251,42523,1366,-130,12030,-78,-213,-303,-0.00895,-0.0094,0.99736,-0.00153,-0.2229,-0.1687
4252,42533,1306,-154,12110,-94,-197,-315,-0.01264,-0.01088,1.00212,-0.12366,-0.10076,-0.26031
4253,42543,1294,-162,12108,-48,-204,-304,-0.01337,-0.01137,1.002,0.22748,-0.1542,-0.17634
4254,42553,1322,-156,12118,87,-212,-204,-0.01165,-0.011,1.00259,1.25802,-0.21527,0.58702
4255,42563,1282,-122,12094,257,-195,-114,-0.01411,-0.00891,1.00116,2.55573,-0.0855,1.27405
4256,42573,1320,-150,12072,461,-187,24,-0.01178,-0.01063,0.99986,4.11298,-0.02443,2.32748
4257,42583,1302,-50,12116,581,-167,121,-0.01288,-0.0045,1.00247,5.02901,0.12824,3.06794
4258,42593,1262,-74,12114,678,-161,204,-0.01534,-0.00597,1.00235,5.76947,0.17405,3.70153
4259,42603,1342,-60,12158,855,-201,312,-0.01043,-0.00511,1.00497,7.12061,-0.1313,4.52595
4260,42613,1272,-68,12196,1069,-250,385,-0.01472,-0.0056,1.00723,8.7542,-0.50534,5.08321
4261,42623,1286,-56,12170,1549,-346,574,-0.01386,-0.00486,1.00568,12.41832,-1.23817,6.52595
4262,42633,1354,24,12112,1998,-383,721,-0.00969,4e-05,1.00223,15.8458,-1.52061,7.64809
4263,42643,1392,24,12004,2075,-322,587,-0.00736,4e-05,0.99582,16.43359,-1.05496,6.62519
4264,42653,1406,62,11942,1929,-274,257,-0.0065,0.00237,0.99213,15.31908,-0.68855,4.10611
4265,42663,1458,206,11992,1672,-247,-100,-0.00331,0.01121,0.9951,13.35725,-0.48244,1.38092
4266,42673,1490,268,11848,1415,-217,-217,-0.00134,0.01501,0.98655,11.39542,-0.25344,0.48779
4267,42683,1408,248,11944,1005,-167,-318,-0.00638,0.01378,0.99225,8.26565,0.12824,-0.28321
4268,42693,1396,230,11940,785,-129,-396,-0.00711,0.01268,0.99201,6.58626,0.41832,-0.87863
4269,42703,1406,254,12036,695,-120,-472,-0.0065,0.01415,0.99772,5.89924,0.48702,-1.45878
4270,42713,1408,308,11976,713,-124,-542,-0.00638,0.01746,0.99415,6.03664,0.45649,-1.99313
4271,42723,1340,296,12032,713,-121,-628,-0.01055,0.01673,0.99748,6.03664,0.47939,-2.64962
4272,42733,1362,366,11940,591,-144,-690,-0.0092,0.02102,0.99201,5.10534,0.30382,-3.1229
4273,42743,1320,322,12050,337,-142,-685,-0.01178,0.01832,0.99855,3.16641,0.31908,-3.08473
4274,42753,1326,374,12008,77,-119,-679,-0.01141,0.02151,0.99605,1.18168,0.49466,-3.03893
4275,42763,1326,282,12070,-87,-103,-673,-0.01141,0.01587,0.99974,-0.07023,0.61679,-2.99313
4276,42773,1336,218,12022,-77,-139,-615,-0.01079,0.01194,0.99689,0.00611,0.34198,-2.55038
4277,42783,1328,218,12048,-113,-156,-766,-0.01129,0.01194,0.99843,-0.2687,0.21221,-3.70305
4278,42793,1364,280,12050,-183,-157,-1083,-0.00908,0.01575,0.99855,-0.80305,0.20458,-6.1229
4279,42803,1504,340,12152,-197,-150,-1230,-0.00048,0.01943,1.00461,-0.90992,0.25802,-7.24504
4280,42813,1352,346,12164,-41,-122,-1250,-0.00981,0.01979,1.00532,0.28092,0.47176,-7.39771
4281,42823,1250,314,12090,243,-110,-1084,-0.01607,0.01783,1.00093,2.44885,0.56336,-6.13053
4282,42833,1322,334,12042,374,-102,-893,-0.01165,0.01906,0.99807,3.44885,0.62443,-4.67252
4283,42843,1342,358,12110,384,-97,-886,-0.01043,0.02053,1.00212,3.52519,0.6626,-4.61908
4284,42853,1372,368,12134,529,-106,-987,-0.00859,0.02114,1.00354,4.63206,0.59389,-5.39008
4285,42863,1378,360,12132,826,-158,-1055,-0.00822,0.02065,1.00342,6.89924,0.19695,-5.90916
4286,42873,1380,360,12110,1230,-200,-1074,-0.00809,0.02065,1.00212,9.98321,-0.12366,-6.0542
4287,42883,1396,448,12208,1620,-233,-1158,-0.00711,0.02605,1.00794,12.96031,-0.37557,-6.69542
4288,42893,1382,446,12096,2001,-300,-1311,-0.00797,0.02593,1.00128,15.8687,-0.88702,-7.86336
4289,42903,1308,412,12038,2189,-337,-1409,-0.01251,0.02384,0.99784,17.30382,-1.16947,-8.61145
4290,42913,1030,-56,12132,2254,-442,-1565,-0.02957,-0.00486,1.00342,17.8,-1.97099,-9.80229
4291,42923,1270,190,12244,2448,-679,-1795,-0.01484,0.01023,1.01008,19.28092,-3.78015,-11.55801
4292,42933,1746,1098,12394,3161,-1032,-2266,0.01437,0.06592,1.01899,24.72367,-6.47481,-15.15343
4293,42943,1486,536,12314,4147,-1246,-2852,-0.00159,0.03145,1.01424,32.25038,-8.1084,-19.62672
4294,42953,1436,744,12064,4896,-1491,-3401,-0.00466,0.04421,0.99938,37.96794,-9.97863,-23.81756
4295,42963,1542,1050,11788,4988,-1648,-3147,0.00185,0.06298,0.98298,38.67023,-11.1771,-21.87863
4296,42973,1270,1002,12054,4615,-1483,-2536,-0.01484,0.06003,0.99879,35.8229,-9.91756,-17.2145
4297,42983,1408,1134,11838,4616,-1200,-1452,-0.00638,0.06813,0.98595,35.83053,-7.75725,-8.93969
4298,42993,1444,1536,11934,4330,-998,-613,-0.00417,0.09279,0.99166,33.64733,-6.21527,-2.53511
4299,43003,1448,1960,12010,4242,-894,-289,-0.00392,0.1188,0.99617,32.97557,-5.42137,-0.06183
4300,43013,1492,1670,11870,4431,-791,-528,-0.00122,0.10101,0.98785,34.41832,-4.63511,-1.88626
4301,43023,1354,1734,11928,4350,-673,-648,-0.00969,0.10494,0.9913,33.8,-3.73435,-2.80229
4302,43033,1394,1746,11624,4236,-585,-247,-0.00724,0.10567,0.97324,32.92977,-3.0626,0.25878
4303,43043,1558,1832,11520,2280,-572,267,0.00283,0.11095,0.96706,17.99847,-2.96336,4.18244
4304,43053,1400,1698,11800,1200,-719,256,-0.00687,0.10273,0.9837,9.7542,-4.0855,4.09847
4305,43063,1620,1916,11750,294,-695,359,0.00663,0.1161,0.98072,2.83817,-3.90229,4.88473
4306,43073,1588,1748,11944,-145,-435,428,0.00467,0.10579,0.99225,-0.51298,-1.91756,5.41145
4307,43083,1612,1786,12084,11,-410,425,0.00614,0.10813,1.00057,0.67786,-1.72672,5.38855
4308,43093,1652,1890,11886,311,-408,468,0.0086,0.1145,0.98881,2.96794,-1.71145,5.71679
4309,43103,1766,1912,11890,272,-166,290,0.01559,0.11585,0.98904,2.67023,0.13588,4.35802
4310,43113,1634,1912,11898,258,27,25,0.00749,0.11585,0.98952,2.56336,1.60916,2.33511
4311,43123,1508,1890,11912,275,46,1,-0.00024,0.1145,0.99035,2.69313,1.7542,2.15191
4312,43133,1506,1872,12104,337,26,172,-0.00036,0.1134,1.00176,3.16641,1.60153,3.45725
4313,43143,1558,1850,12114,731,-64,355,0.00283,0.11205,1.00235,6.17405,0.9145,4.8542
4314,43153,1658,1880,11950,1207,-134,372,0.00897,0.11389,0.99261,9.80763,0.38015,4.98397
4315,43163,1692,1870,12074,1408,-229,182,0.01105,0.11328,0.99998,11.34198,-0.34504,3.53359
4316,43173,1664,1906,12064,1796,-398,-83,0.00933,0.11549,0.99938,14.30382,-1.63511,1.51069
4317,43183,1686,1896,12390,2306,-647,-386,0.01068,0.11487,1.01875,18.19695,-3.53588,-0.80229
4318,43193,1690,1812,12078,3355,-1158,-670,0.01093,0.10972,1.00021,26.20458,-7.43664,-2.97023
4319,43203,1764,2774,11912,3754,-1702,-522,0.01547,0.16873,0.99035,29.25038,-11.58931,-1.84046
4320,43213,1766,2348,12022,4224,-1431,-412,0.01559,0.1426,0.99689,32.83817,-9.52061,-1.00076
4321,43223,1628,2316,12124,4823,-1265,-592,0.00712,0.14064,1.00295,37.41069,-8.25344,-2.37481
4322,43233,1708,2630,11662,5529,-1368,-204,0.01203,0.1599,0.9755,42.8,-9.03969,0.58702
4323,43243,1772,2708,11390,5525,-1101,-245,0.01596,0.16468,0.95933,42.76946,-7.00153,0.27405
4324,43253,1814,2808,11306,4516,-763,-408,0.01854,0.17082,0.95434,35.06717,-4.42137,-0.97023
4325,43263,1790,2830,11388,3158,-516,-627,0.01707,0.17216,0.95921,24.70076,-2.53588,-2.64198
4326,43273,1758,2830,11558,1869,-326,-828,0.0151,0.17216,0.96932,14.86107,-1.0855,-4.17634
4327,43283,1658,2826,11882,1248,-288,-874,0.00897,0.17192,0.98857,10.12061,-0.79542,-4.52748
4328,43293,1708,2828,12034,1429,-341,-692,0.01203,0.17204,0.9976,11.50229,-1.2,-3.13817
4329,43303,1752,2892,12032,2132,-547,-455,0.01473,0.17597,0.99748,16.8687,-2.77252,-1.32901
4330,43313,1834,2934,11874,2876,-610,-298,0.01977,0.17854,0.98809,22.54809,-3.25344,-0.13053
4331,43323,1852,3034,11646,3173,-639,-374,0.02087,0.18468,0.97454,24.81527,-3.47481,-0.71069
4332,43333,1788,3096,11848,3069,-700,-518,0.01694,0.18848,0.98655,24.02137,-3.94046,-1.80992
4333,43343,1762,3148,12128,3448,-967,-376,0.01535,0.19167,1.00318,26.91451,-5.97863,-0.72595
4334,43353,1724,3198,12156,4582,-1465,-100,0.01302,0.19474,1.00485,35.57099,-9.78015,1.38092
4335,43363,1774,3330,12168,5748,-2174,229,0.01608,0.20284,1.00556,44.47176,-15.19237,3.89237
4336,43373,1818,3432,12026,6861,-3161,602,0.01878,0.20909,0.99712,52.96794,-22.72672,6.7397
4337,43383,2074,3582,11542,7499,-4337,1055,0.03449,0.21829,0.96837,57.83817,-31.70382,10.19771
4338,43393,2210,3048,11260,7767,-4126,1160,0.04284,0.18554,0.95161,59.88397,-30.09313,10.99924
4339,43403,2412,4272,10986,6867,-4053,1299,0.05524,0.26062,0.93533,53.01374,-29.53588,12.06031
4340,43413,2552,4052,10662,5485,-3428,823,0.06383,0.24712,0.91608,42.46412,-24.76488,8.42672
4341,43423,2654,4492,10722,3512,-2796,128,0.07009,0.27411,0.91964,27.40305,-19.94046,3.12137
4342,43433,2540,4264,10988,2115,-1575,-1147,0.06309,0.26013,0.93545,16.73893,-10.61985,-6.61145
4343,43443,2408,4242,11470,1130,-840,-1608,0.05499,0.25878,0.96409,9.21985,-5.00916,-10.13053
4344,43453,2248,4222,12006,1607,-556,-1490,0.04517,0.25755,0.99594,12.86107,-2.84122,-9.22977
4345,43463,2272,4344,11858,3451,-743,-1017,0.04664,0.26503,0.98714,26.9374,-4.2687,-5.61908
4346,43473,2290,4458,11456,4947,-938,-662,0.04775,0.27203,0.96325,38.35725,-5.75725,-2.90916
4347,43483,2380,4626,11054,5587,-988,-334,0.05327,0.28233,0.93937,43.24275,-6.13893,-0.40534
4348,43493,2536,4714,10774,5060,-869,-163,0.06284,0.28773,0.92273,39.21984,-5.23053,0.9
4349,43503,2550,4794,10780,3756,-339,-251,0.0637,0.29264,0.92309,29.26565,-1.18473,0.22824
4350,43513,2664,4754,10984,2344,93,-557,0.0707,0.29018,0.93521,18.48702,2.11298,-2.10763
4351,43523,2432,4796,11544,1676,-139,-1111,0.05646,0.29276,0.96848,13.38779,0.34198,-6.33664
4352,43533,2518,4850,11214,2195,-769,-1333,0.06174,0.29607,0.94888,17.34962,-4.46718,-8.0313
4353,43543,2426,4938,11302,2268,-1189,-1469,0.05609,0.30147,0.9541,17.90687,-7.67328,-9.06947
4354,43553,2314,5042,11508,2243,-1556,-1379,0.04922,0.30785,0.96634,17.71603,-10.47481,-8.38244
4355,43563,2228,5118,11550,3068,-1480,-728,0.04394,0.31251,0.96884,24.01374,-9.89466,-3.41298
4356,43573,2358,5136,11332,4458,-1363,203,0.05192,0.31362,0.95589,34.62443,-9.00153,3.69389
4357,43583,2582,5262,10814,5045,-1454,755,0.06567,0.32135,0.92511,39.10534,-9.69618,7.90763
4358,43593,2742,5316,10528,4494,-1107,805,0.07549,0.32466,0.90811,34.89923,-7.04733,8.28931
4359,43603,2718,5384,10878,3297,-457,364,0.07401,0.32883,0.92891,25.76183,-2.0855,4.9229
4360,43613,2576,5488,10952,2867,-210,76,0.0653,0.33521,0.93331,22.47939,-0.2,2.72443
4361,43623,2688,5496,10818,2863,29,-17,0.07217,0.3357,0.92535,22.44885,1.62443,2.0145
4362,43633,2762,5502,10610,2511,225,-280,0.07671,0.33607,0.91299,19.76183,3.12061,0.00687
4363,43643,2672,5570,10654,1409,363,-828,0.07119,0.34024,0.9156,11.34962,4.17405,-4.17634
4364,43653,2578,5590,10902,247,288,-1297,0.06542,0.34147,0.93034,2.47939,3.60153,-7.75649
4365,43663,2564,5630,10746,-388,-9,-1445,0.06456,0.34392,0.92107,-2.36794,1.33435,-8.88626
4366,43673,2546,5596,10962,-857,-80,-1488,0.06346,0.34183,0.9339,-5.94809,0.79237,-9.2145
4367,43683,2508,5534,11172,-847,99,-1391,0.06113,0.33803,0.94638,-5.87176,2.15878,-8.47405
4368,43693,2410,5560,11084,-356,101,-1242,0.05511,0.33962,0.94115,-2.12366,2.17405,-7.33664
4369,43703,2396,5598,11054,140,83,-926,0.05425,0.34196,0.93937,1.6626,2.03664,-4.92443
4370,43713,2326,5552,11290,621,23,-537,0.04996,0.33913,0.95339,5.33435,1.57863,-1.95496
4371,43723,2474,5644,10900,1201,-122,-202,0.05904,0.34478,0.93022,9.76183,0.47176,0.60229
4372,43733,2554,5672,10882,1266,-105,-93,0.06395,0.3465,0.92915,10.25802,0.60153,1.43435
4373,43743,2570,5650,10924,1179,-62,-154,0.06493,0.34515,0.93164,9.59389,0.92977,0.9687
4374,43753,2510,5700,10938,1275,-122,-314,0.06125,0.34821,0.93248,10.32672,0.47176,-0.25267
4375,43763,2400,5764,11038,1036,-190,-506,0.0545,0.35214,0.93842,8.50229,-0.04733,-1.71832
4376,43773,2510,5766,10876,1130,-467,-387,0.06125,0.35226,0.92879,9.21985,-2.16183,-0.80992
4377,43783,2514,5778,10982,1143,-589,-271,0.06149,0.353,0.93509,9.31908,-3.09313,0.07557
4378,43793,2520,5808,10926,1407,-540,-215,0.06186,0.35484,0.93176,11.33435,-2.71908,0.50305
4379,43803,2590,5854,10678,1552,-501,-230,0.06616,0.35766,0.91703,12.44122,-2.42137,0.38855
4380,43813,2568,5856,10742,1436,-375,-340,0.06481,0.35778,0.92083,11.55573,-1.45954,-0.45115
4381,43823,2584,5964,10528,1252,-373,-364,0.06579,0.36441,0.90811,10.15114,-1.44427,-0.63435
4382,43833,2534,5942,10458,540,-293,-402,0.06272,0.36306,0.90395,4.71603,-0.83359,-0.92443
4383,43843,2564,5890,10618,-362,-81,-420,0.06456,0.35987,0.91346,-2.16947,0.78473,-1.06183
4384,43853,2550,5884,10724,-1007,174,-451,0.0637,0.3595,0.91976,-7.09313,2.7313,-1.29847
4385,43863,2568,5890,10682,-1403,374,-455,0.06481,0.35987,0.91726,-10.11603,4.25802,-1.32901
4386,43873,2466,5802,10914,-1718,599,-551,0.05855,0.35447,0.93105,-12.52061,5.97557,-2.06183
4387,43883,2462,5786,11006,-1606,415,-543,0.0583,0.35349,0.93652,-11.66565,4.57099,-2.00076
4388,43893,2442,5800,11100,-1236,175,-498,0.05708,0.35435,0.9421,-8.84122,2.73893,-1.65725
4389,43903,2454,5764,11016,-684,-32,-431,0.05781,0.35214,0.93711,-4.62748,1.15878,-1.1458
4390,43913,2456,5772,10968,-157,-175,-354,0.05794,0.35263,0.93426,-0.60458,0.06718,-0.55802
4391,43923,2390,5772,10880,65,-290,-254,0.05389,0.35263,0.92903,1.09008,-0.81069,0.20534
4392,43933,2462,5778,10904,-49,-359,-188,0.0583,0.353,0.93046,0.21985,-1.3374,0.70916
4393,43943,2532,5800,10906,-105,-387,-179,0.0626,0.35435,0.93057,-0.20763,-1.55114,0.77786
4394,43953,2518,5806,10734,-299,-247,-278,0.06174,0.35471,0.92035,-1.68855,-0.48244,0.02214
4395,43963,2498,5808,10840,-565,-75,-342,0.06051,0.35484,0.92665,-3.71908,0.83053,-0.46641
4396,43973,2456,5750,10882,-702,-34,-336,0.05794,0.35128,0.92915,-4.76489,1.14351,-0.42061
4397,43983,2448,5702,10952,-684,-26,-233,0.05744,0.34834,0.93331,-4.62748,1.20458,0.36565
4398,43993,2496,5756,10872,-508,-80,-161,0.06039,0.35165,0.92855,-3.28397,0.79237,0.91527
4399,44003,2510,5704,10824,-625,-37,-178,0.06125,0.34846,0.9257,-4.1771,1.12061,0.7855
4400,44013,2474,5716,11002,-882,39,-275,0.05904,0.34919,0.93628,-6.13893,1.70076,0.04504
4401,44023,2446,5724,11090,-757,12,-305,0.05732,0.34968,0.94151,-5.18473,1.49466,-0.18397
4402,44033,2542,5684,10970,-389,-194,-232,0.06321,0.34723,0.93438,-2.37557,-0.07786,0.37328
4403,44043,2466,5712,10752,-290,-316,-217,0.05855,0.34895,0.92142,-1.61985,-1.00916,0.48779
4404,44053,2484,5714,10882,-609,-226,-187,0.05965,0.34907,0.92915,-4.05496,-0.32214,0.71679
4405,44063,2526,5646,11018,-791,-98,-207,0.06223,0.3449,0.93723,-5.44427,0.65496,0.56412
4406,44073,2508,5652,10886,-673,-8,-306,0.06113,0.34527,0.92939,-4.54351,1.34198,-0.1916
4407,44083,2502,5666,10840,-595,153,-421,0.06076,0.34613,0.92665,-3.94809,2.57099,-1.06947
4408,44093,2418,5646,10902,-676,292,-541,0.0556,0.3449,0.93034,-4.56641,3.63206,-1.9855
4409,44103,2440,5588,10872,-697,310,-536,0.05695,0.34134,0.92855,-4.72672,3.76947,-1.94733
4410,44113,2370,5622,11028,-760,195,-545,0.05266,0.34343,0.93782,-5.20763,2.8916,-2.01603
4411,44123,2374,5564,11042,-667,5,-493,0.0529,0.33987,0.93866,-4.49771,1.44122,-1.61908
4412,44133,2436,5596,11016,-445,-89,-401,0.05671,0.34183,0.93711,-2.80305,0.72366,-0.91679
4413,44143,2452,5566,10858,-365,-95,-349,0.05769,0.33999,0.92772,-2.19237,0.67786,-0.51985
4414,44153,2432,5558,10874,-528,24,-345,0.05646,0.3395,0.92867,-3.43664,1.58626,-0.48931
4415,44163,2396,5538,11004,-567,84,-326,0.05425,0.33828,0.9364,-3.73435,2.04427,-0.34427
4416,44173,2442,5532,10958,-280,-45,-251,0.05708,0.33791,0.93366,-1.54351,1.05954,0.22824
4417,44183,2350,5560,11074,-166,-48,-274,0.05143,0.33962,0.94056,-0.67328,1.03664,0.05267
4418,44193,2424,5556,11008,40,-78,-203,0.05597,0.33938,0.93664,0.89924,0.80763,0.59466
4419,44203,2420,5566,10930,84,-77,-168,0.05573,0.33999,0.932,1.23511,0.81527,0.86183
4420,44213,2448,5584,10856,-202,-64,-174,0.05744,0.3411,0.9276,-0.94809,0.9145,0.81603
4421,44223,2404,5526,10860,-510,-123,-228,0.05474,0.33754,0.92784,-3.29924,0.46412,0.40382
4422,44233,2420,5534,10918,-694,-65,-301,0.05573,0.33803,0.93129,-4.70382,0.90687,-0.15344
4423,44243,2390,5532,11148,-745,-4,-402,0.05389,0.33791,0.94495,-5.09313,1.37252,-0.92443
4424,44253,2370,5506,11116,-325,-92,-397,0.05266,0.33631,0.94305,-1.88702,0.70076,-0.88626
4425,44263,2394,5526,11076,145,-181,-418,0.05413,0.33754,0.94068,1.70076,0.02137,-1.04656
4426,44273,2302,5564,10882,428,-292,-418,0.04849,0.33987,0.92915,3.86107,-0.82595,-1.04656
4427,44283,2392,5562,10886,287,-239,-357,0.05401,0.33975,0.92939,2.78473,-0.42137,-0.58092
4428,44293,2338,5586,10938,77,-186,-327,0.05069,0.34122,0.93248,1.18168,-0.01679,-0.35191
4429,44303,2412,5574,10980,-90,-173,-331,0.05524,0.34048,0.93497,-0.09313,0.08244,-0.38244
4430,44313,2430,5564,11000,-257,-118,-356,0.05634,0.33987,0.93616,-1.36794,0.50229,-0.57328
4431,44323,2394,5544,11044,-149,-141,-345,0.05413,0.33864,0.93877,-0.54351,0.32672,-0.48931
4432,44333,2380,5546,11006,-19,-243,-336,0.05327,0.33877,0.93652,0.44885,-0.45191,-0.42061
4433,44343,2446,5566,10838,-5,-304,-314,0.05732,0.33999,0.92653,0.55573,-0.91756,-0.25267
4434,44353,2418,5574,10874,-409,-189,-339,0.0556,0.34048,0.92867,-2.52824,-0.03969,-0.44351
4435,44363,2448,5510,11030,-728,-134,-364,0.05744,0.33656,0.93794,-4.96336,0.38015,-0.63435
4436,44373,2386,5508,11102,-717,-124,-372,0.05364,0.33644,0.94222,-4.87939,0.45649,-0.69542
4437,44383,2380,5506,11066,-534,-173,-376,0.05327,0.33631,0.94008,-3.48244,0.08244,-0.72595
4438,44393,2434,5462,11152,-139,-165,-313,0.05659,0.33361,0.94519,-0.46718,0.14351,-0.24504
4439,44403,2394,5534,10954,316,-205,-270,0.05413,0.33803,0.93343,3.00611,-0.16183,0.08321
4440,44413,2408,5522,10824,389,-206,-305,0.05499,0.33729,0.9257,3.56336,-0.16947,-0.18397
4441,44423,2442,5480,10890,52,-147,-314,0.05708,0.33472,0.92962,0.99084,0.28092,-0.25267
4442,44433,2396,5524,10912,-382,-67,-370,0.05425,0.33742,0.93093,-2.32214,0.8916,-0.68015
4443,44443,2450,5516,11018,-388,18,-344,0.05757,0.33693,0.93723,-2.36794,1.54046,-0.48168
4444,44453,2466,5508,10950,-271,103,-423,0.05855,0.33644,0.93319,-1.47481,2.18931,-1.08473
4445,44463,2394,5490,10904,-436,180,-554,0.05413,0.33533,0.93046,-2.73435,2.7771,-2.08473
4446,44473,2320,5464,11124,-839,108,-573,0.04959,0.33374,0.94353,-5.81069,2.22748,-2.22977
4447,44483,2324,5430,11080,-614,-53,-471,0.04984,0.33165,0.94091,-4.09313,0.99847,-1.45115
4448,44493,2372,5454,11100,-307,-142,-382,0.05278,0.33312,0.9421,-1.74962,0.31908,-0.77176
4449,44503,2356,5482,10968,-79,-182,-326,0.0518,0.33484,0.93426,-0.00916,0.01374,-0.34427
4450,44513,2334,5474,11050,-15,-185,-322,0.05045,0.33435,0.93913,0.47939,-0.00916,-0.31374
4451,44523,2370,5462,10896,-10,-139,-351,0.05266,0.33361,0.92998,0.51756,0.34198,-0.53511
4452,44533,2362,5480,10910,-146,-99,-403,0.05217,0.33472,0.93081,-0.52061,0.64733,-0.93206
4453,44543,2364,5488,10956,-272,-94,-402,0.05229,0.33521,0.93355,-1.48244,0.6855,-0.92443
4454,44553,2314,5478,10946,-392,-74,-389,0.04922,0.33459,0.93295,-2.39847,0.83817,-0.82519
4455,44563,2302,5526,11046,-486,-45,-399,0.04849,0.33754,0.93889,-3.11603,1.05954,-0.90153
4456,44573,2340,5474,11016,-493,-95,-357,0.05082,0.33435,0.93711,-3.16947,0.67786,-0.58092
4457,44583,2338,5438,11106,-478,-185,-321,0.05069,0.33214,0.94246,-3.05496,-0.00916,-0.30611
4458,44593,2384,5426,11094,-286,-154,-324,0.05352,0.33141,0.94175,-1.58931,0.22748,-0.32901
4459,44603,2370,5420,10958,-100,-106,-424,0.05266,0.33104,0.93366,-0.16947,0.59389,-1.09237
4460,44613,2356,5390,11060,-67,102,-489,0.0518,0.3292,0.93972,0.08244,2.18168,-1.58855
4461,44623,2346,5380,11040,-74,182,-571,0.05119,0.32858,0.93854,0.02901,2.79237,-2.2145
4462,44633,2376,5444,10894,-137,109,-649,0.05303,0.33251,0.92986,-0.45191,2.23511,-2.80992
4463,44643,2310,5436,11018,-364,44,-697,0.04898,0.33202,0.93723,-2.18473,1.73893,-3.17634
4464,44653,2288,5438,11204,-291,2,-643,0.04763,0.33214,0.94828,-1.62748,1.41832,-2.76412
4465,44663,2214,5468,11066,-21,-122,-559,0.04308,0.33398,0.94008,0.43359,0.47176,-2.1229
4466,44673,2210,5494,11240,346,-290,-358,0.04284,0.33558,0.95042,3.23511,-0.81069,-0.58855
4467,44683,2280,5466,11060,738,-514,-72,0.04714,0.33386,0.93972,6.22748,-2.52061,1.59466
4468,44693,2272,5500,10988,695,-527,47,0.04664,0.33594,0.93545,5.89924,-2.61985,2.50305
4469,44703,2322,5508,10884,506,-515,101,0.04971,0.33644,0.92927,4.45649,-2.52824,2.91527
4470,44713,2364,5516,10936,282,-491,123,0.05229,0.33693,0.93236,2.74656,-2.34504,3.08321
4471,44723,2416,5476,10914,15,-392,12,0.05548,0.33447,0.93105,0.7084,-1.58931,2.23588
4472,44733,2448,5494,11040,-167,-220,-146,0.05744,0.33558,0.93854,-0.68092,-0.27634,1.02977
4473,44743,2394,5514,10844,-241,-91,-297,0.05413,0.3368,0.92689,-1.2458,0.7084,-0.1229
4474,44753,2402,5490,10936,-599,55,-439,0.05462,0.33533,0.93236,-3.97863,1.8229,-1.20687
4475,44763,2288,5452,11018,-817,115,-570,0.04763,0.333,0.93723,-5.64275,2.28092,-2.20687
4476,44773,2294,5436,11040,-761,26,-577,0.04799,0.33202,0.93854,-5.21527,1.60153,-2.26031
4477,44783,2280,5408,11078,-648,-64,-574,0.04714,0.3303,0.94079,-4.35267,0.9145,-2.2374
4478,44793,2290,5442,11206,-496,-69,-523,0.04775,0.33239,0.9484,-3.19237,0.87634,-1.84809
4479,44803,2286,5448,10996,-195,-161,-470,0.0475,0.33275,0.93592,-0.89466,0.17405,-1.44351
4480,44813,2306,5446,10954,-153,-175,-420,0.04873,0.33263,0.93343,-0.57405,0.06718,-1.06183
4481,44823,2292,5464,11118,-484,-176,-358,0.04787,0.33374,0.94317,-3.10076,0.05954,-0.58855
4482,44833,2318,5398,11124,-446,-263,-288,0.04947,0.32969,0.94353,-2.81069,-0.60458,-0.0542
4483,44843,2336,5410,11184,-117,-291,-225,0.05057,0.33042,0.94709,-0.29924,-0.81832,0.42672
4484,44853,2364,5398,11050,347,-385,-240,0.05229,0.32969,0.93913,3.24275,-1.53588,0.31221
4485,44863,2300,5466,10928,403,-391,-333,0.04836,0.33386,0.93188,3.67023,-1.58168,-0.39771
4486,44873,2332,5450,10976,165,-328,-419,0.05033,0.33288,0.93473,1.85344,-1.10076,-1.0542
4487,44883,2338,5434,10996,-13,-297,-489,0.05069,0.3319,0.93592,0.49466,-0.86412,-1.58855
4488,44893,2380,5444,10886,-237,-276,-547,0.05327,0.33251,0.92939,-1.21527,-0.70382,-2.0313
4489,44903,2284,5406,10992,-640,-129,-609,0.04738,0.33018,0.93568,-4.2916,0.41832,-2.50458
4490,44913,2290,5450,10936,-767,-39,-627,0.04775,0.33288,0.93236,-5.26107,1.10534,-2.64198
4491,44923,2282,5432,11126,-798,48,-617,0.04726,0.33177,0.94365,-5.49771,1.76947,-2.56565
4492,44933,2220,5440,11216,-586,13,-525,0.04345,0.33226,0.94899,-3.87939,1.50229,-1.86336
4493,44943,2334,5430,11098,-203,-136,-331,0.05045,0.33165,0.94198,-0.95573,0.36489,-0.38244
4494,44953,2270,5434,11024,-26,-260,-243,0.04652,0.3319,0.93759,0.39542,-0.58168,0.28931
4495,44963,2334,5420,10922,126,-395,-204,0.05045,0.33104,0.93152,1.55573,-1.61221,0.58702
4496,44973,2318,5430,10994,22,-368,-239,0.04947,0.33165,0.9358,0.76183,-1.40611,0.31985
4497,44983,2360,5410,10970,-79,-348,-278,0.05204,0.33042,0.93438,-0.00916,-1.25344,0.02214
4498,44993,2350,5444,11008,-111,-253,-340,0.05143,0.33251,0.93664,-0.25344,-0.52824,-0.45115
4499,45003,2322,5374,10968,-165,-167,-377,0.04971,0.32822,0.93426,-0.66565,0.12824,-0.73359
4500,45013,2306,5370,11096,-361,-120,-384,0.04873,0.32797,0.94186,-2.16183,0.48702,-0.78702
4501,45023,2294,5374,11120,-315,-98,-344,0.04799,0.32822,0.94329,-1.81069,0.65496,-0.48168
4502,45033,2326,5390,11064,-88,-136,-312,0.04996,0.3292,0.93996,-0.07786,0.36489,-0.2374
4503,45043,2324,5422,11004,6,-132,-317,0.04984,0.33116,0.9364,0.63969,0.39542,-0.27557
4504,45053,2294,5412,11060,24,-166,-320,0.04799,0.33055,0.93972,0.7771,0.13588,-0.29847
4505,45063,2352,5416,10884,-62,-237,-359,0.05155,0.33079,0.92927,0.12061,-0.40611,-0.59618
4506,45073,2318,5340,11012,-315,-159,-407,0.04947,0.32613,0.93687,-1.81069,0.18931,-0.9626
4507,45083,2292,5408,10906,-368,-108,-441,0.04787,0.3303,0.93057,-2.21527,0.57863,-1.22214
4508,45093,2308,5330,11088,-477,-38,-458,0.04885,0.32552,0.94139,-3.04733,1.11298,-1.35191
4509,45103,2294,5362,11150,-309,-97,-445,0.04799,0.32748,0.94507,-1.76489,0.6626,-1.25267
4510,45113,2318,5326,11110,84,-208,-420,0.04947,0.32527,0.9427,1.23511,-0.18473,-1.06183
4511,45123,2342,5368,10970,317,-273,-427,0.05094,0.32785,0.93438,3.01374,-0.68092,-1.11527
4512,45133,2350,5426,11016,298,-282,-449,0.05143,0.33141,0.93711,2.8687,-0.74962,-1.28321
4513,45143,2332,5470,11058,234,-266,-447,0.05033,0.3341,0.93961,2.38015,-0.62748,-1.26794
4514,45153,2312,5450,11004,229,-267,-391,0.0491,0.33288,0.9364,2.34198,-0.63511,-0.84046
4515,45163,2282,5444,10856,156,-224,-341,0.04726,0.33251,0.9276,1.78473,-0.30687,-0.45878
4516,45173,2294,5436,10952,-172,-142,-355,0.04799,0.33202,0.93331,-0.71908,0.31908,-0.56565
4517,45183,2270,5440,11104,-329,-84,-357,0.04652,0.33226,0.94234,-1.91756,0.76183,-0.58092
4518,45193,2308,5440,11014,-149,-215,-308,0.04885,0.33226,0.93699,-0.54351,-0.23817,-0.20687
4519,45203,2356,5444,10982,-254,-251,-263,0.0518,0.33251,0.93509,-1.34504,-0.51298,0.13664
4520,45213,2350,5376,11028,-308,-197,-321,0.05143,0.32834,0.93782,-1.75725,-0.10076,-0.30611
4521,45223,2290,5364,11140,-170,-93,-363,0.04775,0.3276,0.94448,-0.70382,0.69313,-0.62672
4522,45233,2286,5414,11072,239,-103,-361,0.0475,0.33067,0.94044,2.41832,0.61679,-0.61145
4523,45243,2278,5430,10952,494,-174,-333,0.04701,0.33165,0.93331,4.36489,0.07481,-0.39771
4524,45253,2276,5464,11034,339,-231,-362,0.04689,0.33374,0.93818,3.18168,-0.36031,-0.61908
4525,45263,2322,5444,10960,287,-224,-405,0.04971,0.33251,0.93378,2.78473,-0.30687,-0.94733
4526,45273,2286,5450,10880,80,-126,-423,0.0475,0.33288,0.92903,1.20458,0.44122,-1.08473
4527,45283,2380,5396,10944,-104,-95,-435,0.05327,0.32956,0.93283,-0.2,0.67786,-1.17634
4528,45293,2270,5436,11090,-104,-53,-428,0.04652,0.33202,0.94151,-0.2,0.99847,-1.1229
4529,45303,2318,5436,11004,99,-144,-364,0.04947,0.33202,0.9364,1.34962,0.30382,-0.63435
4530,45313,2308,5436,10918,116,-193,-335,0.04885,0.33202,0.93129,1.47939,-0.07023,-0.41298
4531,45323,2318,5444,10962,-103,-184,-322,0.04947,0.33251,0.9339,-0.19237,-0.00153,-0.31374
4532,45333,2312,5454,11018,-251,-262,-305,0.0491,0.33312,0.93723,-1.32214,-0.59695,-0.18397
4533,45343,2318,5474,11142,-307,-249,-295,0.04947,0.33435,0.9446,-1.74962,-0.49771,-0.10763
4534,45353,2316,5472,11026,-137,-230,-277,0.04934,0.33423,0.9377,-0.45191,-0.35267,0.02977
4535,45363,2350,5488,11006,-98,-149,-317,0.05143,0.33521,0.93652,-0.1542,0.26565,-0.27557
4536,45373,2356,5468,10960,-77,-59,-390,0.0518,0.33398,0.93378,0.00611,0.95267,-0.83282
4537,45383,2322,5468,10852,-200,-24,-438,0.04971,0.33398,0.92737,-0.93282,1.21985,-1.19924
4538,45393,2290,5434,10938,-458,-31,-493,0.04775,0.3319,0.93248,-2.90229,1.16641,-1.61908
4539,45403,2306,5454,11070,-598,-22,-524,0.04873,0.33312,0.94032,-3.97099,1.23511,-1.85573
4540,45413,2306,5432,11146,-593,-49,-548,0.04873,0.33177,0.94483,-3.93282,1.02901,-2.03893
4541,45423,2286,5426,11084,-509,-157,-545,0.0475,0.33141,0.94115,-3.2916,0.20458,-2.01603
4542,45433,2308,5394,10988,-387,-225,-459,0.04885,0.32944,0.93545,-2.36031,-0.3145,-1.35954
4543,45443,2296,5376,11026,-441,-182,-419,0.04812,0.32834,0.9377,-2.77252,0.01374,-1.0542
4544,45453,2246,5374,11086,-441,-210,-430,0.04505,0.32822,0.94127,-2.77252,-0.2,-1.13817
4545,45463,2232,5366,11170,-317,-194,-394,0.04419,0.32772,0.94626,-1.82595,-0.07786,-0.86336
4546,45473,2214,5388,11096,35,-207,-341,0.04308,0.32907,0.94186,0.86107,-0.1771,-0.45878
4547,45483,2284,5390,11046,365,-248,-296,0.04738,0.3292,0.93889,3.38015,-0.49008,-0.11527
4548,45493,2302,5404,11052,507,-254,-295,0.04849,0.33006,0.93925,4.46412,-0.53588,-0.10763
4549,45503,2352,5456,10896,338,-232,-345,0.05155,0.33325,0.92998,3.17405,-0.36794,-0.48931
4550,45513,2292,5426,10922,14,-226,-396,0.04787,0.33141,0.93152,0.70076,-0.32214,-0.87863
4551,45523,2332,5412,11038,-133,-201,-371,0.05033,0.33055,0.93842,-0.42137,-0.1313,-0.68779
4552,45533,2310,5436,11054,-70,-222,-319,0.04898,0.33202,0.93937,0.05954,-0.2916,-0.29084
4553,45543,2252,5436,11020,33,-272,-276,0.04542,0.33202,0.93735,0.8458,-0.67328,0.0374
4554,45553,2354,5402,11020,136,-280,-278,0.05168,0.32993,0.93735,1.63206,-0.73435,0.02214
4555,45563,2300,5420,10972,221,-246,-303,0.04836,0.33104,0.9345,2.28092,-0.47481,-0.1687
4556,45573,2318,5442,11016,248,-178,-343,0.04947,0.33239,0.93711,2.48702,0.04427,-0.47405
4557,45583,2220,5482,10914,79,-108,-374,0.04345,0.33484,0.93105,1.19695,0.57863,-0.71069
4558,45593,2260,5450,11024,-191,-78,-380,0.04591,0.33288,0.93759,-0.86412,0.80763,-0.75649
4559,45603,2334,5422,11024,-291,-106,-371,0.05045,0.33116,0.93759,-1.62748,0.59389,-0.68779
4560,45613,2326,5438,10922,-294,-95,-324,0.04996,0.33214,0.93152,-1.65038,0.67786,-0.32901
4561,45623,2312,5448,11012,-427,12,-283,0.0491,0.33275,0.93687,-2.66565,1.49466,-0.01603
4562,45633,2330,5424,10990,-570,47,-306,0.0502,0.33128,0.93557,-3.75725,1.76183,-0.1916
4563,45643,2288,5396,11114,-580,29,-312,0.04763,0.32956,0.94293,-3.83359,1.62443,-0.2374
4564,45653,2252,5422,11150,-388,-98,-288,0.04542,0.33116,0.94507,-2.36794,0.65496,-0.0542
4565,45663,2294,5408,10946,-213,-155,-255,0.04799,0.3303,0.93295,-1.03206,0.21985,0.19771
4566,45673,2266,5416,11064,-288,-165,-273,0.04628,0.33079,0.93996,-1.60458,0.14351,0.06031
4567,45683,2256,5406,11038,-272,-236,-276,0.04566,0.33018,0.93842,-1.48244,-0.39847,0.0374
4568,45693,2228,5396,11064,-232,-241,-313,0.04394,0.32956,0.93996,-1.1771,-0.43664,-0.24504
4569,45703,2242,5422,11044,3,-271,-316,0.0448,0.33116,0.93877,0.61679,-0.66565,-0.26794
4570,45713,2270,5406,10976,98,-253,-307,0.04652,0.33018,0.93473,1.34198,-0.52824,-0.19924
4571,45723,2288,5434,10926,-6,-200,-359,0.04763,0.3319,0.93176,0.54809,-0.12366,-0.59618
4572,45733,2254,5416,10982,-162,-159,-412,0.04554,0.33079,0.93509,-0.64275,0.18931,-1.00076
4573,45743,2280,5450,10938,-246,-129,-415,0.04714,0.33288,0.93248,-1.28397,0.41832,-1.02366
4574,45753,2196,5430,11188,-275,-80,-384,0.04198,0.33165,0.94733,-1.50534,0.79237,-0.78702
4575,45763,2266,5440,11068,33,-158,-284,0.04628,0.33226,0.9402,0.8458,0.19695,-0.02366
4576,45773,2284,5404,11010,156,-187,-224,0.04738,0.33006,0.93675,1.78473,-0.02443,0.43435
4577,45783,2276,5392,11000,50,-202,-247,0.04689,0.32932,0.93616,0.97557,-0.13893,0.25878
4578,45793,2306,5408,10872,-23,-209,-272,0.04873,0.3303,0.92855,0.41832,-0.19237,0.06794
4579,45803,2362,5416,10972,-294,-126,-290,0.05217,0.33079,0.9345,-1.65038,0.44122,-0.06947
4580,45813,2272,5408,11200,-408,-137,-287,0.04664,0.3303,0.94804,-2.52061,0.35725,-0.04656
4581,45823,2260,5410,11066,-95,-214,-232,0.04591,0.33042,0.94008,-0.1313,-0.23053,0.37328
4582,45833,2232,5408,11162,144,-218,-233,0.04419,0.3303,0.94579,1.69313,-0.26107,0.36565
4583,45843,2318,5388,10930,310,-371,-216,0.04947,0.32907,0.932,2.96031,-1.42901,0.49542
4584,45853,2312,5432,10992,333,-410,-223,0.0491,0.33177,0.93568,3.13588,-1.72672,0.44198
4585,45863,2324,5418,10986,306,-373,-233,0.04984,0.33091,0.93533,2.92977,-1.44427,0.36565
4586,45873,2322,5418,10964,158,-301,-254,0.04971,0.33091,0.93402,1.8,-0.89466,0.20534
4587,45883,2288,5448,10888,-19,-263,-293,0.04763,0.33275,0.9295,0.44885,-0.60458,-0.09237
4588,45893,2310,5442,10998,-284,-190,-299,0.04898,0.33239,0.93604,-1.57405,-0.04733,-0.13817
4589,45903,2270,5454,11062,-341,-134,-260,0.04652,0.33312,0.93984,-2.00916,0.38015,0.15954
4590,45913,2354,5432,10998,-165,-35,-174,0.05168,0.33177,0.93604,-0.66565,1.13588,0.81603
4591,45923,2294,5438,11070,-164,-89,-265,0.04799,0.33214,0.94032,-0.65802,0.72366,0.12137
4592,45933,2324,5426,11040,-104,-188,-324,0.04984,0.33141,0.93854,-0.2,-0.03206,-0.32901
4593,45943,2312,5408,10984,29,-236,-359,0.0491,0.3303,0.93521,0.81527,-0.39847,-0.59618
4594,45953,2308,5390,11046,32,-225,-390,0.04885,0.3292,0.93889,0.83817,-0.3145,-0.83282
4595,45963,2356,5422,11056,55,-232,-445,0.0518,0.33116,0.93949,1.01374,-0.36794,-1.25267
4596,45973,2298,5430,11052,51,-247,-502,0.04824,0.33165,0.93925,0.98321,-0.48244,-1.68779
4597,45983,2320,5464,10998,-10,-277,-554,0.04959,0.33374,0.93604,0.51756,-0.71145,-2.08473
4598,45993,2354,5466,10868,-155,-260,-596,0.05168,0.33386,0.92832,-0.58931,-0.58168,-2.40534
4599,46003,2306,5428,11066,-394,-166,-619,0.04873,0.33153,0.94008,-2.41374,0.13588,-2.58092
4600,46013,2308,5464,11028,-306,-167,-623,0.04885,0.33374,0.93782,-1.74198,0.12824,-2.61145
4601,46023,2220,5432,11060,-192,-158,-590,0.04345,0.33177,0.93972,-0.87176,0.19695,-2.35954
4602,46033,2220,5490,10988,-95,-247,-511,0.04345,0.33533,0.93545,-0.1313,-0.48244,-1.75649
4603,46043,2300,5424,11060,-50,-291,-371,0.04836,0.33128,0.93972,0.21221,-0.81832,-0.68779
4604,46053,2320,5418,10988,-58,-222,-305,0.04959,0.33091,0.93545,0.15115,-0.2916,-0.18397
4605,46063,2266,5446,10954,-150,-210,-288,0.04628,0.33263,0.93343,-0.55115,-0.2,-0.0542
4606,46073,2318,5442,11008,-352,-134,-316,0.04947,0.33239,0.93664,-2.09313,0.38015,-0.26794
4607,46083,2274,5432,10988,-550,-91,-371,0.04677,0.33177,0.93545,-3.60458,0.7084,-0.68779
4608,46093,2352,5464,10970,-604,-75,-419,0.05155,0.33374,0.93438,-4.01679,0.83053,-1.0542
4609,46103,2330,5398,11082,-628,-39,-500,0.0502,0.32969,0.94103,-4.2,1.10534,-1.67252
4610,46113,2258,5398,11144,-534,-20,-580,0.04579,0.32969,0.94472,-3.48244,1.25038,-2.28321
4611,46123,2302,5374,11048,-388,-46,-565,0.04849,0.32822,0.93901,-2.36794,1.05191,-2.1687
4612,46133,2266,5410,11158,-309,-63,-534,0.04628,0.33042,0.94555,-1.76489,0.92214,-1.93206
4613,46143,2204,5384,11144,-87,-165,-476,0.04247,0.32883,0.94472,-0.07023,0.14351,-1.48931
4614,46153,2330,5378,11084,234,-311,-389,0.0502,0.32846,0.94115,2.38015,-0.97099,-0.82519
4615,46163,2276,5438,10972,430,-394,-387,0.04689,0.33214,0.9345,3.87634,-1.60458,-0.80992
4616,46173,2326,5402,10978,367,-380,-399,0.04996,0.32993,0.93485,3.39542,-1.49771,-0.90153
4617,46183,2282,5418,11050,200,-299,-360,0.04726,0.33091,0.93913,2.12061,-0.87939,-0.60382
4618,46193,2274,5418,11006,166,-242,-331,0.04677,0.33091,0.93652,1.86107,-0.44427,-0.38244
4619,46203,2264,5482,11020,123,-196,-276,0.04615,0.33484,0.93735,1.53282,-0.09313,0.0374
4620,46213,2320,5470,10996,123,-240,-214,0.04959,0.3341,0.93592,1.53282,-0.42901,0.51069
4621,46223,2278,5448,11062,101,-247,-221,0.04701,0.33275,0.93984,1.36489,-0.48244,0.45725
4622,46233,2316,5458,10926,61,-213,-257,0.04934,0.33337,0.93176,1.05954,-0.2229,0.18244
4623,46243,2284,5396,10996,-93,-197,-311,0.04738,0.32956,0.93592,-0.11603,-0.10076,-0.22977
4624,46253,2308,5432,11086,-222,-190,-383,0.04885,0.33177,0.94127,-1.10076,-0.04733,-0.77939
4625,46263,2284,5446,11084,-60,-232,-362,0.04738,0.33263,0.94115,0.13588,-0.36794,-0.61908
4626,46273,2326,5434,10918,25,-265,-398,0.04996,0.3319,0.93129,0.78473,-0.61985,-0.89389
4627,46283,2286,5418,10992,-139,-224,-414,0.0475,0.33091,0.93568,-0.46718,-0.30687,-1.01603
4628,46293,2272,5446,10992,-252,-194,-397,0.04664,0.33263,0.93568,-1.32977,-0.07786,-0.88626
4629,46303,2300,5446,11030,-126,-243,-386,0.04836,0.33263,0.93794,-0.36794,-0.45191,-0.80229
4630,46313,2244,5418,11030,-95,-258,-416,0.04493,0.33091,0.93794,-0.1313,-0.56641,-1.0313
4631,46323,2290,5450,10996,-15,-278,-362,0.04775,0.33288,0.93592,0.47939,-0.71908,-0.61908
4632,46333,2296,5452,10972,-54,-298,-318,0.04812,0.333,0.9345,0.18168,-0.87176,-0.28321
4633,46343,2284,5448,10984,-128,-248,-299,0.04738,0.33275,0.93521,-0.38321,-0.49008,-0.13817
4634,46353,2316,5390,11060,-193,-152,-275,0.04934,0.3292,0.93972,-0.87939,0.24275,0.04504
4635,46363,2340,5406,11170,-136,-130,-278,0.05082,0.33018,0.94626,-0.44427,0.41069,0.02214
4636,46373,2320,5432,11016,-37,-155,-298,0.04959,0.33177,0.93711,0.31145,0.21985,-0.13053
4637,46383,2352,5454,10972,-17,-187,-333,0.05155,0.33312,0.9345,0.46412,-0.02443,-0.39771
4638,46393,2290,5442,10996,-38,-224,-374,0.04775,0.33239,0.93592,0.30382,-0.30687,-0.71069
4639,46403,2300,5442,11002,-99,-257,-405,0.04836,0.33239,0.93628,-0.16183,-0.55878,-0.94733
4640,46413,2334,5420,10868,-175,-291,-419,0.05045,0.33104,0.92832,-0.74198,-0.81832,-1.0542
4641,46423,2278,5422,10926,-426,-278,-449,0.04701,0.33116,0.93176,-2.65802,-0.71908,-1.28321
4642,46433,2280,5438,11022,-628,-250,-467,0.04714,0.33214,0.93747,-4.2,-0.50534,-1.42061
4643,46443,2346,5408,11048,-583,-251,-428,0.05119,0.3303,0.93901,-3.85649,-0.51298,-1.1229
4644,46453,2318,5410,11066,-399,-266,-390,0.04947,0.33042,0.94008,-2.45191,-0.62748,-0.83282
4645,46463,2266,5420,11038,-166,-241,-366,0.04628,0.33104,0.93842,-0.67328,-0.43664,-0.64962
4646,46473,2322,5406,11008,-124,-242,-328,0.04971,0.33018,0.93664,-0.35267,-0.44427,-0.35954
4647,46483,2308,5420,11146,-86,-244,-300,0.04885,0.33104,0.94483,-0.0626,-0.45954,-0.1458
4648,46493,2272,5418,11042,74,-248,-256,0.04664,0.33091,0.93866,1.15878,-0.49008,0.19008
4649,46503,2358,5444,10856,107,-233,-260,0.05192,0.33251,0.9276,1.41069,-0.37557,0.15954
4650,46513,2380,5402,10944,-225,-153,-334,0.05327,0.32993,0.93283,-1.12366,0.23511,-0.40534
4651,46523,2334,5402,11004,-390,-91,-357,0.05045,0.32993,0.9364,-2.38321,0.7084,-0.58092
4652,46533,2334,5368,11096,-401,-56,-386,0.05045,0.32785,0.94186,-2.46718,0.97557,-0.80229
4653,46543,2242,5392,11138,-356,-104,-409,0.0448,0.32932,0.94436,-2.12366,0.60916,-0.97786
4654,46553,2312,5404,11080,-148,-210,-393,0.0491,0.33006,0.94091,-0.53588,-0.2,-0.85573
4655,46563,2374,5380,11078,3,-252,-413,0.0529,0.32858,0.94079,0.61679,-0.52061,-1.0084
4656,46573,2326,5422,10960,32,-238,-451,0.04996,0.33116,0.93378,0.83817,-0.41374,-1.29847
4657,46583,2288,5406,10956,-112,-165,-478,0.04763,0.33018,0.93355,-0.26107,0.14351,-1.50458
4658,46593,2264,5398,11136,-179,-127,-512,0.04615,0.32969,0.94424,-0.77252,0.43359,-1.76412
4659,46603,2302,5396,11090,64,-223,-461,0.04849,0.32956,0.94151,1.08244,-0.29924,-1.37481
4660,46613,2286,5442,11066,246,-283,-395,0.0475,0.33239,0.94008,2.47176,-0.75725,-0.87099
4661,46623,2322,5434,10990,282,-341,-373,0.04971,0.3319,0.93557,2.74656,-1.2,-0.70305
4662,46633,2346,5386,10930,-23,-244,-381,0.05119,0.32895,0.932,0.41832,-0.45954,-0.76412
4663,46643,2322,5398,10936,-231,-122,-358,0.04971,0.32969,0.93236,-1.16947,0.47176,-0.58855
4664,46653,2320,5436,11064,-288,-74,-349,0.04959,0.33202,0.93996,-1.60458,0.83817,-0.51985
4665,46663,2252,5436,11118,-133,-107,-298,0.04542,0.33202,0.94317,-0.42137,0.58626,-0.13053
4666,46673,2330,5426,11040,130,-195,-268,0.0502,0.33141,0.93854,1.58626,-0.0855,0.09847
4667,46683,2372,5428,10958,256,-259,-332,0.05278,0.33153,0.93366,2.54809,-0.57405,-0.39008
4668,46693,2332,5422,10956,178,-286,-386,0.05033,0.33116,0.93355,1.95267,-0.78015,-0.80229
4669,46703,2356,5474,10980,77,-318,-418,0.0518,0.33435,0.93497,1.18168,-1.02443,-1.04656
4670,46713,2338,5454,10942,-65,-269,-467,0.05069,0.33312,0.93271,0.09771,-0.65038,-1.42061
4671,46723,2324,5474,10954,-148,-201,-451,0.04984,0.33435,0.93343,-0.53588,-0.1313,-1.29847
4672,46733,2286,5434,10944,-80,-140,-412,0.0475,0.3319,0.93283,-0.01679,0.33435,-1.00076
4673,46743,2304,5470,10964,-109,-108,-363,0.04861,0.3341,0.93402,-0.23817,0.57863,-0.62672
4674,46753,2242,5460,11090,-201,-145,-331,0.0448,0.33349,0.94151,-0.94046,0.29618,-0.38244
4675,46763,2326,5442,11148,-30,-235,-273,0.04996,0.33239,0.94495,0.36489,-0.39084,0.06031
4676,46773,2306,5454,11056,212,-280,-255,0.04873,0.33312,0.93949,2.21221,-0.73435,0.19771
4677,46783,2360,5428,10968,252,-274,-246,0.05204,0.33153,0.93426,2.51756,-0.68855,0.26641
4678,46793,2318,5456,11004,18,-215,-305,0.04947,0.33325,0.9364,0.7313,-0.23817,-0.18397
4679,46803,2362,5486,11060,-41,-225,-322,0.05217,0.33509,0.93972,0.28092,-0.3145,-0.31374
4680,46813,2324,5436,11026,6,-191,-309,0.04984,0.33202,0.9377,0.63969,-0.05496,-0.2145
4681,46823,2356,5440,10946,49,-183,-327,0.0518,0.33226,0.93295,0.96794,0.00611,-0.35191
4682,46833,2346,5454,10946,-60,-159,-375,0.05119,0.33312,0.93295,0.13588,0.18931,-0.71832
4683,46843,2378,5446,10980,-264,-149,-434,0.05315,0.33263,0.93497,-1.42137,0.26565,-1.1687
4684,46853,2290,5470,11148,-234,-159,-463,0.04775,0.3341,0.94495,-1.19237,0.18931,-1.39008
4685,46863,2364,5498,10958,-94,-222,-435,0.05229,0.33582,0.93366,-0.12366,-0.2916,-1.17634
4686,46873,2294,5466,11056,-149,-204,-484,0.04799,0.33386,0.93949,-0.54351,-0.1542,-1.55038
4687,46883,2300,5504,11068,26,-237,-467,0.04836,0.33619,0.9402,0.79237,-0.40611,-1.42061
4688,46893,2314,5538,11016,211,-277,-448,0.04922,0.33828,0.93711,2.20458,-0.71145,-1.27557
4689,46903,2306,5472,10920,225,-238,-437,0.04873,0.33423,0.93141,2.31145,-0.41374,-1.1916
4690,46913,2320,5498,10958,210,-182,-351,0.04959,0.33582,0.93366,2.19695,0.01374,-0.53511
4691,46923,2306,5502,10986,181,-133,-298,0.04873,0.33607,0.93533,1.97557,0.38779,-0.13053
4692,46933,2280,5520,11062,169,-98,-265,0.04714,0.33717,0.93984,1.88397,0.65496,0.12137
4693,46943,2266,5510,10950,204,-114,-228,0.04628,0.33656,0.93319,2.15114,0.53282,0.40382
4694,46953,2260,5530,10834,40,-122,-231,0.04591,0.33778,0.9263,0.89924,0.47176,0.38092
4695,46963,2292,5534,10874,-241,-167,-200,0.04787,0.33803,0.92867,-1.2458,0.12824,0.61756
4696,46973,2318,5508,10982,-584,-170,-205,0.04947,0.33644,0.93509,-3.86412,0.10534,0.57939
4697,46983,2346,5460,10940,-626,-163,-204,0.05119,0.33349,0.93259,-4.18473,0.15878,0.58702
4698,46993,2352,5466,11036,-763,-70,-272,0.05155,0.33386,0.9383,-5.23053,0.8687,0.06794
4699,47003,2288,5420,11072,-749,-78,-354,0.04763,0.33104,0.94044,-5.12366,0.80763,-0.55802
4700,47013,2322,5392,11156,-563,-107,-421,0.04971,0.32932,0.94543,-3.70382,0.58626,-1.06947
4701,47023,2320,5452,11120,-292,-155,-445,0.04959,0.333,0.94329,-1.63511,0.21985,-1.25267
4702,47033,2318,5420,11178,-30,-195,-421,0.04947,0.33104,0.94674,0.36489,-0.0855,-1.06947
4703,47043,2346,5468,11030,169,-245,-374,0.05119,0.33398,0.93794,1.88397,-0.46718,-0.71069
4704,47053,2360,5470,11040,153,-253,-378,0.05204,0.3341,0.93854,1.76183,-0.52824,-0.74122
4705,47063,2354,5442,11050,108,-254,-398,0.05168,0.33239,0.93913,1.41832,-0.53588,-0.89389
4706,47073,2380,5516,10922,150,-280,-390,0.05327,0.33693,0.93152,1.73893,-0.73435,-0.83282
4707,47083,2316,5514,10896,66,-258,-428,0.04934,0.3368,0.92998,1.09771,-0.56641,-1.1229
4708,47093,2328,5490,10962,-217,-166,-446,0.05008,0.33533,0.9339,-1.0626,0.13588,-1.26031
4709,47103,2266,5514,11004,-384,-140,-460,0.04628,0.3368,0.9364,-2.3374,0.33435,-1.36718
4710,47113,2298,5428,11060,-443,-140,-472,0.04824,0.33153,0.93972,-2.78779,0.33435,-1.45878
4711,47123,2298,5446,11136,-376,-172,-478,0.04824,0.33263,0.94424,-2.27634,0.09008,-1.50458
4712,47133,2292,5462,10988,-114,-243,-452,0.04787,0.33361,0.93545,-0.27634,-0.45191,-1.30611
4713,47143,2300,5444,11036,27,-280,-416,0.04836,0.33251,0.9383,0.8,-0.73435,-1.0313
4714,47153,2284,5438,11066,105,-268,-385,0.04738,0.33214,0.94008,1.39542,-0.64275,-0.79466
4715,47163,2300,5458,11034,196,-292,-399,0.04836,0.33337,0.93818,2.09008,-0.82595,-0.90153
4716,47173,2312,5446,11086,325,-318,-414,0.0491,0.33263,0.94127,3.07481,-1.02443,-1.01603
4717,47183,2302,5546,10992,433,-296,-359,0.04849,0.33877,0.93568,3.89924,-0.85649,-0.59618
4718,47193,2350,5500,10874,322,-272,-338,0.05143,0.33594,0.92867,3.05191,-0.67328,-0.43588
4719,47203,2382,5504,10888,11,-215,-307,0.05339,0.33619,0.9295,0.67786,-0.23817,-0.19924
4720,47213,2282,5498,10960,-304,-164,-313,0.04726,0.33582,0.93378,-1.72672,0.15115,-0.24504
4721,47223,2348,5470,11056,-313,-164,-306,0.05131,0.3341,0.93949,-1.79542,0.15115,-0.1916
4722,47233,2322,5456,11028,-89,-206,-296,0.04971,0.33325,0.93782,-0.0855,-0.16947,-0.11527
4723,47243,2358,5514,10916,9,-201,-337,0.05192,0.3368,0.93117,0.6626,-0.1313,-0.42824
4724,47253,2312,5530,11000,-150,-196,-423,0.0491,0.33778,0.93616,-0.55115,-0.09313,-1.08473
4725,47263,2294,5472,11044,-288,-243,-450,0.04799,0.33423,0.93877,-1.60458,-0.45191,-1.29084
4726,47273,2298,5442,10990,-248,-218,-456,0.04824,0.33239,0.93557,-1.29924,-0.26107,-1.33664
4727,47283,2332,5460,10926,-185,-172,-447,0.05033,0.33349,0.93176,-0.81832,0.09008,-1.26794
4728,47293,2308,5494,10938,-289,-154,-438,0.04885,0.33558,0.93248,-1.61221,0.22748,-1.19924
4729,47303,2286,5522,10938,-294,-159,-419,0.0475,0.33729,0.93248,-1.65038,0.18931,-1.0542
4730,47313,2322,5502,11014,-90,-158,-381,0.04971,0.33607,0.93699,-0.09313,0.19695,-0.76412
4731,47323,2322,5472,10968,51,-180,-376,0.04971,0.33423,0.93426,0.98321,0.02901,-0.72595
4732,47333,2342,5472,11060,8,-307,-343,0.05094,0.33423,0.93972,0.65496,-0.94046,-0.47405
4733,47343,2350,5486,10898,163,-349,-297,0.05143,0.33509,0.9301,1.83817,-1.26107,-0.1229
4734,47353,2328,5478,10976,121,-285,-302,0.05008,0.33459,0.93473,1.51756,-0.77252,-0.16107
4735,47363,2342,5488,10968,33,-215,-320,0.05094,0.33521,0.93426,0.8458,-0.23817,-0.29847
4736,47373,2352,5492,11062,-1,-189,-343,0.05155,0.33545,0.93984,0.58626,-0.03969,-0.47405
4737,47383,2342,5526,11010,52,-210,-350,0.05094,0.33754,0.93675,0.99084,-0.2,-0.52748
4738,47393,2344,5532,10992,34,-187,-371,0.05106,0.33791,0.93568,0.85344,-0.02443,-0.68779
4739,47403,2304,5504,11022,-105,-150,-391,0.04861,0.33619,0.93747,-0.20763,0.25802,-0.84046
4740,47413,2324,5524,10946,-180,-120,-360,0.04984,0.33742,0.93295,-0.78015,0.48702,-0.60382
4741,47423,2356,5498,10992,-181,-132,-352,0.0518,0.33582,0.93568,-0.78779,0.39542,-0.54275
4742,47433,2320,5472,11006,-103,-172,-346,0.04959,0.33423,0.93652,-0.19237,0.09008,-0.49695
4743,47443,2346,5508,10830,-9,-248,-332,0.05119,0.33644,0.92606,0.52519,-0.49008,-0.39008
4744,47453,2326,5488,10996,-123,-206,-375,0.04996,0.33521,0.93592,-0.34504,-0.16947,-0.71832
4745,47463,2308,5510,10968,-190,-216,-395,0.04885,0.33656,0.93426,-0.85649,-0.2458,-0.87099
4746,47473,2314,5494,11012,-282,-229,-368,0.04922,0.33558,0.93687,-1.55878,-0.34504,-0.66489
4747,47483,2352,5474,10978,-316,-246,-375,0.05155,0.33435,0.93485,-1.81832,-0.47481,-0.71832
4748,47493,2350,5470,10986,-246,-227,-370,0.05143,0.3341,0.93533,-1.28397,-0.32977,-0.68015
4749,47503,2300,5468,10936,-179,-264,-376,0.04836,0.33398,0.93236,-0.77252,-0.61221,-0.72595
4750,47513,2312,5492,11072,-169,-241,-399,0.0491,0.33545,0.94044,-0.69618,-0.43664,-0.90153
4751,47523,2324,5506,10984,-106,-240,-392,0.04984,0.33631,0.93521,-0.21527,-0.42901,-0.84809
4752,47533,2382,5536,10970,-145,-245,-409,0.05339,0.33815,0.93438,-0.51298,-0.46718,-0.97786
4753,47543,2376,5468,10944,-245,-265,-431,0.05303,0.33398,0.93283,-1.27634,-0.61985,-1.1458
4754,47553,2394,5480,10874,-420,-336,-483,0.05413,0.33472,0.92867,-2.61221,-1.16183,-1.54275
4755,47563,2388,5450,10940,-724,-315,-578,0.05376,0.33288,0.93259,-4.93282,-1.00153,-2.26794
4756,47573,2356,5432,10892,-950,-230,-636,0.0518,0.33177,0.92974,-6.65802,-0.35267,-2.71069
4757,47583,2304,5436,11096,-1031,-114,-629,0.04861,0.33202,0.94186,-7.27634,0.53282,-2.65725
4758,47593,2300,5428,11090,-929,-15,-533,0.04836,0.33153,0.94151,-6.49771,1.28855,-1.92443
4759,47603,2274,5398,11146,-676,-34,-403,0.04677,0.32969,0.94483,-4.56641,1.14351,-0.93206
4760,47613,2308,5434,11058,-330,-164,-293,0.04885,0.3319,0.93961,-1.92519,0.15115,-0.09237
4761,47623,2308,5386,11104,-167,-211,-241,0.04885,0.32895,0.94234,-0.68092,-0.20763,0.30458
4762,47633,2328,5416,11054,18,-262,-250,0.05008,0.33079,0.93937,0.7313,-0.59695,0.23588
4763,47643,2376,5382,11042,172,-294,-282,0.05303,0.32871,0.93866,1.90687,-0.84122,-0.0084
4764,47653,2408,5392,10892,169,-318,-351,0.05499,0.32932,0.92974,1.88397,-1.02443,-0.53511
4765,47663,2366,5448,10900,10,-253,-417,0.05241,0.33275,0.93022,0.67023,-0.52824,-1.03893
4766,47673,2304,5382,11150,-136,-166,-408,0.04861,0.32871,0.94507,-0.44427,0.13588,-0.97023
4767,47683,2284,5420,11084,-24,-155,-342,0.04738,0.33104,0.94115,0.41069,0.21985,-0.46641
4768,47693,2318,5440,11010,168,-199,-271,0.04947,0.33226,0.93675,1.87634,-0.11603,0.07557
4769,47703,2304,5444,11030,314,-281,-208,0.04861,0.33251,0.93794,2.99084,-0.74198,0.55649
4770,47713,2334,5466,10986,388,-310,-156,0.05045,0.33386,0.93533,3.55573,-0.96336,0.95344
4771,47723,2328,5424,10986,390,-298,-147,0.05008,0.33128,0.93533,3.57099,-0.87176,1.02214
4772,47733,2338,5478,10968,303,-237,-182,0.05069,0.33459,0.93426,2.90687,-0.40611,0.75496
4773,47743,2368,5448,11002,229,-219,-210,0.05254,0.33275,0.93628,2.34198,-0.2687,0.54122
4774,47753,2376,5484,10882,134,-217,-219,0.05303,0.33496,0.92915,1.61679,-0.25344,0.47252
4775,47763,2350,5500,11046,21,-198,-279,0.05143,0.33594,0.93889,0.7542,-0.1084,0.0145
4776,47773,2360,5484,11078,-9,-166,-341,0.05204,0.33496,0.94079,0.52519,0.13588,-0.45878
4777,47783,2318,5508,11048,56,-141,-357,0.04947,0.33644,0.93901,1.02137,0.32672,-0.58092
4778,47793,2368,5486,11052,196,-197,-326,0.05254,0.33509,0.93925,2.09008,-0.10076,-0.34427
4779,47803,2378,5478,10944,146,-196,-296,0.05315,0.33459,0.93283,1.7084,-0.09313,-0.11527
4780,47813,2364,5486,11038,-22,-212,-331,0.05229,0.33509,0.93842,0.42595,-0.21527,-0.38244
4781,47823,2328,5494,11088,108,-267,-341,0.05008,0.33558,0.94139,1.41832,-0.63511,-0.45878
4782,47833,2390,5508,11048,359,-295,-307,0.05389,0.33644,0.93901,3.33435,-0.84885,-0.19924
4783,47843,2388,5520,10868,382,-315,-298,0.05376,0.33717,0.92832,3.50992,-1.00153,-0.13053
4784,47853,2406,5516,10918,199,-292,-283,0.05487,0.33693,0.93129,2.11298,-0.82595,-0.01603
4785,47863,2354,5500,10898,-13,-210,-309,0.05168,0.33594,0.9301,0.49466,-0.2,-0.2145
4786,47873,2334,5582,10974,-51,-188,-250,0.05045,0.34097,0.93461,0.20458,-0.03206,0.23588
4787,47883,2356,5580,10948,-2,-243,-123,0.0518,0.34085,0.93307,0.57863,-0.45191,1.20534
4788,47893,2420,5548,10924,-101,-187,-119,0.05573,0.33889,0.93164,-0.1771,-0.02443,1.23588
4789,47903,2420,5524,10932,-215,-153,-174,0.05573,0.33742,0.93212,-1.04733,0.23511,0.81603
4790,47913,2400,5508,10952,-246,-180,-309,0.0545,0.33644,0.93331,-1.28397,0.02901,-0.2145
4791,47923,2366,5466,10912,-328,-134,-440,0.05241,0.33386,0.93093,-1.90992,0.38015,-1.2145
4792,47933,2370,5520,11130,-268,-60,-479,0.05266,0.33717,0.94388,-1.45191,0.94504,-1.51221
4793,47943,2376,5516,10982,84,-171,-432,0.05303,0.33693,0.93509,1.23511,0.09771,-1.15344
4794,47953,2408,5532,10944,200,-277,-412,0.05499,0.33791,0.93283,2.12061,-0.71145,-1.00076
4795,47963,2356,5536,10946,75,-322,-437,0.0518,0.33815,0.93295,1.16641,-1.05496,-1.1916
4796,47973,2360,5554,11068,54,-305,-413,0.05204,0.33926,0.9402,1.00611,-0.92519,-1.0084
4797,47983,2376,5540,10952,309,-316,-341,0.05303,0.3384,0.93331,2.95267,-1.00916,-0.45878
4798,47993,2356,5584,10950,461,-300,-258,0.0518,0.3411,0.93319,4.11298,-0.88702,0.17481
4799,48003,2364,5594,10860,484,-274,-191,0.05229,0.34171,0.92784,4.28855,-0.68855,0.68626
4800,48013,2384,5620,10856,217,-179,-189,0.05352,0.34331,0.9276,2.25038,0.03664,0.70153
4801,48023,2412,5580,10800,-154,-94,-238,0.05524,0.34085,0.92428,-0.58168,0.6855,0.32748
4802,48033,2442,5502,11012,-614,51,-361,0.05708,0.33607,0.93687,-4.09313,1.79237,-0.61145
4803,48043,2362,5558,11022,-617,39,-470,0.05217,0.3395,0.93747,-4.11603,1.70076,-1.44351
4804,48053,2398,5530,10982,-427,-14,-533,0.05438,0.33778,0.93509,-2.66565,1.29618,-1.92443
4805,48063,2378,5534,10926,-249,-55,-571,0.05315,0.33803,0.93176,-1.30687,0.98321,-2.2145
4806,48073,2382,5542,10844,-279,-66,-632,0.05339,0.33852,0.92689,-1.53588,0.89924,-2.68015
4807,48083,2362,5506,10886,-425,-84,-707,0.05217,0.33631,0.92939,-2.65038,0.76183,-3.25267
4808,48093,2316,5518,10840,-575,-101,-774,0.04934,0.33705,0.92665,-3.79542,0.63206,-3.76412
4809,48103,2274,5520,11112,-768,-149,-773,0.04677,0.33717,0.94281,-5.2687,0.26565,-3.75649
4810,48113,2312,5516,11018,-521,-263,-651,0.0491,0.33693,0.93723,-3.38321,-0.60458,-2.82519
4811,48123,2306,5502,11092,-396,-204,-479,0.04873,0.33607,0.94163,-2.42901,-0.1542,-1.51221
4812,48133,2338,5444,11098,-22,-288,-371,0.05069,0.33251,0.94198,0.42595,-0.79542,-0.68779
4813,48143,2364,5488,10976,282,-346,-309,0.05229,0.33521,0.93473,2.74656,-1.23817,-0.2145
4814,48153,2374,5536,10814,127,-281,-354,0.0529,0.33815,0.92511,1.56336,-0.74198,-0.55802
4815,48163,2382,5530,10918,-299,-100,-416,0.05339,0.33778,0.93129,-1.68855,0.63969,-1.0313
4816,48173,2366,5494,10954,-572,-42,-448,0.05241,0.33558,0.93343,-3.77252,1.08244,-1.27557
4817,48183,2234,5496,11270,-561,28,-470,0.04431,0.3357,0.9522,-3.68855,1.61679,-1.44351
4818,48193,2306,5490,11076,-238,-79,-395,0.04873,0.33533,0.94068,-1.2229,0.8,-0.87099
4819,48203,2352,5504,11060,-10,-159,-328,0.05155,0.33619,0.93972,0.51756,0.18931,-0.35954
4820,48213,2298,5454,11032,149,-195,-259,0.04824,0.33312,0.93806,1.7313,-0.0855,0.16718
4821,48223,2302,5502,11058,341,-301,-235,0.04849,0.33607,0.93961,3.19695,-0.89466,0.35038
4822,48233,2320,5468,10936,550,-384,-206,0.04959,0.33398,0.93236,4.79237,-1.52824,0.57176
4823,48243,2340,5552,10908,461,-358,-197,0.05082,0.33913,0.93069,4.11298,-1.32977,0.64046
4824,48253,2356,5564,10874,423,-344,-179,0.0518,0.33987,0.92867,3.8229,-1.2229,0.77786
4825,48263,2384,5532,10844,348,-298,-140,0.05352,0.33791,0.92689,3.25038,-0.87176,1.07557
4826,48273,2434,5538,10876,201,-247,-152,0.05659,0.33828,0.92879,2.12824,-0.48244,0.98397
4827,48283,2406,5540,10864,119,-158,-194,0.05487,0.3384,0.92808,1.50229,0.19695,0.66336
4828,48293,2356,5586,11030,39,-65,-234,0.0518,0.34122,0.93794,0.8916,0.90687,0.35802
4829,48303,2374,5532,10936,-5,-94,-263,0.0529,0.33791,0.93236,0.55573,0.6855,0.13664
4830,48313,2366,5558,11070,-75,-133,-311,0.05241,0.3395,0.94032,0.02137,0.38779,-0.22977
4831,48323,2332,5572,10976,28,-178,-340,0.05033,0.34036,0.93473,0.80763,0.04427,-0.45115
4832,48333,2372,5558,10902,193,-245,-277,0.05278,0.3395,0.93034,2.06718,-0.46718,0.02977
4833,48343,2324,5586,11026,225,-290,-257,0.04984,0.34122,0.9377,2.31145,-0.81069,0.18244
4834,48353,2358,5564,11026,284,-358,-205,0.05192,0.33987,0.9377,2.76183,-1.32977,0.57939
4835,48363,2370,5592,11042,325,-396,-205,0.05266,0.34159,0.93866,3.07481,-1.61985,0.57939
4836,48373,2416,5628,10870,318,-395,-229,0.05548,0.3438,0.92844,3.02137,-1.61221,0.39618
4837,48383,2404,5620,10894,86,-378,-271,0.05474,0.34331,0.92986,1.25038,-1.48244,0.07557
4838,48393,2400,5576,10930,-46,-316,-323,0.0545,0.34061,0.932,0.24275,-1.00916,-0.32137
4839,48403,2372,5592,10958,-31,-214,-355,0.05278,0.34159,0.93366,0.35725,-0.23053,-0.56565
4840,48413,2378,5600,10998,42,-171,-369,0.05315,0.34208,0.93604,0.9145,0.09771,-0.67252
4841,48423,2372,5656,10888,193,-192,-378,0.05278,0.34551,0.9295,2.06718,-0.0626,-0.74122
4842,48433,2360,5644,10924,161,-158,-386,0.05204,0.34478,0.93164,1.8229,0.19695,-0.80229
4843,48443,2322,5632,10898,128,-156,-378,0.04971,0.34404,0.9301,1.57099,0.21221,-0.74122
4844,48453,2380,5620,10938,-20,-189,-342,0.05327,0.34331,0.93248,0.44122,-0.03969,-0.46641
4845,48463,2342,5654,10994,-68,-223,-355,0.05094,0.34539,0.9358,0.07481,-0.29924,-0.56565
4846,48473,2348,5618,11004,-6,-237,-333,0.05131,0.34318,0.9364,0.54809,-0.40611,-0.39771
4847,48483,2394,5630,10952,117,-231,-336,0.05413,0.34392,0.93331,1.48702,-0.36031,-0.42061
4848,48493,2346,5648,10968,251,-234,-331,0.05119,0.34502,0.93426,2.50992,-0.38321,-0.38244
4849,48503,2384,5622,10950,389,-260,-285,0.05352,0.34343,0.93319,3.56336,-0.58168,-0.0313
4850,48513,2356,5694,10866,395,-290,-261,0.0518,0.34784,0.9282,3.60916,-0.81069,0.15191
4851,48523,2330,5704,10836,321,-369,-276,0.0502,0.34846,0.92641,3.04427,-1.41374,0.0374
4852,48533,2366,5666,10876,186,-381,-253,0.05241,0.34613,0.92879,2.01374,-1.50534,0.21298
4853,48543,2386,5640,10876,76,-317,-274,0.05364,0.34453,0.92879,1.17405,-1.01679,0.05267
4854,48553,2372,5668,10956,54,-210,-299,0.05278,0.34625,0.93355,1.00611,-0.2,-0.13817
4855,48563,2458,5664,10850,98,-161,-292,0.05806,0.346,0.92725,1.34198,0.17405,-0.08473
4856,48573,2394,5710,10878,25,-96,-346,0.05413,0.34883,0.92891,0.78473,0.67023,-0.49695
4857,48583,2414,5712,10872,-132,-56,-412,0.05536,0.34895,0.92855,-0.41374,0.97557,-1.00076
4858,48593,2386,5668,10982,-228,-68,-436,0.05364,0.34625,0.93509,-1.14656,0.88397,-1.18397
4859,48603,2402,5692,10934,-59,-123,-405,0.05462,0.34772,0.93224,0.14351,0.46412,-0.94733
4860,48613,2362,5708,10918,8,-118,-386,0.05217,0.3487,0.93129,0.65496,0.50229,-0.80229
4861,48623,2372,5728,10928,-15,-165,-374,0.05278,0.34993,0.93188,0.47939,0.14351,-0.71069
4862,48633,2342,5694,10864,-26,-189,-299,0.05094,0.34784,0.92808,0.39542,-0.03969,-0.13817
4863,48643,2346,5698,10856,-30,-208,-257,0.05119,0.34809,0.9276,0.36489,-0.18473,0.18244
4864,48653,2388,5674,10920,-85,-215,-220,0.05376,0.34662,0.93141,-0.05496,-0.23817,0.46489
4865,48663,2474,5698,10952,-83,-247,-195,0.05904,0.34809,0.93331,-0.03969,-0.48244,0.65573
4866,48673,2388,5688,10802,-24,-288,-220,0.05376,0.34748,0.92439,0.41069,-0.79542,0.46489
4867,48683,2426,5710,10826,-142,-195,-313,0.05609,0.34883,0.92582,-0.49008,-0.0855,-0.24504
4868,48693,2408,5672,10988,-266,-88,-381,0.05499,0.3465,0.93545,-1.43664,0.7313,-0.76412
4869,48703,2408,5734,10988,-191,-84,-401,0.05499,0.3503,0.93545,-0.86412,0.76183,-0.91679
4870,48713,2420,5688,10952,-60,-157,-425,0.05573,0.34748,0.93331,0.13588,0.20458,-1.1
4871,48723,2396,5706,10922,24,-219,-440,0.05425,0.34858,0.93152,0.7771,-0.2687,-1.2145
4872,48733,2426,5676,10994,-84,-207,-426,0.05609,0.34674,0.9358,-0.04733,-0.1771,-1.10763
4873,48743,2404,5710,10984,-93,-231,-449,0.05474,0.34883,0.93521,-0.11603,-0.36031,-1.28321
4874,48753,2408,5722,10978,64,-260,-443,0.05499,0.34956,0.93485,1.08244,-0.58168,-1.2374
4875,48763,2352,5732,10882,206,-309,-420,0.05155,0.35018,0.92915,2.16641,-0.95573,-1.06183
4876,48773,2402,5742,10782,-23,-243,-389,0.05462,0.35079,0.92321,0.41832,-0.45191,-0.82519
4877,48783,2398,5714,10822,-394,-141,-404,0.05438,0.34907,0.92558,-2.41374,0.32672,-0.93969
4878,48793,2360,5710,10930,-626,-41,-386,0.05204,0.34883,0.932,-4.18473,1.09008,-0.80229
4879,48803,2422,5684,10990,-567,-24,-345,0.05585,0.34723,0.93557,-3.73435,1.21985,-0.48931
4880,48813,2414,5718,10872,-401,-93,-349,0.05536,0.34932,0.92855,-2.46718,0.69313,-0.51985
4881,48823,2394,5680,10944,-376,-105,-402,0.05413,0.34699,0.93283,-2.27634,0.60153,-0.92443
4882,48833,2394,5650,10938,-340,-116,-452,0.05413,0.34515,0.93248,-2.00153,0.51756,-1.30611
4883,48843,2372,5656,10960,-285,-108,-485,0.05278,0.34551,0.93378,-1.58168,0.57863,-1.55802
4884,48853,2378,5642,10898,-195,-136,-496,0.05315,0.34465,0.9301,-0.89466,0.36489,-1.64198
4885,48863,2404,5646,10880,-137,-172,-514,0.05474,0.3449,0.92903,-0.45191,0.09008,-1.77939
4886,48873,2404,5648,10938,-168,-208,-511,0.05474,0.34502,0.93248,-0.68855,-0.18473,-1.75649
4887,48883,2426,5676,10880,-131,-256,-497,0.05609,0.34674,0.92903,-0.40611,-0.55115,-1.64962
4888,48893,2408,5702,10954,-82,-268,-443,0.05499,0.34834,0.93343,-0.03206,-0.64275,-1.2374
4889,48903,2360,5660,10900,-43,-239,-404,0.05204,0.34576,0.93022,0.26565,-0.42137,-0.93969
4890,48913,2364,5710,10924,15,-189,-360,0.05229,0.34883,0.93164,0.7084,-0.03969,-0.60382
4891,48923,2428,5668,10890,16,-163,-316,0.05622,0.34625,0.92962,0.71603,0.15878,-0.26794
4892,48933,2410,5668,10960,-148,-124,-345,0.05511,0.34625,0.93378,-0.53588,0.45649,-0.48931
4893,48943,2370,5716,10982,-137,-160,-387,0.05266,0.34919,0.93509,-0.45191,0.18168,-0.80992
4894,48953,2402,5668,10966,26,-210,-407,0.05462,0.34625,0.93414,0.79237,-0.2,-0.9626
4895,48963,2434,5702,10882,90,-248,-425,0.05659,0.34834,0.92915,1.28092,-0.49008,-1.1
4896,48973,2350,5714,10946,-62,-182,-467,0.05143,0.34907,0.93295,0.12061,0.01374,-1.42061
4897,48983,2360,5670,10950,-86,-143,-425,0.05204,0.34637,0.93319,-0.0626,0.31145,-1.1
4898,48993,2370,5712,10890,-78,-190,-341,0.05266,0.34895,0.92962,-0.00153,-0.04733,-0.45878
4899,49003,2376,5702,10952,-87,-237,-308,0.05303,0.34834,0.93331,-0.07023,-0.40611,-0.20687
4900,49013,2334,5698,10900,-124,-236,-313,0.05045,0.34809,0.93022,-0.35267,-0.39847,-0.24504
4901,49023,2342,5690,10874,-118,-254,-311,0.05094,0.3476,0.92867,-0.30687,-0.53588,-0.22977
4902,49033,2378,5628,10922,-156,-225,-313,0.05315,0.3438,0.93152,-0.59695,-0.3145,-0.24504
4903,49043,2400,5704,10938,-100,-192,-329,0.0545,0.34846,0.93248,-0.16947,-0.0626,-0.36718
4904,49053,2378,5700,10868,-80,-142,-387,0.05315,0.34821,0.92832,-0.01679,0.31908,-0.80992
4905,49063,2352,5692,10920,-92,-109,-417,0.05155,0.34772,0.93141,-0.1084,0.57099,-1.03893
4906,49073,2400,5696,10868,-78,-170,-404,0.0545,0.34797,0.92832,-0.00153,0.10534,-0.93969
4907,49083,2392,5694,10982,-45,-259,-382,0.05401,0.34784,0.93509,0.25038,-0.57405,-0.77176
4908,49093,2372,5678,10910,18,-304,-387,0.05278,0.34686,0.93081,0.7313,-0.91756,-0.80992
4909,49103,2372,5678,10912,150,-306,-396,0.05278,0.34686,0.93093,1.73893,-0.93282,-0.87863
4910,49113,2408,5696,10788,259,-319,-370,0.05499,0.34797,0.92356,2.57099,-1.03206,-0.68015
4911,49123,2436,5650,10890,156,-275,-353,0.05671,0.34515,0.92962,1.78473,-0.69618,-0.55038
4912,49133,2398,5706,10940,8,-208,-364,0.05438,0.34858,0.93259,0.65496,-0.18473,-0.63435
4913,49143,2362,5682,10918,-40,-180,-340,0.05217,0.34711,0.93129,0.28855,0.02901,-0.45115
4914,49153,2388,5736,10840,55,-243,-292,0.05376,0.35042,0.92665,1.01374,-0.45191,-0.08473
4915,49163,2400,5742,10910,113,-252,-290,0.0545,0.35079,0.93081,1.45649,-0.52061,-0.06947
4916,49173,2364,5708,10890,149,-262,-280,0.05229,0.3487,0.92962,1.7313,-0.59695,0.00687
4917,49183,2384,5740,10820,195,-257,-303,0.05352,0.35067,0.92546,2.08244,-0.55878,-0.1687
4918,49193,2436,5758,10790,46,-212,-375,0.05671,0.35177,0.92368,0.94504,-0.21527,-0.71832
4919,49203,2420,5766,10868,-181,-191,-389,0.05573,0.35226,0.92832,-0.78779,-0.05496,-0.82519
4920,49213,2402,5738,10944,-319,-138,-407,0.05462,0.35054,0.93283,-1.84122,0.34962,-0.9626
4921,49223,2436,5714,10902,-270,-111,-417,0.05671,0.34907,0.93034,-1.46718,0.55573,-1.03893
4922,49233,2338,5750,10836,-246,-135,-420,0.05069,0.35128,0.92641,-1.28397,0.37252,-1.06183
4923,49243,2350,5776,10962,-322,-159,-419,0.05143,0.35287,0.9339,-1.86412,0.18931,-1.0542
4924,49253,2408,5698,10920,-267,-193,-377,0.05499,0.34809,0.93141,-1.44427,-0.07023,-0.73359
4925,49263,2380,5676,10990,-89,-250,-335,0.05327,0.34674,0.93557,-0.0855,-0.50534,-0.41298
4926,49273,2400,5722,10882,123,-262,-316,0.0545,0.34956,0.92915,1.53282,-0.59695,-0.26794
4927,49283,2428,5734,10794,162,-251,-275,0.05622,0.3503,0.92392,1.83053,-0.51298,0.04504
4928,49293,2388,5714,10928,177,-262,-263,0.05376,0.34907,0.93188,1.94504,-0.59695,0.13664
4929,49303,2400,5738,10844,198,-218,-231,0.0545,0.35054,0.92689,2.10534,-0.26107,0.38092
4930,49313,2472,5768,10792,132,-187,-262,0.05892,0.35238,0.9238,1.60153,-0.02443,0.14427
4931,49323,2426,5732,10882,-45,-149,-342,0.05609,0.35018,0.92915,0.25038,0.26565,-0.46641
4932,49333,2440,5738,10972,-85,-165,-359,0.05695,0.35054,0.9345,-0.05496,0.14351,-0.59618
4933,49343,2372,5738,10938,-103,-183,-389,0.05278,0.35054,0.93248,-0.19237,0.00611,-0.82519
4934,49353,2408,5744,10910,-105,-235,-382,0.05499,0.35091,0.93081,-0.20763,-0.39084,-0.77176
4935,49363,2404,5736,10852,-117,-228,-357,0.05474,0.35042,0.92737,-0.29924,-0.3374,-0.58092
4936,49373,2392,5718,10856,-203,-202,-343,0.05401,0.34932,0.9276,-0.95573,-0.13893,-0.47405
4937,49383,2422,5756,10794,-209,-199,-361,0.05585,0.35165,0.92392,-1.00153,-0.11603,-0.61145
4938,49393,2362,5732,10922,-205,-198,-383,0.05217,0.35018,0.93152,-0.97099,-0.1084,-0.77939
4939,49403,2468,5758,10896,-223,-150,-370,0.05867,0.35177,0.92998,-1.1084,0.25802,-0.68015
4940,49413,2444,5736,10810,-268,-107,-307,0.0572,0.35042,0.92487,-1.45191,0.58626,-0.19924
4941,49423,2406,5750,10846,-401,-78,-342,0.05487,0.35128,0.92701,-2.46718,0.80763,-0.46641
4942,49433,2398,5684,10880,-600,-56,-386,0.05438,0.34723,0.92903,-3.98626,0.97557,-0.80229
4943,49443,2400,5708,10894,-643,-51,-434,0.0545,0.3487,0.92986,-4.3145,1.01374,-1.1687
4944,49453,2394,5682,10828,-579,-38,-434,0.05413,0.34711,0.92594,-3.82595,1.11298,-1.1687
4945,49463,2424,5690,10908,-686,45,-411,0.05597,0.3476,0.93069,-4.64275,1.74656,-0.99313
4946,49473,2384,5672,10912,-771,71,-388,0.05352,0.3465,0.93093,-5.2916,1.94504,-0.81756
4947,49483,2366,5680,10870,-716,46,-354,0.05241,0.34699,0.92844,-4.87176,1.7542,-0.55802
4948,49493,2376,5670,10956,-666,-4,-388,0.05303,0.34637,0.93355,-4.49008,1.37252,-0.81756
4949,49503,2338,5618,10970,-617,-83,-429,0.05069,0.34318,0.93438,-4.11603,0.76947,-1.13053
4950,49513,2342,5634,10990,-501,-123,-403,0.05094,0.34416,0.93557,-3.23053,0.46412,-0.93206
4951,49523,2420,5638,10940,-426,-111,-399,0.05573,0.34441,0.93259,-2.65802,0.55573,-0.90153
4952,49533,2388,5646,10936,-515,-14,-399,0.05376,0.3449,0.93236,-3.3374,1.29618,-0.90153
4953,49543,2322,5630,11140,-517,5,-397,0.04971,0.34392,0.94448,-3.35267,1.44122,-0.88626
4954,49553,2384,5600,11026,-184,-84,-325,0.05352,0.34208,0.9377,-0.81069,0.76183,-0.33664
4955,49563,2356,5600,11074,224,-129,-300,0.0518,0.34208,0.94056,2.30382,0.41832,-0.1458
4956,49573,2404,5610,10962,701,-242,-297,0.05474,0.34269,0.9339,5.94504,-0.44427,-0.1229
4957,49583,2438,5686,10798,787,-301,-369,0.05683,0.34735,0.92416,6.60153,-0.89466,-0.67252
4958,49593,2384,5700,10910,455,-300,-463,0.05352,0.34821,0.93081,4.06718,-0.88702,-1.39008
4959,49603,2368,5666,10842,186,-323,-458,0.05254,0.34613,0.92677,2.01374,-1.0626,-1.35191
4960,49613,2392,5654,10890,34,-323,-421,0.05401,0.34539,0.92962,0.85344,-1.0626,-1.06947
4961,49623,2336,5698,10778,-8,-240,-439,0.05057,0.34809,0.92297,0.53282,-0.42901,-1.20687
4962,49633,2356,5642,10868,-208,-203,-457,0.0518,0.34465,0.92832,-0.99389,-0.14656,-1.34427
4963,49643,2374,5664,10844,-280,-227,-433,0.0529,0.346,0.92689,-1.54351,-0.32977,-1.16107
4964,49653,2364,5622,10962,-338,-218,-469,0.05229,0.34343,0.9339,-1.98626,-0.26107,-1.43588
4965,49663,2396,5688,10936,-160,-189,-533,0.05425,0.34748,0.93236,-0.62748,-0.03969,-1.92443
4966,49673,2340,5688,10968,52,-177,-569,0.05082,0.34748,0.93426,0.99084,0.05191,-2.19924
4967,49683,2368,5698,10858,207,-232,-531,0.05254,0.34809,0.92772,2.17405,-0.36794,-1.90916
4968,49693,2324,5686,10894,148,-251,-465,0.04984,0.34735,0.92986,1.72366,-0.51298,-1.40534
4969,49703,2374,5676,10846,51,-256,-406,0.0529,0.34674,0.92701,0.98321,-0.55115,-0.95496
4970,49713,2394,5688,10876,-98,-254,-382,0.05413,0.34748,0.92879,-0.1542,-0.53588,-0.77176
4971,49723,2350,5708,10948,-164,-242,-386,0.05143,0.3487,0.93307,-0.65802,-0.44427,-0.80229
4972,49733,2390,5710,10950,-98,-283,-311,0.05389,0.34883,0.93319,-0.1542,-0.75725,-0.22977
4973,49743,2386,5660,10858,-120,-277,-271,0.05364,0.34576,0.92772,-0.32214,-0.71145,0.07557
4974,49753,2402,5710,10856,-155,-237,-257,0.05462,0.34883,0.9276,-0.58931,-0.40611,0.18244
4975,49763,2384,5708,11026,-154,-242,-266,0.05352,0.3487,0.9377,-0.58168,-0.44427,0.11374
4976,49773,2442,5672,10864,19,-290,-250,0.05708,0.3465,0.92808,0.73893,-0.81069,0.23588
4977,49783,2422,5694,10800,4,-220,-290,0.05585,0.34784,0.92428,0.62443,-0.27634,-0.06947
4978,49793,2332,5678,11100,-141,-188,-297,0.05033,0.34686,0.9421,-0.48244,-0.03206,-0.1229
4979,49803,2406,5648,10928,8,-295,-207,0.05487,0.34502,0.93188,0.65496,-0.84885,0.56412
4980,49813,2386,5688,10952,70,-252,-180,0.05364,0.34748,0.93331,1.12824,-0.52061,0.77023
4981,49823,2366,5648,10892,165,-223,-166,0.05241,0.34502,0.92974,1.85344,-0.29924,0.8771
4982,49833,2410,5674,10876,166,-229,-177,0.05511,0.34662,0.92879,1.86107,-0.34504,0.79313
4983,49843,2356,5736,10916,-5,-191,-251,0.0518,0.35042,0.93117,0.55573,-0.05496,0.22824
4984,49853,2412,5738,10920,-99,-159,-284,0.05524,0.35054,0.93141,-0.16183,0.18931,-0.02366
4985,49863,2416,5704,10852,-87,-182,-288,0.05548,0.34846,0.92737,-0.07023,0.01374,-0.0542
4986,49873,2398,5676,10864,-125,-190,-335,0.05438,0.34674,0.92808,-0.36031,-0.04733,-0.41298
4987,49883,2416,5688,10942,-160,-166,-402,0.05548,0.34748,0.93271,-0.62748,0.13588,-0.92443
4988,49893,2382,5716,10830,-50,-223,-393,0.05339,0.34919,0.92606,0.21221,-0.29924,-0.85573
4989,49903,2410,5708,10828,-107,-208,-387,0.05511,0.3487,0.92594,-0.2229,-0.18473,-0.80992
4990,49913,2380,5716,10908,-297,-135,-429,0.05327,0.34919,0.93069,-1.67328,0.37252,-1.13053
4991,49923,2404,5676,11008,-259,-129,-445,0.05474,0.34674,0.93664,-1.38321,0.41832,-1.25267
4992,49933,2404,5716,10892,-83,-171,-447,0.05474,0.34919,0.92974,-0.03969,0.09771,-1.26794
4993,49943,2398,5682,10880,-50,-153,-471,0.05438,0.34711,0.92903,0.21221,0.23511,-1.45115
4994,49953,2434,5668,10912,-98,-138,-532,0.05659,0.34625,0.93093,-0.1542,0.34962,-1.91679
4995,49963,2386,5710,10944,33,-132,-568,0.05364,0.34883,0.93283,0.8458,0.39542,-2.1916
4996,49973,2326,5684,10824,140,-119,-543,0.04996,0.34723,0.9257,1.6626,0.49466,-2.00076
4997,49983,2358,5708,10970,39,-110,-462,0.05192,0.3487,0.93438,0.8916,0.56336,-1.38244
4998,49993,2318,5700,10952,-30,-187,-396,0.04947,0.34821,0.93331,0.36489,-0.02443,-0.87863
4999,50003,2366,5730,10930,95,-299,-317,0.05241,0.35005,0.932,1.31908,-0.87939,-0.27557
5000,50013,2378,5724,10820,153,-382,-267,0.05315,0.34968,0.92546,1.76183,-1.51298,0.10611
5001,50023,2420,5740,10830,96,-374,-256,0.05573,0.35067,0.92606,1.32672,-1.45191,0.19008
5002,50033,2380,5772,10910,67,-336,-278,0.05327,0.35263,0.93081,1.10534,-1.16183,0.02214
5003,50043,2402,5754,10844,91,-295,-305,0.05462,0.35152,0.92689,1.28855,-0.84885,-0.18397
5004,50053,2398,5782,10814,49,-246,-340,0.05438,0.35324,0.92511,0.96794,-0.47481,-0.45115
5005,50063,2416,5718,10890,-103,-154,-400,0.05548,0.34932,0.92962,-0.19237,0.22748,-0.90916
5006,50073,2388,5728,10822,-114,-111,-396,0.05376,0.34993,0.92558,-0.27634,0.55573,-0.87863
5007,50083,2398,5770,10852,-101,-64,-390,0.05438,0.35251,0.92737,-0.1771,0.9145,-0.83282
5008,50093,2354,5698,10924,-260,-119,-393,0.05168,0.34809,0.93164,-1.39084,0.49466,-0.85573
5009,50103,2400,5764,10882,-197,-196,-366,0.0545,0.35214,0.92915,-0.90992,-0.09313,-0.64962
5010,50113,2412,5730,10900,-58,-239,-357,0.05524,0.35005,0.93022,0.15115,-0.42137,-0.58092
5011,50123,2374,5760,10812,88,-245,-386,0.0529,0.35189,0.92499,1.26565,-0.46718,-0.80229
5012,50133,2414,5762,10804,22,-209,-427,0.05536,0.35202,0.92451,0.76183,-0.19237,-1.11527
5013,50143,2414,5790,10886,-95,-200,-458,0.05536,0.35373,0.92939,-0.1313,-0.12366,-1.35191
5014,50153,2394,5702,10870,-181,-193,-457,0.05413,0.34834,0.92844,-0.78779,-0.07023,-1.34427
5015,50163,2404,5752,10852,-206,-163,-429,0.05474,0.3514,0.92737,-0.97863,0.15878,-1.13053
5016,50173,2406,5724,10924,-210,-166,-418,0.05487,0.34968,0.93164,-1.00916,0.13588,-1.04656
5017,50183,2406,5726,10908,-193,-210,-393,0.05487,0.34981,0.93069,-0.87939,-0.2,-0.85573
5018,50193,2402,5722,10938,-152,-263,-393,0.05462,0.34956,0.93248,-0.56641,-0.60458,-0.85573
5019,50203,2394,5762,10912,-86,-263,-394,0.05413,0.35202,0.93093,-0.0626,-0.60458,-0.86336
5020,50213,2336,5718,10894,-122,-233,-405,0.05057,0.34932,0.92986,-0.3374,-0.37557,-0.94733
5021,50223,2404,5752,10892,-216,-176,-412,0.05474,0.3514,0.92974,-1.05496,0.05954,-1.00076
5022,50233,2376,5720,10848,-324,-138,-420,0.05303,0.34944,0.92713,-1.87939,0.34962,-1.06183
5023,50243,2378,5740,10826,-339,-100,-412,0.05315,0.35067,0.92582,-1.99389,0.63969,-1.00076
5024,50253,2366,5700,10970,-407,-74,-409,0.05241,0.34821,0.93438,-2.51298,0.83817,-0.97786
5025,50263,2400,5722,10944,-273,-159,-378,0.0545,0.34956,0.93283,-1.49008,0.18931,-0.74122
5026,50273,2386,5726,10872,-143,-208,-339,0.05364,0.34981,0.92855,-0.49771,-0.18473,-0.44351
5027,50283,2428,5730,10872,-149,-239,-361,0.05622,0.35005,0.92855,-0.54351,-0.42137,-0.61145
5028,50293,2350,5704,10890,-236,-261,-406,0.05143,0.34846,0.92962,-1.20763,-0.58931,-0.95496
5029,50303,2368,5720,10980,-107,-269,-398,0.05254,0.34944,0.93497,-0.2229,-0.65038,-0.89389
5030,50313,2396,5744,10946,38,-252,-371,0.05425,0.35091,0.93295,0.88397,-0.52061,-0.68779
5031,50323,2390,5750,10790,77,-265,-363,0.05389,0.35128,0.92368,1.18168,-0.61985,-0.62672
5032,50333,2418,5710,10832,-64,-215,-372,0.0556,0.34883,0.92618,0.10534,-0.23817,-0.69542
5033,50343,2382,5712,10846,-237,-146,-351,0.05339,0.34895,0.92701,-1.21527,0.28855,-0.53511
5034,50353,2398,5730,10898,-265,-124,-324,0.05438,0.35005,0.9301,-1.42901,0.45649,-0.32901
5035,50363,2378,5752,10904,-151,-131,-287,0.05315,0.3514,0.93046,-0.55878,0.40305,-0.04656
5036,50373,2402,5688,10792,7,-161,-242,0.05462,0.34748,0.9238,0.64733,0.17405,0.29695
5037,50383,2450,5686,10876,-95,-135,-266,0.05757,0.34735,0.92879,-0.1313,0.37252,0.11374
5038,50393,2376,5680,11042,-141,-175,-293,0.05303,0.34699,0.93866,-0.48244,0.06718,-0.09237
5039,50403,2404,5728,10984,112,-266,-274,0.05474,0.34993,0.93521,1.44886,-0.62748,0.05267
5040,50413,2354,5698,10822,264,-281,-309,0.05168,0.34809,0.92558,2.60916,-0.74198,-0.2145
5041,50423,2398,5724,10822,94,-249,-371,0.05438,0.34968,0.92558,1.31145,-0.49771,-0.68779
5042,50433,2394,5712,10868,-63,-236,-449,0.05413,0.34895,0.92832,0.11298,-0.39847,-1.28321
5043,50443,2418,5720,10888,-8,-212,-476,0.0556,0.34944,0.9295,0.53282,-0.21527,-1.48931
5044,50453,2430,5756,10846,79,-162,-481,0.05634,0.35165,0.92701,1.19695,0.16641,-1.52748
5045,50463,2398,5718,10916,27,-164,-497,0.05438,0.34932,0.93117,0.8,0.15115,-1.64962
5046,50473,2372,5736,10884,-11,-241,-503,0.05278,0.35042,0.92927,0.50992,-0.43664,-1.69542
5047,50483,2410,5742,10880,-41,-233,-482,0.05511,0.35079,0.92903,0.28092,-0.37557,-1.53511
5048,50493,2394,5760,10860,15,-222,-417,0.05413,0.35189,0.92784,0.7084,-0.2916,-1.03893
5049,50503,2400,5750,10854,-9,-210,-375,0.0545,0.35128,0.92748,0.52519,-0.2,-0.71832
5050,50513,2424,5740,10838,-138,-138,-374,0.05597,0.35067,0.92653,-0.45954,0.34962,-0.71069
5051,50523,2358,5798,10860,-275,-45,-381,0.05192,0.35422,0.92784,-1.50534,1.05954,-0.76412
5052,50533,2388,5766,10840,-343,-54,-396,0.05376,0.35226,0.92665,-2.02443,0.99084,-0.87863
5053,50543,2376,5770,10852,-376,-53,-409,0.05303,0.35251,0.92737,-2.27634,0.99847,-0.97786
5054,50553,2412,5710,10868,-490,-20,-415,0.05524,0.34883,0.92832,-3.14656,1.25038,-1.02366
5055,50563,2370,5724,10834,-699,110,-454,0.05266,0.34968,0.9263,-4.74198,2.24275,-1.32137
5056,50573,2362,5692,10768,-959,273,-515,0.05217,0.34772,0.92237,-6.72672,3.48702,-1.78702
5057,50583,2288,5642,10896,-1239,375,-555,0.04763,0.34465,0.92998,-8.86412,4.26565,-2.09237
5058,50593,2334,5676,10968,-1316,346,-565,0.05045,0.34674,0.93426,-9.45191,4.04427,-2.1687
5059,50603,2340,5622,10876,-1196,282,-551,0.05082,0.34343,0.92879,-8.53588,3.55573,-2.06183
5060,50613,2262,5616,10998,-1102,222,-528,0.04603,0.34306,0.93604,-7.81832,3.09771,-1.88626
5061,50623,2244,5620,11182,-844,74,-486,0.04493,0.34331,0.94697,-5.84886,1.96794,-1.56565
5062,50633,2302,5564,11024,-196,-205,-319,0.04849,0.33987,0.93759,-0.90229,-0.16183,-0.29084
5063,50643,2266,5584,11024,187,-378,-216,0.04628,0.3411,0.93759,2.02137,-1.48244,0.49542
5064,50653,2328,5626,10852,333,-446,-163,0.05008,0.34367,0.92737,3.13588,-2.00153,0.9
5065,50663,2340,5650,10906,352,-505,-180,0.05082,0.34515,0.93057,3.28092,-2.45191,0.77023
5066,50673,2376,5642,10788,282,-512,-227,0.05303,0.34465,0.92356,2.74656,-2.50534,0.41145
5067,50683,2380,5666,10814,-127,-332,-293,0.05327,0.34613,0.92511,-0.37557,-1.1313,-0.09237
5068,50693,2332,5626,10902,-501,-111,-341,0.05033,0.34367,0.93034,-3.23053,0.55573,-0.45878
5069,50703,2322,5574,11044,-572,-25,-390,0.04971,0.34048,0.93877,-3.77252,1.21221,-0.83282
5070,50713,2330,5626,11006,-351,-85,-379,0.0502,0.34367,0.93652,-2.0855,0.7542,-0.74885
5071,50723,2348,5632,10992,-132,-164,-377,0.05131,0.34404,0.93568,-0.41374,0.15115,-0.73359
5072,50733,2354,5622,10932,-33,-198,-322,0.05168,0.34343,0.93212,0.34198,-0.1084,-0.31374
5073,50743,2332,5592,10834,-104,-194,-311,0.05033,0.34159,0.9263,-0.2,-0.07786,-0.22977
5074,50753,2332,5586,10944,-191,-206,-348,0.05033,0.34122,0.93283,-0.86412,-0.16947,-0.51221
5075,50763,2284,5570,11068,-58,-232,-381,0.04738,0.34024,0.9402,0.15115,-0.36794,-0.76412
5076,50773,2332,5606,10920,289,-346,-378,0.05033,0.34245,0.93141,2.8,-1.23817,-0.74122
5077,50783,2372,5644,10918,368,-524,-291,0.05278,0.34478,0.93129,3.40305,-2.59695,-0.0771
5078,50793,2356,5640,10870,403,-510,-256,0.0518,0.34453,0.92844,3.67023,-2.49008,0.19008
5079,50803,2394,5620,10822,438,-412,-204,0.05413,0.34331,0.92558,3.9374,-1.74198,0.58702
5080,50813,2396,5642,10922,361,-310,-221,0.05425,0.34465,0.93152,3.34962,-0.96336,0.45725
5081,50823,2366,5634,10908,217,-261,-301,0.05241,0.34416,0.93069,2.25038,-0.58931,-0.15344
5082,50833,2348,5700,10880,119,-243,-315,0.05131,0.34821,0.92903,1.50229,-0.45191,-0.26031
5083,50843,2352,5688,11070,-8,-223,-307,0.05155,0.34748,0.94032,0.53282,-0.29924,-0.19924
5084,50853,2412,5636,10888,119,-313,-251,0.05524,0.34429,0.9295,1.50229,-0.98626,0.22824
5085,50863,2400,5732,10894,109,-384,-318,0.0545,0.35018,0.92986,1.42595,-1.52824,-0.28321
5086,50873,2402,5682,10996,-13,-325,-418,0.05462,0.34711,0.93592,0.49466,-1.07786,-1.04656
5087,50883,2386,5710,10960,37,-336,-449,0.05364,0.34883,0.93378,0.87634,-1.16183,-1.28321
5088,50893,2364,5680,10840,156,-321,-416,0.05229,0.34699,0.92665,1.78473,-1.04733,-1.0313
5089,50903,2340,5690,10826,187,-312,-332,0.05082,0.3476,0.92582,2.02137,-0.97863,-0.39008
5090,50913,2430,5668,10780,93,-294,-262,0.05634,0.34625,0.92309,1.30382,-0.84122,0.14427
5091,50923,2432,5678,10956,-125,-153,-258,0.05646,0.34686,0.93355,-0.36031,0.23511,0.17481
5092,50933,2380,5740,10898,-97,-136,-270,0.05327,0.35067,0.9301,-0.14656,0.36489,0.08321
5093,50943,2404,5716,10864,-1,-215,-248,0.05474,0.34919,0.92808,0.58626,-0.23817,0.25115
5094,50953,2414,5728,10852,-101,-204,-247,0.05536,0.34993,0.92737,-0.1771,-0.1542,0.25878
5095,50963,2386,5722,10974,-61,-182,-267,0.05364,0.34956,0.93461,0.12824,0.01374,0.10611
5096,50973,2440,5728,10888,-12,-202,-305,0.05695,0.34993,0.9295,0.50229,-0.13893,-0.18397
5097,50983,2402,5670,10916,-12,-195,-396,0.05462,0.34637,0.93117,0.50229,-0.0855,-0.87863
5098,50993,2358,5698,10832,74,-246,-452,0.05192,0.34809,0.92618,1.15878,-0.47481,-1.30611
5099,51003,2366,5720,10846,34,-217,-412,0.05241,0.34944,0.92701,0.85344,-0.25344,-1.00076
5100,51013,2396,5708,10858,-31,-208,-364,0.05425,0.3487,0.92772,0.35725,-0.18473,-0.63435
5101,51023,2378,5710,10938,-70,-250,-358,0.05315,0.34883,0.93248,0.05954,-0.50534,-0.58855
5102,51033,2382,5736,10928,-85,-258,-335,0.05339,0.35042,0.93188,-0.05496,-0.56641,-0.41298
5103,51043,2378,5748,10920,-46,-321,-271,0.05315,0.35116,0.93141,0.24275,-1.04733,0.07557
5104,51053,2396,5718,10874,57,-353,-219,0.05425,0.34932,0.92867,1.02901,-1.2916,0.47252
5105,51063,2424,5728,10930,170,-352,-207,0.05597,0.34993,0.932,1.8916,-1.28397,0.56412
5106,51073,2394,5710,10870,256,-409,-181,0.05413,0.34883,0.92844,2.54809,-1.71908,0.7626
5107,51083,2428,5766,10782,195,-357,-162,0.05622,0.35226,0.92321,2.08244,-1.32214,0.90763
5108,51093,2440,5732,10842,12,-240,-208,0.05695,0.35018,0.92677,0.6855,-0.42901,0.55649
5109,51103,2446,5720,10860,-90,-203,-307,0.05732,0.34944,0.92784,-0.09313,-0.14656,-0.19924
5110,51113,2442,5728,10938,-66,-178,-367,0.05708,0.34993,0.93248,0.09008,0.04427,-0.65725
5111,51123,2402,5726,10834,-35,-207,-362,0.05462,0.34981,0.9263,0.32672,-0.1771,-0.61908
5112,51133,2438,5760,10834,-175,-199,-365,0.05683,0.35189,0.9263,-0.74198,-0.11603,-0.64198
5113,51143,2436,5736,10850,-230,-150,-384,0.05671,0.35042,0.92725,-1.16183,0.25802,-0.78702
5114,51153,2404,5744,10898,-252,-117,-414,0.05474,0.35091,0.9301,-1.32977,0.50992,-1.01603
5115,51163,2422,5708,10918,-187,-118,-373,0.05585,0.3487,0.93129,-0.83359,0.50229,-0.70305
5116,51173,2398,5732,10938,3,-211,-317,0.05438,0.35018,0.93248,0.61679,-0.20763,-0.27557
5117,51183,2490,5754,10866,171,-339,-303,0.06002,0.35152,0.9282,1.89924,-1.18473,-0.1687
5118,51193,2446,5808,10916,187,-350,-358,0.05732,0.35484,0.93117,2.02137,-1.2687,-0.58855
5119,51203,2458,5750,10882,309,-361,-366,0.05806,0.35128,0.92915,2.95267,-1.35267,-0.64962
5120,51213,2446,5752,10850,401,-365,-324,0.05732,0.3514,0.92725,3.65496,-1.38321,-0.32901
5121,51223,2454,5756,10806,242,-334,-349,0.05781,0.35165,0.92463,2.44122,-1.14656,-0.51985
5122,51233,2444,5792,10896,31,-261,-406,0.0572,0.35386,0.92998,0.83053,-0.58931,-0.95496
5123,51243,2470,5766,10898,0,-203,-414,0.05879,0.35226,0.9301,0.59389,-0.14656,-1.01603
5124,51253,2494,5792,10946,19,-187,-398,0.06027,0.35386,0.93295,0.73893,-0.02443,-0.89389
5125,51263,2424,5810,10966,-35,-161,-418,0.05597,0.35496,0.93414,0.32672,0.17405,-1.04656
5126,51273,2458,5852,10886,-11,-175,-410,0.05806,0.35754,0.92939,0.50992,0.06718,-0.9855
5127,51283,2406,5810,10872,-14,-202,-361,0.05487,0.35496,0.92855,0.48702,-0.13893,-0.61145
5128,51293,2486,5808,10844,-98,-231,-323,0.05978,0.35484,0.92689,-0.1542,-0.36031,-0.32137
5129,51303,2424,5778,10856,-204,-206,-297,0.05597,0.353,0.9276,-0.96336,-0.16947,-0.1229
5130,51313,2404,5808,10894,-251,-154,-292,0.05474,0.35484,0.92986,-1.32214,0.22748,-0.08473
5131,51323,2458,5832,10880,-227,-105,-305,0.05806,0.35631,0.92903,-1.13893,0.60153,-0.18397
5132,51333,2538,5756,10942,-176,-80,-367,0.06297,0.35165,0.93271,-0.74962,0.79237,-0.65725
5133,51343,2482,5818,10930,-108,-35,-464,0.05953,0.35545,0.932,-0.23053,1.13588,-1.39771
5134,51353,2386,5768,10854,6,-71,-482,0.05364,0.35238,0.92748,0.63969,0.86107,-1.53511
5135,51363,2360,5796,10878,13,-100,-477,0.05204,0.3541,0.92891,0.69313,0.63969,-1.49695
5136,51373,2430,5790,10812,-3,-132,-445,0.05634,0.35373,0.92499,0.57099,0.39542,-1.25267
5137,51383,2396,5828,10870,-112,-131,-453,0.05425,0.35606,0.92844,-0.26107,0.40305,-1.31374
5138,51393,2392,5796,10914,-202,-207,-490,0.05401,0.3541,0.93105,-0.94809,-0.1771,-1.59618
5139,51403,2440,5820,10922,-170,-201,-480,0.05695,0.35557,0.93152,-0.70382,-0.1313,-1.51985
5140,51413,2398,5828,10904,-63,-158,-401,0.05438,0.35606,0.93046,0.11298,0.19695,-0.91679
5141,51423,2396,5800,10878,-2,-202,-318,0.05425,0.35435,0.92891,0.57863,-0.13893,-0.28321
5142,51433,2422,5810,10800,73,-228,-222,0.05585,0.35496,0.92428,1.15115,-0.3374,0.44962
5143,51443,2376,5808,10868,-32,-248,-150,0.05303,0.35484,0.92832,0.34962,-0.49008,0.99924
5144,51453,2474,5792,10748,-160,-292,-114,0.05904,0.35386,0.92119,-0.62748,-0.82595,1.27405
5145,51463,2436,5738,10954,-340,-250,-227,0.05671,0.35054,0.93343,-2.00153,-0.50534,0.41145
5146,51473,2470,5764,10896,-145,-229,-293,0.05879,0.35214,0.92998,-0.51298,-0.34504,-0.09237
5147,51483,2468,5778,10794,-42,-201,-372,0.05867,0.353,0.92392,0.27328,-0.1313,-0.69542
5148,51493,2448,5778,10834,-182,-182,-434,0.05744,0.353,0.9263,-0.79542,0.01374,-1.1687
5149,51503,2406,5798,10946,-221,-231,-436,0.05487,0.35422,0.93295,-1.09313,-0.36031,-1.18397
5150,51513,2438,5786,10922,-153,-219,-396,0.05683,0.35349,0.93152,-0.57405,-0.2687,-0.87863
5151,51523,2448,5796,10898,41,-230,-313,0.05744,0.3541,0.9301,0.90687,-0.35267,-0.24504
5152,51533,2460,5812,10898,186,-247,-242,0.05818,0.35508,0.9301,2.01374,-0.48244,0.29695
5153,51543,2466,5794,10956,296,-276,-161,0.05855,0.35398,0.93355,2.85344,-0.70382,0.91527
5154,51553,2422,5812,10828,445,-343,-99,0.05585,0.35508,0.92594,3.99084,-1.21527,1.38855
5155,51563,2470,5848,10748,485,-420,-55,0.05879,0.35729,0.92119,4.29618,-1.80305,1.72443
5156,51573,2488,5814,10918,298,-378,-110,0.0599,0.35521,0.93129,2.8687,-1.48244,1.30458
5157,51583,2472,5826,10842,218,-377,-196,0.05892,0.35594,0.92677,2.25802,-1.47481,0.64809
5158,51593,2472,5852,10848,219,-373,-290,0.05892,0.35754,0.92713,2.26565,-1.44427,-0.06947
5159,51603,2472,5874,10806,274,-367,-354,0.05892,0.35889,0.92463,2.6855,-1.39847,-0.55802
5160,51613,2496,5834,10838,234,-345,-399,0.06039,0.35643,0.92653,2.38015,-1.23053,-0.90153
5161,51623,2466,5876,10800,143,-354,-467,0.05855,0.35901,0.92428,1.6855,-1.29924,-1.42061
5162,51633,2508,5890,10818,101,-305,-453,0.06113,0.35987,0.92535,1.36489,-0.92519,-1.31374
5163,51643,2528,5864,10752,42,-274,-433,0.06235,0.35827,0.92142,0.9145,-0.68855,-1.16107
5164,51653,2534,5896,10826,-22,-138,-447,0.06272,0.36024,0.92582,0.42595,0.34962,-1.26794
5165,51663,2520,5912,10760,-78,-36,-502,0.06186,0.36122,0.9219,-0.00153,1.12824,-1.68779
5166,51673,2512,5908,10866,-125,-5,-509,0.06137,0.36097,0.9282,-0.36031,1.36489,-1.74122
5167,51683,2420,5890,10774,-145,7,-474,0.05573,0.35987,0.92273,-0.51298,1.45649,-1.47405
5168,51693,2476,5846,10856,-257,24,-359,0.05916,0.35717,0.9276,-1.36794,1.58626,-0.59618
5169,51703,2414,5898,10850,-313,4,-288,0.05536,0.36036,0.92725,-1.79542,1.43359,-0.0542
5170,51713,2442,5846,10884,-285,-101,-153,0.05708,0.35717,0.92927,-1.58168,0.63206,0.97634
5171,51723,2488,5876,10844,-245,-215,-114,0.0599,0.35901,0.92689,-1.27634,-0.23817,1.27405
5172,51733,2506,5866,10808,-224,-179,-132,0.061,0.3584,0.92475,-1.11603,0.03664,1.13664
5173,51743,2506,5866,10816,-230,-146,-189,0.061,0.3584,0.92523,-1.16183,0.28855,0.70153
5174,51753,2502,5824,10746,-297,-142,-296,0.06076,0.35582,0.92107,-1.67328,0.31908,-0.11527
5175,51763,2502,5816,10934,-381,-115,-424,0.06076,0.35533,0.93224,-2.3145,0.52519,-1.09237
5176,51773,2504,5810,10870,-239,-156,-504,0.06088,0.35496,0.92844,-1.23053,0.21221,-1.70305
5177,51783,2466,5844,10874,-108,-170,-579,0.05855,0.35705,0.92867,-0.23053,0.10534,-2.27557
5178,51793,2476,5826,10850,-114,-237,-628,0.05916,0.35594,0.92725,-0.27634,-0.40611,-2.64962
5179,51803,2416,5884,10848,-107,-249,-607,0.05548,0.3595,0.92713,-0.2229,-0.49771,-2.48931
5180,51813,2468,5846,10832,-22,-168,-505,0.05867,0.35717,0.92618,0.42595,0.12061,-1.71069
5181,51823,2440,5870,10838,108,-154,-440,0.05695,0.35864,0.92653,1.41832,0.22748,-1.2145
5182,51833,2390,5924,10874,163,-173,-337,0.05389,0.36195,0.92867,1.83817,0.08244,-0.42824
5183,51843,2454,5886,10874,256,-239,-180,0.05781,0.35962,0.92867,2.54809,-0.42137,0.77023
5184,51853,2454,5908,10746,357,-321,-104,0.05781,0.36097,0.92107,3.31908,-1.04733,1.35038
5185,51863,2474,5890,10744,245,-349,-70,0.05904,0.35987,0.92095,2.46412,-1.26107,1.60992
5186,51873,2516,5892,10728,45,-344,-139,0.06162,0.35999,0.92,0.9374,-1.2229,1.08321
5187,51883,2516,5890,10854,-153,-272,-297,0.06162,0.35987,0.92748,-0.57405,-0.67328,-0.1229
5188,51893,2478,5860,10790,-138,-254,-389,0.05929,0.35803,0.92368,-0.45954,-0.53588,-0.82519
5189,51903,2462,5888,10792,-201,-233,-433,0.0583,0.35974,0.9238,-0.94046,-0.37557,-1.16107
5190,51913,2454,5930,10926,-337,-175,-428,0.05781,0.36232,0.93176,-1.97863,0.06718,-1.1229
5191,51923,2454,5846,10942,-192,-229,-375,0.05781,0.35717,0.93271,-0.87176,-0.34504,-0.71832
5192,51933,2498,5900,10798,43,-248,-299,0.06051,0.36048,0.92416,0.92214,-0.49008,-0.13817
5193,51943,2524,5844,10826,98,-223,-302,0.06211,0.35705,0.92582,1.34198,-0.29924,-0.16107
5194,51953,2554,5882,10798,86,-234,-340,0.06395,0.35938,0.92416,1.25038,-0.38321,-0.45115
5195,51963,2484,5950,10706,111,-227,-324,0.05965,0.36355,0.91869,1.44122,-0.32977,-0.32901
5196,51973,2508,5908,10840,95,-230,-293,0.06113,0.36097,0.92665,1.31908,-0.35267,-0.09237
5197,51983,2524,5896,10794,76,-274,-311,0.06211,0.36024,0.92392,1.17405,-0.68855,-0.22977
5198,51993,2496,5902,10824,115,-310,-355,0.06039,0.3606,0.9257,1.47176,-0.96336,-0.56565
5199,52003,2524,5912,10658,123,-304,-419,0.06211,0.36122,0.91584,1.53282,-0.91756,-1.0542
5200,52013,2542,5900,10730,-46,-219,-465,0.06321,0.36048,0.92012,0.24275,-0.2687,-1.40534
5201,52023,2474,5922,10842,-192,-164,-469,0.05904,0.36183,0.92677,-0.87176,0.15115,-1.43588
5202,52033,2504,5892,10810,-118,-194,-450,0.06088,0.35999,0.92487,-0.30687,-0.07786,-1.29084
5203,52043,2508,5902,10844,38,-224,-431,0.06113,0.3606,0.92689,0.88397,-0.30687,-1.1458
5204,52053,2504,5960,10682,-29,-167,-451,0.06088,0.36416,0.91726,0.37252,0.12824,-1.29847
5205,52063,2492,5896,10716,-296,-93,-448,0.06014,0.36024,0.91928,-1.66565,0.69313,-1.27557
5206,52073,2484,5886,10840,-433,-35,-475,0.05965,0.35962,0.92665,-2.71145,1.13588,-1.48168
5207,52083,2498,5900,10830,-361,-13,-497,0.06051,0.36048,0.92606,-2.16183,1.30382,-1.64962
5208,52093,2472,5932,10870,-293,-13,-493,0.05892,0.36244,0.92844,-1.64275,1.30382,-1.61908
5209,52103,2424,5878,10878,-170,-84,-465,0.05597,0.35913,0.92891,-0.70382,0.76183,-1.40534
5210,52113,2436,5944,10990,86,-240,-382,0.05671,0.36318,0.93557,1.25038,-0.42901,-0.77176
5211,52123,2448,5916,10878,343,-460,-244,0.05744,0.36146,0.92891,3.21221,-2.1084,0.28168
5212,52133,2446,5892,10716,372,-493,-223,0.05732,0.35999,0.91928,3.43359,-2.36031,0.44198
5213,52143,2516,5914,10752,287,-472,-223,0.06162,0.36134,0.92142,2.78473,-2.2,0.44198
5214,52153,2504,5946,10712,229,-252,-328,0.06088,0.3633,0.91905,2.34198,-0.52061,-0.35954
5215,52163,2512,5978,10702,123,-117,-415,0.06137,0.36527,0.91845,1.53282,0.50992,-1.02366
5216,52173,2532,5988,10808,-146,-125,-454,0.0626,0.36588,0.92475,-0.52061,0.44885,-1.32137
5217,52183,2452,5926,10828,-289,-92,-461,0.05769,0.36208,0.92594,-1.61221,0.70076,-1.37481
5218,52193,2454,5892,10770,-256,-143,-417,0.05781,0.35999,0.92249,-1.36031,0.31145,-1.03893
5219,52203,2526,5932,10692,-296,-205,-368,0.06223,0.36244,0.91786,-1.66565,-0.16183,-0.66489
5220,52213,2484,5928,10722,-445,-175,-361,0.05965,0.3622,0.91964,-2.80305,0.06718,-0.61145
5221,52223,2490,5926,10864,-410,-178,-345,0.06002,0.36208,0.92808,-2.53588,0.04427,-0.48931
5222,52233,2514,5902,10840,-265,-187,-328,0.06149,0.3606,0.92665,-1.42901,-0.02443,-0.35954
5223,52243,2484,5970,10880,-105,-234,-350,0.05965,0.36477,0.92903,-0.20763,-0.38321,-0.52748
5224,52253,2500,5908,10850,36,-288,-387,0.06064,0.36097,0.92725,0.8687,-0.79542,-0.80992
5225,52263,2508,5916,10828,38,-296,-417,0.06113,0.36146,0.92594,0.88397,-0.85649,-1.03893
5226,52273,2498,5946,10772,-13,-308,-427,0.06051,0.3633,0.92261,0.49466,-0.94809,-1.11527
5227,52283,2500,5920,10786,-14,-298,-375,0.06064,0.36171,0.92344,0.48702,-0.87176,-0.71832
5228,52293,2472,5948,10836,12,-252,-330,0.05892,0.36343,0.92641,0.6855,-0.52061,-0.37481
5229,52303,2484,5946,10758,-19,-239,-282,0.05965,0.3633,0.92178,0.44885,-0.42137,-0.0084
5230,52313,2494,5966,10808,-35,-245,-274,0.06027,0.36453,0.92475,0.32672,-0.46718,0.05267
5231,52323,2500,5940,10834,20,-230,-349,0.06064,0.36293,0.9263,0.74656,-0.35267,-0.51985
5232,52333,2522,5948,10870,144,-267,-423,0.06199,0.36343,0.92844,1.69313,-0.63511,-1.08473
5233,52343,2526,5996,10752,199,-294,-458,0.06223,0.36637,0.92142,2.11298,-0.84122,-1.35191
5234,52353,2518,5952,10870,102,-219,-515,0.06174,0.36367,0.92844,1.37252,-0.2687,-1.78702
5235,52363,2480,5962,10706,50,-157,-505,0.05941,0.36428,0.91869,0.97557,0.20458,-1.71069
5236,52373,2496,5956,10712,-124,-143,-467,0.06039,0.36392,0.91905,-0.35267,0.31145,-1.42061
5237,52383,2476,5956,10836,-228,-160,-429,0.05916,0.36392,0.92641,-1.14656,0.18168,-1.13053
5238,52393,2528,5978,10764,-166,-181,-345,0.06235,0.36527,0.92214,-0.67328,0.02137,-0.48931
5239,52403,2508,5936,10814,-244,-121,-317,0.06113,0.36269,0.92511,-1.2687,0.47939,-0.27557
5240,52413,2484,5914,10862,-269,-145,-298,0.05965,0.36134,0.92796,-1.45954,0.29618,-0.13053
5241,52423,2512,5922,10928,-137,-200,-273,0.06137,0.36183,0.93188,-0.45191,-0.12366,0.06031
5242,52433,2492,5980,10710,-38,-260,-273,0.06014,0.36539,0.91893,0.30382,-0.58168,0.06031
5243,52443,2478,5956,10822,-65,-241,-298,0.05929,0.36392,0.92558,0.09771,-0.43664,-0.13053
5244,52453,2530,5966,10686,-69,-261,-321,0.06248,0.36453,0.9175,0.06718,-0.58931,-0.30611
5245,52463,2522,5958,10822,-162,-237,-348,0.06199,0.36404,0.92558,-0.64275,-0.40611,-0.51221
5246,52473,2522,5932,10804,-168,-243,-371,0.06199,0.36244,0.92451,-0.68855,-0.45191,-0.68779
5247,52483,2540,5916,10744,-165,-221,-376,0.06309,0.36146,0.92095,-0.66565,-0.28397,-0.72595
5248,52493,2486,5932,10840,-232,-106,-424,0.05978,0.36244,0.92665,-1.1771,0.59389,-1.09237
5249,52503,2504,5892,10854,-167,-31,-415,0.06088,0.35999,0.92748,-0.68092,1.16641,-1.02366
5250,52513,2484,5968,10864,20,-48,-390,0.05965,0.36465,0.92808,0.74656,1.03664,-0.83282
5251,52523,2436,6010,10940,292,-147,-348,0.05671,0.36723,0.93259,2.8229,0.28092,-0.51221
5252,52533,2534,6016,10748,585,-350,-227,0.06272,0.3676,0.92119,5.05954,-1.2687,0.41145
5253,52543,2506,5990,10708,521,-359,-189,0.061,0.366,0.91881,4.57099,-1.3374,0.70153
5254,52553,2536,5992,10710,329,-357,-143,0.06284,0.36612,0.91893,3.10534,-1.32214,1.05267
5255,52563,2536,6002,10734,71,-399,-138,0.06284,0.36674,0.92035,1.13588,-1.64275,1.09084
5256,52573,2540,6024,10714,-141,-409,-132,0.06309,0.36809,0.91917,-0.48244,-1.71908,1.13664
5257,52583,2604,5994,10710,-233,-367,-184,0.06702,0.36625,0.91893,-1.18473,-1.39847,0.73969
5258,52593,2590,5946,10802,-197,-253,-270,0.06616,0.3633,0.92439,-0.90992,-0.52824,0.08321
5259,52603,2552,5994,10734,-105,-166,-377,0.06383,0.36625,0.92035,-0.20763,0.13588,-0.73359
5260,52613,2536,5932,10712,-96,-121,-455,0.06284,0.36244,0.91905,-0.13893,0.47939,-1.32901
5261,52623,2514,5962,10690,-152,-62,-530,0.06149,0.36428,0.91774,-0.56641,0.92977,-1.90153
5262,52633,2500,5930,10846,-220,-68,-518,0.06064,0.36232,0.92701,-1.0855,0.88397,-1.80992
5263,52643,2542,5998,10782,-189,-217,-445,0.06321,0.36649,0.92321,-0.84885,-0.25344,-1.25267
5264,52653,2512,5994,10864,-179,-246,-364,0.06137,0.36625,0.92808,-0.77252,-0.47481,-0.63435
5265,52663,2544,5962,10768,-102,-345,-295,0.06334,0.36428,0.92237,-0.18473,-1.23053,-0.10763
5266,52673,2616,5990,10724,-155,-368,-252,0.06775,0.366,0.91976,-0.58931,-1.40611,0.22061
5267,52683,2562,5998,10678,-361,-233,-336,0.06444,0.36649,0.91703,-2.16183,-0.37557,-0.42061
5268,52693,2504,5908,10904,-460,-75,-369,0.06088,0.36097,0.93046,-2.91756,0.83053,-0.67252
5269,52703,2542,5952,10878,-258,-93,-328,0.06321,0.36367,0.92891,-1.37557,0.69313,-0.35954
5270,52713,2516,5978,10754,-91,-118,-313,0.06162,0.36527,0.92154,-0.10076,0.50229,-0.24504
5271,52723,2576,5972,10734,-63,-106,-346,0.0653,0.3649,0.92035,0.11298,0.59389,-0.49695
5272,52733,2552,5962,10724,-98,-67,-417,0.06383,0.36428,0.91976,-0.1542,0.8916,-1.03893
5273,52743,2590,5946,10820,-160,-49,-459,0.06616,0.3633,0.92546,-0.62748,1.02901,-1.35954
5274,52753,2498,5948,10806,-50,-99,-476,0.06051,0.36343,0.92463,0.21221,0.64733,-1.48931
5275,52763,2532,5964,10784,13,-158,-492,0.0626,0.36441,0.92333,0.69313,0.19695,-1.61145
5276,52773,2540,5982,10740,-47,-202,-491,0.06309,0.36551,0.92071,0.23511,-0.13893,-1.60382
5277,52783,2490,6010,10724,-191,-180,-462,0.06002,0.36723,0.91976,-0.86412,0.02901,-1.38244
5278,52793,2474,5986,10788,-302,-161,-384,0.05904,0.36576,0.92356,-1.71145,0.17405,-0.78702
5279,52803,2510,6018,10870,-202,-255,-303,0.06125,0.36772,0.92844,-0.94809,-0.54351,-0.1687
5280,52813,2498,5978,10870,-24,-334,-253,0.06051,0.36527,0.92844,0.41069,-1.14656,0.21298
5281,52823,2574,5962,10740,52,-321,-258,0.06518,0.36428,0.92071,0.99084,-1.04733,0.17481
5282,52833,2552,5960,10808,-32,-281,-363,0.06383,0.36416,0.92475,0.34962,-0.74198,-0.62672
5283,52843,2576,5988,10654,-55,-167,-475,0.0653,0.36588,0.9156,0.17405,0.12824,-1.48168
5284,52853,2544,6002,10578,-291,-66,-571,0.06334,0.36674,0.91108,-1.62748,0.89924,-2.2145
5285,52863,2468,5986,10814,-688,111,-611,0.05867,0.36576,0.92511,-4.65802,2.25038,-2.51985
5286,52873,2474,5926,10924,-675,119,-589,0.05904,0.36208,0.93164,-4.55878,2.31145,-2.35191
5287,52883,2514,5936,10850,-377,-90,-515,0.06149,0.36269,0.92725,-2.28397,0.71603,-1.78702
5288,52893,2492,5932,10822,-72,-259,-421,0.06014,0.36244,0.92558,0.04427,-0.57405,-1.06947
5289,52903,2512,5968,10818,127,-326,-385,0.06137,0.36465,0.92535,1.56336,-1.0855,-0.79466
5290,52913,2522,5940,10812,226,-386,-377,0.06199,0.36293,0.92499,2.31908,-1.54351,-0.73359
5291,52923,2562,6008,10706,265,-443,-351,0.06444,0.36711,0.91869,2.61679,-1.97863,-0.53511
5292,52933,2548,5956,10702,16,-300,-358,0.06358,0.36392,0.91845,0.71603,-0.88702,-0.58855
5293,52943,2564,5978,10790,-198,-137,-368,0.06456,0.36527,0.92368,-0.91756,0.35725,-0.66489
5294,52953,2482,5946,10816,-78,-144,-369,0.05953,0.3633,0.92523,-0.00153,0.30382,-0.67252
5295,52963,2480,5962,10752,50,-216,-329,0.05941,0.36428,0.92142,0.97557,-0.2458,-0.36718
5296,52973,2542,5976,10716,50,-269,-305,0.06321,0.36514,0.91928,0.97557,-0.65038,-0.18397
5297,52983,2518,5958,10752,17,-292,-286,0.06174,0.36404,0.92142,0.72366,-0.82595,-0.03893
5298,52993,2526,5950,10872,8,-323,-302,0.06223,0.36355,0.92855,0.65496,-1.0626,-0.16107
5299,53003,2552,5964,10770,78,-408,-276,0.06383,0.36441,0.92249,1.18931,-1.71145,0.0374
5300,53013,2576,5962,10790,80,-369,-295,0.0653,0.36428,0.92368,1.20458,-1.41374,-0.10763
5301,53023,2594,5970,10772,114,-292,-324,0.0664,0.36477,0.92261,1.46412,-0.82595,-0.32901
5302,53033,2594,5994,10696,27,-179,-377,0.0664,0.36625,0.9181,0.8,0.03664,-0.73359
5303,53043,2480,5990,10826,-134,-97,-467,0.05941,0.366,0.92582,-0.42901,0.6626,-1.42061
5304,53053,2548,5966,10808,-36,-173,-447,0.06358,0.36453,0.92475,0.31908,0.08244,-1.26794
5305,53063,2562,5996,10772,22,-219,-435,0.06444,0.36637,0.92261,0.76183,-0.2687,-1.17634
5306,53073,2572,6008,10722,-88,-194,-474,0.06505,0.36711,0.91964,-0.07786,-0.07786,-1.47405
5307,53083,2578,5974,10878,-163,-195,-479,0.06542,0.36502,0.92891,-0.65038,-0.0855,-1.51221
5308,53093,2496,5974,10794,-71,-237,-453,0.06039,0.36502,0.92392,0.05191,-0.40611,-1.31374
5309,53103,2538,6004,10704,40,-268,-449,0.06297,0.36686,0.91857,0.89924,-0.64275,-1.28321
5310,53113,2558,6006,10698,-25,-219,-485,0.06419,0.36698,0.91822,0.40305,-0.2687,-1.55802
5311,53123,2524,5960,10732,-77,-146,-505,0.06211,0.36416,0.92024,0.00611,0.28855,-1.71069
5312,53133,2546,5968,10684,-179,-148,-458,0.06346,0.36465,0.91738,-0.77252,0.27328,-1.35191
5313,53143,2512,6008,10756,-232,-156,-424,0.06137,0.36711,0.92166,-1.1771,0.21221,-1.09237
5314,53153,2518,5984,10832,-100,-206,-369,0.06174,0.36563,0.92618,-0.16947,-0.16947,-0.67252
5315,53163,2548,6032,10790,-8,-293,-358,0.06358,0.36858,0.92368,0.53282,-0.83359,-0.58855
5316,53173,2588,6012,10716,-39,-352,-339,0.06604,0.36735,0.91928,0.29618,-1.28397,-0.44351
5317,53183,2576,6016,10724,-163,-298,-365,0.0653,0.3676,0.91976,-0.65038,-0.87176,-0.64198
5318,53193,2534,6004,10782,-208,-260,-374,0.06272,0.36686,0.92321,-0.99389,-0.58168,-0.71069
5319,53203,2518,6030,10772,-183,-153,-363,0.06174,0.36845,0.92261,-0.80305,0.23511,-0.62672
5320,53213,2592,6012,10820,-131,-82,-374,0.06628,0.36735,0.92546,-0.40611,0.7771,-0.71069
5321,53223,2524,5968,10860,-89,-60,-408,0.06211,0.36465,0.92784,-0.0855,0.94504,-0.97023
5322,53233,2586,5992,10748,64,-166,-367,0.06591,0.36612,0.92119,1.08244,0.13588,-0.65725
5323,53243,2570,5998,10658,-66,-167,-387,0.06493,0.36649,0.91584,0.09008,0.12824,-0.80992
5324,53253,2472,5988,10828,-263,-90,-411,0.05892,0.36588,0.92594,-1.41374,0.71603,-0.99313
5325,53263,2550,5966,10746,-172,-184,-343,0.0637,0.36453,0.92107,-0.71908,-0.00153,-0.47405
5326,53273,2504,5986,10764,-185,-185,-358,0.06088,0.36576,0.92214,-0.81832,-0.00916,-0.58855
5327,53283,2504,6022,10852,-306,-192,-394,0.06088,0.36796,0.92737,-1.74198,-0.0626,-0.86336
5328,53293,2618,6006,10736,-305,-189,-387,0.06788,0.36698,0.92047,-1.73435,-0.03969,-0.80992
5329,53303,2600,5974,10694,-420,-57,-453,0.06677,0.36502,0.91798,-2.61221,0.96794,-1.31374
5330,53313,2544,5960,10792,-553,44,-549,0.06334,0.36416,0.9238,-3.62748,1.73893,-2.04656
5331,53323,2488,5992,10894,-541,74,-603,0.0599,0.36612,0.92986,-3.53588,1.96794,-2.45878
5332,53333,2482,5982,10872,-377,-31,-581,0.05953,0.36551,0.92855,-2.28397,1.16641,-2.29084
5333,53343,2510,5898,10868,-264,-99,-562,0.06125,0.36036,0.92832,-1.42137,0.64733,-2.1458
5334,53353,2514,5956,10824,-159,-188,-595,0.06149,0.36392,0.9257,-0.61985,-0.03206,-2.39771
5335,53363,2540,5942,10800,-161,-226,-636,0.06309,0.36306,0.92428,-0.63511,-0.32214,-2.71069
5336,53373,2512,5934,10774,-276,-180,-596,0.06137,0.36257,0.92273,-1.51298,0.02901,-2.40534
5337,53383,2496,5940,10734,-393,-143,-516,0.06039,0.36293,0.92035,-2.40611,0.31145,-1.79466
5338,53393,2560,5934,10666,-542,-26,-502,0.06432,0.36257,0.91631,-3.54351,1.20458,-1.68779
5339,53403,2528,5970,10574,-869,142,-552,0.06235,0.36477,0.91085,-6.03969,2.48702,-2.06947
5340,53413,2512,5888,10596,-1372,327,-669,0.06137,0.35974,0.91215,-9.87939,3.89924,-2.9626
5341,53423,2528,5894,10698,-1895,537,-820,0.06235,0.36011,0.91822,-13.87176,5.50229,-4.11527
5342,53433,2494,5830,10742,-2326,695,-1000,0.06027,0.35619,0.92083,-17.16183,6.7084,-5.48931
5343,53443,2466,5778,10868,-2660,733,-1186,0.05855,0.353,0.92832,-19.71145,6.99847,-6.90916
5344,53453,2458,5708,10596,-2899,712,-1294,0.05806,0.3487,0.91215,-21.53588,6.83817,-7.73359
5345,53463,2366,5688,10674,-3541,903,-1486,0.05241,0.34748,0.91679,-26.43664,8.29618,-9.19924
5346,53473,2234,5630,10516,-4589,1091,-1615,0.04431,0.34392,0.9074,-34.43664,9.7313,-10.18397
5347,53483,2252,5548,10636,-5821,1251,-1560,0.04542,0.33889,0.91453,-43.84122,10.95267,-9.76412
5348,53493,2352,5354,10540,-7058,1292,-1573,0.05155,0.32699,0.90883,-53.28397,11.26565,-9.86336
5349,53503,2146,5188,10950,-8465,1554,-1702,0.03891,0.31681,0.93319,-64.02443,13.26565,-10.84809
5350,53513,1912,4738,11938,-8865,1407,-1564,0.02455,0.2892,0.9919,-67.07787,12.14351,-9.79466
5351,53523,2036,4574,11774,-7093,1015,-1169,0.03216,0.27914,0.98215,-53.55115,9.15114,-6.77939
5352,53533,2058,4508,11550,-5644,813,-1058,0.03351,0.27509,0.96884,-42.49008,7.60916,-5.93206
5353,53543,1966,4462,11176,-4928,689,-1092,0.02787,0.27227,0.94662,-37.02443,6.6626,-6.1916
5354,53553,1956,4396,11290,-5079,842,-971,0.02725,0.26822,0.95339,-38.1771,7.83053,-5.26794
5355,53563,1984,4286,11378,-5267,1057,-773,0.02897,0.26148,0.95862,-39.61222,9.47176,-3.75649
5356,53573,1864,4162,11406,-5366,1216,-607,0.02161,0.25387,0.96028,-40.36794,10.6855,-2.48931
5357,53583,1974,4072,11364,-5453,1152,-511,0.02836,0.24835,0.95779,-41.03206,10.19695,-1.75649
5358,53593,1940,3940,11266,-5880,1143,-573,0.02627,0.24025,0.95197,-44.2916,10.12824,-2.22977
5359,53603,1894,3782,11446,-6513,1205,-754,0.02345,0.23056,0.96266,-49.12366,10.60153,-3.61145
5360,53613,1914,3638,11378,-6932,1083,-885,0.02468,0.22173,0.95862,-52.32214,9.67023,-4.61145
5361,53623,1750,3464,11356,-7400,1101,-1040,0.01461,0.21105,0.95731,-55.89466,9.80763,-5.79466
5362,53633,1834,3336,11018,-8316,1140,-1016,0.01977,0.2032,0.93723,-62.88702,10.10534,-5.61145
5363,53643,1888,3126,11152,-10206,1330,-1088,0.02308,0.19032,0.94519,-77.31451,11.55573,-6.16107
5364,53653,1670,2900,11362,-11990,1452,-1241,0.0097,0.17646,0.95767,-90.93282,12.48702,-7.32901
5365,53663,1634,2634,11274,-13389,1457,-1275,0.00749,0.16014,0.95244,-101.61221,12.52519,-7.58855
5366,53673,1608,2314,11282,-14909,1518,-1215,0.0059,0.14051,0.95292,-113.21527,12.99084,-7.13053
5367,53683,1382,1918,11476,-16500,1779,-1259,-0.00797,0.11622,0.96444,-125.3603,14.98321,-7.46641
5368,53693,1552,1416,12044,-18067,1424,-1078,0.00246,0.08543,0.99819,-137.32213,12.27328,-6.08473
5369,53703,1542,906,12722,-18493,785,-1103,0.00185,0.05415,1.03848,-140.57404,7.39542,-6.27557
5370,53713,1576,398,12982,-16799,931,-1056,0.00393,0.02298,1.05393,-127.64274,8.50992,-5.91679
5371,53723,1004,230,13324,-13553,1130,-839,-0.03117,0.01268,1.07425,-102.86412,10.02901,-4.2603
5372,53733,1494,604,12784,-8940,676,65,-0.0011,0.03562,1.04216,-67.65038,6.56336,2.64046
5373,53743,1444,260,12378,-5810,576,-89,-0.00417,0.01452,1.01804,-43.75725,5.8,1.46489
5374,53753,1430,266,12352,-4389,463,-124,-0.00503,0.01489,1.01649,-32.90992,4.9374,1.19771
5375,53763,1540,172,11952,-3412,373,-362,0.00172,0.00912,0.99273,-25.45191,4.25038,-0.61908
5376,53773,1398,156,12026,-3115,341,-620,-0.00699,0.00814,0.99712,-23.18473,4.00611,-2.58855
5377,53783,1338,38,12130,-2974,403,-758,-0.01067,0.0009,1.0033,-22.1084,4.47939,-3.64198
5378,53793,1364,-52,12008,-2888,480,-832,-0.00908,-0.00462,0.99605,-21.45191,5.06718,-4.20687
5379,53803,1298,-124,12350,-2799,414,-800,-0.01313,-0.00904,1.01638,-20.77252,4.56336,-3.9626
5380,53813,1282,-168,12344,-1936,290,-668,-0.01411,-0.01173,1.01602,-14.18473,3.61679,-2.95496
5381,53823,1312,-194,12168,-845,114,-554,-0.01227,-0.01333,1.00556,-5.85649,2.27328,-2.08473
5382,53833,1416,-182,12070,-358,-37,-608,-0.00588,-0.01259,0.99974,-2.13893,1.12061,-2.49695
5383,53843,1314,-144,12052,-220,-107,-711,-0.01214,-0.01026,0.99867,-1.0855,0.58626,-3.28321
5384,53853,1340,-158,12086,-176,-136,-826,-0.01055,-0.01112,1.00069,-0.74962,0.36489,-4.16107
5385,53863,1332,-158,12078,-140,-162,-910,-0.01104,-0.01112,1.00021,-0.47481,0.16641,-4.80229
5386,53873,1350,-190,11974,-125,-161,-924,-0.00994,-0.01308,0.99403,-0.36031,0.17405,-4.90916
5387,53883,1368,-230,12008,-124,-170,-994,-0.00883,-0.01554,0.99605,-0.35267,0.10534,-5.44351
5388,53893,1388,-258,12050,-137,-159,-1206,-0.0076,-0.01726,0.99855,-0.45191,0.18931,-7.06183
5389,53903,1322,-180,12050,-145,-156,-1483,-0.01165,-0.01247,0.99855,-0.51298,0.21221,-9.17634
5390,53913,1262,-108,12006,-117,-172,-1497,-0.01534,-0.00805,0.99594,-0.29924,0.09008,-9.28321
5391,53923,1250,-48,12030,-117,-171,-933,-0.01607,-0.00437,0.99736,-0.29924,0.09771,-4.97786
5392,53933,1326,-126,12132,-193,-122,-314,-0.01141,-0.00916,1.00342,-0.87939,0.47176,-0.25267
5393,53943,1280,-224,12176,-184,-126,-274,-0.01423,-0.01517,1.00604,-0.81069,0.44122,0.05267
5394,53953,1316,-224,12042,-126,-156,-280,-0.01202,-0.01517,0.99807,-0.36794,0.21221,0.00687
5395,53963,1310,-216,12010,-107,-190,-294,-0.01239,-0.01468,0.99617,-0.2229,-0.04733,-0.1
5396,53973,1360,-190,12024,-108,-211,-332,-0.00932,-0.01308,0.99701,-0.23053,-0.20763,-0.39008
5397,53983,1400,-188,12054,-94,-217,-357,-0.00687,-0.01296,0.99879,-0.12366,-0.25344,-0.58092
5398,53993,1380,-214,12016,-94,-211,-424,-0.00809,-0.01456,0.99653,-0.12366,-0.20763,-1.09237
5399,54003,1440,-242,12006,-85,-202,-635,-0.00441,-0.01627,0.99594,-0.05496,-0.13893,-2.70305
5400,54013,1334,-180,12106,-76,-199,-898,-0.01092,-0.01247,1.00188,0.01374,-0.11603,-4.71069
5401,54023,1224,-182,12066,-87,-183,-890,-0.01767,-0.01259,0.9995,-0.07023,0.00611,-4.64962
5402,54033,1216,-148,12074,-93,-171,-699,-0.01816,-0.01051,0.99998,-0.11603,0.09771,-3.1916
5403,54043,1274,-172,11974,-96,-173,-500,-0.0146,-0.01198,0.99403,-0.13893,0.08244,-1.67252
5404,54053,1250,-138,12068,-93,-170,-364,-0.01607,-0.00989,0.99962,-0.11603,0.10534,-0.63435
5405,54063,1268,-178,12036,-30,-228,-286,-0.01497,-0.01235,0.99772,0.36489,-0.3374,-0.03893
5406,54073,1178,-112,12030,-24,-256,-119,-0.02049,-0.0083,0.99736,0.41069,-0.55115,1.23588
5407,54083,1200,-130,12040,-104,-222,499,-0.01914,-0.0094,0.99796,-0.2,-0.2916,5.95344
5408,54093,1276,-212,12000,-144,-185,1062,-0.01448,-0.01443,0.99558,-0.50534,-0.00916,10.25115
5409,54103,1378,-186,12000,-136,-187,1087,-0.00822,-0.01284,0.99558,-0.44427,-0.02443,10.44199
5410,54113,1328,-196,12040,-106,-198,966,-0.01129,-0.01345,0.99796,-0.21527,-0.1084,9.51832
5411,54123,1348,-164,12070,-87,-206,958,-0.01006,-0.01149,0.99974,-0.07023,-0.16947,9.45725
5412,54133,1376,-156,12086,-80,-209,1049,-0.00834,-0.011,1.00069,-0.01679,-0.19237,10.15191
5413,54143,1296,-158,12046,-86,-210,1200,-0.01325,-0.01112,0.99831,-0.0626,-0.2,11.30458
5414,54153,1306,-186,12046,-106,-191,1382,-0.01264,-0.01284,0.99831,-0.21527,-0.05496,12.69389
5415,54163,1150,-192,12008,-133,-149,1539,-0.02221,-0.01321,0.99605,-0.42137,0.26565,13.89237
5416,54173,882,-160,12018,-144,-113,2140,-0.03865,-0.01124,0.99665,-0.50534,0.54046,18.48015
5417,54183,476,-176,12052,-150,-81,3537,-0.06357,-0.01223,0.99867,-0.55115,0.78473,29.14427
5418,54193,1116,-208,12088,-151,-40,5582,-0.02429,-0.01419,1.00081,-0.55878,1.09771,44.75496
5419,54203,1430,-154,12120,-107,-66,5513,-0.00503,-0.01088,1.00271,-0.2229,0.89924,44.22824
5420,54213,1058,-116,12096,-84,-111,4574,-0.02785,-0.00854,1.00128,-0.04733,0.55573,37.0603
5421,54223,1216,-260,12154,-146,-128,3811,-0.01816,-0.01738,1.00473,-0.52061,0.42595,31.23588
5422,54233,1742,-158,11974,20,-286,3100,0.01412,-0.01112,0.99403,0.74656,-0.78015,25.8084
5423,54243,1732,-240,12060,-3,-261,2415,0.01351,-0.01615,0.99914,0.57099,-0.58931,20.57939
5424,54253,1856,-234,12074,-60,-232,1862,0.02112,-0.01578,0.99998,0.13588,-0.36794,16.35802
5425,54263,1584,-236,12008,-120,-170,997,0.00442,-0.01591,0.99605,-0.32214,0.10534,9.75496
5426,54273,1530,-226,12026,-110,-167,356,0.00111,-0.01529,0.99712,-0.2458,0.12824,4.86183
5427,54283,1400,-206,12056,-109,-167,-111,-0.00687,-0.01407,0.99891,-0.23817,0.12824,1.29695
5428,54293,1366,-202,12064,-104,-174,-316,-0.00895,-0.01382,0.99938,-0.2,0.07481,-0.26794
5429,54303,1346,-246,12052,-105,-160,-342,-0.01018,-0.01652,0.99867,-0.20763,0.18168,-0.46641
5430,54313,1342,-216,12082,-93,-166,-345,-0.01043,-0.01468,1.00045,-0.11603,0.13588,-0.48931
5431,54323,1340,-168,12018,-79,-158,-345,-0.01055,-0.01173,0.99665,-0.00916,0.19695,-0.48931
5432,54333,1306,-174,12064,-82,-155,-353,-0.01264,-0.0121,0.99938,-0.03206,0.21985,-0.55038
5433,54343,1330,-168,12070,-69,-172,-359,-0.01116,-0.01173,0.99974,0.06718,0.09008,-0.59618
5434,54353,1280,-168,12046,-65,-168,-371,-0.01423,-0.01173,0.99831,0.09771,0.12061,-0.68779
5435,54363,1256,-178,12028,-63,-178,-371,-0.0157,-0.01235,0.99724,0.11298,0.04427,-0.68779
5436,54373,1230,-138,12084,-65,-181,-355,-0.0173,-0.00989,1.00057,0.09771,0.02137,-0.56565
5437,54383,1228,-148,12060,-70,-188,-338,-0.01742,-0.01051,0.99914,0.05954,-0.03206,-0.43588
5438,54393,1278,-150,12030,-84,-185,-339,-0.01435,-0.01063,0.99736,-0.04733,-0.00916,-0.44351
5439,54403,1300,-176,12120,-92,-182,-342,-0.013,-0.01223,1.00271,-0.1084,0.01374,-0.46641
5440,54413,1342,-178,12050,-84,-193,-350,-0.01043,-0.01235,0.99855,-0.04733,-0.07023,-0.52748
5441,54423,1314,-164,12048,-88,-188,-358,-0.01214,-0.01149,0.99843,-0.07786,-0.03206,-0.58855
5442,54433,1320,-246,12026,-78,-189,-359,-0.01178,-0.01652,0.99712,-0.00153,-0.03969,-0.59618
5443,54443,1348,-220,12072,-70,-194,-360,-0.01006,-0.01492,0.99986,0.05954,-0.07786,-0.60382
5444,54453,1370,-192,12042,-62,-195,-363,-0.00871,-0.01321,0.99807,0.12061,-0.0855,-0.62672
5445,54463,1336,-226,12102,-63,-187,-375,-0.01079,-0.01529,1.00164,0.11298,-0.02443,-0.71832
5446,54473,1316,-232,11978,-66,-191,-391,-0.01202,-0.01566,0.99427,0.09008,-0.05496,-0.84046
5447,54483,1290,-198,12084,-68,-199,-394,-0.01362,-0.01357,1.00057,0.07481,-0.11603,-0.86336
5448,54493,1268,-172,12066,-63,-201,-380,-0.01497,-0.01198,0.9995,0.11298,-0.1313,-0.75649
5449,54503,1318,-182,12054,-66,-190,-370,-0.0119,-0.01259,0.99879,0.09008,-0.04733,-0.68015
5450,54513,1312,-184,12020,-72,-195,-365,-0.01227,-0.01272,0.99677,0.04427,-0.0855,-0.64198
5451,54523,1312,-186,12032,-70,-193,-360,-0.01227,-0.01284,0.99748,0.05954,-0.07023,-0.60382
5452,54533,1292,-154,12050,-78,-182,-357,-0.01349,-0.01088,0.99855,-0.00153,0.01374,-0.58092
5453,54543,1302,-148,12110,-82,-179,-364,-0.01288,-0.01051,1.00212,-0.03206,0.03664,-0.63435
5454,54553,1296,-150,12074,-79,-179,-354,-0.01325,-0.01063,0.99998,-0.00916,0.03664,-0.55802
5455,54563,1266,-180,12078,-82,-182,-350,-0.01509,-0.01247,1.00021,-0.03206,0.01374,-0.52748
5456,54573,1248,-178,12064,-72,-184,-346,-0.01619,-0.01235,0.99938,0.04427,-0.00153,-0.49695
5457,54583,1312,-174,12074,-73,-198,-347,-0.01227,-0.0121,0.99998,0.03664,-0.1084,-0.50458
5458,54593,1324,-232,11990,-79,-199,-335,-0.01153,-0.01566,0.99498,-0.00916,-0.11603,-0.41298
5459,54603,1270,-186,12100,-79,-188,-319,-0.01484,-0.01284,1.00152,-0.00916,-0.03206,-0.29084
5460,54613,1348,-182,11984,-80,-194,-303,-0.01006,-0.01259,0.99463,-0.01679,-0.07786,-0.1687
5461,54623,1334,-174,12044,-77,-191,-287,-0.01092,-0.0121,0.99819,0.00611,-0.05496,-0.04656
5462,54633,1354,-186,12002,-76,-186,-289,-0.00969,-0.01284,0.9957,0.01374,-0.01679,-0.06183
5463,54643,1384,-212,12084,-76,-183,-296,-0.00785,-0.01443,1.00057,0.01374,0.00611,-0.11527
5464,54653,1356,-180,12054,-67,-196,-299,-0.00957,-0.01247,0.99879,0.08244,-0.09313,-0.13817
5465,54663,1316,-132,12048,-65,-196,-310,-0.01202,-0.00953,0.99843,0.09771,-0.09313,-0.22214
5466,54673,1346,-206,11982,-63,-201,-324,-0.01018,-0.01407,0.99451,0.11298,-0.1313,-0.32901
5467,54683,1312,-174,11988,-73,-188,-329,-0.01227,-0.0121,0.99487,0.03664,-0.03206,-0.36718
5468,54693,1300,-156,12114,-79,-187,-323,-0.013,-0.011,1.00235,-0.00916,-0.02443,-0.32137
5469,54703,1282,-140,12084,-72,-181,-311,-0.01411,-0.01002,1.00057,0.04427,0.02137,-0.22977
5470,54713,1294,-146,12024,-72,-189,-307,-0.01337,-0.01038,0.99701,0.04427,-0.03969,-0.19924
5471,54723,1266,-144,12068,-75,-191,-295,-0.01509,-0.01026,0.99962,0.02137,-0.05496,-0.10763
5472,54733,1226,-176,12070,-74,-193,-295,-0.01754,-0.01223,0.99974,0.02901,-0.07023,-0.10763
5473,54743,1334,-200,12046,-72,-194,-296,-0.01092,-0.0137,0.99831,0.04427,-0.07786,-0.11527
5474,54753,1302,-200,12094,-76,-194,-289,-0.01288,-0.0137,1.00116,0.01374,-0.07786,-0.06183
5475,54763,1286,-210,12062,-84,-189,-292,-0.01386,-0.01431,0.99926,-0.04733,-0.03969,-0.08473
5476,54773,1336,-216,12056,-86,-180,-288,-0.01079,-0.01468,0.99891,-0.0626,0.02901,-0.0542
5477,54783,1348,-224,12030,-76,-195,-290,-0.01006,-0.01517,0.99736,0.01374,-0.0855,-0.06947
5478,54793,1332,-228,12006,-67,-190,-299,-0.01104,-0.01541,0.99594,0.08244,-0.04733,-0.13817
5479,54803,1344,-230,11990,-71,-188,-299,-0.0103,-0.01554,0.99498,0.05191,-0.03206,-0.13817
5480,54813,1346,-228,12046,-81,-183,-293,-0.01018,-0.01541,0.99831,-0.02443,0.00611,-0.09237
5481,54823,1326,-192,12006,-86,-175,-296,-0.01141,-0.01321,0.99594,-0.0626,0.06718,-0.11527
5482,54833,1348,-208,12084,-84,-165,-296,-0.01006,-0.01419,1.00057,-0.04733,0.14351,-0.11527
5483,54843,1288,-208,12026,-81,-164,-294,-0.01374,-0.01419,0.99712,-0.02443,0.15115,-0.1
5484,54853,1292,-164,12062,-82,-176,-300,-0.01349,-0.01149,0.99926,-0.03206,0.05954,-0.1458
5485,54863,1278,-166,12080,-70,-187,-299,-0.01435,-0.01161,1.00033,0.05954,-0.02443,-0.13817
5486,54873,1240,-186,12088,-61,-189,-302,-0.01669,-0.01284,1.00081,0.12824,-0.03969,-0.16107
5487,54883,1284,-196,12030,-51,-204,-302,-0.01399,-0.01345,0.99736,0.20458,-0.1542,-0.16107
5488,54893,1290,-168,12026,-45,-220,-317,-0.01362,-0.01173,0.99712,0.25038,-0.27634,-0.27557
5489,54903,1316,-216,12056,-49,-219,-332,-0.01202,-0.01468,0.99891,0.21985,-0.2687,-0.39008
5490,54913,1332,-178,12032,-64,-205,-332,-0.01104,-0.01235,0.99748,0.10534,-0.16183,-0.39008
5491,54923,1294,-212,12076,-73,-208,-326,-0.01337,-0.01443,1.0001,0.03664,-0.18473,-0.34427
5492,54933,1296,-176,12050,-77,-209,-312,-0.01325,-0.01223,0.99855,0.00611,-0.19237,-0.2374
5493,54943,1324,-216,11956,-82,-196,-319,-0.01153,-0.01468,0.99296,-0.03206,-0.09313,-0.29084
5494,54953,1356,-224,12000,-84,-186,-320,-0.00957,-0.01517,0.99558,-0.04733,-0.01679,-0.29847
5495,54963,1332,-214,12066,-77,-192,-326,-0.01104,-0.01456,0.9995,0.00611,-0.0626,-0.34427
5496,54973,1342,-180,12020,-67,-192,-353,-0.01043,-0.01247,0.99677,0.08244,-0.0626,-0.55038
5497,54983,1356,-214,12048,-66,-202,-386,-0.00957,-0.01456,0.99843,0.09008,-0.13893,-0.80229
5498,54993,1352,-150,11998,-61,-206,-436,-0.00981,-0.01063,0.99546,0.12824,-0.16947,-1.18397
5499,55003,1322,-180,11994,-65,-207,-484,-0.01165,-0.01247,0.99522,0.09771,-0.1771,-1.55038
5500,55013,1306,-274,12054,-75,-200,-531,-0.01264,-0.01824,0.99879,0.02137,-0.12366,-1.90916
5501,55023,1288,-174,12054,-77,-197,-561,-0.01374,-0.0121,0.99879,0.00611,-0.10076,-2.13817
5502,55033,1280,-172,12036,-83,-197,-555,-0.01423,-0.01198,0.99772,-0.03969,-0.10076,-2.09237
5503,55043,1308,-176,12052,-77,-195,-533,-0.01251,-0.01223,0.99867,0.00611,-0.0855,-1.92443
5504,55053,1234,-168,12058,-72,-200,-540,-0.01705,-0.01173,0.99903,0.04427,-0.12366,-1.97786
5505,55063,1260,-182,11970,-69,-214,-540,-0.01546,-0.01259,0.9938,0.06718,-0.23053,-1.97786
5506,55073,1268,-144,12086,-70,-215,-513,-0.01497,-0.01026,1.00069,0.05954,-0.23817,-1.77176
5507,55083,1316,-162,12046,-69,-210,-492,-0.01202,-0.01137,0.99831,0.06718,-0.2,-1.61145
5508,55093,1292,-182,11936,-62,-214,-505,-0.01349,-0.01259,0.99178,0.12061,-0.23053,-1.71069
5509,55103,1304,-198,12016,-65,-227,-587,-0.01276,-0.01357,0.99653,0.09771,-0.32977,-2.33664
5510,55113,1266,-146,11968,-85,-220,-659,-0.01509,-0.01038,0.99368,-0.05496,-0.27634,-2.88626
5511,55123,1344,-200,12082,-142,-155,-424,-0.0103,-0.0137,1.00045,-0.49008,0.21985,-1.09237
5512,55133,1360,-234,12084,-111,-168,-368,-0.00932,-0.01578,1.00057,-0.25344,0.12061,-0.66489
5513,55143,1344,-192,12096,-84,-182,-363,-0.0103,-0.01321,1.00128,-0.04733,0.01374,-0.62672
5514,55153,1296,-216,12084,-79,-192,-342,-0.01325,-0.01468,1.00057,-0.00916,-0.0626,-0.46641
5515,55163,1330,-232,12076,-76,-181,-334,-0.01116,-0.01566,1.0001,0.01374,0.02137,-0.40534
5516,55173,1304,-212,12056,-80,-187,-321,-0.01276,-0.01443,0.99891,-0.01679,-0.02443,-0.30611
5517,55183,1306,-180,12012,-76,-185,-324,-0.01264,-0.01247,0.99629,0.01374,-0.00916,-0.32901
5518,55193,1320,-200,12070,-78,-176,-325,-0.01178,-0.0137,0.99974,-0.00153,0.05954,-0.33664
5519,55203,1334,-200,12100,-80,-182,-333,-0.01092,-0.0137,1.00152,-0.01679,0.01374,-0.39771
5520,55213,1288,-188,12036,-77,-192,-334,-0.01374,-0.01296,0.99772,0.00611,-0.0626,-0.40534
5521,55223,1276,-156,12022,-82,-196,-331,-0.01448,-0.011,0.99689,-0.03206,-0.09313,-0.38244
5522,55233,1292,-190,12088,-80,-192,-335,-0.01349,-0.01308,1.00081,-0.01679,-0.0626,-0.41298
5523,55243,1298,-184,12072,-75,-193,-324,-0.01313,-0.01272,0.99986,0.02137,-0.07023,-0.32901
5524,55253,1288,-174,12026,-84,-193,-307,-0.01374,-0.0121,0.99712,-0.04733,-0.07023,-0.19924
5525,55263,1302,-180,12064,-81,-189,-295,-0.01288,-0.01247,0.99938,-0.02443,-0.03969,-0.10763
5526,55273,1322,-204,12062,-85,-188,-300,-0.01165,-0.01394,0.99926,-0.05496,-0.03206,-0.1458
5527,55283,1334,-214,12086,-72,-191,-287,-0.01092,-0.01456,1.00069,0.04427,-0.05496,-0.04656
5528,55293,1328,-186,11996,-68,-183,-281,-0.01129,-0.01284,0.99534,0.07481,0.00611,-0.00076
5529,55303,1314,-170,12036,-72,-180,-279,-0.01214,-0.01186,0.99772,0.04427,0.02901,0.0145
5530,55313,1338,-186,12072,-67,-167,-265,-0.01067,-0.01284,0.99986,0.08244,0.12824,0.12137
5531,55323,1332,-194,12012,-63,-176,-263,-0.01104,-0.01333,0.99629,0.11298,0.05954,0.13664
5532,55333,1368,-196,11988,-52,-183,-266,-0.00883,-0.01345,0.99487,0.19695,0.00611,0.11374
5533,55343,1372,-170,12036,-53,-183,-261,-0.00859,-0.01186,0.99772,0.18931,0.00611,0.15191
5534,55353,1276,-218,12064,-51,-178,-259,-0.01448,-0.0148,0.99938,0.20458,0.04427,0.16718
5535,55363,1318,-166,12018,-52,-177,-256,-0.0119,-0.01161,0.99665,0.19695,0.05191,0.19008
5536,55373,1292,-176,12060,-50,-177,-249,-0.01349,-0.01223,0.99914,0.21221,0.05191,0.24351
5537,55383,1276,-124,12146,-61,-164,-249,-0.01448,-0.00904,1.00425,0.12824,0.15115,0.24351
5538,55393,1280,-148,12096,-58,-172,-246,-0.01423,-0.01051,1.00128,0.15115,0.09008,0.26641
5539,55403,1260,-166,12134,-54,-181,-256,-0.01546,-0.01161,1.00354,0.18168,0.02137,0.19008
5540,55413,1296,-164,12018,-28,-189,-249,-0.01325,-0.01149,0.99665,0.38015,-0.03969,0.24351
5541,55423,1296,-160,12026,-77,-173,-249,-0.01325,-0.01124,0.99712,0.00611,0.08244,0.24351
5542,55433,1306,-180,12058,-63,-182,-241,-0.01264,-0.01247,0.99903,0.11298,0.01374,0.30458
5543,55443,1260,-194,12084,-56,-181,-240,-0.01546,-0.01333,1.00057,0.16641,0.02137,0.31221
5544,55453,1308,-184,12032,-57,-185,-235,-0.01251,-0.01272,0.99748,0.15878,-0.00916,0.35038
5545,55463,1288,-176,12066,-57,-189,-235,-0.01374,-0.01223,0.9995,0.15878,-0.03969,0.35038
5546,55473,1334,-190,12078,-46,-191,-227,-0.01092,-0.01308,1.00021,0.24275,-0.05496,0.41145
5547,55483,1306,-202,12040,-34,-193,-233,-0.01264,-0.01382,0.99796,0.33435,-0.07023,0.36565
5548,55493,1268,-184,12064,-35,-202,-239,-0.01497,-0.01272,0.99938,0.32672,-0.13893,0.31985
5549,55503,1278,-178,12088,-37,-196,-243,-0.01435,-0.01235,1.00081,0.31145,-0.09313,0.28931
5550,55513,1292,-178,12082,-60,-180,-240,-0.01349,-0.01235,1.00045,0.13588,0.02901,0.31221
5551,55523,1302,-188,12018,-52,-190,-252,-0.01288,-0.01296,0.99665,0.19695,-0.04733,0.22061
5552,55533,1286,-188,12090,-52,-196,-261,-0.01386,-0.01296,1.00093,0.19695,-0.09313,0.15191
5553,55543,1274,-214,12032,-48,-198,-261,-0.0146,-0.01456,0.99748,0.22748,-0.1084,0.15191
5554,55553,1292,-150,12026,-43,-201,-257,-0.01349,-0.01063,0.99712,0.26565,-0.1313,0.18244
5555,55563,1256,-192,12014,-70,-181,-268,-0.0157,-0.01321,0.99641,0.05954,0.02137,0.09847
5556,55573,1282,-178,12066,-52,-190,-260,-0.01411,-0.01235,0.9995,0.19695,-0.04733,0.15954
5557,55583,1316,-182,12114,-59,-204,-264,-0.01202,-0.01259,1.00235,0.14351,-0.1542,0.12901
5558,55593,1318,-158,12082,-74,-190,-262,-0.0119,-0.01112,1.00045,0.02901,-0.04733,0.14427
5559,55603,1316,-158,12110,-81,-195,-257,-0.01202,-0.01112,1.00212,-0.02443,-0.0855,0.18244
5560,55613,1288,-186,12104,-75,-190,-256,-0.01374,-0.01284,1.00176,0.02137,-0.04733,0.19008
5561,55623,1316,-234,12060,-71,-178,-260,-0.01202,-0.01578,0.99914,0.05191,0.04427,0.15954
5562,55633,1268,-170,12114,-68,-180,-256,-0.01497,-0.01186,1.00235,0.07481,0.02901,0.19008
5563,55643,1304,-168,12022,-70,-188,-258,-0.01276,-0.01173,0.99689,0.05954,-0.03206,0.17481
5564,55653,1322,-212,12100,-65,-183,-264,-0.01165,-0.01443,1.00152,0.09771,0.00611,0.12901
5565,55663,1324,-188,12038,-77,-183,-264,-0.01153,-0.01296,0.99784,0.00611,0.00611,0.12901
5566,55673,1304,-146,12000,-75,-180,-261,-0.01276,-0.01038,0.99558,0.02137,0.02901,0.15191
5567,55683,1352,-176,12038,-79,-178,-265,-0.00981,-0.01223,0.99784,-0.00916,0.04427,0.12137
5568,55693,1332,-220,12024,-74,-176,-263,-0.01104,-0.01492,0.99701,0.02901,0.05954,0.13664
5569,55703,1302,-158,12062,-67,-179,-267,-0.01288,-0.01112,0.99926,0.08244,0.03664,0.10611
5570,55713,1282,-184,12022,-66,-192,-260,-0.01411,-0.01272,0.99689,0.09008,-0.0626,0.15954
5571,55723,1252,-166,12046,-70,-190,-263,-0.01595,-0.01161,0.99831,0.05954,-0.04733,0.13664
5572,55733,1248,-148,11984,-81,-187,-274,-0.01619,-0.01051,0.99463,-0.02443,-0.02443,0.05267
5573,55743,1290,-164,12102,-68,-184,-267,-0.01362,-0.01149,1.00164,0.07481,-0.00153,0.10611
5574,55753,1320,-172,12000,-71,-175,-271,-0.01178,-0.01198,0.99558,0.05191,0.06718,0.07557
5575,55763,1280,-168,12062,-97,-163,-260,-0.01423,-0.01173,0.99926,-0.14656,0.15878,0.15954
5576,55773,1310,-192,12080,-92,-170,-260,-0.01239,-0.01321,1.00033,-0.1084,0.10534,0.15954
5577,55783,1318,-198,12008,-86,-179,-256,-0.0119,-0.01357,0.99605,-0.0626,0.03664,0.19008
5578,55793,1330,-172,12078,-75,-176,-254,-0.01116,-0.01198,1.00021,0.02137,0.05954,0.20534
5579,55803,1328,-216,12046,-43,-191,-254,-0.01129,-0.01468,0.99831,0.26565,-0.05496,0.20534
5580,55813,1296,-174,12146,-41,-198,-262,-0.01325,-0.0121,1.00425,0.28092,-0.1084,0.14427
5581,55823,1308,-200,12012,-67,-189,-270,-0.01251,-0.0137,0.99629,0.08244,-0.03969,0.08321
5582,55833,1368,-206,12072,-66,-195,-265,-0.00883,-0.01407,0.99986,0.09008,-0.0855,0.12137
5583,55843,1362,-198,12080,-68,-185,-263,-0.0092,-0.01357,1.00033,0.07481,-0.00916,0.13664
5584,55853,1282,-186,12044,-67,-186,-270,-0.01411,-0.01284,0.99819,0.08244,-0.01679,0.08321
5585,55863,1250,-202,12104,-73,-184,-263,-0.01607,-0.01382,1.00176,0.03664,-0.00153,0.13664
5586,55873,1294,-196,12070,-71,-180,-270,-0.01337,-0.01345,0.99974,0.05191,0.02901,0.08321
5587,55883,1284,-170,12034,-68,-179,-261,-0.01399,-0.01186,0.9976,0.07481,0.03664,0.15191
5588,55893,1266,-180,12090,-67,-178,-267,-0.01509,-0.01247,1.00093,0.08244,0.04427,0.10611
5589,55903,1294,-202,12066,-73,-183,-266,-0.01337,-0.01382,0.9995,0.03664,0.00611,0.11374
5590,55913,1308,-166,12110,-70,-192,-267,-0.01251,-0.01161,1.00212,0.05954,-0.0626,0.10611
5591,55923,1226,-158,12094,-68,-189,-272,-0.01754,-0.01112,1.00116,0.07481,-0.03969,0.06794
5592,55933,1260,-176,12040,-68,-192,-272,-0.01546,-0.01223,0.99796,0.07481,-0.0626,0.06794
5593,55943,1290,-200,12082,-77,-185,-270,-0.01362,-0.0137,1.00045,0.00611,-0.00916,0.08321
5594,55953,1310,-176,12006,-72,-201,-265,-0.01239,-0.01223,0.99594,0.04427,-0.1313,0.12137
5595,55963,1302,-174,12062,-76,-191,-261,-0.01288,-0.0121,0.99926,0.01374,-0.05496,0.15191
5596,55973,1324,-180,12040,-88,-170,-261,-0.01153,-0.01247,0.99796,-0.07786,0.10534,0.15191
5597,55983,1332,-152,12068,-95,-167,-254,-0.01104,-0.01075,0.99962,-0.1313,0.12824,0.20534
5598,55993,1382,-186,12102,-94,-157,-257,-0.00797,-0.01284,1.00164,-0.12366,0.20458,0.18244
5599,56003,1308,-196,12052,-86,-164,-252,-0.01251,-0.01345,0.99867,-0.0626,0.15115,0.22061
5600,56013,1322,-202,12010,-89,-174,-251,-0.01165,-0.01382,0.99617,-0.0855,0.07481,0.22824
5601,56023,1322,-212,12080,-91,-166,-249,-0.01165,-0.01443,1.00033,-0.10076,0.13588,0.24351
5602,56033,1310,-208,12038,-75,-166,-247,-0.01239,-0.01419,0.99784,0.02137,0.13588,0.25878
5603,56043,1304,-190,12028,-71,-176,-255,-0.01276,-0.01308,0.99724,0.05191,0.05954,0.19771
5604,56053,1272,-160,12114,-88,-168,-252,-0.01472,-0.01124,1.00235,-0.07786,0.12061,0.22061
5605,56063,1300,-164,12076,-87,-168,-249,-0.013,-0.01149,1.0001,-0.07023,0.12061,0.24351
5606,56073,1288,-182,12026,-88,-167,-249,-0.01374,-0.01259,0.99712,-0.07786,0.12824,0.24351
5607,56083,1286,-216,12060,-96,-160,-256,-0.01386,-0.01468,0.99914,-0.13893,0.18168,0.19008
5608,56093,1298,-218,12024,-98,-151,-254,-0.01313,-0.0148,0.99701,-0.1542,0.25038,0.20534
5609,56103,1296,-198,12046,-113,-141,-249,-0.01325,-0.01357,0.99831,-0.2687,0.32672,0.24351
5610,56113,1286,-128,12014,-88,-159,-245,-0.01386,-0.00928,0.99641,-0.07786,0.18931,0.27405
5611,56123,1294,-160,12074,-74,-162,-244,-0.01337,-0.01124,0.99998,0.02901,0.16641,0.28168
5612,56133,1268,-182,12054,-70,-160,-240,-0.01497,-0.01259,0.99879,0.05954,0.18168,0.31221
5613,56143,1312,-180,12048,-62,-168,-241,-0.01227,-0.01247,0.99843,0.12061,0.12061,0.30458
5614,56153,1326,-182,12082,-50,-173,-232,-0.01141,-0.01259,1.00045,0.21221,0.08244,0.37328
5615,56163,1248,-206,12068,-53,-178,-234,-0.01619,-0.01407,0.99962,0.18931,0.04427,0.35802
5616,56173,1238,-192,12178,-56,-176,-226,-0.01681,-0.01321,1.00616,0.16641,0.05954,0.41908
5617,56183,1290,-196,12106,-57,-183,-222,-0.01362,-0.01345,1.00188,0.15878,0.00611,0.44962
5618,56193,1296,-190,12062,-61,-190,-226,-0.01325,-0.01308,0.99926,0.12824,-0.04733,0.41908
5619,56203,1342,-172,12104,-36,-212,-234,-0.01043,-0.01198,1.00176,0.31908,-0.21527,0.35802
5620,56213,1330,-172,12104,-23,-222,-242,-0.01116,-0.01198,1.00176,0.41832,-0.2916,0.29695
5621,56223,1308,-150,12064,-28,-221,-243,-0.01251,-0.01063,0.99938,0.38015,-0.28397,0.28931
5622,56233,1286,-184,12080,-45,-214,-248,-0.01386,-0.01272,1.00033,0.25038,-0.23053,0.25115
5623,56243,1320,-172,12038,-57,-200,-261,-0.01178,-0.01198,0.99784,0.15878,-0.12366,0.15191
5624,56253,1308,-206,12134,-72,-194,-256,-0.01251,-0.01407,1.00354,0.04427,-0.07786,0.19008
5625,56263,1288,-204,12076,-64,-195,-258,-0.01374,-0.01394,1.0001,0.10534,-0.0855,0.17481
5626,56273,1250,-156,12070,-74,-184,-253,-0.01607,-0.011,0.99974,0.02901,-0.00153,0.21298
5627,56283,1292,-238,12120,-73,-192,-249,-0.01349,-0.01603,1.00271,0.03664,-0.0626,0.24351
5628,56293,1312,-228,12066,-68,-200,-249,-0.01227,-0.01541,0.9995,0.07481,-0.12366,0.24351
5629,56303,1330,-156,12074,-74,-185,-251,-0.01116,-0.011,0.99998,0.02901,-0.00916,0.22824
5630,56313,1330,-234,12016,-78,-174,-250,-0.01116,-0.01578,0.99653,-0.00153,0.07481,0.23588
5631,56323,1310,-210,12044,-76,-185,-253,-0.01239,-0.01431,0.99819,0.01374,-0.00916,0.21298
5632,56333,1360,-200,12050,-75,-187,-251,-0.00932,-0.0137,0.99855,0.02137,-0.02443,0.22824
5633,56343,1276,-192,12012,-69,-183,-253,-0.01448,-0.01321,0.99629,0.06718,0.00611,0.21298
5634,56353,1250,-212,12050,-76,-180,-245,-0.01607,-0.01443,0.99855,0.01374,0.02901,0.27405
5635,56363,1324,-204,12148,-70,-182,-246,-0.01153,-0.01394,1.00437,0.05954,0.01374,0.26641
5636,56373,1288,-216,12140,-65,-189,-246,-0.01374,-0.01468,1.0039,0.09771,-0.03969,0.26641
5637,56383,1348,-212,12064,-71,-178,-246,-0.01006,-0.01443,0.99938,0.05191,0.04427,0.26641
5638,56393,1328,-152,12128,-80,-161,-242,-0.01129,-0.01075,1.00318,-0.01679,0.17405,0.29695
5639,56403,1286,-132,12110,-88,-172,-241,-0.01386,-0.00953,1.00212,-0.07786,0.09008,0.30458
5640,56413,1282,-168,12058,-94,-173,-235,-0.01411,-0.01173,0.99903,-0.12366,0.08244,0.35038
5641,56423,1320,-210,12044,-82,-184,-237,-0.01178,-0.01431,0.99819,-0.03206,-0.00153,0.33511
5642,56433,1286,-204,12122,-74,-177,-244,-0.01386,-0.01394,1.00283,0.02901,0.05191,0.28168
5643,56443,1308,-182,12116,-76,-181,-252,-0.01251,-0.01259,1.00247,0.01374,0.02137,0.22061
5644,56453,1292,-210,12072,-70,-184,-252,-0.01349,-0.01431,0.99986,0.05954,-0.00153,0.22061
5645,56463,1308,-172,12128,-78,-182,-248,-0.01251,-0.01198,1.00318,-0.00153,0.01374,0.25115
5646,56473,1312,-200,12092,-82,-181,-249,-0.01227,-0.0137,1.00105,-0.03206,0.02137,0.24351
5647,56483,1324,-248,12066,-65,-190,-242,-0.01153,-0.01664,0.9995,0.09771,-0.04733,0.29695
5648,56493,1330,-252,12074,-68,-195,-235,-0.01116,-0.01689,0.99998,0.07481,-0.0855,0.35038
5649,56503,1296,-190,12058,-59,-199,-236,-0.01325,-0.01308,0.99903,0.14351,-0.11603,0.34275
5650,56513,1362,-168,12004,-62,-196,-235,-0.0092,-0.01173,0.99582,0.12061,-0.09313,0.35038
5651,56523,1292,-190,12078,-79,-181,-229,-0.01349,-0.01308,1.00021,-0.00916,0.02137,0.39618
5652,56533,1324,-248,12024,-90,-179,-222,-0.01153,-0.01664,0.99701,-0.09313,0.03664,0.44962
5653,56543,1344,-200,12028,-77,-175,-220,-0.0103,-0.0137,0.99724,0.00611,0.06718,0.46489
5654,56553,1308,-220,12050,-75,-173,-220,-0.01251,-0.01492,0.99855,0.02137,0.08244,0.46489
5655,56563,1320,-240,12068,-77,-166,-222,-0.01178,-0.01615,0.99962,0.00611,0.13588,0.44962
5656,56573,1306,-164,12114,-64,-171,-224,-0.01264,-0.01149,1.00235,0.10534,0.09771,0.43435
5657,56583,1306,-176,12086,-54,-191,-230,-0.01264,-0.01223,1.00069,0.18168,-0.05496,0.38855
5658,56593,1280,-210,11996,-51,-184,-235,-0.01423,-0.01431,0.99534,0.20458,-0.00153,0.35038
5659,56603,1272,-150,12090,-65,-177,-234,-0.01472,-0.01063,1.00093,0.09771,0.05191,0.35802
5660,56613,1264,-186,12066,-69,-191,-224,-0.01521,-0.01284,0.9995,0.06718,-0.05496,0.43435
5661,56623,1296,-200,12044,-68,-203,-217,-0.01325,-0.0137,0.99819,0.07481,-0.14656,0.48779
5662,56633,1294,-152,12048,-66,-200,-216,-0.01337,-0.01075,0.99843,0.09008,-0.12366,0.49542
5663,56643,1300,-178,12028,-66,-192,-212,-0.013,-0.01235,0.99724,0.09008,-0.0626,0.52595
5664,56653,1322,-184,12042,-72,-179,-211,-0.01165,-0.01272,0.99807,0.04427,0.03664,0.53359
5665,56663,1318,-206,12012,-67,-184,-210,-0.0119,-0.01407,0.99629,0.08244,-0.00153,0.54122
5666,56673,1328,-178,12074,-64,-190,-207,-0.01129,-0.01235,0.99998,0.10534,-0.04733,0.56412
5667,56683,1322,-192,12112,-61,-193,-209,-0.01165,-0.01321,1.00223,0.12824,-0.07023,0.54885
5668,56693,1304,-226,12072,-69,-189,-218,-0.01276,-0.01529,0.99986,0.06718,-0.03969,0.48015
5669,56703,1334,-150,12088,-66,-189,-220,-0.01092,-0.01063,1.00081,0.09008,-0.03969,0.46489
5670,56713,1282,-166,12090,-64,-184,-230,-0.01411,-0.01161,1.00093,0.10534,-0.00153,0.38855
5671,56723,1318,-198,12040,-59,-192,-232,-0.0119,-0.01357,0.99796,0.14351,-0.0626,0.37328
5672,56733,1322,-212,12034,-63,-193,-236,-0.01165,-0.01443,0.9976,0.11298,-0.07023,0.34275
5673,56743,1332,-204,12032,-58,-195,-240,-0.01104,-0.01394,0.99748,0.15115,-0.0855,0.31221
5674,56753,1316,-212,12138,-68,-189,-244,-0.01202,-0.01443,1.00378,0.07481,-0.03969,0.28168
5675,56763,1300,-192,12066,-66,-187,-253,-0.013,-0.01321,0.9995,0.09008,-0.02443,0.21298
5676,56773,1378,-134,12020,-69,-193,-262,-0.00822,-0.00965,0.99677,0.06718,-0.07023,0.14427
5677,56783,1322,-152,12094,-75,-190,-268,-0.01165,-0.01075,1.00116,0.02137,-0.04733,0.09847
5678,56793,1358,-182,12064,-82,-186,-263,-0.00944,-0.01259,0.99938,-0.03206,-0.01679,0.13664
5679,56803,1314,-202,12064,-67,-198,-255,-0.01214,-0.01382,0.99938,0.08244,-0.1084,0.19771
5680,56813,1312,-168,12112,-65,-197,-252,-0.01227,-0.01173,1.00223,0.09771,-0.10076,0.22061
5681,56823,1330,-218,12128,-69,-190,-249,-0.01116,-0.0148,1.00318,0.06718,-0.04733,0.24351
5682,56833,1296,-218,12022,-69,-179,-251,-0.01325,-0.0148,0.99689,0.06718,0.03664,0.22824
5683,56843,1292,-194,12062,-77,-180,-248,-0.01349,-0.01333,0.99926,0.00611,0.02901,0.25115
5684,56853,1312,-210,12052,-72,-176,-240,-0.01227,-0.01431,0.99867,0.04427,0.05954,0.31221
5685,56863,1280,-186,11990,-68,-177,-243,-0.01423,-0.01284,0.99498,0.07481,0.05191,0.28931
5686,56873,1324,-214,12058,-63,-183,-246,-0.01153,-0.01456,0.99903,0.11298,0.00611,0.26641
5687,56883,1354,-150,12062,-58,-193,-246,-0.00969,-0.01063,0.99926,0.15115,-0.07023,0.26641
5688,56893,1352,-214,12032,-61,-203,-247,-0.00981,-0.01456,0.99748,0.12824,-0.14656,0.25878
5689,56903,1324,-210,12070,-70,-193,-251,-0.01153,-0.01431,0.99974,0.05954,-0.07023,0.22824
5690,56913,1292,-168,12020,-75,-185,-244,-0.01349,-0.01173,0.99677,0.02137,-0.00916,0.28168
5691,56923,1306,-176,12022,-85,-177,-236,-0.01264,-0.01223,0.99689,-0.05496,0.05191,0.34275
5692,56933,1300,-214,12072,-81,-167,-231,-0.013,-0.01456,0.99986,-0.02443,0.12824,0.38092
5693,56943,1296,-168,12106,-72,-180,-229,-0.01325,-0.01173,1.00188,0.04427,0.02901,0.39618
5694,56953,1340,-164,12094,-81,-180,-210,-0.01055,-0.01149,1.00116,-0.02443,0.02901,0.54122
5695,56963,1318,-176,12034,-83,-175,-208,-0.0119,-0.01223,0.9976,-0.03969,0.06718,0.55649
5696,56973,1342,-214,12066,-82,-175,-225,-0.01043,-0.01456,0.9995,-0.03206,0.06718,0.42672
5697,56983,1292,-212,11990,-77,-182,-234,-0.01349,-0.01443,0.99498,0.00611,0.01374,0.35802
5698,56993,1272,-180,12036,-66,-189,-240,-0.01472,-0.01247,0.99772,0.09008,-0.03969,0.31221
5699,57003,1320,-212,11988,-68,-184,-245,-0.01178,-0.01443,0.99487,0.07481,-0.00153,0.27405
5700,57013,1300,-234,12072,-75,-180,-245,-0.013,-0.01578,0.99986,0.02137,0.02901,0.27405
5701,57023,1312,-192,12046,-78,-179,-240,-0.01227,-0.01321,0.99831,-0.00153,0.03664,0.31221
5702,57033,1250,-196,12120,-77,-172,-230,-0.01607,-0.01345,1.00271,0.00611,0.09008,0.38855
5703,57043,1308,-162,12004,-74,-176,-219,-0.01251,-0.01137,0.99582,0.02901,0.05954,0.47252
5704,57053,1286,-188,12054,-64,-183,-221,-0.01386,-0.01296,0.99879,0.10534,0.00611,0.45725
5705,57063,1290,-156,12074,-68,-192,-221,-0.01362,-0.011,0.99998,0.07481,-0.0626,0.45725
5706,57073,1320,-224,12012,-68,-189,-204,-0.01178,-0.01517,0.99629,0.07481,-0.03969,0.58702
5707,57083,1320,-216,12070,-84,-180,-171,-0.01178,-0.01468,0.99974,-0.04733,0.02901,0.83893
5708,57093,1314,-176,12058,-89,-172,-156,-0.01214,-0.01223,0.99903,-0.0855,0.09008,0.95344
5709,57103,1258,-192,12064,-87,-168,-157,-0.01558,-0.01321,0.99938,-0.07023,0.12061,0.9458
5710,57113,1270,-206,12028,-64,-180,-155,-0.01484,-0.01407,0.99724,0.10534,0.02901,0.96107
5711,57123,1310,-184,12050,-58,-190,-156,-0.01239,-0.01272,0.99855,0.15115,-0.04733,0.95344
5712,57133,1326,-194,12032,-58,-191,-162,-0.01141,-0.01333,0.99748,0.15115,-0.05496,0.90763
5713,57143,1322,-222,12132,-78,-181,-169,-0.01165,-0.01505,1.00342,-0.00153,0.02137,0.8542
5714,57153,1286,-170,12072,-89,-175,-158,-0.01386,-0.01186,0.99986,-0.0855,0.06718,0.93817
5715,57163,1312,-184,12024,-92,-166,-147,-0.01227,-0.01272,0.99701,-0.1084,0.13588,1.02214
5716,57173,1276,-170,12142,-89,-164,-125,-0.01448,-0.01186,1.00402,-0.0855,0.15115,1.19008
5717,57183,1294,-194,12026,-77,-169,-92,-0.01337,-0.01333,0.99712,0.00611,0.11298,1.44198
5718,57193,1284,-196,12090,-75,-168,-94,-0.01399,-0.01345,1.00093,0.02137,0.12061,1.42672
5719,57203,1288,-194,12068,-79,-171,-129,-0.01374,-0.01333,0.99962,-0.00916,0.09771,1.15954
5720,57213,1314,-208,12078,-85,-165,-140,-0.01214,-0.01419,1.00021,-0.05496,0.14351,1.07557
5721,57223,1318,-172,12072,-74,-169,-133,-0.0119,-0.01198,0.99986,0.02901,0.11298,1.12901
5722,57233,1268,-200,11978,-68,-177,-131,-0.01497,-0.0137,0.99427,0.07481,0.05191,1.14427
5723,57243,1342,-190,11996,-63,-175,-137,-0.01043,-0.01308,0.99534,0.11298,0.06718,1.09847
5724,57253,1286,-190,11988,-58,-188,-161,-0.01386,-0.01308,0.99487,0.15115,-0.03206,0.91527
5725,57263,1294,-208,12030,-56,-172,-184,-0.01337,-0.01419,0.99736,0.16641,0.09008,0.73969
5726,57273,1274,-238,12110,-64,-174,-204,-0.0146,-0.01603,1.00212,0.10534,0.07481,0.58702
5727,57283,1276,-164,12032,-61,-183,-225,-0.01448,-0.01149,0.99748,0.12824,0.00611,0.42672
5728,57293,1298,-170,12010,-59,-190,-244,-0.01313,-0.01186,0.99617,0.14351,-0.04733,0.28168
5729,57303,1268,-202,11966,-58,-192,-248,-0.01497,-0.01382,0.99356,0.15115,-0.0626,0.25115
5730,57313,1288,-166,12004,-62,-192,-255,-0.01374,-0.01161,0.99582,0.12061,-0.0626,0.19771
5731,57323,1286,-188,12032,-62,-195,-263,-0.01386,-0.01296,0.99748,0.12061,-0.0855,0.13664
5732,57333,1306,-192,12088,-51,-206,-258,-0.01264,-0.01321,1.00081,0.20458,-0.16947,0.17481
5733,57343,1328,-166,12012,-54,-199,-263,-0.01129,-0.01161,0.99629,0.18168,-0.11603,0.13664
5734,57353,1314,-172,12058,-57,-194,-267,-0.01214,-0.01198,0.99903,0.15878,-0.07786,0.10611
5735,57363,1256,-136,12092,-55,-187,-273,-0.0157,-0.00977,1.00105,0.17405,-0.02443,0.06031
5736,57373,1298,-166,12044,-53,-196,-269,-0.01313,-0.01161,0.99819,0.18931,-0.09313,0.09084
5737,57383,1274,-198,12112,-61,-199,-274,-0.0146,-0.01357,1.00223,0.12824,-0.11603,0.05267
5738,57393,1280,-224,12084,-58,-201,-275,-0.01423,-0.01517,1.00057,0.15115,-0.1313,0.04504
5739,57403,1254,-210,12076,-57,-205,-275,-0.01583,-0.01431,1.0001,0.15878,-0.16183,0.04504
5740,57413,1324,-176,12054,-57,-208,-276,-0.01153,-0.01223,0.99879,0.15878,-0.18473,0.0374
5741,57423,1330,-196,12010,-57,-193,-284,-0.01116,-0.01345,0.99617,0.15878,-0.07023,-0.02366
5742,57433,1292,-204,11976,-64,-186,-294,-0.01349,-0.01394,0.99415,0.10534,-0.01679,-0.1
5743,57443,1324,-176,12116,-66,-180,-299,-0.01153,-0.01223,1.00247,0.09008,0.02901,-0.13817
5744,57453,1276,-184,12066,-61,-193,-302,-0.01448,-0.01272,0.9995,0.12824,-0.07023,-0.16107
5745,57463,1326,-170,12000,-54,-195,-314,-0.01141,-0.01186,0.99558,0.18168,-0.0855,-0.25267
5746,57473,1298,-208,12070,-69,-186,-298,-0.01313,-0.01419,0.99974,0.06718,-0.01679,-0.13053
5747,57483,1342,-184,12102,-73,-188,-286,-0.01043,-0.01272,1.00164,0.03664,-0.03206,-0.03893
5748,57493,1328,-202,12018,-62,-184,-286,-0.01129,-0.01382,0.99665,0.12061,-0.00153,-0.03893
5749,57503,1350,-220,12014,-58,-176,-285,-0.00994,-0.01492,0.99641,0.15115,0.05954,-0.0313
5750,57513,1260,-230,12116,-64,-184,-276,-0.01546,-0.01554,1.00247,0.10534,-0.00153,0.0374
5751,57523,1278,-236,12098,-58,-181,-279,-0.01435,-0.01591,1.0014,0.15115,0.02137,0.0145
5752,57533,1264,-166,12078,-56,-187,-278,-0.01521,-0.01161,1.00021,0.16641,-0.02443,0.02214
5753,57543,1258,-214,12094,-55,-190,-280,-0.01558,-0.01456,1.00116,0.17405,-0.04733,0.00687
5754,57553,1320,-168,12084,-64,-189,-278,-0.01178,-0.01173,1.00057,0.10534,-0.03969,0.02214
5755,57563,1314,-190,12018,-63,-189,-277,-0.01214,-0.01308,0.99665,0.11298,-0.03969,0.02977
5756,57573,1342,-146,12058,-57,-185,-273,-0.01043,-0.01038,0.99903,0.15878,-0.00916,0.06031
5757,57583,1280,-190,12014,-58,-185,-277,-0.01423,-0.01308,0.99641,0.15115,-0.00916,0.02977
5758,57593,1286,-194,12094,-48,-186,-281,-0.01386,-0.01333,1.00116,0.22748,-0.01679,-0.00076
5759,57603,1298,-226,11964,-58,-180,-268,-0.01313,-0.01529,0.99344,0.15115,0.02901,0.09847
5760,57613,1310,-154,12066,-66,-183,-259,-0.01239,-0.01088,0.9995,0.09008,0.00611,0.16718
5761,57623,1232,-190,12050,-62,-178,-261,-0.01718,-0.01308,0.99855,0.12061,0.04427,0.15191
5762,57633,1306,-206,12046,-70,-186,-261,-0.01264,-0.01407,0.99831,0.05954,-0.01679,0.15191
5763,57643,1290,-176,12020,-65,-186,-260,-0.01362,-0.01223,0.99677,0.09771,-0.01679,0.15954
5764,57653,1298,-180,12002,-66,-186,-259,-0.01313,-0.01247,0.9957,0.09008,-0.01679,0.16718
5765,57663,1300,-214,12062,-61,-189,-256,-0.013,-0.01456,0.99926,0.12824,-0.03969,0.19008
5766,57673,1332,-196,12046,-58,-187,-260,-0.01104,-0.01345,0.99831,0.15115,-0.02443,0.15954
5767,57683,1338,-198,12068,-64,-179,-258,-0.01067,-0.01357,0.99962,0.10534,0.03664,0.17481
5768,57693,1332,-190,12030,-77,-171,-257,-0.01104,-0.01308,0.99736,0.00611,0.09771,0.18244
5769,57703,1316,-190,12078,-76,-173,-255,-0.01202,-0.01308,1.00021,0.01374,0.08244,0.19771
5770,57713,1302,-152,12106,-75,-165,-250,-0.01288,-0.01075,1.00188,0.02137,0.14351,0.23588
5771,57723,1258,-180,12118,-71,-181,-249,-0.01558,-0.01247,1.00259,0.05191,0.02137,0.24351
5772,57733,1292,-170,12046,-56,-186,-249,-0.01349,-0.01186,0.99831,0.16641,-0.01679,0.24351
5773,57743,1270,-202,12004,-64,-187,-244,-0.01484,-0.01382,0.99582,0.10534,-0.02443,0.28168
5774,57753,1284,-194,12042,-79,-172,-250,-0.01399,-0.01333,0.99807,-0.00916,0.09008,0.23588
5775,57763,1314,-206,12108,-81,-165,-244,-0.01214,-0.01407,1.002,-0.02443,0.14351,0.28168
5776,57773,1310,-178,12082,-69,-176,-243,-0.01239,-0.01235,1.00045,0.06718,0.05954,0.28931
5777,57783,1280,-166,12068,-59,-184,-244,-0.01423,-0.01161,0.99962,0.14351,-0.00153,0.28168
5778,57793,1330,-164,12064,-56,-178,-245,-0.01116,-0.01149,0.99938,0.16641,0.04427,0.27405
5779,57803,1288,-204,12096,-54,-188,-248,-0.01374,-0.01394,1.00128,0.18168,-0.03206,0.25115
5780,57813,1316,-188,12096,-61,-184,-251,-0.01202,-0.01296,1.00128,0.12824,-0.00153,0.22824
5781,57823,1308,-182,12020,-66,-184,-249,-0.01251,-0.01259,0.99677,0.09008,-0.00153,0.24351
5782,57833,1302,-174,12066,-71,-177,-243,-0.01288,-0.0121,0.9995,0.05191,0.05191,0.28931
5783,57843,1312,-192,12086,-58,-179,-244,-0.01227,-0.01321,1.00069,0.15115,0.03664,0.28168
5784,57853,1318,-178,12046,-53,-178,-246,-0.0119,-0.01235,0.99831,0.18931,0.04427,0.26641
5785,57863,1338,-170,12070,-54,-180,-245,-0.01067,-0.01186,0.99974,0.18168,0.02901,0.27405
5786,57873,1270,-166,12074,-53,-185,-250,-0.01484,-0.01161,0.99998,0.18931,-0.00916,0.23588
5787,57883,1294,-184,12088,-44,-186,-255,-0.01337,-0.01272,1.00081,0.25802,-0.01679,0.19771
5788,57893,1262,-174,12042,-49,-189,-248,-0.01534,-0.0121,0.99807,0.21985,-0.03969,0.25115
5789,57903,1300,-206,12104,-58,-187,-254,-0.013,-0.01407,1.00176,0.15115,-0.02443,0.20534
5790,57913,1324,-186,12058,-68,-183,-247,-0.01153,-0.01284,0.99903,0.07481,0.00611,0.25878
5791,57923,1288,-236,12082,-64,-179,-252,-0.01374,-0.01591,1.00045,0.10534,0.03664,0.22061
5792,57933,1298,-216,11986,-63,-175,-255,-0.01313,-0.01468,0.99475,0.11298,0.06718,0.19771
5793,57943,1308,-164,12060,-63,-177,-259,-0.01251,-0.01149,0.99914,0.11298,0.05191,0.16718
5794,57953,1306,-164,12082,-52,-180,-262,-0.01264,-0.01149,1.00045,0.19695,0.02901,0.14427
5795,57963,1332,-222,12118,-49,-175,-270,-0.01104,-0.01505,1.00259,0.21985,0.06718,0.08321
5796,57973,1304,-228,12082,-47,-178,-266,-0.01276,-0.01541,1.00045,0.23511,0.04427,0.11374
5797,57983,1304,-218,12066,-30,-200,-280,-0.01276,-0.0148,0.9995,0.36489,-0.12366,0.00687
5798,57993,1272,-162,12078,-34,-207,-282,-0.01472,-0.01137,1.00021,0.33435,-0.1771,-0.0084
5799,58003,1294,-158,11964,-47,-200,-285,-0.01337,-0.01112,0.99344,0.23511,-0.12366,-0.0313
5800,58013,1316,-198,12126,-46,-197,-284,-0.01202,-0.01357,1.00307,0.24275,-0.10076,-0.02366
5801,58023,1318,-178,12072,-45,-206,-288,-0.0119,-0.01235,0.99986,0.25038,-0.16947,-0.0542
5802,58033,1292,-212,11984,-45,-202,-290,-0.01349,-0.01443,0.99463,0.25038,-0.13893,-0.06947
5803,58043,1310,-204,12036,-48,-209,-298,-0.01239,-0.01394,0.99772,0.22748,-0.19237,-0.13053
5804,58053,1296,-198,12010,-60,-193,-303,-0.01325,-0.01357,0.99617,0.13588,-0.07023,-0.1687
5805,58063,1270,-190,12086,-80,-184,-299,-0.01484,-0.01308,1.00069,-0.01679,-0.00153,-0.13817
5806,58073,1252,-210,12034,-74,-183,-282,-0.01595,-0.01431,0.9976,0.02901,0.00611,-0.0084
5807,58083,1348,-192,12060,-68,-188,-281,-0.01006,-0.01321,0.99914,0.07481,-0.03206,-0.00076
5808,58093,1296,-174,12056,-73,-185,-278,-0.01325,-0.0121,0.99891,0.03664,-0.00916,0.02214
5809,58103,1332,-186,12132,-84,-176,-263,-0.01104,-0.01284,1.00342,-0.04733,0.05954,0.13664
5810,58113,1300,-166,12118,-85,-173,-256,-0.013,-0.01161,1.00259,-0.05496,0.08244,0.19008
5811,58123,1308,-210,12058,-71,-181,-253,-0.01251,-0.01431,0.99903,0.05191,0.02137,0.21298
5812,58133,1312,-166,12060,-60,-197,-249,-0.01227,-0.01161,0.99914,0.13588,-0.10076,0.24351
5813,58143,1256,-166,12062,-59,-196,-257,-0.0157,-0.01161,0.99926,0.14351,-0.09313,0.18244
5814,58153,1286,-178,12066,-66,-198,-257,-0.01386,-0.01235,0.9995,0.09008,-0.1084,0.18244
5815,58163,1316,-196,12024,-74,-188,-252,-0.01202,-0.01345,0.99701,0.02901,-0.03206,0.22061
5816,58173,1316,-204,12096,-78,-177,-254,-0.01202,-0.01394,1.00128,-0.00153,0.05191,0.20534
5817,58183,1312,-208,12060,-71,-180,-256,-0.01227,-0.01419,0.99914,0.05191,0.02901,0.19008
5818,58193,1304,-176,12068,-57,-186,-259,-0.01276,-0.01223,0.99962,0.15878,-0.01679,0.16718
5819,58203,1320,-198,12066,-62,-184,-262,-0.01178,-0.01357,0.9995,0.12061,-0.00153,0.14427
5820,58213,1288,-178,12052,-77,-185,-263,-0.01374,-0.01235,0.99867,0.00611,-0.00916,0.13664
5821,58223,1320,-156,12034,-83,-168,-261,-0.01178,-0.011,0.9976,-0.03969,0.12061,0.15191
5822,58233,1292,-192,12084,-75,-172,-256,-0.01349,-0.01321,1.00057,0.02137,0.09008,0.19008
5823,58243,1304,-204,12090,-74,-181,-255,-0.01276,-0.01394,1.00093,0.02901,0.02137,0.19771
5824,58253,1298,-178,12020,-69,-181,-255,-0.01313,-0.01235,0.99677,0.06718,0.02137,0.19771
5825,58263,1270,-196,12096,-60,-187,-255,-0.01484,-0.01345,1.00128,0.13588,-0.02443,0.19771
5826,58273,1272,-222,12018,-53,-200,-255,-0.01472,-0.01505,0.99665,0.18931,-0.12366,0.19771
5827,58283,1300,-162,12068,-60,-195,-250,-0.013,-0.01137,0.99962,0.13588,-0.0855,0.23588
5828,58293,1298,-178,12080,-62,-200,-254,-0.01313,-0.01235,1.00033,0.12061,-0.12366,0.20534
5829,58303,1324,-196,12096,-69,-198,-254,-0.01153,-0.01345,1.00128,0.06718,-0.1084,0.20534
5830,58313,1304,-218,12046,-72,-189,-258,-0.01276,-0.0148,0.99831,0.04427,-0.03969,0.17481
5831,58323,1284,-218,12078,-79,-188,-258,-0.01399,-0.0148,1.00021,-0.00916,-0.03206,0.17481
5832,58333,1286,-242,12084,-68,-184,-250,-0.01386,-0.01627,1.00057,0.07481,-0.00153,0.23588
5833,58343,1324,-194,12132,-78,-178,-250,-0.01153,-0.01333,1.00342,-0.00153,0.04427,0.23588
5834,58353,1324,-222,12064,-85,-175,-249,-0.01153,-0.01505,0.99938,-0.05496,0.06718,0.24351
5835,58363,1330,-182,12020,-80,-167,-239,-0.01116,-0.01259,0.99677,-0.01679,0.12824,0.31985
5836,58373,1276,-210,12074,-77,-178,-236,-0.01448,-0.01431,0.99998,0.00611,0.04427,0.34275
5837,58383,1298,-216,12094,-79,-185,-241,-0.01313,-0.01468,1.00116,-0.00916,-0.00916,0.30458
5838,58393,1314,-194,12096,-62,-177,-232,-0.01214,-0.01333,1.00128,0.12061,0.05191,0.37328
5839,58403,1266,-190,12112,-60,-181,-231,-0.01509,-0.01308,1.00223,0.13588,0.02137,0.38092
5840,58413,1282,-178,12092,-56,-184,-242,-0.01411,-0.01235,1.00105,0.16641,-0.00153,0.29695
5841,58423,1278,-208,12086,-58,-188,-246,-0.01435,-0.01419,1.00069,0.15115,-0.03206,0.26641
5842,58433,1308,-208,12094,-67,-187,-244,-0.01251,-0.01419,1.00116,0.08244,-0.02443,0.28168
5843,58443,1280,-190,12062,-71,-187,-245,-0.01423,-0.01308,0.99926,0.05191,-0.02443,0.27405
5844,58453,1260,-184,12074,-75,-177,-241,-0.01546,-0.01272,0.99998,0.02137,0.05191,0.30458
5845,58463,1300,-224,12022,-76,-181,-241,-0.013,-0.01517,0.99689,0.01374,0.02137,0.30458
5846,58473,1322,-214,12138,-73,-186,-241,-0.01165,-0.01456,1.00378,0.03664,-0.01679,0.30458
5847,58483,1314,-192,12016,-70,-177,-232,-0.01214,-0.01321,0.99653,0.05954,0.05191,0.37328
5848,58493,1336,-246,12064,-64,-178,-230,-0.01079,-0.01652,0.99938,0.10534,0.04427,0.38855
5849,58503,1284,-214,12068,-74,-178,-224,-0.01399,-0.01456,0.99962,0.02901,0.04427,0.43435
5850,58513,1278,-198,12086,-75,-168,-228,-0.01435,-0.01357,1.00069,0.02137,0.12061,0.40382
5851,58523,1286,-186,12098,-69,-173,-230,-0.01386,-0.01284,1.0014,0.06718,0.08244,0.38855
5852,58533,1318,-158,12082,-62,-174,-231,-0.0119,-0.01112,1.00045,0.12061,0.07481,0.38092
5853,58543,1282,-140,12102,-60,-179,-232,-0.01411,-0.01002,1.00164,0.13588,0.03664,0.37328
5854,58553,1288,-152,12056,-68,-186,-231,-0.01374,-0.01075,0.99891,0.07481,-0.01679,0.38092
5855,58563,1292,-198,11996,-65,-189,-224,-0.01349,-0.01357,0.99534,0.09771,-0.03969,0.43435
5856,58573,1264,-184,12038,-72,-175,-221,-0.01521,-0.01272,0.99784,0.04427,0.06718,0.45725
5857,58583,1282,-218,11986,-80,-171,-205,-0.01411,-0.0148,0.99475,-0.01679,0.09771,0.57939
5858,58593,1288,-214,12002,-74,-174,-185,-0.01374,-0.01456,0.9957,0.02901,0.07481,0.73206
5859,58603,1292,-180,12028,-74,-173,-167,-0.01349,-0.01247,0.99724,0.02901,0.08244,0.86947
5860,58613,1318,-204,12054,-75,-167,-142,-0.0119,-0.01394,0.99879,0.02137,0.12824,1.06031
5861,58623,1318,-142,12028,-74,-168,-136,-0.0119,-0.01014,0.99724,0.02901,0.12061,1.10611
5862,58633,1326,-222,12060,-68,-175,-148,-0.01141,-0.01505,0.99914,0.07481,0.06718,1.0145
5863,58643,1286,-220,12110,-63,-179,-173,-0.01386,-0.01492,1.00212,0.11298,0.03664,0.82366
5864,58653,1286,-212,12076,-62,-167,-174,-0.01386,-0.01443,1.0001,0.12061,0.12824,0.81603
5865,58663,1278,-216,12078,-64,-176,-158,-0.01435,-0.01468,1.00021,0.10534,0.05954,0.93817
5866,58673,1312,-208,12064,-64,-174,-145,-0.01227,-0.01419,0.99938,0.10534,0.07481,1.0374
5867,58683,1274,-188,12046,-70,-182,-157,-0.0146,-0.01296,0.99831,0.05954,0.01374,0.9458
5868,58693,1278,-190,12010,-67,-184,-170,-0.01435,-0.01308,0.99617,0.08244,-0.00153,0.84656
5869,58703,1328,-228,12078,-67,-191,-185,-0.01129,-0.01541,1.00021,0.08244,-0.05496,0.73206
5870,58713,1278,-192,12072,-77,-188,-203,-0.01435,-0.01321,0.99986,0.00611,-0.03206,0.59466
5871,58723,1286,-182,12050,-82,-173,-213,-0.01386,-0.01259,0.99855,-0.03206,0.08244,0.51832
5872,58733,1274,-232,12030,-84,-166,-219,-0.0146,-0.01566,0.99736,-0.04733,0.13588,0.47252
5873,58743,1290,-194,12062,-76,-165,-215,-0.01362,-0.01333,0.99926,0.01374,0.14351,0.50305
5874,58753,1232,-212,12066,-67,-172,-222,-0.01718,-0.01443,0.9995,0.08244,0.09008,0.44962
5875,58763,1312,-152,12006,-62,-182,-237,-0.01227,-0.01075,0.99594,0.12061,0.01374,0.33511
5876,58773,1278,-208,12020,-72,-189,-259,-0.01435,-0.01419,0.99677,0.04427,-0.03969,0.16718
5877,58783,1306,-230,12044,-75,-183,-267,-0.01264,-0.01554,0.99819,0.02137,0.00611,0.10611
5878,58793,1314,-182,12030,-73,-178,-270,-0.01214,-0.01259,0.99736,0.03664,0.04427,0.08321
5879,58803,1306,-202,12032,-69,-188,-287,-0.01264,-0.01382,0.99748,0.06718,-0.03206,-0.04656
5880,58813,1306,-196,12026,-78,-185,-287,-0.01264,-0.01345,0.99712,-0.00153,-0.00916,-0.04656
5881,58823,1282,-194,12032,-79,-164,-287,-0.01411,-0.01333,0.99748,-0.00916,0.15115,-0.04656
5882,58833,1260,-166,12076,-86,-160,-291,-0.01546,-0.01161,1.0001,-0.0626,0.18168,-0.0771
5883,58843,1280,-186,12080,-91,-158,-291,-0.01423,-0.01284,1.00033,-0.10076,0.19695,-0.0771
5884,58853,1260,-208,12034,-100,-162,-293,-0.01546,-0.01419,0.9976,-0.16947,0.16641,-0.09237
5885,58863,1314,-198,12036,-103,-161,-293,-0.01214,-0.01357,0.99772,-0.19237,0.17405,-0.09237
5886,58873,1292,-212,12032,-98,-172,-299,-0.01349,-0.01443,0.99748,-0.1542,0.09008,-0.13817
5887,58883,1318,-208,11982,-94,-173,-307,-0.0119,-0.01419,0.99451,-0.12366,0.08244,-0.19924
5888,58893,1298,-172,12034,-97,-185,-307,-0.01313,-0.01198,0.9976,-0.14656,-0.00916,-0.19924
5889,58903,1278,-202,12004,-96,-186,-309,-0.01435,-0.01382,0.99582,-0.13893,-0.01679,-0.2145
5890,58913,1308,-160,11976,-106,-172,-311,-0.01251,-0.01124,0.99415,-0.21527,0.09008,-0.22977
5891,58923,1252,-190,12032,-100,-180,-306,-0.01595,-0.01308,0.99748,-0.16947,0.02901,-0.1916
5892,58933,1302,-188,12044,-100,-193,-296,-0.01288,-0.01296,0.99819,-0.16947,-0.07023,-0.11527
5893,58943,1254,-190,12046,-99,-188,-285,-0.01583,-0.01308,0.99831,-0.16183,-0.03206,-0.0313
5894,58953,1300,-260,11978,-106,-179,-282,-0.013,-0.01738,0.99427,-0.21527,0.03664,-0.0084
5895,58963,1284,-156,12018,-95,-183,-278,-0.01399,-0.011,0.99665,-0.1313,0.00611,0.02214
5896,58973,1294,-232,12000,-96,-189,-272,-0.01337,-0.01566,0.99558,-0.13893,-0.03969,0.06794
5897,58983,1282,-182,12084,-94,-191,-269,-0.01411,-0.01259,1.00057,-0.12366,-0.05496,0.09084
5898,58993,1304,-206,12038,-99,-183,-240,-0.01276,-0.01407,0.99784,-0.16183,0.00611,0.31221
5899,59003,1234,-218,12034,-98,-187,-213,-0.01705,-0.0148,0.9976,-0.1542,-0.02443,0.51832
5900,59013,1290,-226,12014,-91,-189,-202,-0.01362,-0.01529,0.99641,-0.10076,-0.03969,0.60229
5901,59023,1256,-200,12026,-95,-193,-183,-0.0157,-0.0137,0.99712,-0.1313,-0.07023,0.74733
5902,59033,1230,-238,12010,-98,-191,-174,-0.0173,-0.01603,0.99617,-0.1542,-0.05496,0.81603
5903,59043,1256,-158,11976,-94,-192,-167,-0.0157,-0.01112,0.99415,-0.12366,-0.0626,0.86947
5904,59053,1194,-238,12030,-90,-190,-157,-0.01951,-0.01603,0.99736,-0.09313,-0.04733,0.9458
5905,59063,1280,-206,12062,-87,-187,-164,-0.01423,-0.01407,0.99926,-0.07023,-0.02443,0.89237
5906,59073,1286,-224,12006,-86,-186,-159,-0.01386,-0.01517,0.99594,-0.0626,-0.01679,0.93053
5907,59083,1232,-206,11984,-89,-191,-158,-0.01718,-0.01407,0.99463,-0.0855,-0.05496,0.93817
5908,59093,1238,-204,11986,-95,-186,-170,-0.01681,-0.01394,0.99475,-0.1313,-0.01679,0.84656
5909,59103,1242,-186,12082,-92,-186,-179,-0.01656,-0.01284,1.00045,-0.1084,-0.01679,0.77786
5910,59113,1298,-166,12030,-92,-170,-224,-0.01313,-0.01161,0.99736,-0.1084,0.10534,0.43435
5911,59123,1274,-212,11980,-101,-184,-246,-0.0146,-0.01443,0.99439,-0.1771,-0.00153,0.26641
5912,59133,1292,-218,12026,-105,-202,-277,-0.01349,-0.0148,0.99712,-0.20763,-0.13893,0.02977
5913,59143,1248,-200,12064,-95,-190,-282,-0.01619,-0.0137,0.99938,-0.1313,-0.04733,-0.0084
5914,59153,1302,-178,11994,-99,-199,-279,-0.01288,-0.01235,0.99522,-0.16183,-0.11603,0.0145
5915,59163,1296,-198,12056,-94,-205,-291,-0.01325,-0.01357,0.99891,-0.12366,-0.16183,-0.0771
5916,59173,1284,-198,12038,-98,-204,-299,-0.01399,-0.01357,0.99784,-0.1542,-0.1542,-0.13817
5917,59183,1312,-204,12062,-96,-202,-310,-0.01227,-0.01394,0.99926,-0.13893,-0.13893,-0.22214
5918,59193,1322,-202,12024,-89,-208,-315,-0.01165,-0.01382,0.99701,-0.0855,-0.18473,-0.26031
5919,59203,1326,-214,12012,-90,-214,-318,-0.01141,-0.01456,0.99629,-0.09313,-0.23053,-0.28321
5920,59213,1284,-180,12046,-107,-220,-317,-0.01399,-0.01247,0.99831,-0.2229,-0.27634,-0.27557
5921,59223,1280,-160,12000,-94,-217,-306,-0.01423,-0.01124,0.99558,-0.12366,-0.25344,-0.1916
5922,59233,1304,-204,12002,-94,-208,-301,-0.01276,-0.01394,0.9957,-0.12366,-0.18473,-0.15344
5923,59243,1326,-194,12050,-105,-198,-292,-0.01141,-0.01333,0.99855,-0.20763,-0.1084,-0.08473
5924,59253,1330,-174,12010,-100,-196,-278,-0.01116,-0.0121,0.99617,-0.16947,-0.09313,0.02214
5925,59263,1276,-210,11976,-105,-198,-260,-0.01448,-0.01431,0.99415,-0.20763,-0.1084,0.15954
5926,59273,1254,-192,12020,-97,-204,-271,-0.01583,-0.01321,0.99677,-0.14656,-0.1542,0.07557
5927,59283,1270,-208,12098,-92,-203,-297,-0.01484,-0.01419,1.0014,-0.1084,-0.14656,-0.1229
5928,59293,1300,-202,12034,-92,-182,-291,-0.013,-0.01382,0.9976,-0.1084,0.01374,-0.0771
5929,59303,1370,-186,11984,-84,-182,-276,-0.00871,-0.01284,0.99463,-0.04733,0.01374,0.0374
5930,59313,1342,-224,12056,-82,-183,-248,-0.01043,-0.01517,0.99891,-0.03206,0.00611,0.25115
5931,59323,1330,-190,12064,-87,-186,-189,-0.01116,-0.01308,0.99938,-0.07023,-0.01679,0.70153
5932,59333,1402,-144,12032,-84,-205,33,-0.00674,-0.01026,0.99748,-0.04733,-0.16183,2.39618
5933,59343,1224,-220,11950,-91,-255,538,-0.01767,-0.01492,0.99261,-0.10076,-0.54351,6.25115
5934,59353,1266,-268,11974,-79,-220,491,-0.01509,-0.01787,0.99403,-0.00916,-0.27634,5.89237
5935,59363,1284,-262,11994,-76,-186,172,-0.01399,-0.0175,0.99522,0.01374,-0.01679,3.45725
5936,59373,1298,-204,11974,-86,-172,-52,-0.01313,-0.01394,0.99403,-0.0626,0.09008,1.74733
5937,59383,1298,-190,12038,-86,-176,-157,-0.01313,-0.01308,0.99784,-0.0626,0.05954,0.9458
5938,59393,1318,-190,11976,-97,-184,-185,-0.0119,-0.01308,0.99415,-0.14656,-0.00153,0.73206
5939,59403,1320,-220,12002,-95,-187,-131,-0.01178,-0.01492,0.9957,-0.1313,-0.02443,1.14427
5940,59413,1300,-222,12066,-95,-200,-51,-0.013,-0.01505,0.9995,-0.1313,-0.12366,1.75496
5941,59423,1358,-204,11940,-101,-207,155,-0.00944,-0.01394,0.99201,-0.1771,-0.1771,3.32748
5942,59433,1320,-148,12058,-97,-210,489,-0.01178,-0.01051,0.99903,-0.14656,-0.2,5.8771
5943,59443,1252,-208,11960,-83,-197,674,-0.01595,-0.01419,0.9932,-0.03969,-0.10076,7.28931
5944,59453,1256,-250,12038,-77,-169,454,-0.0157,-0.01676,0.99784,0.00611,0.11298,5.60992
5945,59463,1262,-254,12110,-77,-174,101,-0.01534,-0.01701,1.00212,0.00611,0.07481,2.91527
5946,59473,1286,-264,11964,-80,-188,-147,-0.01386,-0.01762,0.99344,-0.01679,-0.03206,1.02214
5947,59483,1320,-252,11984,-87,-187,-254,-0.01178,-0.01689,0.99463,-0.07023,-0.02443,0.20534
5948,59493,1312,-224,11996,-81,-184,-302,-0.01227,-0.01517,0.99534,-0.02443,-0.00153,-0.16107
5949,59503,1286,-220,12060,-80,-196,-315,-0.01386,-0.01492,0.99914,-0.01679,-0.09313,-0.26031
5950,59513,1278,-214,12102,-75,-192,-315,-0.01435,-0.01456,1.00164,0.02137,-0.0626,-0.26031
5951,59523,1342,-194,12022,-80,-195,-314,-0.01043,-0.01333,0.99689,-0.01679,-0.0855,-0.25267
5952,59533,1272,-222,12024,-87,-202,-306,-0.01472,-0.01505,0.99701,-0.07023,-0.13893,-0.1916
5953,59543,1276,-196,12088,-86,-196,-302,-0.01448,-0.01345,1.00081,-0.0626,-0.09313,-0.16107
5954,59553,1278,-188,12020,-81,-191,-300,-0.01435,-0.01296,0.99677,-0.02443,-0.05496,-0.1458
5955,59563,1314,-232,11992,-74,-182,-301,-0.01214,-0.01566,0.9951,0.02901,0.01374,-0.15344
5956,59573,1270,-238,12042,-85,-180,-303,-0.01484,-0.01603,0.99807,-0.05496,0.02901,-0.1687
5957,59583,1270,-218,12110,-82,-183,-307,-0.01484,-0.0148,1.00212,-0.03206,0.00611,-0.19924
5958,59593,1326,-250,12038,-83,-202,-307,-0.01141,-0.01676,0.99784,-0.03969,-0.13893,-0.19924
5959,59603,1310,-222,11998,-83,-205,-307,-0.01239,-0.01505,0.99546,-0.03969,-0.16183,-0.19924
5960,59613,1286,-208,12064,-88,-200,-300,-0.01386,-0.01419,0.99938,-0.07786,-0.12366,-0.1458
5961,59623,1336,-180,12048,-86,-195,-301,-0.01079,-0.01247,0.99843,-0.0626,-0.0855,-0.15344
5962,59633,1276,-252,11974,-77,-193,-300,-0.01448,-0.01689,0.99403,0.00611,-0.07023,-0.1458
5963,59643,1332,-206,12042,-80,-202,-301,-0.01104,-0.01407,0.99807,-0.01679,-0.13893,-0.15344
5964,59653,1340,-160,11988,-74,-203,-305,-0.01055,-0.01124,0.99487,0.02901,-0.14656,-0.18397
5965,59663,1312,-216,12024,-88,-203,-307,-0.01227,-0.01468,0.99701,-0.07786,-0.14656,-0.19924
5966,59673,1280,-178,12000,-88,-184,-311,-0.01423,-0.01235,0.99558,-0.07786,-0.00153,-0.22977
5967,59683,1322,-240,12032,-80,-184,-305,-0.01165,-0.01615,0.99748,-0.01679,-0.00153,-0.18397
5968,59693,1308,-244,12036,-82,-193,-296,-0.01251,-0.0164,0.99772,-0.03206,-0.07023,-0.11527
5969,59703,1276,-214,12026,-81,-197,-292,-0.01448,-0.01456,0.99712,-0.02443,-0.10076,-0.08473
5970,59713,1314,-196,12050,-83,-190,-287,-0.01214,-0.01345,0.99855,-0.03969,-0.04733,-0.04656
5971,59723,1286,-218,11986,-83,-182,-293,-0.01386,-0.0148,0.99475,-0.03969,0.01374,-0.09237
5972,59733,1286,-264,11990,-78,-183,-302,-0.01386,-0.01762,0.99498,-0.00153,0.00611,-0.16107
5973,59743,1276,-222,12054,-79,-184,-308,-0.01448,-0.01505,0.99879,-0.00916,-0.00153,-0.20687
5974,59753,1290,-210,11998,-83,-197,-312,-0.01362,-0.01431,0.99546,-0.03969,-0.10076,-0.2374
5975,59763,1274,-216,12078,-82,-192,-308,-0.0146,-0.01468,1.00021,-0.03206,-0.0626,-0.20687
5976,59773,1330,-208,12068,-83,-188,-313,-0.01116,-0.01419,0.99962,-0.03969,-0.03206,-0.24504
5977,59783,1308,-202,12038,-79,-192,-306,-0.01251,-0.01382,0.99784,-0.00916,-0.0626,-0.1916
5978,59793,1278,-204,12010,-79,-182,-301,-0.01435,-0.01394,0.99617,-0.00916,0.01374,-0.15344
5979,59803,1284,-262,12042,-80,-187,-295,-0.01399,-0.0175,0.99807,-0.01679,-0.02443,-0.10763
5980,59813,1294,-234,11980,-83,-186,-299,-0.01337,-0.01578,0.99439,-0.03969,-0.01679,-0.13817
5981,59823,1284,-274,11998,-83,-204,-299,-0.01399,-0.01824,0.99546,-0.03969,-0.1542,-0.13817
5982,59833,1304,-230,11942,-84,-201,-305,-0.01276,-0.01554,0.99213,-0.04733,-0.1313,-0.18397
5983,59843,1342,-228,11962,-82,-189,-309,-0.01043,-0.01541,0.99332,-0.03206,-0.03969,-0.2145
5984,59853,1266,-176,12034,-84,-183,-304,-0.01509,-0.01223,0.9976,-0.04733,0.00611,-0.17634
5985,59863,1282,-206,12018,-79,-183,-314,-0.01411,-0.01407,0.99665,-0.00916,0.00611,-0.25267
5986,59873,1276,-178,12026,-78,-173,-323,-0.01448,-0.01235,0.99712,-0.00153,0.08244,-0.32137
5987,59883,1316,-232,12036,-84,-185,-319,-0.01202,-0.01566,0.99772,-0.04733,-0.00916,-0.29084
5988,59893,1286,-216,11966,-77,-180,-306,-0.01386,-0.01468,0.99356,0.00611,0.02901,-0.1916
5989,59903,1266,-206,12092,-75,-179,-301,-0.01509,-0.01407,1.00105,0.02137,0.03664,-0.15344
5990,59913,1306,-224,12042,-81,-186,-293,-0.01264,-0.01517,0.99807,-0.02443,-0.01679,-0.09237
5991,59923,1338,-220,12066,-82,-197,-305,-0.01067,-0.01492,0.9995,-0.03206,-0.10076,-0.18397
5992,59933,1284,-206,12034,-79,-190,-305,-0.01399,-0.01407,0.9976,-0.00916,-0.04733,-0.18397
5993,59943,1296,-210,12022,-80,-182,-302,-0.01325,-0.01431,0.99689,-0.01679,0.01374,-0.16107
5994,59953,1266,-174,12034,-84,-177,-295,-0.01509,-0.0121,0.9976,-0.04733,0.05191,-0.10763
5995,59963,1342,-240,12012,-79,-179,-290,-0.01043,-0.01615,0.99629,-0.00916,0.03664,-0.06947
5996,59973,1316,-196,12020,-84,-176,-287,-0.01202,-0.01345,0.99677,-0.04733,0.05954,-0.04656
5997,59983,1290,-226,11994,-81,-182,-288,-0.01362,-0.01529,0.99522,-0.02443,0.01374,-0.0542
5998,59993,1278,-202,11964,-86,-189,-300,-0.01435,-0.01382,0.99344,-0.0626,-0.03969,-0.1458
5999,60003,1282,-226,12024,-77,-181,-299,-0.01411,-0.01529,0.99701,0.00611,0.02137,-0.13817
6000,60013,1244,-248,12038,-81,-182,-306,-0.01644,-0.01664,0.99784,-0.02443,0.01374,-0.1916
6001,60023,1260,-224,12004,-81,-183,-308,-0.01546,-0.01517,0.99582,-0.02443,0.00611,-0.20687
6002,60033,1342,-194,11998,-80,-183,-305,-0.01043,-0.01333,0.99546,-0.01679,0.00611,-0.18397
6003,60043,1310,-204,11928,-78,-189,-300,-0.01239,-0.01394,0.9913,-0.00153,-0.03969,-0.1458
6004,60053,1276,-226,12032,-82,-193,-305,-0.01448,-0.01529,0.99748,-0.03206,-0.07023,-0.18397
6005,60063,1302,-194,12006,-76,-189,-306,-0.01288,-0.01333,0.99594,0.01374,-0.03969,-0.1916
6006,60073,1310,-282,12012,-81,-183,-302,-0.01239,-0.01873,0.99629,-0.02443,0.00611,-0.16107
6007,60083,1256,-214,12024,-80,-178,-297,-0.0157,-0.01456,0.99701,-0.01679,0.04427,-0.1229
6008,60093,1276,-238,12030,-78,-180,-298,-0.01448,-0.01603,0.99736,-0.00153,0.02901,-0.13053
6009,60103,1282,-198,12052,-85,-187,-302,-0.01411,-0.01357,0.99867,-0.05496,-0.02443,-0.16107
6010,60113,1302,-212,12010,-86,-182,-301,-0.01288,-0.01443,0.99617,-0.0626,0.01374,-0.15344
6011,60123,1310,-222,12084,-81,-184,-312,-0.01239,-0.01505,1.00057,-0.02443,-0.00153,-0.2374
6012,60133,1276,-238,12042,-83,-182,-316,-0.01448,-0.01603,0.99807,-0.03969,0.01374,-0.26794
6013,60143,1272,-198,12052,-80,-189,-322,-0.01472,-0.01357,0.99867,-0.01679,-0.03969,-0.31374
6014,60153,1302,-254,11988,-78,-183,-322,-0.01288,-0.01701,0.99487,-0.00153,0.00611,-0.31374
6015,60163,1284,-246,12060,-75,-189,-316,-0.01399,-0.01652,0.99914,0.02137,-0.03969,-0.26794
6016,60173,1294,-176,12038,-83,-187,-310,-0.01337,-0.01223,0.99784,-0.03969,-0.02443,-0.22214
6017,60183,1250,-184,11988,-79,-187,-296,-0.01607,-0.01272,0.99487,-0.00916,-0.02443,-0.11527
6018,60193,1258,-208,12002,-80,-192,-295,-0.01558,-0.01419,0.9957,-0.01679,-0.0626,-0.10763
6019,60203,1270,-206,11984,-84,-182,-288,-0.01484,-0.01407,0.99463,-0.04733,0.01374,-0.0542
6020,60213,1248,-232,11980,-83,-193,-288,-0.01619,-0.01566,0.99439,-0.03969,-0.07023,-0.0542
6021,60223,1330,-230,12054,-86,-193,-298,-0.01116,-0.01554,0.99879,-0.0626,-0.07023,-0.13053
6022,60233,1284,-230,12048,-84,-188,-300,-0.01399,-0.01554,0.99843,-0.04733,-0.03206,-0.1458
6023,60243,1256,-228,12026,-75,-191,-300,-0.0157,-0.01541,0.99712,0.02137,-0.05496,-0.1458
6024,60253,1308,-264,11956,-79,-180,-302,-0.01251,-0.01762,0.99296,-0.00916,0.02901,-0.16107
6025,60263,1292,-188,12038,-83,-186,-301,-0.01349,-0.01296,0.99784,-0.03969,-0.01679,-0.15344
6026,60273,1288,-218,11950,-79,-182,-301,-0.01374,-0.0148,0.99261,-0.00916,0.01374,-0.15344
6027,60283,1254,-188,12006,-77,-185,-301,-0.01583,-0.01296,0.99594,0.00611,-0.00916,-0.15344
6028,60293,1284,-260,12014,-71,-177,-294,-0.01399,-0.01738,0.99641,0.05191,0.05191,-0.1
6029,60303,1298,-252,12040,-68,-178,-296,-0.01313,-0.01689,0.99796,0.07481,0.04427,-0.11527
6030,60313,1276,-210,12016,-70,-174,-307,-0.01448,-0.01431,0.99653,0.05954,0.07481,-0.19924
6031,60323,1292,-228,12012,-70,-186,-304,-0.01349,-0.01541,0.99629,0.05954,-0.01679,-0.17634
6032,60333,1292,-210,12008,-73,-178,-306,-0.01349,-0.01431,0.99605,0.03664,0.04427,-0.1916
6033,60343,1276,-206,11968,-74,-178,-306,-0.01448,-0.01407,0.99368,0.02901,0.04427,-0.1916
6034,60353,1278,-196,12048,-78,-188,-302,-0.01435,-0.01345,0.99843,-0.00153,-0.03206,-0.16107
6035,60363,1264,-240,12070,-80,-175,-297,-0.01521,-0.01615,0.99974,-0.01679,0.06718,-0.1229
6036,60373,1318,-200,12014,-75,-193,-299,-0.0119,-0.0137,0.99641,0.02137,-0.07023,-0.13817
6037,60383,1268,-200,12084,-75,-189,-290,-0.01497,-0.0137,1.00057,0.02137,-0.03969,-0.06947
6038,60393,1278,-190,11972,-80,-183,-288,-0.01435,-0.01308,0.99392,-0.01679,0.00611,-0.0542
6039,60403,1268,-252,11994,-81,-186,-291,-0.01497,-0.01689,0.99522,-0.02443,-0.01679,-0.0771
6040,60413,1320,-232,12026,-77,-189,-296,-0.01178,-0.01566,0.99712,0.00611,-0.03969,-0.11527
6041,60423,1292,-216,12052,-70,-189,-297,-0.01349,-0.01468,0.99867,0.05954,-0.03969,-0.1229
6042,60433,1310,-216,12030,-79,-184,-300,-0.01239,-0.01468,0.99736,-0.00916,-0.00153,-0.1458
6043,60443,1274,-184,12022,-70,-177,-298,-0.0146,-0.01272,0.99689,0.05954,0.05191,-0.13053
6044,60453,1282,-214,12020,-71,-165,-307,-0.01411,-0.01456,0.99677,0.05191,0.14351,-0.19924
6045,60463,1304,-186,12048,-77,-161,-314,-0.01276,-0.01284,0.99843,0.00611,0.17405,-0.25267
6046,60473,1306,-208,11978,-85,-157,-307,-0.01264,-0.01419,0.99427,-0.05496,0.20458,-0.19924
6047,60483,1322,-202,12028,-100,-178,-314,-0.01165,-0.01382,0.99724,-0.16947,0.04427,-0.25267
6048,60493,1322,-206,12010,-93,-176,-298,-0.01165,-0.01407,0.99617,-0.11603,0.05954,-0.13053
6049,60503,1342,-208,12050,-83,-188,-281,-0.01043,-0.01419,0.99855,-0.03969,-0.03206,-0.00076
6050,60513,1278,-264,12058,-91,-200,-281,-0.01435,-0.01762,0.99903,-0.10076,-0.12366,-0.00076
6051,60523,1288,-216,12022,-104,-206,-292,-0.01374,-0.01468,0.99689,-0.2,-0.16947,-0.08473
6052,60533,1244,-226,12014,-111,-208,-302,-0.01644,-0.01529,0.99641,-0.25344,-0.18473,-0.16107
6053,60543,1306,-214,12010,-95,-214,-319,-0.01264,-0.01456,0.99617,-0.1313,-0.23053,-0.29084
6054,60553,1264,-212,12014,-69,-202,-346,-0.01521,-0.01443,0.99641,0.06718,-0.13893,-0.49695
6055,60563,1280,-194,12064,-45,-182,-384,-0.01423,-0.01333,0.99938,0.25038,0.01374,-0.78702
6056,60573,1260,-220,12036,-54,-164,-499,-0.01546,-0.01492,0.99772,0.18168,0.15115,-1.66489
6057,60583,1288,-188,12110,-50,-149,-640,-0.01374,-0.01296,1.00212,0.21221,0.26565,-2.74122
6058,60593,1330,-238,12002,-68,-160,-572,-0.01116,-0.01603,0.9957,0.07481,0.18168,-2.22214
6059,60603,1292,-238,11956,-74,-166,-488,-0.01349,-0.01603,0.99296,0.02901,0.13588,-1.58092
6060,60613,1268,-232,12006,-68,-169,-363,-0.01497,-0.01566,0.99594,0.07481,0.11298,-0.62672
6061,60623,1280,-202,12038,-70,-167,-299,-0.01423,-0.01382,0.99784,0.05954,0.12824,-0.13817
6062,60633,1232,-220,12088,-70,-172,-288,-0.01718,-0.01492,1.00081,0.05954,0.09008,-0.0542
6063,60643,1314,-196,12060,-79,-179,-274,-0.01214,-0.01345,0.99914,-0.00916,0.03664,0.05267
6064,60653,1282,-240,12090,-111,-207,-296,-0.01411,-0.01615,1.00093,-0.25344,-0.1771,-0.11527
6065,60663,1292,-228,11972,-110,-207,-293,-0.01349,-0.01541,0.99392,-0.2458,-0.1771,-0.09237
6066,60673,1302,-198,12026,-91,-195,-286,-0.01288,-0.01357,0.99712,-0.10076,-0.0855,-0.03893
6067,60683,1256,-178,12036,-83,-187,-289,-0.0157,-0.01235,0.99772,-0.03969,-0.02443,-0.06183
6068,60693,1294,-240,12082,-66,-184,-296,-0.01337,-0.01615,1.00045,0.09008,-0.00153,-0.11527
6069,60703,1284,-204,12048,-88,-198,-296,-0.01399,-0.01394,0.99843,-0.07786,-0.1084,-0.11527
6070,60713,1284,-214,11942,-91,-201,-299,-0.01399,-0.01456,0.99213,-0.10076,-0.1313,-0.13817
6071,60723,1264,-224,12000,-90,-191,-301,-0.01521,-0.01517,0.99558,-0.09313,-0.05496,-0.15344
6072,60733,1248,-208,11984,-83,-196,-299,-0.01619,-0.01419,0.99463,-0.03969,-0.09313,-0.13817
6073,60743,1286,-238,12010,-81,-202,-302,-0.01386,-0.01603,0.99617,-0.02443,-0.13893,-0.16107
6074,60753,1286,-226,11998,-86,-198,-300,-0.01386,-0.01529,0.99546,-0.0626,-0.1084,-0.1458
6075,60763,1260,-222,12008,-90,-203,-295,-0.01546,-0.01505,0.99605,-0.09313,-0.14656,-0.10763
6076,60773,1272,-216,12052,-84,-200,-305,-0.01472,-0.01468,0.99867,-0.04733,-0.12366,-0.18397
6077,60783,1278,-224,11914,-77,-198,-314,-0.01435,-0.01517,0.99047,0.00611,-0.1084,-0.25267
6078,60793,1244,-248,12018,-70,-179,-331,-0.01644,-0.01664,0.99665,0.05954,0.03664,-0.38244
6079,60803,1276,-252,12002,-68,-168,-361,-0.01448,-0.01689,0.9957,0.07481,0.12061,-0.61145
6080,60813,1274,-238,12078,-71,-177,-433,-0.0146,-0.01603,1.00021,0.05191,0.05191,-1.16107
6081,60823,1260,-188,12008,-77,-183,-504,-0.01546,-0.01296,0.99605,0.00611,0.00611,-1.70305
6082,60833,1196,-244,12080,-85,-189,-593,-0.01939,-0.0164,1.00033,-0.05496,-0.03969,-2.38244
6083,60843,1278,-232,11936,-101,-196,-754,-0.01435,-0.01566,0.99178,-0.1771,-0.09313,-3.61145
6084,60853,1246,-216,12000,-99,-195,-907,-0.01632,-0.01468,0.99558,-0.16183,-0.0855,-4.77939
6085,60863,1304,-224,12032,-101,-190,-969,-0.01276,-0.01517,0.99748,-0.1771,-0.04733,-5.25267
6086,60873,1322,-226,12024,-98,-182,-950,-0.01165,-0.01529,0.99701,-0.1542,0.01374,-5.10763
6087,60883,1322,-216,12054,-86,-167,-851,-0.01165,-0.01468,0.99879,-0.0626,0.12824,-4.35191
6088,60893,1320,-224,11932,-89,-169,-772,-0.01178,-0.01517,0.99154,-0.0855,0.11298,-3.74886
6089,60903,1246,-236,12008,-80,-175,-758,-0.01632,-0.01591,0.99605,-0.01679,0.06718,-3.64198
6090,60913,1256,-226,12058,-83,-192,-845,-0.0157,-0.01529,0.99903,-0.03969,-0.0626,-4.30611
6091,60923,1244,-226,11982,-77,-193,-973,-0.01644,-0.01529,0.99451,0.00611,-0.07023,-5.28321
6092,60933,1218,-190,11968,-80,-203,-1140,-0.01804,-0.01308,0.99368,-0.01679,-0.14656,-6.55801
6093,60943,1350,-228,12000,-109,-214,-1205,-0.00994,-0.01541,0.99558,-0.23817,-0.23053,-7.0542
6094,60953,1246,-272,12038,-114,-222,-1178,-0.01632,-0.01811,0.99784,-0.27634,-0.2916,-6.84809
6095,60963,1284,-208,12070,-111,-212,-1182,-0.01399,-0.01419,0.99974,-0.25344,-0.21527,-6.87863
6096,60973,1306,-242,12016,-104,-196,-1043,-0.01264,-0.01627,0.99653,-0.2,-0.09313,-5.81756
6097,60983,1346,-194,12052,-105,-183,-912,-0.01018,-0.01333,0.99867,-0.20763,0.00611,-4.81756
6098,60993,1352,-236,12044,-96,-200,-759,-0.00981,-0.01591,0.99819,-0.13893,-0.12366,-3.64962
6099,61003,1332,-198,11988,-87,-186,-595,-0.01104,-0.01357,0.99487,-0.07023,-0.01679,-2.39771
6100,61013,1326,-246,12026,-77,-189,-445,-0.01141,-0.01652,0.99712,0.00611,-0.03969,-1.25267
6101,61023,1334,-228,12008,-77,-194,-397,-0.01092,-0.01541,0.99605,0.00611,-0.07786,-0.88626
6102,61033,1292,-208,12046,-89,-204,-418,-0.01349,-0.01419,0.99831,-0.0855,-0.1542,-1.04656
6103,61043,1284,-226,12110,-92,-198,-440,-0.01399,-0.01529,1.00212,-0.1084,-0.1084,-1.2145
6104,61053,1250,-206,12048,-93,-213,-468,-0.01607,-0.01407,0.99843,-0.11603,-0.2229,-1.42824
6105,61063,1214,-212,12036,-92,-203,-560,-0.01828,-0.01443,0.99772,-0.1084,-0.14656,-2.13053
6106,61073,1248,-188,12028,-91,-193,-736,-0.01619,-0.01296,0.99724,-0.10076,-0.07023,-3.47405
6107,61083,1320,-242,12004,-88,-221,-739,-0.01178,-0.01627,0.99582,-0.07786,-0.28397,-3.49695
6108,61093,1284,-202,11990,-83,-217,-636,-0.01399,-0.01382,0.99498,-0.03969,-0.25344,-2.71069
6109,61103,1294,-236,11980,-87,-209,-611,-0.01337,-0.01591,0.99439,-0.07023,-0.19237,-2.51985
6110,61113,1306,-190,12044,-70,-202,-559,-0.01264,-0.01308,0.99819,0.05954,-0.13893,-2.1229
6111,61123,1252,-190,11968,-66,-187,-539,-0.01595,-0.01308,0.99368,0.09008,-0.02443,-1.97023
6112,61133,1282,-234,11998,-67,-179,-516,-0.01411,-0.01578,0.99546,0.08244,0.03664,-1.79466
6113,61143,1268,-236,12082,-68,-182,-470,-0.01497,-0.01591,1.00045,0.07481,0.01374,-1.44351
6114,61153,1292,-192,11940,-80,-194,-447,-0.01349,-0.01321,0.99201,-0.01679,-0.07786,-1.26794
6115,61163,1358,-234,12056,-89,-199,-414,-0.00944,-0.01578,0.99891,-0.0855,-0.11603,-1.01603
6116,61173,1304,-220,12052,-95,-193,-296,-0.01276,-0.01492,0.99867,-0.1313,-0.07023,-0.11527
6117,61183,1266,-212,11986,-108,-218,-319,-0.01509,-0.01443,0.99475,-0.23053,-0.26107,-0.29084
6118,61193,1312,-190,12080,-87,-203,-344,-0.01227,-0.01308,1.00033,-0.07023,-0.14656,-0.48168
6119,61203,1304,-236,12074,-95,-201,-350,-0.01276,-0.01591,0.99998,-0.1313,-0.1313,-0.52748
6120,61213,1280,-238,12000,-97,-214,-340,-0.01423,-0.01603,0.99558,-0.14656,-0.23053,-0.45115
6121,61223,1224,-200,11988,-102,-247,-326,-0.01767,-0.0137,0.99487,-0.18473,-0.48244,-0.34427
6122,61233,1296,-160,12042,-93,-271,-306,-0.01325,-0.01124,0.99807,-0.11603,-0.66565,-0.1916
6123,61243,1310,-226,12110,-97,-308,-301,-0.01239,-0.01529,1.00212,-0.14656,-0.94809,-0.15344
6124,61253,1304,-226,11996,-91,-260,-294,-0.01276,-0.01529,0.99534,-0.10076,-0.58168,-0.1
6125,61263,1292,-222,11974,-80,-228,-278,-0.01349,-0.01505,0.99403,-0.01679,-0.3374,0.02214
6126,61273,1298,-236,12086,-93,-238,-280,-0.01313,-0.01591,1.00069,-0.11603,-0.41374,0.00687
6127,61283,1248,-214,12042,-98,-238,-285,-0.01619,-0.01456,0.99807,-0.1542,-0.41374,-0.0313
6128,61293,1274,-244,12056,-106,-268,-291,-0.0146,-0.0164,0.99891,-0.21527,-0.64275,-0.0771
6129,61303,1286,-234,12072,-107,-282,-297,-0.01386,-0.01578,0.99986,-0.2229,-0.74962,-0.1229
6130,61313,1296,-250,11958,-184,-368,-315,-0.01325,-0.01676,0.99308,-0.81069,-1.40611,-0.26031
6131,61323,1364,-244,11982,-161,-339,-313,-0.00908,-0.0164,0.99451,-0.63511,-1.18473,-0.24504
6132,61333,1352,-242,12000,-148,-309,-317,-0.00981,-0.01627,0.99558,-0.53588,-0.95573,-0.27557
6133,61343,1362,-228,12002,-130,-290,-316,-0.0092,-0.01541,0.9957,-0.39847,-0.81069,-0.26794
6134,61353,1316,-278,12002,-107,-261,-315,-0.01202,-0.01848,0.9957,-0.2229,-0.58931,-0.26031
6135,61363,1328,-226,11974,-79,-194,-316,-0.01129,-0.01529,0.99403,-0.00916,-0.07786,-0.26794
6136,61373,1300,-228,12012,-62,-164,-328,-0.013,-0.01541,0.99629,0.12061,0.15115,-0.35954
6137,61383,1296,-228,12006,-49,-150,-349,-0.01325,-0.01541,0.99594,0.21985,0.25802,-0.51985
6138,61393,1304,-240,11998,-69,-177,-363,-0.01276,-0.01615,0.99546,0.06718,0.05191,-0.62672
6139,61403,1320,-234,12070,-55,-136,-341,-0.01178,-0.01578,0.99974,0.17405,0.36489,-0.45878
6140,61413,1286,-236,12040,-73,-157,-346,-0.01386,-0.01591,0.99796,0.03664,0.20458,-0.49695
6141,61423,1266,-250,12036,-69,-165,-368,-0.01509,-0.01676,0.99772,0.06718,0.14351,-0.66489
6142,61433,1250,-192,12090,-50,-139,-432,-0.01607,-0.01321,1.00093,0.21221,0.34198,-1.15344
6143,61443,1310,-218,11994,-74,-174,-520,-0.01239,-0.0148,0.99522,0.02901,0.07481,-1.82519
6144,61453,1306,-266,11992,-103,-210,-533,-0.01264,-0.01775,0.9951,-0.19237,-0.2,-1.92443
6145,61463,1330,-210,11986,-119,-219,-535,-0.01116,-0.01431,0.99475,-0.3145,-0.2687,-1.93969
6146,61473,1322,-246,11966,-103,-205,-507,-0.01165,-0.01652,0.99356,-0.19237,-0.16183,-1.72595
6147,61483,1304,-280,11986,-103,-210,-533,-0.01276,-0.0186,0.99475,-0.19237,-0.2,-1.92443
6148,61493,1302,-254,12050,-132,-254,-644,-0.01288,-0.01701,0.99855,-0.41374,-0.53588,-2.77176
6149,61503,1302,-226,12006,-124,-250,-751,-0.01288,-0.01529,0.99594,-0.35267,-0.50534,-3.58855
6150,61513,1326,-256,12080,-100,-222,-795,-0.01141,-0.01713,1.00033,-0.16947,-0.2916,-3.92443
6151,61523,1342,-236,12008,-91,-213,-808,-0.01043,-0.01591,0.99605,-0.10076,-0.2229,-4.02366
6152,61533,1338,-252,11962,-71,-181,-752,-0.01067,-0.01689,0.99332,0.05191,0.02137,-3.59618
6153,61543,1376,-230,11972,-41,-139,-698,-0.00834,-0.01554,0.99392,0.28092,0.34198,-3.18397
6154,61553,1278,-194,12050,-41,-123,-662,-0.01435,-0.01333,0.99855,0.28092,0.46412,-2.90916
6155,61563,1314,-238,12060,-64,-154,-680,-0.01214,-0.01603,0.99914,0.10534,0.22748,-3.04656
6156,61573,1326,-230,12042,-61,-151,-760,-0.01141,-0.01554,0.99807,0.12824,0.25038,-3.65725
6157,61583,1302,-236,12018,-48,-145,-825,-0.01288,-0.01591,0.99665,0.22748,0.29618,-4.15343
6158,61593,1294,-214,11960,-49,-144,-842,-0.01337,-0.01456,0.9932,0.21985,0.30382,-4.28321
6159,61603,1364,-224,12052,-49,-125,-870,-0.00908,-0.01517,0.99867,0.21985,0.44885,-4.49695
6160,61613,1378,-212,12010,-51,-140,-825,-0.00822,-0.01443,0.99617,0.20458,0.33435,-4.15343
6161,61623,1378,-202,12022,-71,-161,-742,-0.00822,-0.01382,0.99689,0.05191,0.17405,-3.51985
6162,61633,1340,-192,11982,-97,-192,-647,-0.01055,-0.01321,0.99451,-0.14656,-0.0626,-2.79466
6163,61643,1342,-208,11950,-96,-197,-526,-0.01043,-0.01419,0.99261,-0.13893,-0.10076,-1.87099
6164,61653,1286,-234,12014,-81,-164,-352,-0.01386,-0.01578,0.99641,-0.02443,0.15115,-0.54275
6165,61663,1292,-258,12024,-98,-187,-251,-0.01349,-0.01726,0.99701,-0.1542,-0.02443,0.22824
6166,61673,1300,-252,12040,-70,-153,-291,-0.013,-0.01689,0.99796,0.05954,0.23511,-0.0771
6167,61683,1350,-274,12030,-69,-154,-301,-0.00994,-0.01824,0.99736,0.06718,0.22748,-0.15344
6168,61693,1308,-220,12006,-73,-164,-302,-0.01251,-0.01492,0.99594,0.03664,0.15115,-0.16107
6169,61703,1342,-222,12102,-81,-179,-309,-0.01043,-0.01505,1.00164,-0.02443,0.03664,-0.2145
6170,61713,1306,-242,12056,-97,-193,-319,-0.01264,-0.01627,0.99891,-0.14656,-0.07023,-0.29084
6171,61723,1274,-268,12048,-86,-189,-358,-0.0146,-0.01787,0.99843,-0.0626,-0.03969,-0.58855
6172,61733,1280,-226,12088,-91,-195,-513,-0.01423,-0.01529,1.00081,-0.10076,-0.0855,-1.77176
6173,61743,1320,-248,12014,-85,-173,-658,-0.01178,-0.01664,0.99641,-0.05496,0.08244,-2.87863
6174,61753,1324,-268,12054,-98,-203,-644,-0.01153,-0.01787,0.99879,-0.1542,-0.14656,-2.77176
6175,61763,1334,-236,12042,-109,-204,-554,-0.01092,-0.01591,0.99807,-0.23817,-0.1542,-2.08473
6176,61773,1286,-260,12008,-113,-210,-525,-0.01386,-0.01738,0.99605,-0.2687,-0.2,-1.86336
6177,61783,1266,-278,12058,-145,-262,-604,-0.01509,-0.01848,0.99903,-0.51298,-0.59695,-2.46641
6178,61793,1308,-246,11990,-180,-308,-707,-0.01251,-0.01652,0.99498,-0.78015,-0.94809,-3.25267
6179,61803,1350,-248,11998,-178,-309,-791,-0.00994,-0.01664,0.99546,-0.76489,-0.95573,-3.89389
6180,61813,1318,-236,12044,-165,-289,-857,-0.0119,-0.01591,0.99819,-0.66565,-0.80305,-4.39771
6181,61823,1294,-226,12056,-156,-296,-827,-0.01337,-0.01529,0.99891,-0.59695,-0.85649,-4.1687
6182,61833,1336,-228,12086,-151,-296,-759,-0.01079,-0.01541,1.00069,-0.55878,-0.85649,-3.64962
6183,61843,1378,-212,12026,-133,-281,-631,-0.00822,-0.01443,0.99712,-0.42137,-0.74198,-2.67252
6184,61853,1346,-278,12038,-102,-199,-382,-0.01018,-0.01848,0.99784,-0.18473,-0.11603,-0.77176
6185,61863,1260,-228,12008,-66,-179,-218,-0.01546,-0.01541,0.99605,0.09008,0.03664,0.48015
6186,61873,1314,-248,12006,-66,-175,-408,-0.01214,-0.01664,0.99594,0.09008,0.06718,-0.97023
6187,61883,1270,-276,12050,-77,-168,-544,-0.01484,-0.01836,0.99855,0.00611,0.12061,-2.0084
6188,61893,1332,-214,12022,-103,-184,-651,-0.01104,-0.01456,0.99689,-0.19237,-0.00153,-2.82519
6189,61903,1304,-232,12066,-123,-196,-701,-0.01276,-0.01566,0.9995,-0.34504,-0.09313,-3.20687
6190,61913,1350,-224,12090,-131,-233,-653,-0.00994,-0.01517,1.00093,-0.40611,-0.37557,-2.84046
6191,61923,1328,-236,12070,-129,-239,-598,-0.01129,-0.01591,0.99974,-0.39084,-0.42137,-2.42061
6192,61933,1374,-278,12036,-135,-227,-605,-0.00846,-0.01848,0.99772,-0.43664,-0.32977,-2.47405
6193,61943,1302,-254,12030,-121,-217,-622,-0.01288,-0.01701,0.99736,-0.32977,-0.25344,-2.60382
6194,61953,1346,-234,12040,-123,-212,-671,-0.01018,-0.01578,0.99796,-0.34504,-0.21527,-2.97786
6195,61963,1302,-296,12004,-123,-194,-754,-0.01288,-0.01959,0.99582,-0.34504,-0.07786,-3.61145
6196,61973,1326,-230,12034,-105,-173,-862,-0.01141,-0.01554,0.9976,-0.20763,0.08244,-4.43588
6197,61983,1376,-270,12060,-112,-168,-902,-0.00834,-0.01799,0.99914,-0.26107,0.12061,-4.74122
6198,61993,1310,-236,12012,-125,-179,-931,-0.01239,-0.01591,0.99629,-0.36031,0.03664,-4.9626
6199,62003,1396,-268,12050,-137,-203,-990,-0.00711,-0.01787,0.99855,-0.45191,-0.14656,-5.41298
6200,62013,1418,-284,11984,-146,-225,-935,-0.00576,-0.01885,0.99463,-0.52061,-0.3145,-4.99313
6201,62023,1376,-312,11998,-147,-270,-815,-0.00834,-0.02057,0.99546,-0.52824,-0.65802,-4.0771
6202,62033,1346,-296,11994,-137,-260,-716,-0.01018,-0.01959,0.99522,-0.45191,-0.58168,-3.32137
6203,62043,1326,-242,12038,-120,-239,-700,-0.01141,-0.01627,0.99784,-0.32214,-0.42137,-3.19924
6204,62053,1364,-280,12056,-104,-222,-670,-0.00908,-0.0186,0.99891,-0.2,-0.2916,-2.97023
6205,62063,1312,-266,12024,-96,-221,-630,-0.01227,-0.01775,0.99701,-0.13893,-0.28397,-2.66489
6206,62073,1320,-262,12040,-95,-197,-656,-0.01178,-0.0175,0.99796,-0.1313,-0.10076,-2.86336
6207,62083,1334,-268,11982,-66,-160,-683,-0.01092,-0.01787,0.99451,0.09008,0.18168,-3.06947
6208,62093,1346,-294,12036,-48,-140,-654,-0.01018,-0.01946,0.99772,0.22748,0.33435,-2.84809
6209,62103,1270,-254,12082,-47,-131,-658,-0.01484,-0.01701,1.00045,0.23511,0.40305,-2.87863
6210,62113,1354,-300,12092,-61,-148,-700,-0.00969,-0.01983,1.00105,0.12824,0.27328,-3.19924
6211,62123,1362,-246,11998,-68,-164,-679,-0.0092,-0.01652,0.99546,0.07481,0.15115,-3.03893
6212,62133,1350,-256,12058,-88,-187,-646,-0.00994,-0.01713,0.99903,-0.07786,-0.02443,-2.78702
6213,62143,1304,-280,12038,-112,-205,-638,-0.01276,-0.0186,0.99784,-0.26107,-0.16183,-2.72595
6214,62153,1324,-294,11952,-119,-206,-717,-0.01153,-0.01946,0.99273,-0.3145,-0.16947,-3.32901
6215,62163,1344,-282,12038,-118,-209,-761,-0.0103,-0.01873,0.99784,-0.30687,-0.19237,-3.66489
6216,62173,1364,-290,12014,-110,-197,-719,-0.00908,-0.01922,0.99641,-0.2458,-0.10076,-3.34427
6217,62183,1374,-258,11918,-98,-189,-657,-0.00846,-0.01726,0.99071,-0.1542,-0.03969,-2.87099
6218,62193,1390,-290,12038,-90,-200,-531,-0.00748,-0.01922,0.99784,-0.09313,-0.12366,-1.90916
6219,62203,1360,-240,12090,-79,-200,-372,-0.00932,-0.01615,1.00093,-0.00916,-0.12366,-0.69542
6220,62213,1330,-268,12066,-81,-211,-302,-0.01116,-0.01787,0.9995,-0.02443,-0.20763,-0.16107
6221,62223,1288,-290,12024,-75,-203,-372,-0.01374,-0.01922,0.99701,0.02137,-0.14656,-0.69542
6222,62233,1346,-274,12022,-75,-171,-501,-0.01018,-0.01824,0.99689,0.02137,0.09771,-1.68015
6223,62243,1326,-272,11966,-74,-143,-581,-0.01141,-0.01811,0.99356,0.02901,0.31145,-2.29084
6224,62253,1318,-264,11988,-77,-128,-610,-0.0119,-0.01762,0.99487,0.00611,0.42595,-2.51221
6225,62263,1344,-240,11990,-77,-146,-624,-0.0103,-0.01615,0.99498,0.00611,0.28855,-2.61908
6226,62273,1322,-254,12034,-91,-180,-551,-0.01165,-0.01701,0.9976,-0.10076,0.02901,-2.06183
6227,62283,1366,-282,12046,-85,-199,-469,-0.00895,-0.01873,0.99831,-0.05496,-0.11603,-1.43588
6228,62293,1356,-258,12036,-90,-199,-410,-0.00957,-0.01726,0.99772,-0.09313,-0.11603,-0.9855
6229,62303,1310,-282,12046,-83,-191,-340,-0.01239,-0.01873,0.99831,-0.03969,-0.05496,-0.45115
6230,62313,1340,-260,11998,-77,-207,-332,-0.01055,-0.01738,0.99546,0.00611,-0.1771,-0.39008
6231,62323,1360,-288,11984,-78,-193,-365,-0.00932,-0.0191,0.99463,-0.00153,-0.07023,-0.64198
6232,62333,1310,-270,12024,-81,-178,-388,-0.01239,-0.01799,0.99701,-0.02443,0.04427,-0.81756
6233,62343,1322,-232,11998,-91,-182,-462,-0.01165,-0.01566,0.99546,-0.10076,0.01374,-1.38244
6234,62353,1346,-270,12016,-89,-186,-471,-0.01018,-0.01799,0.99653,-0.0855,-0.01679,-1.45115
6235,62363,1328,-262,12032,-81,-185,-413,-0.01129,-0.0175,0.99748,-0.02443,-0.00916,-1.0084
6236,62373,1342,-268,12026,-76,-183,-356,-0.01043,-0.01787,0.99712,0.01374,0.00611,-0.57328
6237,62383,1330,-266,12060,-67,-182,-283,-0.01116,-0.01775,0.99914,0.08244,0.01374,-0.01603
6238,62393,1368,-250,11926,-67,-211,-220,-0.00883,-0.01676,0.99118,0.08244,-0.20763,0.46489
6239,62403,1336,-230,11972,-71,-212,-186,-0.01079,-0.01554,0.99392,0.05191,-0.21527,0.72443
6240,62413,1304,-232,12010,-76,-230,-185,-0.01276,-0.01566,0.99617,0.01374,-0.35267,0.73206
6241,62423,1302,-276,12024,-80,-212,-224,-0.01288,-0.01836,0.99701,-0.01679,-0.21527,0.43435
6242,62433,1324,-242,11998,-78,-192,-233,-0.01153,-0.01627,0.99546,-0.00153,-0.0626,0.36565
6243,62443,1332,-292,12058,-81,-205,-154,-0.01104,-0.01934,0.99903,-0.02443,-0.16183,0.9687
6244,62453,1344,-242,11958,-76,-209,-85,-0.0103,-0.01627,0.99308,0.01374,-0.19237,1.49542
6245,62463,1360,-302,11956,-64,-202,-49,-0.00932,-0.01995,0.99296,0.10534,-0.13893,1.77023
6246,62473,1340,-250,12006,-64,-214,-71,-0.01055,-0.01676,0.99594,0.10534,-0.23053,1.60229
6247,62483,1356,-276,11962,-62,-201,-114,-0.00957,-0.01836,0.99332,0.12061,-0.1313,1.27405
6248,62493,1362,-256,12028,-67,-187,-161,-0.0092,-0.01713,0.99724,0.08244,-0.02443,0.91527
6249,62503,1314,-302,11988,-64,-180,-201,-0.01214,-0.01995,0.99487,0.10534,0.02901,0.60992
6250,62513,1332,-246,12006,-70,-189,-229,-0.01104,-0.01652,0.99594,0.05954,-0.03969,0.39618
6251,62523,1356,-260,12030,-83,-221,-245,-0.00957,-0.01738,0.99736,-0.03969,-0.28397,0.27405
6252,62533,1286,-258,12004,-86,-218,-250,-0.01386,-0.01726,0.99582,-0.0626,-0.26107,0.23588
6253,62543,1400,-226,12040,-84,-199,-243,-0.00687,-0.01529,0.99796,-0.04733,-0.11603,0.28931
6254,62553,1306,-216,12068,-72,-165,-237,-0.01264,-0.01468,0.99962,0.04427,0.14351,0.33511
6255,62563,1310,-230,12068,-62,-159,-254,-0.01239,-0.01554,0.99962,0.12061,0.18931,0.20534
6256,62573,1376,-242,12006,-58,-151,-269,-0.00834,-0.01627,0.99594,0.15115,0.25038,0.09084
6257,62583,1324,-290,12040,-59,-156,-270,-0.01153,-0.01922,0.99796,0.14351,0.21221,0.08321
6258,62593,1298,-272,12016,-66,-175,-274,-0.01313,-0.01811,0.99653,0.09008,0.06718,0.05267
6259,62603,1344,-218,12024,-68,-166,-265,-0.0103,-0.0148,0.99701,0.07481,0.13588,0.12137
6260,62613,1378,-240,11952,-69,-169,-236,-0.00822,-0.01615,0.99273,0.06718,0.11298,0.34275
6261,62623,1396,-268,12022,-70,-168,-239,-0.00711,-0.01787,0.99689,0.05954,0.12061,0.31985
6262,62633,1334,-238,12006,-70,-155,-262,-0.01092,-0.01603,0.99594,0.05954,0.21985,0.14427
6263,62643,1376,-222,12002,-69,-131,-256,-0.00834,-0.01505,0.9957,0.06718,0.40305,0.19008
6264,62653,1348,-232,11974,-71,-122,-157,-0.01006,-0.01566,0.99403,0.05191,0.47176,0.9458
6265,62663,1306,-248,11982,-104,-174,-128,-0.01264,-0.01664,0.99451,-0.2,0.07481,1.16718
6266,62673,1340,-212,11978,-116,-199,-205,-0.01055,-0.01443,0.99427,-0.2916,-0.11603,0.57939
6267,62683,1328,-250,12078,-121,-199,-273,-0.01129,-0.01676,1.00021,-0.32977,-0.11603,0.06031
6268,62693,1306,-228,11972,-119,-202,-316,-0.01264,-0.01541,0.99392,-0.3145,-0.13893,-0.26794
6269,62703,1336,-286,11988,-121,-198,-331,-0.01079,-0.01897,0.99487,-0.32977,-0.1084,-0.38244
6270,62713,1328,-294,12072,-114,-186,-349,-0.01129,-0.01946,0.99986,-0.27634,-0.01679,-0.51985
6271,62723,1346,-248,12028,-102,-163,-377,-0.01018,-0.01664,0.99724,-0.18473,0.15878,-0.73359
6272,62733,1394,-248,11964,-93,-142,-327,-0.00724,-0.01664,0.99344,-0.11603,0.31908,-0.35191
6273,62743,996,-280,12014,-117,204,459,-0.03166,-0.0186,0.99641,-0.29924,2.96031,5.64809
6274,62753,1136,-282,12036,-154,-114,587,-0.02307,-0.01873,0.99772,-0.58168,0.53282,6.62519
6275,62763,1264,-268,12018,-130,-283,-240,-0.01521,-0.01787,0.99665,-0.39847,-0.75725,0.31221
6276,62773,1306,-258,12024,-116,-265,-317,-0.01264,-0.01726,0.99701,-0.2916,-0.61985,-0.27557
6277,62783,1322,-288,12026,-108,-207,-307,-0.01165,-0.0191,0.99712,-0.23053,-0.1771,-0.19924
6278,62793,1224,-286,12016,-112,-199,-400,-0.01767,-0.01897,0.99653,-0.26107,-0.11603,-0.90916
6279,62803,1302,-280,12068,-143,-157,-679,-0.01288,-0.0186,0.99962,-0.49771,0.20458,-3.03893
6280,62813,1334,-222,12056,-238,-276,-707,-0.01092,-0.01505,0.99891,-1.2229,-0.70382,-3.25267
6281,62823,1352,-246,11996,-297,-296,-681,-0.00981,-0.01652,0.99534,-1.67328,-0.85649,-3.0542
6282,62833,1302,-296,12054,-279,-217,-647,-0.01288,-0.01959,0.99879,-1.53588,-0.25344,-2.79466
6283,62843,1572,-232,12054,-284,-115,-591,0.00369,-0.01566,0.99879,-1.57405,0.52519,-2.36718
6284,62853,448,-380,12346,-1215,483,1917,-0.06529,-0.02474,1.01614,-8.68092,5.09008,16.77786
6285,62863,1266,-378,11878,-2416,-1445,1711,-0.01509,-0.02462,0.98833,-17.84885,-9.62748,15.20534
6286,62873,1520,-322,12130,-2032,-662,1867,0.0005,-0.02118,1.0033,-14.91756,-3.65038,16.39618
6287,62883,1328,-432,12164,-2405,-797,2773,-0.01129,-0.02793,1.00532,-17.76488,-4.68092,23.31221
6288,62893,1432,-476,11958,-2745,-917,3182,-0.0049,-0.03063,0.99308,-20.36031,-5.59695,26.43435
6289,62903,1122,-602,11804,-2700,-839,3600,-0.02393,-0.03836,0.98393,-20.01679,-5.00153,29.62519
6290,62913,996,-652,11868,-2247,-650,2826,-0.03166,-0.04142,0.98774,-16.55878,-3.55878,23.71679
6291,62923,1792,-540,12028,-1817,-392,1356,0.01719,-0.03455,0.99724,-13.27634,-1.58931,12.49542
6292,62933,1016,-770,11882,-1793,-217,1583,-0.03043,-0.04866,0.98857,-13.09313,-0.25344,14.22824
6293,62943,1206,-768,11874,-1501,-9,356,-0.01877,-0.04854,0.98809,-10.86412,1.33435,4.86183
6294,62953,1292,-686,11936,-1166,284,-571,-0.01349,-0.04351,0.99178,-8.30687,3.57099,-2.2145
6295,62963,1398,-692,12026,-1029,522,-497,-0.00699,-0.04388,0.99712,-7.26107,5.38779,-1.64962
6296,62973,1560,-894,12230,-1516,1300,1597,0.00295,-0.05627,1.00925,-10.97863,11.32672,14.33511
6297,62983,1158,-932,11872,-1963,561,4228,-0.02172,-0.0586,0.98797,-14.39084,5.6855,34.41908
6298,62993,1388,-810,11912,-1639,889,3245,-0.0076,-0.05112,0.99035,-11.91756,8.18931,26.91527
6299,63003,948,-826,12210,-1349,1138,3276,-0.0346,-0.0521,1.00806,-9.70382,10.09008,27.15191
6300,63013,722,-988,11946,-1478,433,2390,-0.04847,-0.06203,0.99237,-10.68855,4.7084,20.38855
6301,63023,1180,-980,11968,-1539,-27,290,-0.02037,-0.06154,0.99368,-11.1542,1.19695,4.35802
6302,63033,1304,-1024,12116,-1501,-178,-609,-0.01276,-0.06424,1.00247,-10.86412,0.04427,-2.50458
6303,63043,3332,-650,12486,-1937,-408,-630,0.11169,-0.0413,1.02446,-14.19237,-1.71145,-2.66489
6304,63053,1374,-1102,11980,-2768,-564,2292,-0.00846,-0.06903,0.99439,-20.53588,-2.90229,19.64046
6305,63063,1350,-1178,12048,-2949,-665,2926,-0.00994,-0.07369,0.99843,-21.91756,-3.67328,24.48015
6306,63073,1392,-1168,11972,-3072,-517,3163,-0.00736,-0.07308,0.99392,-22.85649,-2.54351,26.28931
6307,63083,950,-1300,11860,-2852,-328,3336,-0.03448,-0.08117,0.98726,-21.1771,-1.10076,27.60992
6308,63093,1062,-1318,11854,-2435,10,2186,-0.02761,-0.08228,0.9869,-17.99389,1.47939,18.8313
6309,63103,1094,-1286,12070,-2138,183,1432,-0.02564,-0.08031,0.99974,-15.72672,2.8,13.07557
6310,63113,1046,-1334,12332,-2724,283,1181,-0.02859,-0.08326,1.01531,-20.2,3.56336,11.15954
6311,63123,836,-1450,12532,-5495,128,-129,-0.04148,-0.09037,1.02719,-41.35267,2.38015,1.15954
6312,63133,972,-1684,12264,-7408,152,-1509,-0.03313,-0.10473,1.01127,-55.95573,2.56336,-9.37481
6313,63143,1044,-1902,12032,-8612,140,-2529,-0.02871,-0.1181,0.99748,-65.14657,2.47176,-17.16107
6314,63153,1326,-2114,11776,-9114,40,-3361,-0.01141,-0.1311,0.98227,-68.97863,1.7084,-23.51221
6315,63163,1604,-2396,12088,-9077,-205,-3303,0.00565,-0.1484,1.00081,-68.69618,-0.16183,-23.06947
6316,63173,1402,-2720,11736,-9427,-649,-1949,-0.00674,-0.16828,0.97989,-71.36794,-3.55115,-12.73359
6317,63183,1184,-3056,11690,-9428,-1223,-1067,-0.02012,-0.18889,0.97716,-71.37557,-7.93282,-6.00076
6318,63193,1174,-2962,11412,-8986,-2387,-1064,-0.02074,-0.18312,0.96064,-68.00153,-16.81832,-5.97786
6319,63203,1460,-2874,11280,-7696,-2739,-1450,-0.00318,-0.17772,0.9528,-58.1542,-19.50534,-8.92443
6320,63213,1582,-3022,11034,-5707,-2372,-1154,0.0043,-0.1868,0.93818,-42.97099,-16.70382,-6.66489
6321,63223,1598,-3114,11380,-3519,-1387,-799,0.00528,-0.19244,0.95874,-26.2687,-9.18473,-3.95496
6322,63233,1700,-3078,11648,-2425,-544,-596,0.01154,-0.19024,0.97466,-17.91756,-2.74962,-2.40534
6323,63243,1398,-3168,11936,-2024,-273,-133,-0.00699,-0.19576,0.99178,-14.85649,-0.68092,1.12901
6324,63253,1452,-3266,11940,-2730,-237,-413,-0.00368,-0.20177,0.99201,-20.2458,-0.40611,-1.0084
6325,63263,1504,-3342,11954,-3686,-344,-460,-0.00048,-0.20643,0.99285,-27.54351,-1.2229,-1.36718
6326,63273,1504,-3470,11918,-4587,-431,-360,-0.00048,-0.21428,0.99071,-34.42138,-1.88702,-0.60382
6327,63283,1534,-3594,11720,-5509,-538,-234,0.00136,-0.22189,0.97894,-41.45955,-2.70382,0.35802
6328,63293,1398,-3770,11556,-5627,-539,-84,-0.00699,-0.23268,0.9692,-42.36031,-2.71145,1.50305
6329,63303,1420,-3918,11480,-5463,-384,-226,-0.00564,-0.24176,0.96468,-41.1084,-1.52824,0.41908
6330,63313,1494,-3988,11338,-5010,-243,-319,-0.0011,-0.24606,0.95624,-37.65038,-0.45191,-0.29084
6331,63323,1498,-4018,11340,-4156,-215,-355,-0.00085,-0.2479,0.95636,-31.1313,-0.23817,-0.56565
6332,63333,1268,-4122,11642,-3651,-189,-346,-0.01497,-0.25428,0.97431,-27.27633,-0.03969,-0.49695
6333,63343,1362,-4198,11542,-4065,-130,-868,-0.0092,-0.25894,0.96837,-30.43664,0.41069,-4.48168
6334,63353,1508,-4238,11552,-4545,-54,-1355,-0.00024,-0.26139,0.96896,-34.10077,0.99084,-8.19924
6335,63363,1614,-4312,11462,-4784,-51,-1403,0.00627,-0.26593,0.96361,-35.92519,1.01374,-8.56565
6336,63373,1634,-4468,11238,-4815,-183,-989,0.00749,-0.2755,0.9503,-36.16183,0.00611,-5.40534
6337,63383,1598,-4536,11224,-4340,-278,-559,0.00528,-0.27967,0.94947,-32.53588,-0.71908,-2.1229
6338,63393,1532,-4646,11166,-3660,-338,-184,0.00123,-0.28642,0.94602,-27.34504,-1.1771,0.73969
6339,63403,1500,-4676,11250,-3040,-320,-49,-0.00073,-0.28826,0.95101,-22.61221,-1.03969,1.77023
6340,63413,1536,-4722,11124,-2466,-265,-91,0.00148,-0.29108,0.94353,-18.23053,-0.61985,1.44962
6341,63423,1570,-4808,11074,-1621,-131,-42,0.00357,-0.29636,0.94056,-11.78015,0.40305,1.82366
6342,63433,1426,-4762,11368,-710,-59,121,-0.00527,-0.29353,0.95803,-4.82595,0.95267,3.06794
6343,63443,1430,-4818,11368,-583,-90,12,-0.00503,-0.29697,0.95803,-3.85649,0.71603,2.23588
6344,63453,1408,-4798,11486,-790,-113,-186,-0.00638,-0.29574,0.96504,-5.43664,0.54046,0.72443
6345,63463,1426,-4754,11700,-1446,-139,-358,-0.00527,-0.29304,0.97775,-10.44427,0.34198,-0.58855
6346,63473,1572,-4836,11576,-2741,-187,-517,0.00369,-0.29807,0.97039,-20.32977,-0.02443,-1.80229
6347,63483,1538,-4912,11362,-3744,-256,-440,0.0016,-0.30273,0.95767,-27.98626,-0.55115,-1.2145
6348,63493,1508,-5052,11184,-4124,-324,-297,-0.00024,-0.31132,0.94709,-30.88702,-1.07023,-0.1229
6349,63503,1412,-5126,11122,-3990,-361,-253,-0.00613,-0.31586,0.94341,-29.86412,-1.35267,0.21298
6350,63513,1470,-5246,10960,-3565,-333,-429,-0.00257,-0.32322,0.93378,-26.61985,-1.13893,-1.13053
6351,63523,1540,-5254,11006,-2854,-274,-606,0.00172,-0.32371,0.93652,-21.19237,-0.68855,-2.48168
6352,63533,1562,-5290,11132,-2347,-170,-655,0.00307,-0.32592,0.944,-17.32214,0.10534,-2.85573
6353,63543,1514,-5286,11216,-2374,-122,-548,0.00013,-0.32568,0.94899,-17.52824,0.47176,-2.03893
6354,63553,1616,-5370,11098,-2617,-112,-436,0.00639,-0.33083,0.94198,-19.38321,0.54809,-1.18397
6355,63563,1580,-5406,10856,-2472,-170,-168,0.00418,-0.33304,0.9276,-18.27633,0.10534,0.86183
6356,63573,1542,-5468,10940,-1731,-230,22,0.00185,-0.33684,0.93259,-12.61985,-0.35267,2.31221
6357,63583,1548,-5402,11202,-1083,-421,168,0.00222,-0.33279,0.94816,-7.67328,-1.81069,3.42672
6358,63593,1054,-5654,11842,-836,-1433,496,-0.0281,-0.34825,0.98619,-5.78779,-9.53588,5.93053
6359,63603,1392,-5562,11562,-651,-4873,34,-0.00736,-0.34261,0.96955,-4.37557,-35.79542,2.40382
6360,63613,1798,-5498,11026,-1284,-6446,-665,0.01756,-0.33868,0.9377,-9.20763,-47.80305,-2.93206
6361,63623,2006,-5446,11022,-1700,-5859,-737,0.03032,-0.33549,0.93747,-12.38321,-43.32214,-3.48168
6362,63633,2248,-5450,10700,-1671,-5281,-205,0.04517,-0.33574,0.91833,-12.16183,-38.90992,0.57939
6363,63643,2208,-5566,11012,-1307,-4096,447,0.04272,-0.34285,0.93687,-9.38321,-29.86412,5.55649
6364,63653,2256,-5574,11204,-1850,-2858,826,0.04566,-0.34334,0.94828,-13.52824,-20.41374,8.44962
6365,63663,2052,-5826,10816,-2675,-2075,1268,0.03314,-0.3588,0.92523,-19.82595,-14.43664,11.82366
6366,63673,2028,-5902,10606,-2582,-1095,1067,0.03167,-0.36346,0.91275,-19.11603,-6.95573,10.28931
6367,63683,2010,-5850,10620,-1878,-215,430,0.03057,-0.36027,0.91358,-13.74198,-0.23817,5.42672
6368,63693,2104,-5828,10560,-1122,493,17,0.03633,-0.35892,0.91002,-7.97099,5.16641,2.27405
6369,63703,2148,-5834,10678,-507,1613,-104,0.03903,-0.35929,0.91703,-3.27634,13.71603,1.35038
6370,63713,2074,-5844,10596,3,2712,22,0.03449,-0.3599,0.91215,0.61679,22.10534,2.31221
6371,63723,1762,-5882,11038,632,3311,101,0.01535,-0.36223,0.93842,5.41832,26.67786,2.91527
6372,63733,1920,-5766,11056,997,2591,-225,0.02504,-0.35512,0.93949,8.20458,21.18168,0.42672
6373,63743,1760,-5806,11004,839,1966,-134,0.01522,-0.35757,0.9364,6.99847,16.41069,1.12137
6374,63753,1584,-5856,11176,857,1487,-157,0.00442,-0.36064,0.94662,7.13588,12.7542,0.9458
6375,63763,1774,-5670,11216,597,1024,-701,0.01608,-0.34923,0.94899,5.15114,9.21985,-3.20687
6376,63773,1872,-5698,11010,84,659,-785,0.0221,-0.35095,0.93675,1.23511,6.43359,-3.84809
6377,63783,1668,-5792,10716,277,419,-660,0.00958,-0.35671,0.91928,2.7084,4.60153,-2.89389
6378,63793,1850,-5594,10846,1408,1490,-1070,0.02075,-0.34457,0.92701,11.34198,12.7771,-6.02366
6379,63803,1850,-5536,10794,1667,2415,-673,0.02075,-0.34101,0.92392,13.31908,19.83817,-2.99313
6380,63813,1722,-5524,10966,1755,3530,-139,0.01289,-0.34028,0.93414,13.99084,28.34962,1.08321
6381,63823,1468,-5548,11530,2142,2569,65,-0.00269,-0.34175,0.96765,16.94504,21.01374,2.64046
6382,63833,1492,-5438,11650,1568,467,-193,-0.00122,-0.335,0.97478,12.56336,4.96794,0.67099
6383,63843,1490,-5462,11480,-178,67,-334,-0.00134,-0.33647,0.96468,-0.76489,1.9145,-0.40534
6384,63853,1342,-5652,11116,-1651,-40,-542,-0.01043,-0.34813,0.94305,-12.00916,1.09771,-1.99313
6385,63863,1334,-5748,11050,-2177,46,-1172,-0.01092,-0.35402,0.93913,-16.02443,1.7542,-6.80229
6386,63873,1546,-5662,10990,-2343,190,-1853,0.00209,-0.34874,0.93557,-17.2916,2.85344,-12.00076
6387,63883,1756,-5598,10836,-2182,323,-1759,0.01498,-0.34481,0.92641,-16.0626,3.8687,-11.28321
6388,63893,1724,-5670,10820,-1328,150,-895,0.01302,-0.34923,0.92546,-9.54351,2.54809,-4.68779
6389,63903,1676,-5682,10954,-520,46,-85,0.01007,-0.34997,0.93343,-3.37557,1.7542,1.49542
6390,63913,1736,-5712,10980,-122,-23,462,0.01375,-0.35181,0.93497,-0.3374,1.22748,5.67099
6391,63923,1418,-5754,11124,-128,-106,1012,-0.00576,-0.35438,0.94353,-0.38321,0.59389,9.86947
6392,63933,1360,-5756,11054,-539,-120,738,-0.00932,-0.35451,0.93937,-3.52061,0.48702,7.77786
6393,63943,1402,-5794,10914,-798,-106,137,-0.00674,-0.35684,0.93105,-5.49771,0.59389,3.19008
6394,63953,1478,-5806,10848,-596,-112,-184,-0.00208,-0.35757,0.92713,-3.95573,0.54809,0.73969
6395,63963,1472,-5798,10820,-54,-67,-303,-0.00245,-0.35708,0.92546,0.18168,0.8916,-0.1687
6396,63973,1494,-5728,10898,476,-38,-365,-0.0011,-0.35279,0.9301,4.22748,1.11298,-0.64198
6397,63983,1430,-5720,10976,788,-23,-392,-0.00503,-0.3523,0.93473,6.60916,1.22748,-0.84809
6398,63993,1470,-5690,11008,1004,-2,-405,-0.00257,-0.35046,0.93664,8.25802,1.38779,-0.94733
6399,64003,1452,-5688,10974,1115,38,-447,-0.00368,-0.35033,0.93461,9.10534,1.69313,-1.26794
6400,64013,1404,-5674,11122,1139,245,-651,-0.00662,-0.34948,0.94341,9.28855,3.27328,-2.82519
6401,64023,1354,-5654,11250,694,625,-974,-0.00969,-0.34825,0.95101,5.8916,6.17405,-5.29084
6402,64033,1452,-5670,11132,-94,660,-1233,-0.00368,-0.34923,0.944,-0.12366,6.44122,-7.26794
6403,64043,1592,-5620,10948,-617,423,-1223,0.00492,-0.34616,0.93307,-4.11603,4.63206,-7.1916
6404,64053,1534,-5690,10958,-617,73,-612,0.00136,-0.35046,0.93366,-4.11603,1.96031,-2.52748
6405,64063,1388,-5666,11042,-478,-40,-182,-0.0076,-0.34899,0.93866,-3.05496,1.09771,0.75496
6406,64073,1368,-5656,10872,-577,-198,-121,-0.00883,-0.34837,0.92855,-3.81069,-0.1084,1.22061
6407,64083,1330,-5730,10784,-448,-284,-262,-0.01116,-0.35291,0.92333,-2.82595,-0.76489,0.14427
6408,64093,1434,-5720,10706,278,-295,-533,-0.00478,-0.3523,0.91869,2.71603,-0.84885,-1.92443
6409,64103,1370,-5668,10854,1259,-191,-606,-0.00871,-0.34911,0.92748,10.20458,-0.05496,-2.48168
6410,64113,1516,-5562,11024,1890,-84,-574,0.00025,-0.34261,0.93759,15.02137,0.76183,-2.2374
6411,64123,1496,-5556,11044,2137,-167,-247,-0.00098,-0.34224,0.93877,16.90687,0.12824,0.25878
6412,64133,1556,-5506,11012,2371,-212,58,0.00271,-0.33917,0.93687,18.69313,-0.21527,2.58702
6413,64143,1528,-5376,11104,2598,-52,442,0.00099,-0.3312,0.94234,20.42595,1.00611,5.51832
6414,64153,1392,-5430,11278,2474,325,687,-0.00736,-0.33451,0.95268,19.47939,3.88397,7.38855
6415,64163,1274,-5366,11150,2008,524,555,-0.0146,-0.33058,0.94507,15.92214,5.40305,6.38092
6416,64173,1178,-5344,11116,1689,688,140,-0.02049,-0.32923,0.94305,13.48702,6.65496,3.21298
6417,64183,1264,-5314,11202,1563,786,-361,-0.01521,-0.32739,0.94816,12.52519,7.40305,-0.61145
6418,64193,1288,-5252,11364,1349,639,-729,-0.01374,-0.32359,0.95779,10.8916,6.28092,-3.42061
6419,64203,1430,-5200,11478,703,350,-833,-0.00503,-0.3204,0.96456,5.96031,4.07481,-4.2145
6420,64213,1458,-5224,11208,-38,-333,-422,-0.00331,-0.32187,0.94852,0.30382,-1.13893,-1.0771
6421,64223,1460,-5288,11258,-363,-706,82,-0.00318,-0.3258,0.95149,-2.1771,-3.98626,2.77023
6422,64233,1538,-5320,11022,-622,-560,638,0.0016,-0.32776,0.93747,-4.1542,-2.87176,7.0145
6423,64243,1364,-5368,11006,-427,-242,1090,-0.00908,-0.33071,0.93652,-2.66565,-0.44427,10.46489
6424,64253,1144,-5340,10986,131,40,1026,-0.02258,-0.32899,0.93533,1.59389,1.7084,9.97634
6425,64263,1022,-5298,11092,696,367,298,-0.03006,-0.32641,0.94163,5.90687,4.20458,4.41908
6426,64273,1108,-5258,11276,916,397,-716,-0.02479,-0.32396,0.95256,7.58626,4.43359,-3.32137
6427,64283,1208,-5192,11334,689,422,-1498,-0.01865,-0.31991,0.95601,5.85344,4.62443,-9.29084
6428,64293,1406,-5222,11096,241,431,-1762,-0.0065,-0.32175,0.94186,2.43359,4.69313,-11.30611
6429,64303,1298,-5242,11176,90,287,-1383,-0.01313,-0.32298,0.94662,1.28092,3.59389,-8.41298
6430,64313,1338,-5216,11204,210,185,-1096,-0.01067,-0.32138,0.94828,2.19695,2.81527,-6.22214
6431,64323,1256,-5222,11204,199,159,-932,-0.0157,-0.32175,0.94828,2.11298,2.61679,-4.97023
6432,64333,1278,-5234,11148,186,276,-1010,-0.01435,-0.32249,0.94495,2.01374,3.50992,-5.56565
6433,64343,1270,-5216,11078,383,328,-1007,-0.01484,-0.32138,0.94079,3.51756,3.90687,-5.54275
6434,64353,1358,-5250,11162,767,367,-967,-0.00944,-0.32347,0.94579,6.44885,4.20458,-5.2374
6435,64363,1492,-5190,11106,1048,188,-624,-0.00122,-0.31979,0.94246,8.59389,2.83817,-2.61908
6436,64373,1318,-5148,11192,1290,-69,-10,-0.0119,-0.31721,0.94757,10.44122,0.87634,2.06794
6437,64383,1244,-5134,11230,1282,-375,276,-0.01644,-0.31635,0.94983,10.38015,-1.45954,4.25115
6438,64393,1204,-5078,11286,1147,-525,282,-0.01889,-0.31292,0.95315,9.34962,-2.60458,4.29695
6439,64403,1178,-5056,11312,957,-250,-43,-0.02049,-0.31157,0.9547,7.89924,-0.50534,1.81603
6440,64413,1246,-5070,11308,684,-37,-339,-0.01632,-0.31243,0.95446,5.81527,1.12061,-0.44351
6441,64423,1136,-5042,11276,515,46,-553,-0.02307,-0.31071,0.95256,4.52519,1.7542,-2.0771
6442,64433,1308,-5018,11304,337,82,-817,-0.01251,-0.30924,0.95422,3.16641,2.02901,-4.09237
6443,64443,1288,-4980,11306,132,5,-618,-0.01374,-0.30691,0.95434,1.60153,1.44122,-2.57328
6444,64453,1168,-5036,11254,-232,-12,-657,-0.0211,-0.31034,0.95125,-1.1771,1.31145,-2.87099
6445,64463,1242,-5002,11290,-263,18,-896,-0.01656,-0.30826,0.95339,-1.41374,1.54046,-4.69542
6446,64473,1340,-5032,11168,-363,-43,-886,-0.01055,-0.3101,0.94614,-2.1771,1.07481,-4.61908
6447,64483,1290,-5058,11114,-116,-130,-640,-0.01362,-0.31169,0.94293,-0.2916,0.41069,-2.74122
6448,64493,1252,-5048,11220,312,-192,-509,-0.01595,-0.31108,0.94923,2.97557,-0.0626,-1.74122
6449,64503,1266,-4992,11420,401,-242,-546,-0.01509,-0.30764,0.96112,3.65496,-0.44427,-2.02366
6450,64513,1260,-5052,11362,-166,-487,-569,-0.01546,-0.31132,0.95767,-0.67328,-2.3145,-2.19924
6451,64523,1268,-4976,11370,-744,-681,-577,-0.01497,-0.30666,0.95814,-5.0855,-3.79542,-2.26031
6452,64533,1362,-5040,11194,-1294,-958,-401,-0.0092,-0.31059,0.94769,-9.28397,-5.90992,-0.91679
6453,64543,1378,-5106,10984,-1377,-1075,-125,-0.00822,-0.31463,0.93521,-9.91756,-6.80305,1.19008
6454,64553,1272,-5144,11000,-829,-748,19,-0.01472,-0.31697,0.93616,-5.73435,-4.30687,2.28931
6455,64563,1234,-5126,11142,-254,-355,16,-0.01705,-0.31586,0.9446,-1.34504,-1.30687,2.26641
6456,64573,1280,-5150,11212,-115,-132,-214,-0.01423,-0.31733,0.94876,-0.28397,0.39542,0.51069
6457,64583,1266,-5094,11244,-237,-105,-453,-0.01509,-0.3139,0.95066,-1.21527,0.60153,-1.31374
6458,64593,1356,-5136,11222,-379,-89,-599,-0.00957,-0.31647,0.94935,-2.29924,0.72366,-2.42824
6459,64603,1288,-5130,11190,-355,-235,-530,-0.01374,-0.31611,0.94745,-2.11603,-0.39084,-1.90153
6460,64613,1374,-5116,11082,-217,-283,-587,-0.00846,-0.31525,0.94103,-1.0626,-0.75725,-2.33664
6461,64623,1406,-5140,11060,90,-155,-527,-0.0065,-0.31672,0.93972,1.28092,0.21985,-1.87863
6462,64633,1390,-5146,11086,503,-99,-255,-0.00748,-0.31709,0.94127,4.43359,0.64733,0.19771
6463,64643,1244,-5112,11230,882,-151,8,-0.01644,-0.315,0.94983,7.32672,0.25038,2.20534
6464,64653,1268,-5090,11284,919,-200,-109,-0.01497,-0.31365,0.95303,7.60916,-0.12366,1.31221
6465,64663,1218,-5032,11402,667,-252,-362,-0.01804,-0.3101,0.96005,5.6855,-0.52061,-0.61908
6466,64673,1250,-5028,11270,268,-248,-683,-0.01607,-0.30985,0.9522,2.63969,-0.49008,-3.06947
6467,64683,1400,-5028,11132,36,-144,-990,-0.00687,-0.30985,0.944,0.8687,0.30382,-5.41298
6468,64693,1446,-5082,11154,146,-82,-842,-0.00404,-0.31316,0.94531,1.7084,0.7771,-4.28321
6469,64703,1360,-5040,11206,284,-95,-540,-0.00932,-0.31059,0.9484,2.76183,0.67786,-1.97786
6470,64713,1416,-5072,11228,341,-169,-311,-0.00588,-0.31255,0.94971,3.19695,0.11298,-0.22977
6471,64723,1256,-5014,11276,423,-170,-205,-0.0157,-0.30899,0.95256,3.8229,0.10534,0.57939
6472,64733,1232,-5008,11354,271,-116,-412,-0.01718,-0.30862,0.95719,2.6626,0.51756,-1.00076
6473,64743,1240,-4998,11332,-106,-126,-772,-0.01669,-0.30801,0.95589,-0.21527,0.44122,-3.74886
6474,64753,1426,-5010,11074,-340,-70,-1070,-0.00527,-0.30875,0.94056,-2.00153,0.8687,-6.02366
6475,64763,1392,-5084,11100,65,-188,-720,-0.00736,-0.31329,0.9421,1.09008,-0.03206,-3.35191
6476,64773,1274,-5032,11260,509,-285,-477,-0.0146,-0.3101,0.95161,4.47939,-0.77252,-1.49695
6477,64783,1286,-4996,11282,581,-226,-698,-0.01386,-0.30789,0.95292,5.02901,-0.32214,-3.18397
6478,64793,1278,-4994,11228,521,-75,-964,-0.01435,-0.30776,0.94971,4.57099,0.83053,-5.2145
6479,64803,1318,-4952,11380,456,109,-1314,-0.0119,-0.30519,0.95874,4.07481,2.23511,-7.88626
6480,64813,1576,-4950,11134,283,143,-1377,0.00393,-0.30507,0.94412,2.7542,2.49466,-8.36718
6481,64823,1546,-4952,11098,419,93,-682,0.00209,-0.30519,0.94198,3.79237,2.11298,-3.06183
6482,64833,1422,-4932,11288,872,17,120,-0.00552,-0.30396,0.95327,7.25038,1.53282,3.06031
6483,64843,1264,-4918,11530,845,25,340,-0.01521,-0.3031,0.96765,7.04427,1.59389,4.7397
6484,64853,1212,-4892,11570,60,-61,93,-0.0184,-0.30151,0.97003,1.05191,0.9374,2.8542
6485,64863,1356,-4934,11372,-907,-271,-249,-0.00957,-0.30408,0.95826,-6.32977,-0.66565,0.24351
6486,64873,1304,-4920,11320,-1459,-435,-394,-0.01276,-0.30323,0.95517,-10.54351,-1.91756,-0.86336
6487,64883,1290,-5024,11228,-1629,-448,-506,-0.01362,-0.3096,0.94971,-11.84122,-2.01679,-1.71832
6488,64893,1452,-5064,11062,-1466,-267,-653,-0.00368,-0.31206,0.93984,-10.59695,-0.63511,-2.84046
6489,64903,1420,-5064,11144,-1105,-190,-401,-0.00564,-0.31206,0.94472,-7.84122,-0.04733,-0.91679
6490,64913,1350,-5080,11128,-652,-184,-102,-0.00994,-0.31304,0.94377,-4.38321,-0.00153,1.36565
6491,64923,1322,-5070,11096,-387,-246,-35,-0.01165,-0.31243,0.94186,-2.36031,-0.47481,1.8771
6492,64933,1228,-5060,11160,-151,-256,-199,-0.01742,-0.31181,0.94567,-0.55878,-0.55115,0.62519
6493,64943,1262,-5020,11296,-159,-182,-442,-0.01534,-0.30936,0.95375,-0.61985,0.01374,-1.22977
6494,64953,1358,-5072,11242,-332,-198,-730,-0.00944,-0.31255,0.95054,-1.94046,-0.1084,-3.42824
6495,64963,1358,-5072,11092,-234,-277,-727,-0.00944,-0.31255,0.94163,-1.19237,-0.71145,-3.40534
6496,64973,1334,-5058,11238,79,-287,-597,-0.01092,-0.31169,0.9503,1.19695,-0.78779,-2.41298
6497,64983,1520,-5090,11112,224,-226,-463,0.0005,-0.31365,0.94281,2.30382,-0.32214,-1.39008
6498,64993,1508,-5022,11246,302,-194,14,-0.00024,-0.30948,0.95078,2.89924,-0.07786,2.25114
6499,65003,1420,-4992,11320,212,-146,419,-0.00564,-0.30764,0.95517,2.21221,0.28855,5.34275
6500,65013,1260,-5012,11316,-56,-88,574,-0.01546,-0.30887,0.95494,0.16641,0.7313,6.52595
6501,65023,1262,-5040,11328,-517,-119,412,-0.01534,-0.31059,0.95565,-3.35267,0.49466,5.28931
6502,65033,1280,-5070,11286,-975,-192,139,-0.01423,-0.31243,0.95315,-6.84886,-0.0626,3.20534
6503,65043,1330,-5088,11168,-1236,-177,-46,-0.01116,-0.31353,0.94614,-8.84122,0.05191,1.79313
6504,65053,1290,-5134,11186,-1133,-127,-78,-0.01362,-0.31635,0.94721,-8.05496,0.43359,1.54885
6505,65063,1340,-5138,11138,-789,-66,-222,-0.01055,-0.3166,0.94436,-5.42901,0.89924,0.44962
6506,65073,1338,-5136,11276,-580,-129,-230,-0.01067,-0.31647,0.95256,-3.83359,0.41832,0.38855
6507,65083,1200,-5160,11250,-738,-212,-325,-0.01914,-0.31795,0.95101,-5.03969,-0.21527,-0.33664
6508,65093,1306,-5184,11142,-958,-268,-560,-0.01264,-0.31942,0.9446,-6.71908,-0.64275,-2.13053
6509,65103,1470,-5180,11052,-795,-264,-501,-0.00257,-0.31917,0.93925,-5.47481,-0.61221,-1.68015
6510,65113,1344,-5220,11110,-40,37,-105,-0.0103,-0.32163,0.9427,0.28855,1.6855,1.34275
6511,65123,1280,-5166,11266,-24,95,-108,-0.01423,-0.31832,0.95197,0.41069,2.12824,1.31985
6512,65133,1248,-5182,11228,-241,74,-251,-0.01619,-0.3193,0.94971,-1.2458,1.96794,0.22824
6513,65143,1182,-5178,11320,-568,-9,-484,-0.02024,-0.31905,0.95517,-3.74198,1.33435,-1.55038
6514,65153,1338,-5182,11278,-1044,-160,-824,-0.01067,-0.3193,0.95268,-7.37557,0.18168,-4.1458
6515,65163,1454,-5252,11136,-1513,-172,-883,-0.00355,-0.32359,0.94424,-10.95572,0.09008,-4.59618
6516,65173,1364,-5296,11122,-1757,-312,-500,-0.00908,-0.32629,0.94341,-12.81832,-0.97863,-1.67252
6517,65183,1326,-5332,11116,-1682,-472,-290,-0.01141,-0.3285,0.94305,-12.2458,-2.2,-0.06947
6518,65193,1332,-5350,11048,-1599,-524,-220,-0.01104,-0.3296,0.93901,-11.61221,-2.59695,0.46489
6519,65203,1282,-5386,11004,-1435,-376,-324,-0.01411,-0.33181,0.9364,-10.3603,-1.46718,-0.32901
6520,65213,1234,-5396,11000,-1193,-172,-532,-0.01705,-0.33242,0.93616,-8.51298,0.09008,-1.91679
6521,65223,1306,-5432,10902,-798,46,-755,-0.01264,-0.33463,0.93034,-5.49771,1.7542,-3.61908
6522,65233,1466,-5416,10920,-148,185,-744,-0.00282,-0.33365,0.93141,-0.53588,2.81527,-3.53511
6523,65243,1470,-5458,10920,604,153,-255,-0.00257,-0.33623,0.93141,5.20458,2.57099,0.19771
6524,65253,1380,-5408,11208,1155,-40,271,-0.00809,-0.33316,0.94852,9.41069,1.09771,4.21298
6525,65263,1238,-5320,11256,975,-211,417,-0.01681,-0.32776,0.95137,8.03664,-0.20763,5.32748
6526,65273,1108,-5316,11298,562,-132,92,-0.02479,-0.32752,0.95387,4.88397,0.39542,2.84656
6527,65283,1186,-5284,11174,136,-124,-446,-0.02,-0.32555,0.9465,1.63206,0.45649,-1.26031
6528,65293,1210,-5382,11146,-92,-191,-855,-0.01853,-0.33156,0.94483,-0.1084,-0.05496,-4.38244
6529,65303,1296,-5320,11100,-6,-179,-1200,-0.01325,-0.32776,0.9421,0.54809,0.03664,-7.01603
6530,65313,1292,-5254,11038,230,-128,-1338,-0.01349,-0.32371,0.93842,2.34962,0.42595,-8.06947
6531,65323,1288,-5302,11144,495,25,-1342,-0.01374,-0.32666,0.94472,4.37252,1.59389,-8.1
6532,65333,1356,-5274,11140,532,124,-1324,-0.00957,-0.32494,0.94448,4.65496,2.34962,-7.9626
6533,65343,1406,-5270,11272,336,117,-1167,-0.0065,-0.32469,0.95232,3.15878,2.29618,-6.76412
6534,65353,1546,-5238,11140,24,16,-928,0.00209,-0.32273,0.94448,0.7771,1.52519,-4.93969
6535,65363,1602,-5270,11026,45,-192,-232,0.00553,-0.32469,0.9377,0.9374,-0.0626,0.37328
6536,65373,1468,-5246,11176,442,-342,736,-0.00269,-0.32322,0.94662,3.96794,-1.20763,7.7626
6537,65383,1234,-5308,11258,565,-385,1273,-0.01705,-0.32703,0.95149,4.90687,-1.53588,11.86183
6538,65393,1208,-5290,11354,156,-277,1093,-0.01865,-0.32592,0.95719,1.78473,-0.71145,10.48779
6539,65403,1202,-5296,11306,-470,-290,722,-0.01902,-0.32629,0.95434,-2.99389,-0.81069,7.65573
6540,65413,1236,-5272,11224,-933,-296,301,-0.01693,-0.32482,0.94947,-6.52824,-0.85649,4.44199
6541,65423,1250,-5312,11180,-1074,-260,-9,-0.01607,-0.32727,0.94686,-7.60458,-0.58168,2.07557
6542,65433,1266,-5290,11186,-975,-181,-268,-0.01509,-0.32592,0.94721,-6.84886,0.02137,0.09847
6543,65443,1294,-5342,11040,-879,-73,-321,-0.01337,-0.32911,0.93854,-6.11603,0.8458,-0.30611
6544,65453,1226,-5382,11210,-671,14,-341,-0.01754,-0.33156,0.94864,-4.52824,1.50992,-0.45878
6545,65463,1216,-5400,11188,-787,-7,-502,-0.01816,-0.33267,0.94733,-5.41374,1.34962,-1.68779
6546,65473,1308,-5364,11018,-1030,-88,-623,-0.01251,-0.33046,0.93723,-7.2687,0.7313,-2.61145
6547,65483,1328,-5408,10974,-955,-271,-534,-0.01129,-0.33316,0.93461,-6.69618,-0.66565,-1.93206
6548,65493,1340,-5396,11036,-578,-300,-423,-0.01055,-0.33242,0.9383,-3.81832,-0.88702,-1.08473
6549,65503,1232,-5386,11078,-347,-247,-378,-0.01718,-0.33181,0.94079,-2.05496,-0.48244,-0.74122
6550,65513,1242,-5398,11140,-344,-132,-532,-0.01656,-0.33255,0.94448,-2.03206,0.39542,-1.91679
6551,65523,1308,-5458,11024,-478,-131,-695,-0.01251,-0.33623,0.93759,-3.05496,0.40305,-3.16107
6552,65533,1296,-5496,11014,-467,-151,-698,-0.01325,-0.33856,0.93699,-2.97099,0.25038,-3.18397
6553,65543,1234,-5462,11038,-217,-70,-624,-0.01705,-0.33647,0.93842,-1.0626,0.8687,-2.61908
6554,65553,1310,-5476,11028,-79,-23,-675,-0.01239,-0.33733,0.93782,-0.00916,1.22748,-3.0084
6555,65563,1416,-5426,11078,-46,-33,-557,-0.00588,-0.33426,0.94079,0.24275,1.15115,-2.10763
6556,65573,1350,-5416,11218,-136,-170,-148,-0.00994,-0.33365,0.94911,-0.44427,0.10534,1.0145
6557,65583,1322,-5446,11236,-549,-293,-22,-0.01165,-0.33549,0.95018,-3.59695,-0.83359,1.97634
6558,65593,1284,-5474,11018,-850,-376,-43,-0.01399,-0.33721,0.93723,-5.89466,-1.46718,1.81603
6559,65603,1300,-5512,10924,-752,-364,-86,-0.013,-0.33954,0.93164,-5.14656,-1.37557,1.48779
6560,65613,1350,-5486,11008,-386,-381,-131,-0.00994,-0.33794,0.93664,-2.35267,-1.50534,1.14427
6561,65623,1304,-5490,11006,-99,-323,-209,-0.01276,-0.33819,0.93652,-0.16183,-1.0626,0.54885
6562,65633,1330,-5494,10900,85,-172,-353,-0.01116,-0.33843,0.93022,1.24275,0.09008,-0.55038
6563,65643,1300,-5456,11012,383,-69,-335,-0.013,-0.3361,0.93687,3.51756,0.87634,-0.41298
6564,65653,1260,-5484,11106,496,-75,-362,-0.01546,-0.33782,0.94246,4.38015,0.83053,-0.61908
6565,65663,1288,-5440,11194,371,-127,-455,-0.01374,-0.33512,0.94769,3.42595,0.43359,-1.32901
6566,65673,1314,-5430,11124,92,-199,-436,-0.01214,-0.33451,0.94353,1.29618,-0.11603,-1.18397
6567,65683,1350,-5434,11048,-201,-274,-356,-0.00994,-0.33475,0.93901,-0.94046,-0.68855,-0.57328
6568,65693,1322,-5502,10960,-216,-366,-198,-0.01165,-0.33893,0.93378,-1.05496,-1.39084,0.63282
6569,65703,1350,-5458,11052,100,-218,-214,-0.00994,-0.33623,0.93925,1.35725,-0.26107,0.51069
6570,65713,1332,-5442,11014,421,31,-245,-0.01104,-0.33525,0.93699,3.80763,1.63969,0.27405
6571,65723,1272,-5418,11142,620,153,-255,-0.01472,-0.33377,0.9446,5.32672,2.57099,0.19771
6572,65733,1368,-5390,11130,639,202,-282,-0.00883,-0.33206,0.94388,5.47176,2.94504,-0.0084
6573,65743,1292,-5384,11258,354,149,-179,-0.01349,-0.33169,0.95149,3.29618,2.54046,0.77786
6574,65753,1270,-5384,11134,-59,11,-116,-0.01484,-0.33169,0.94412,0.14351,1.48702,1.25878
6575,65763,1260,-5392,11102,-228,-209,-113,-0.01546,-0.33218,0.94222,-1.14656,-0.19237,1.28168
6576,65773,1224,-5428,11000,-267,-383,-362,-0.01767,-0.33439,0.93616,-1.44427,-1.52061,-0.61908
6577,65783,1242,-5412,11006,-56,-336,-536,-0.01656,-0.3334,0.93652,0.16641,-1.16183,-1.94733
6578,65793,1258,-5416,11148,244,-157,-646,-0.01558,-0.33365,0.94495,2.45649,0.20458,-2.78702
6579,65803,1236,-5400,11086,348,-59,-809,-0.01693,-0.33267,0.94127,3.25038,0.95267,-4.0313
6580,65813,1310,-5380,11090,439,85,-972,-0.01239,-0.33144,0.94151,3.94504,2.05191,-5.27557
6581,65823,1396,-5334,11190,467,209,-1016,-0.00711,-0.32862,0.94745,4.15878,2.99847,-5.61145
6582,65833,1382,-5360,11224,170,171,-848,-0.00797,-0.33022,0.94947,1.8916,2.7084,-4.32901
6583,65843,1390,-5370,11114,-202,4,-507,-0.00748,-0.33083,0.94293,-0.94809,1.43359,-1.72595
6584,65853,1294,-5402,11080,-309,-173,-261,-0.01337,-0.33279,0.94091,-1.76489,0.08244,0.15191
6585,65863,1340,-5416,11052,-180,-244,-208,-0.01055,-0.33365,0.93925,-0.78015,-0.45954,0.55649
6586,65873,1306,-5436,11012,22,-171,-274,-0.01264,-0.33488,0.93687,0.76183,0.09771,0.05267
6587,65883,1358,-5372,11032,235,-98,-354,-0.00944,-0.33095,0.93806,2.38779,0.65496,-0.55802
6588,65893,1314,-5372,10992,458,-74,-352,-0.01214,-0.33095,0.93568,4.09008,0.83817,-0.54275
6589,65903,1274,-5392,11154,574,-142,-389,-0.0146,-0.33218,0.94531,4.97557,0.31908,-0.82519
6590,65913,1316,-5350,11182,387,-307,-460,-0.01202,-0.3296,0.94697,3.54809,-0.94046,-1.36718
6591,65923,1342,-5332,11060,62,-347,-459,-0.01043,-0.3285,0.93972,1.06718,-1.2458,-1.35954
6592,65933,1348,-5338,11040,-54,-384,-350,-0.01006,-0.32887,0.93854,0.18168,-1.52824,-0.52748
6593,65943,1250,-5386,11022,191,-325,-282,-0.01607,-0.33181,0.93747,2.05191,-1.07786,-0.0084
6594,65953,1274,-5324,10948,706,-164,-425,-0.0146,-0.32801,0.93307,5.98321,0.15115,-1.1
6595,65963,1424,-5288,11072,1240,-27,-473,-0.00539,-0.3258,0.94044,10.05954,1.19695,-1.46641
6596,65973,1450,-5254,11310,1531,163,-219,-0.0038,-0.32371,0.95458,12.28092,2.64733,0.47252
6597,65983,1392,-5210,11364,1167,97,315,-0.00736,-0.32101,0.95779,9.50229,2.14351,4.54886
6598,65993,1320,-5176,11428,436,-93,761,-0.01178,-0.31893,0.96159,3.92214,0.69313,7.95344
6599,66003,1208,-5202,11390,-466,-219,853,-0.01865,-0.32052,0.95933,-2.96336,-0.2687,8.65573
6600,66013,1232,-5240,11208,-1241,-362,656,-0.01718,-0.32285,0.94852,-8.87939,-1.36031,7.15191
6601,66023,1234,-5272,11138,-1661,-426,378,-0.01705,-0.32482,0.94436,-12.0855,-1.84885,5.02977
6602,66033,1302,-5364,11060,-1871,-488,100,-0.01288,-0.33046,0.93972,-13.68855,-2.32214,2.90763
6603,66043,1248,-5394,11018,-1765,-563,-100,-0.01619,-0.3323,0.93723,-12.87939,-2.89466,1.38092
6604,66053,1244,-5416,10962,-1471,-459,-336,-0.01644,-0.33365,0.9339,-10.63511,-2.10076,-0.42061
6605,66063,1260,-5380,11102,-1076,-279,-568,-0.01546,-0.33144,0.94222,-7.61985,-0.72672,-2.1916
6606,66073,1318,-5378,11022,-756,-237,-689,-0.0119,-0.33132,0.93747,-5.1771,-0.40611,-3.11527
6607,66083,1294,-5390,11026,-547,-265,-699,-0.01337,-0.33206,0.9377,-3.58168,-0.61985,-3.1916
6608,66093,1332,-5424,10952,-235,-277,-689,-0.01104,-0.33414,0.93331,-1.2,-0.71145,-3.11527
6609,66103,1332,-5450,11044,149,-64,-633,-0.01104,-0.33574,0.93877,1.7313,0.9145,-2.68779
6610,66113,1286,-5444,11048,311,32,-505,-0.01386,-0.33537,0.93901,2.96794,1.64733,-1.71069
6611,66123,1316,-5430,11044,370,78,-409,-0.01202,-0.33451,0.93877,3.41832,1.99847,-0.97786
6612,66133,1270,-5386,11122,446,31,-421,-0.01484,-0.33181,0.94341,3.99847,1.63969,-1.06947
6613,66143,1296,-5368,11118,649,81,-505,-0.01325,-0.33071,0.94317,5.54809,2.02137,-1.71069
6614,66153,1302,-5340,11196,661,22,-525,-0.01288,-0.32899,0.94781,5.63969,1.57099,-1.86336
6615,66163,1332,-5346,11156,466,-76,-388,-0.01104,-0.32936,0.94543,4.15114,0.8229,-0.81756
6616,66173,1264,-5342,11274,111,-140,-213,-0.01521,-0.32911,0.95244,1.44122,0.33435,0.51832
6617,66183,1250,-5356,11198,-388,-175,-272,-0.01607,-0.32997,0.94792,-2.36794,0.06718,0.06794
6618,66193,1262,-5394,11126,-753,-178,-394,-0.01534,-0.3323,0.94365,-5.1542,0.04427,-0.86336
6619,66203,1292,-5382,11028,-861,-196,-487,-0.01349,-0.33156,0.93782,-5.97863,-0.09313,-1.57328
6620,66213,1326,-5390,10962,-683,-168,-572,-0.01141,-0.33206,0.9339,-4.61985,0.12061,-2.22214
6621,66223,1324,-5378,11034,-269,-110,-438,-0.01153,-0.33132,0.93818,-1.45954,0.56336,-1.19924
6622,66233,1268,-5414,10884,172,-35,-290,-0.01497,-0.33353,0.92927,1.90687,1.13588,-0.06947
6623,66243,1270,-5384,11084,612,62,-325,-0.01484,-0.33169,0.94115,5.26565,1.87634,-0.33664
6624,66253,1188,-5344,11186,766,10,-476,-0.01988,-0.32923,0.94721,6.44122,1.47939,-1.48931
6625,66263,1236,-5298,11178,705,-67,-697,-0.01693,-0.32641,0.94674,5.97557,0.8916,-3.17634
6626,66273,1332,-5344,11132,644,-200,-635,-0.01104,-0.32923,0.944,5.50992,-0.12366,-2.70305
6627,66283,1394,-5328,11052,786,-242,-322,-0.00724,-0.32825,0.93925,6.59389,-0.44427,-0.31374
6628,66293,1318,-5282,11196,902,-226,47,-0.0119,-0.32543,0.94781,7.47939,-0.32214,2.50305
6629,66303,1240,-5232,11336,690,-266,295,-0.01669,-0.32236,0.95612,5.86107,-0.62748,4.39618
6630,66313,1220,-5264,11260,197,-192,268,-0.01791,-0.32433,0.95161,2.09771,-0.0626,4.19008
6631,66323,1282,-5276,11108,-259,-148,132,-0.01411,-0.32506,0.94258,-1.38321,0.27328,3.15191
6632,66333,1248,-5330,11148,-466,-83,-43,-0.01619,-0.32837,0.94495,-2.96336,0.76947,1.81603
6633,66343,1226,-5302,11086,-497,-65,-198,-0.01754,-0.32666,0.94127,-3.2,0.90687,0.63282
6634,66353,1334,-5290,11058,-515,-122,-337,-0.01092,-0.32592,0.93961,-3.3374,0.47176,-0.42824
6635,66363,1222,-5302,11118,-415,-163,-311,-0.01779,-0.32666,0.94317,-2.57405,0.15878,-0.22977
6636,66373,1214,-5318,11060,-310,-211,-294,-0.01828,-0.32764,0.93972,-1.77252,-0.20763,-0.1
6637,66383,1284,-5340,11150,-218,-184,-341,-0.01399,-0.32899,0.94507,-1.07023,-0.00153,-0.45878
6638,66393,1236,-5336,11044,-253,-229,-305,-0.01693,-0.32874,0.93877,-1.3374,-0.34504,-0.18397
6639,66403,1218,-5326,11174,-277,-282,-302,-0.01804,-0.32813,0.9465,-1.52061,-0.74962,-0.16107
6640,66413,1224,-5364,11146,-457,-386,-339,-0.01767,-0.33046,0.94483,-2.89466,-1.54351,-0.44351
6641,66423,1316,-5404,10954,-397,-258,-448,-0.01202,-0.33291,0.93343,-2.43664,-0.56641,-1.27557
6642,66433,1234,-5384,11014,59,-127,-288,-0.01705,-0.33169,0.93699,1.04427,0.43359,-0.0542
6643,66443,1192,-5362,11180,220,-55,-409,-0.01963,-0.33034,0.94686,2.27328,0.98321,-0.97786
6644,66453,1254,-5312,11180,3,-30,-569,-0.01583,-0.32727,0.94686,0.61679,1.17405,-2.19924
6645,66463,1334,-5350,11158,-346,-133,-622,-0.01092,-0.3296,0.94555,-2.04733,0.38779,-2.60382
6646,66473,1370,-5358,11112,-394,-179,-560,-0.00871,-0.33009,0.94281,-2.41374,0.03664,-2.13053
6647,66483,1294,-5404,11074,-322,-201,-316,-0.01337,-0.33291,0.94056,-1.86412,-0.1313,-0.26794
6648,66493,1290,-5368,11068,-220,-139,-255,-0.01362,-0.33071,0.9402,-1.0855,0.34198,0.19771
6649,66503,1252,-5430,11012,-18,-26,-326,-0.01595,-0.33451,0.93687,0.45649,1.20458,-0.34427
6650,66513,1292,-5376,11044,239,34,-403,-0.01349,-0.3312,0.93877,2.41832,1.6626,-0.93206
6651,66523,1270,-5398,11104,573,-6,-392,-0.01484,-0.33255,0.94234,4.96794,1.35725,-0.84809
6652,66533,1314,-5356,11146,812,-22,-442,-0.01214,-0.32997,0.94483,6.79237,1.23511,-1.22977
6653,66543,1326,-5310,11216,865,-51,-429,-0.01141,-0.32715,0.94899,7.19695,1.01374,-1.13053
6654,66553,1288,-5254,11212,693,-146,-171,-0.01374,-0.32371,0.94876,5.88397,0.28855,0.83893
6655,66563,1258,-5272,11210,525,-203,49,-0.01558,-0.32482,0.94864,4.60153,-0.14656,2.51832
6656,66573,1288,-5248,11148,398,-232,100,-0.01374,-0.32335,0.94495,3.63206,-0.36794,2.90763
6657,66583,1174,-5280,11222,255,-237,33,-0.02074,-0.32531,0.94935,2.54046,-0.40611,2.39618
6658,66593,1196,-5294,11192,-48,-200,-321,-0.01939,-0.32617,0.94757,0.22748,-0.12366,-0.30611
6659,66603,1224,-5244,11162,-308,-167,-637,-0.01767,-0.3231,0.94579,-1.75725,0.12824,-2.71832
6660,66613,1262,-5272,11120,-500,-143,-709,-0.01534,-0.32482,0.94329,-3.2229,0.31145,-3.26794
6661,66623,1372,-5280,11112,-587,-95,-613,-0.00859,-0.32531,0.94281,-3.88702,0.67786,-2.53511
6662,66633,1380,-5328,11098,-548,-177,-240,-0.00809,-0.32825,0.94198,-3.58931,0.05191,0.31221
6663,66643,1302,-5280,11058,-428,-223,3,-0.01288,-0.32531,0.93961,-2.67328,-0.29924,2.16718
6664,66653,1222,-5322,11132,-456,-277,138,-0.01779,-0.32788,0.944,-2.88702,-0.71145,3.19771
6665,66663,1140,-5350,11082,-573,-261,8,-0.02282,-0.3296,0.94103,-3.78015,-0.58931,2.20534
6666,66673,1164,-5356,11030,-424,-147,-319,-0.02135,-0.32997,0.93794,-2.64275,0.28092,-0.29084
6667,66683,1278,-5344,10968,-26,-53,-645,-0.01435,-0.32923,0.93426,0.39542,0.99847,-2.77939
6668,66693,1288,-5322,10960,518,-14,-707,-0.01374,-0.32788,0.93378,4.54809,1.29618,-3.25267
6669,66703,1300,-5324,11058,1133,-29,-586,-0.013,-0.32801,0.93961,9.24275,1.18168,-2.32901
6670,66713,1268,-5300,11186,1532,-33,-553,-0.01497,-0.32653,0.94721,12.28855,1.15115,-2.0771
6671,66723,1280,-5272,11156,1714,14,-588,-0.01423,-0.32482,0.94543,13.67786,1.50992,-2.34427
6672,66733,1288,-5164,11186,1882,57,-546,-0.01374,-0.31819,0.94721,14.96031,1.83817,-2.02366
6673,66743,1236,-5124,11310,1942,46,-462,-0.01693,-0.31574,0.95458,15.41832,1.7542,-1.38244
6674,66753,1202,-5110,11248,1705,57,-563,-0.01902,-0.31488,0.9509,13.60916,1.83817,-2.15344
6675,66763,1330,-5050,11310,1427,74,-695,-0.01116,-0.3112,0.95458,11.48702,1.96794,-3.16107
6676,66773,1274,-5058,11330,1149,-30,-398,-0.0146,-0.31169,0.95577,9.36489,1.17405,-0.89389
6677,66783,1302,-5050,11420,697,-113,-198,-0.01288,-0.3112,0.96112,5.9145,0.54046,0.63282
6678,66793,1274,-5038,11384,81,-181,-47,-0.0146,-0.31046,0.95898,1.21221,0.02137,1.7855
6679,66803,1216,-5020,11278,-534,-271,59,-0.01816,-0.30936,0.95268,-3.48244,-0.66565,2.59466
6680,66813,1308,-5080,11102,-731,-278,62,-0.01251,-0.31304,0.94222,-4.98626,-0.71908,2.61756
6681,66823,1228,-5064,11132,-420,-302,118,-0.01742,-0.31206,0.944,-2.61221,-0.90229,3.04504
6682,66833,1238,-5092,11130,-12,-311,148,-0.01681,-0.31378,0.94388,0.50229,-0.97099,3.27405
6683,66843,1216,-5094,11176,266,-299,125,-0.01816,-0.3139,0.94662,2.62443,-0.87939,3.09847
6684,66853,1196,-5060,11150,444,-254,-8,-0.01939,-0.31181,0.94507,3.98321,-0.53588,2.08321
6685,66863,1236,-5048,11188,649,-178,-241,-0.01693,-0.31108,0.94733,5.54809,0.04427,0.30458
6686,66873,1238,-4976,11308,755,-129,-374,-0.01681,-0.30666,0.95446,6.35725,0.41832,-0.71069
6687,66883,1244,-4950,11280,559,-113,-462,-0.01644,-0.30507,0.9528,4.86107,0.54046,-1.38244
6688,66893,1214,-4978,11248,365,-85,-556,-0.01828,-0.30678,0.9509,3.38015,0.7542,-2.1
6689,66903,1250,-4974,11170,305,-80,-583,-0.01607,-0.30654,0.94626,2.92214,0.79237,-2.30611
6690,66913,1294,-4984,11318,228,-127,-464,-0.01337,-0.30715,0.95506,2.33435,0.43359,-1.39771
6691,66923,1290,-4996,11306,40,-175,-322,-0.01362,-0.30789,0.95434,0.89924,0.06718,-0.31374
6692,66933,1288,-4976,11388,-229,-197,-212,-0.01374,-0.30666,0.95921,-1.1542,-0.10076,0.52595
6693,66943,1226,-4930,11402,-640,-213,-251,-0.01754,-0.30384,0.96005,-4.2916,-0.2229,0.22824
6694,66953,1224,-5008,11226,-1175,-223,-314,-0.01767,-0.30862,0.94959,-8.37557,-0.29924,-0.25267
6695,66963,1262,-5056,11130,-1314,-204,-396,-0.01534,-0.31157,0.94388,-9.43664,-0.1542,-0.87863
6696,66973,1298,-5062,11110,-1113,-215,-384,-0.01313,-0.31194,0.9427,-7.90229,-0.23817,-0.78702
6697,66983,1272,-5100,11210,-909,-214,-322,-0.01472,-0.31427,0.94864,-6.34504,-0.23053,-0.31374
6698,66993,1332,-5122,11184,-769,-214,-257,-0.01104,-0.31562,0.94709,-5.27634,-0.23053,0.18244
6699,67003,1276,-5132,11194,-594,-254,-71,-0.01448,-0.31623,0.94769,-3.94046,-0.53588,1.60229
6700,67013,1204,-5086,11230,-452,-258,-19,-0.01889,-0.31341,0.94983,-2.85649,-0.56641,1.99924
6701,67023,1180,-5112,11214,-519,-238,-126,-0.02037,-0.315,0.94888,-3.36794,-0.41374,1.18244
6702,67033,1250,-5126,11248,-699,-201,-267,-0.01607,-0.31586,0.9509,-4.74198,-0.1313,0.10611
6703,67043,1216,-5186,11258,-924,-187,-355,-0.01816,-0.31954,0.95149,-6.45954,-0.02443,-0.56565
6704,67053,1260,-5204,11178,-1103,-168,-501,-0.01546,-0.32065,0.94674,-7.82595,0.12061,-1.68015
6705,67063,1234,-5202,11070,-1106,-162,-671,-0.01705,-0.32052,0.94032,-7.84885,0.16641,-2.97786
6706,67073,1334,-5266,10938,-746,-177,-697,-0.01092,-0.32445,0.93248,-5.10076,0.05191,-3.17634
6707,67083,1320,-5206,11184,634,-206,-176,-0.01178,-0.32077,0.94709,5.43359,-0.16947,0.80076
6708,67093,1254,-5100,11348,768,-245,64,-0.01583,-0.31427,0.95684,6.45649,-0.46718,2.63282
6709,67103,1196,-5134,11368,408,-238,49,-0.01939,-0.31635,0.95803,3.7084,-0.41374,2.51832
6710,67113,1238,-5160,11356,-296,-207,-104,-0.01681,-0.31795,0.95731,-1.66565,-0.1771,1.35038
6711,67123,1268,-5184,11214,-952,-214,-214,-0.01497,-0.31942,0.94888,-6.67328,-0.23053,0.51069
6712,67133,1280,-5224,11158,-1228,-224,-301,-0.01423,-0.32187,0.94555,-8.78015,-0.30687,-0.15344
6713,67143,1246,-5194,11132,-1232,-239,-316,-0.01632,-0.32003,0.944,-8.81069,-0.42137,-0.26794
6714,67153,1240,-5262,11064,-1147,-205,-347,-0.01669,-0.3242,0.93996,-8.16183,-0.16183,-0.50458
6715,67163,1266,-5286,11030,-909,-172,-361,-0.01509,-0.32568,0.93794,-6.34504,0.09008,-0.61145
6716,67173,1250,-5328,11044,-512,-165,-346,-0.01607,-0.32825,0.93877,-3.3145,0.14351,-0.49695
6717,67183,1184,-5292,11122,-150,-152,-414,-0.02012,-0.32604,0.94341,-0.55115,0.24275,-1.01603
6718,67193,1248,-5298,11010,-20,-161,-586,-0.01619,-0.32641,0.93675,0.44122,0.17405,-2.32901
6719,67203,1238,-5244,11196,307,-165,-558,-0.01681,-0.3231,0.94781,2.9374,0.14351,-2.11527
6720,67213,1246,-5268,11142,473,-167,-470,-0.01632,-0.32457,0.9446,4.20458,0.12824,-1.44351
6721,67223,1278,-5296,11052,518,-168,-278,-0.01435,-0.32629,0.93925,4.54809,0.12061,0.02214
6722,67233,1328,-5216,11196,661,-140,-84,-0.01129,-0.32138,0.94781,5.63969,0.33435,1.50305
6723,67243,1250,-5178,11318,532,-167,54,-0.01607,-0.31905,0.95506,4.65496,0.12824,2.55649
6724,67253,1240,-5228,11238,117,-198,-8,-0.01669,-0.32212,0.9503,1.48702,-0.1084,2.08321
6725,67263,1248,-5200,11146,-221,-253,-125,-0.01619,-0.3204,0.94483,-1.09313,-0.52824,1.19008
6726,67273,1262,-5220,11148,-348,-253,-234,-0.01534,-0.32163,0.94495,-2.0626,-0.52824,0.35802
6727,67283,1218,-5216,11144,-254,-226,-371,-0.01804,-0.32138,0.94472,-1.34504,-0.32214,-0.68779
6728,67293,1248,-5222,11050,-92,-188,-485,-0.01619,-0.32175,0.93913,-0.1084,-0.03206,-1.55802
6729,67303,1276,-5254,11040,262,-103,-548,-0.01448,-0.32371,0.93854,2.59389,0.61679,-2.03893
6730,67313,1302,-5248,10934,690,-85,-509,-0.01288,-0.32335,0.93224,5.86107,0.7542,-1.74122
6731,67323,1342,-5196,10946,1351,-86,-334,-0.01043,-0.32016,0.93295,10.90687,0.74656,-0.40534
6732,67333,1262,-5130,11278,1899,-125,-98,-0.01534,-0.31611,0.95268,15.09008,0.44885,1.39618
6733,67343,1266,-5110,11416,1801,-157,-34,-0.01509,-0.31488,0.96088,14.34198,0.20458,1.88473
6734,67353,1256,-5058,11342,1260,-157,-135,-0.0157,-0.31169,0.95648,10.21221,0.20458,1.11374
6735,67363,1282,-5054,11236,865,-153,-228,-0.01411,-0.31144,0.95018,7.19695,0.23511,0.40382
6736,67373,1264,-5062,11302,685,-156,-325,-0.01521,-0.31194,0.9541,5.8229,0.21221,-0.33664
6737,67383,1280,-4994,11338,525,-160,-334,-0.01423,-0.30776,0.95624,4.60153,0.18168,-0.40534
6738,67393,1294,-4982,11330,230,-172,-260,-0.01337,-0.30703,0.95577,2.34962,0.09008,0.15954
6739,67403,1270,-4978,11322,-103,-163,-213,-0.01484,-0.30678,0.95529,-0.19237,0.15878,0.51832
6740,67413,1202,-5016,11384,-438,-182,-152,-0.01902,-0.30911,0.95898,-2.74962,0.01374,0.98397
6741,67423,1226,-5070,11286,-897,-227,-193,-0.01754,-0.31243,0.95315,-6.25344,-0.32977,0.67099
6742,67433,1220,-5076,11176,-1211,-244,-260,-0.01791,-0.31279,0.94662,-8.65038,-0.45954,0.15954
6743,67443,1300,-5134,11186,-1138,-202,-289,-0.013,-0.31635,0.94721,-8.09313,-0.13893,-0.06183
6744,67453,1260,-5116,11192,-987,-196,-289,-0.01546,-0.31525,0.94757,-6.94046,-0.09313,-0.06183
6745,67463,1274,-5138,11152,-787,-196,-260,-0.0146,-0.3166,0.94519,-5.41374,-0.09313,0.15954
6746,67473,1300,-5156,11156,-530,-212,-195,-0.013,-0.3177,0.94543,-3.45191,-0.21527,0.65573
6747,67483,1256,-5126,11188,-279,-204,-180,-0.0157,-0.31586,0.94733,-1.53588,-0.1542,0.77023
6748,67493,1236,-5172,11168,-240,-182,-246,-0.01693,-0.31868,0.94614,-1.23817,0.01374,0.26641
6749,67503,1278,-5160,11128,-204,-155,-342,-0.01435,-0.31795,0.94377,-0.96336,0.21985,-0.46641
6750,67513,1240,-5178,11162,3,-123,-432,-0.01669,-0.31905,0.94579,0.61679,0.46412,-1.15344
6751,67523,1330,-5160,11146,255,-99,-487,-0.01116,-0.31795,0.94483,2.54046,0.64733,-1.57328
6752,67533,1312,-5082,11220,458,-123,-346,-0.01227,-0.31316,0.94923,4.09008,0.46412,-0.49695
6753,67543,1322,-5086,11202,341,-180,-171,-0.01165,-0.31341,0.94816,3.19695,0.02901,0.83893
6754,67553,1308,-5122,11202,139,-256,60,-0.01251,-0.31562,0.94816,1.65496,-0.55115,2.60229
6755,67563,1256,-5130,11254,85,-321,249,-0.0157,-0.31611,0.95125,1.24275,-1.04733,4.04504
6756,67573,1270,-5126,11302,-151,-347,269,-0.01484,-0.31586,0.9541,-0.55878,-1.2458,4.19771
6757,67583,1146,-5114,11188,-619,-342,186,-0.02245,-0.31513,0.94733,-4.1313,-1.20763,3.56412
6758,67593,1218,-5160,11188,-833,-272,-45,-0.01804,-0.31795,0.94733,-5.76489,-0.67328,1.80076
6759,67603,1234,-5104,11154,-773,-211,-213,-0.01705,-0.31451,0.94531,-5.30687,-0.20763,0.51832
6760,67613,1260,-5192,11064,-636,-196,-270,-0.01546,-0.31991,0.93996,-4.26107,-0.09313,0.08321
6761,67623,1254,-5166,11126,-272,-190,-288,-0.01583,-0.31832,0.94365,-1.48244,-0.04733,-0.0542
6762,67633,1190,-5142,11252,-198,-178,-353,-0.01975,-0.31684,0.95113,-0.91756,0.04427,-0.55038
6763,67643,1212,-5182,11318,-552,-144,-462,-0.0184,-0.3193,0.95506,-3.61985,0.30382,-1.38244
6764,67653,1284,-5176,11152,-892,-144,-476,-0.01399,-0.31893,0.94519,-6.21527,0.30382,-1.48931
6765,67663,1242,-5254,10964,-675,-157,-424,-0.01656,-0.32371,0.93402,-4.55878,0.20458,-1.09237
6766,67673,1256,-5258,11054,-116,-136,-444,-0.0157,-0.32396,0.93937,-0.2916,0.36489,-1.24504
6767,67683,1292,-5238,11152,300,-115,-438,-0.01349,-0.32273,0.94519,2.88397,0.52519,-1.19924
6768,67693,1268,-5192,11108,486,-132,-328,-0.01497,-0.31991,0.94258,4.30382,0.39542,-0.35954
6769,67703,1252,-5182,11134,663,-176,-227,-0.01595,-0.3193,0.94412,5.65496,0.05954,0.41145
6770,67713,1254,-5122,11308,694,-201,-164,-0.01583,-0.31562,0.95446,5.8916,-0.1313,0.89237
6771,67723,1278,-5134,11216,118,-197,-195,-0.01435,-0.31635,0.94899,1.49466,-0.10076,0.65573
6772,67733,1266,-5132,11210,-4,-178,-239,-0.01509,-0.31623,0.94864,0.56336,0.04427,0.31985
6773,67743,1236,-5142,11238,-37,-162,-266,-0.01693,-0.31684,0.9503,0.31145,0.16641,0.11374
6774,67753,1272,-5202,11172,-28,-170,-216,-0.01472,-0.32052,0.94638,0.38015,0.10534,0.49542
6775,67763,1268,-5150,11184,209,-222,-94,-0.01497,-0.31733,0.94709,2.18931,-0.2916,1.42672
6776,67773,1216,-5122,11196,347,-255,-17,-0.01816,-0.31562,0.94781,3.24275,-0.54351,2.0145
6777,67783,1238,-5140,11322,372,-242,-68,-0.01681,-0.31672,0.95529,3.43359,-0.44427,1.62519
6778,67793,1220,-5088,11272,162,-218,-172,-0.01791,-0.31353,0.95232,1.83053,-0.26107,0.8313
6779,67803,1254,-5104,11178,-109,-171,-327,-0.01583,-0.31451,0.94674,-0.23817,0.09771,-0.35191
6780,67813,1270,-5124,11144,-96,-134,-434,-0.01484,-0.31574,0.94472,-0.13893,0.38015,-1.1687
6781,67823,1250,-5108,11078,161,-122,-393,-0.01607,-0.31476,0.94079,1.8229,0.47176,-0.85573
6782,67833,1310,-5140,11170,402,-145,-328,-0.01239,-0.31672,0.94626,3.6626,0.29618,-0.35954
6783,67843,1242,-5096,11190,600,-166,-265,-0.01656,-0.31402,0.94745,5.17405,0.13588,0.12137
6784,67853,1296,-5050,11352,519,-172,-254,-0.01325,-0.3112,0.95708,4.55573,0.09008,0.20534
6785,67863,1264,-5088,11328,93,-202,-260,-0.01521,-0.31353,0.95565,1.30382,-0.13893,0.15954
6786,67873,1258,-5084,11310,-321,-210,-269,-0.01558,-0.31329,0.95458,-1.85649,-0.2,0.09084
6787,67883,1210,-5084,11186,-552,-205,-327,-0.01853,-0.31329,0.94721,-3.61985,-0.16183,-0.35191
6788,67893,1234,-5098,11136,-577,-178,-392,-0.01705,-0.31414,0.94424,-3.81069,0.04427,-0.84809
6789,67903,1300,-5136,11244,-423,-175,-360,-0.013,-0.31647,0.95066,-2.63511,0.06718,-0.60382
6790,67913,1306,-5164,11120,-295,-193,-260,-0.01264,-0.31819,0.94329,-1.65802,-0.07023,0.15954
6791,67923,1262,-5086,11292,-243,-218,-155,-0.01534,-0.31341,0.95351,-1.26107,-0.26107,0.96107
6792,67933,1236,-5082,11418,-609,-225,-164,-0.01693,-0.31316,0.961,-4.05496,-0.3145,0.89237
6793,67943,1262,-5144,11300,-1192,-205,-275,-0.01534,-0.31697,0.95399,-8.50534,-0.16183,0.04504
6794,67953,1282,-5156,11094,-1428,-196,-327,-0.01411,-0.3177,0.94175,-10.30687,-0.09313,-0.35191
6795,67963,1244,-5234,10968,-1051,-203,-305,-0.01644,-0.32249,0.93426,-7.42901,-0.14656,-0.18397
6796,67973,1276,-5242,10904,-221,-192,-295,-0.01448,-0.32298,0.93046,-1.09313,-0.0626,-0.10763
6797,67983,1300,-5258,10988,835,-155,-270,-0.013,-0.32396,0.93545,6.96794,0.21985,0.08321
6798,67993,1266,-5168,11082,1658,-139,-252,-0.01509,-0.31844,0.94103,13.25038,0.34198,0.22061
6799,68003,1242,-5066,11298,1978,-111,-290,-0.01656,-0.31218,0.95387,15.69313,0.55573,-0.06947
6800,68013,1272,-5076,11344,1720,-90,-373,-0.01472,-0.31279,0.9566,13.72366,0.71603,-0.70305
6801,68023,1304,-5014,11338,1196,-93,-389,-0.01276,-0.30899,0.95624,9.72366,0.69313,-0.82519
6802,68033,1268,-5024,11276,789,-119,-339,-0.01497,-0.3096,0.95256,6.61679,0.49466,-0.44351
6803,68043,1316,-5036,11202,568,-147,-290,-0.01202,-0.31034,0.94816,4.92977,0.28092,-0.06947
6804,68053,1288,-5014,11206,621,-182,-184,-0.01374,-0.30899,0.9484,5.33435,0.01374,0.73969
6805,68063,1218,-4996,11358,714,-212,-81,-0.01804,-0.30789,0.95743,6.04427,-0.21527,1.52595
6806,68073,1246,-4966,11370,487,-223,-85,-0.01632,-0.30605,0.95814,4.31145,-0.29924,1.49542
6807,68083,1264,-4958,11376,165,-212,-172,-0.01521,-0.30556,0.9585,1.85344,-0.21527,0.8313
6808,68093,1210,-4934,11222,-33,-194,-272,-0.01853,-0.30408,0.94935,0.34198,-0.07786,0.06794
6809,68103,1266,-4990,11296,-59,-167,-335,-0.01509,-0.30752,0.95375,0.14351,0.12824,-0.41298
6810,68113,1270,-4962,11276,-119,-139,-363,-0.01484,-0.3058,0.95256,-0.3145,0.34198,-0.62672
6811,68123,1278,-5002,11324,-188,-150,-295,-0.01435,-0.30826,0.95541,-0.84122,0.25802,-0.10763
6812,68133,1234,-4964,11392,-311,-174,-234,-0.01705,-0.30592,0.95945,-1.78015,0.07481,0.35802
6813,68143,1274,-4962,11294,-553,-201,-188,-0.0146,-0.3058,0.95363,-3.62748,-0.1313,0.70916
6814,68153,1270,-4966,11310,-787,-229,-212,-0.01484,-0.30605,0.95458,-5.41374,-0.34504,0.52595
6815,68163,1262,-5024,11270,-1045,-244,-248,-0.01534,-0.3096,0.9522,-7.38321,-0.45954,0.25115
6816,68173,1300,-5016,11128,-1017,-223,-292,-0.013,-0.30911,0.94377,-7.16947,-0.29924,-0.08473
6817,68183,1344,-5084,11204,-902,-193,-312,-0.0103,-0.31329,0.94828,-6.2916,-0.07023,-0.2374
6818,68193,1264,-5098,11196,-707,-178,-308,-0.01521,-0.31414,0.94781,-4.80305,0.04427,-0.20687
6819,68203,1224,-5118,11218,-563,-161,-309,-0.01767,-0.31537,0.94911,-3.70382,0.17405,-0.2145
6820,68213,1250,-5120,11136,-516,-167,-319,-0.01607,-0.31549,0.94424,-3.34504,0.12824,-0.29084
6821,68223,1250,-5122,11242,-380,-156,-350,-0.01607,-0.31562,0.95054,-2.30687,0.21221,-0.52748
6822,68233,1202,-5066,11266,-293,-149,-361,-0.01902,-0.31218,0.95197,-1.64275,0.26565,-0.61145
6823,68243,1286,-5060,11246,-329,-133,-430,-0.01386,-0.31181,0.95078,-1.91756,0.38779,-1.13817
6824,68253,1304,-5130,11140,-473,-150,-432,-0.01276,-0.31611,0.94448,-3.01679,0.25802,-1.15344
6825,68263,1298,-5098,11096,-400,-190,-288,-0.01313,-0.31414,0.94186,-2.45954,-0.04733,-0.0542
6826,68273,1220,-5130,11120,-137,-204,-199,-0.01791,-0.31611,0.94329,-0.45191,-0.1542,0.62519
6827,68283,1250,-5092,11218,-58,-207,-198,-0.01607,-0.31378,0.94911,0.15115,-0.1771,0.63282
6828,68293,1262,-5096,11210,-140,-178,-255,-0.01534,-0.31402,0.94864,-0.47481,0.04427,0.19771
6829,68303,1230,-5122,11184,-212,-145,-318,-0.0173,-0.31562,0.94709,-1.02443,0.29618,-0.28321
6830,68313,1300,-5126,11138,-72,-138,-332,-0.013,-0.31586,0.94436,0.04427,0.34962,-0.39008
6831,68323,1218,-5136,11104,295,-146,-269,-0.01804,-0.31647,0.94234,2.8458,0.28855,0.09084
6832,68333,1252,-5100,11252,517,-160,-233,-0.01595,-0.31427,0.95113,4.54046,0.18168,0.36565
6833,68343,1236,-5094,11260,523,-171,-222,-0.01693,-0.3139,0.95161,4.58626,0.09771,0.44962
6834,68353,1258,-5112,11292,428,-177,-225,-0.01558,-0.315,0.95351,3.86107,0.05191,0.42672
6835,68363,1222,-5044,11254,65,-217,-246,-0.01779,-0.31083,0.95125,1.09008,-0.25344,0.26641
6836,68373,1246,-5054,11234,-100,-206,-270,-0.01632,-0.31144,0.95006,-0.16947,-0.16947,0.08321
6837,68383,1284,-5090,11174,-199,-201,-248,-0.01399,-0.31365,0.9465,-0.92519,-0.1313,0.25115
6838,68393,1296,-5126,11270,-239,-204,-215,-0.01325,-0.31586,0.9522,-1.23053,-0.1542,0.50305
6839,68403,1290,-5110,11224,-353,-202,-219,-0.01362,-0.31488,0.94947,-2.10076,-0.13893,0.47252
6840,68413,1258,-5114,11288,-380,-185,-256,-0.01558,-0.31513,0.95327,-2.30687,-0.00916,0.19008
6841,68423,1252,-5052,11210,-429,-178,-296,-0.01595,-0.31132,0.94864,-2.68092,0.04427,-0.11527
6842,68433,1240,-5088,11132,-396,-166,-333,-0.01669,-0.31353,0.944,-2.42901,0.13588,-0.39771
6843,68443,1182,-5138,11226,-249,-168,-312,-0.02024,-0.3166,0.94959,-1.30687,0.12061,-0.2374
6844,68453,1244,-5136,11230,-149,-177,-284,-0.01644,-0.31647,0.94983,-0.54351,0.05191,-0.02366
6845,68463,1252,-5134,11222,-274,-192,-286,-0.01595,-0.31635,0.94935,-1.49771,-0.0626,-0.03893
6846,68473,1252,-5124,11230,-537,-205,-272,-0.01595,-0.31574,0.94983,-3.50534,-0.16183,0.06794
6847,68483,1276,-5142,11158,-723,-220,-252,-0.01448,-0.31684,0.94555,-4.92519,-0.27634,0.22061
6848,68493,1266,-5178,11146,-727,-243,-246,-0.01509,-0.31905,0.94483,-4.95573,-0.45191,0.26641
6849,68503,1272,-5136,10998,-566,-240,-241,-0.01472,-0.31647,0.93604,-3.72672,-0.42901,0.30458
6850,68513,1260,-5146,11098,-84,-206,-252,-0.01546,-0.31709,0.94198,-0.04733,-0.16947,0.22061
6851,68523,1232,-5160,11186,408,-143,-330,-0.01718,-0.31795,0.94721,3.7084,0.31145,-0.37481
6852,68533,1276,-5164,11240,548,-126,-394,-0.01448,-0.31819,0.95042,4.7771,0.44122,-0.86336
6853,68543,1276,-5106,11174,514,-148,-304,-0.01448,-0.31463,0.9465,4.51756,0.27328,-0.17634
6854,68553,1276,-5102,11326,423,-185,-180,-0.01448,-0.31439,0.95553,3.8229,-0.00916,0.77023
6855,68563,1276,-5092,11362,-1,-226,-121,-0.01448,-0.31378,0.95767,0.58626,-0.32214,1.22061
6856,68573,1228,-5088,11316,-555,-283,-102,-0.01742,-0.31353,0.95494,-3.64275,-0.75725,1.36565
6857,68583,1190,-5092,11196,-924,-294,-170,-0.01975,-0.31378,0.94781,-6.45954,-0.84122,0.84656
6858,68593,1196,-5174,11184,-900,-242,-286,-0.01939,-0.31881,0.94709,-6.27634,-0.44427,-0.03893
6859,68603,1154,-5152,11102,-1001,-193,-426,-0.02196,-0.31746,0.94222,-7.04733,-0.07023,-1.10763
6860,68613,1234,-5192,11154,-1061,-115,-782,-0.01705,-0.31991,0.94531,-7.50534,0.52519,-3.82519
6861,68623,1316,-5212,11072,-982,-79,-990,-0.01202,-0.32114,0.94044,-6.90229,0.8,-5.41298
6862,68633,1370,-5242,10914,-680,-84,-771,-0.00871,-0.32298,0.93105,-4.59695,0.76183,-3.74122
6863,68643,1330,-5282,10982,-6,-136,-350,-0.01116,-0.32543,0.93509,0.54809,0.36489,-0.52748
6864,68653,1338,-5190,11156,598,-137,-199,-0.01067,-0.31979,0.94543,5.15878,0.35725,0.62519
6865,68663,1280,-5200,11200,755,-157,-142,-0.01423,-0.3204,0.94804,6.35725,0.20458,1.06031
6866,68673,1264,-5188,11160,710,-171,-139,-0.01521,-0.31966,0.94567,6.01374,0.09771,1.08321
6867,68683,1258,-5182,11192,572,-190,-111,-0.01558,-0.3193,0.94757,4.96031,-0.04733,1.29695
6868,68693,1226,-5154,11250,310,-197,-79,-0.01754,-0.31758,0.95101,2.96031,-0.10076,1.54122
6869,68703,1212,-5180,11200,41,-181,-136,-0.0184,-0.31917,0.94804,0.90687,0.02137,1.10611
6870,68713,1270,-5184,11016,-62,-167,-214,-0.01484,-0.31942,0.93711,0.12061,0.12824,0.51069
6871,68723,1288,-5178,11014,237,-149,-200,-0.01374,-0.31905,0.93699,2.40305,0.26565,0.61756
6872,68733,1292,-5122,11274,637,-156,-122,-0.01349,-0.31562,0.95244,5.45649,0.21221,1.21298
6873,68743,1236,-5116,11320,651,-191,-38,-0.01693,-0.31525,0.95517,5.56336,-0.05496,1.8542
6874,68753,1232,-5090,11306,415,-207,-63,-0.01718,-0.31365,0.95434,3.76183,-0.1771,1.66336
6875,68763,1222,-5118,11186,186,-203,-133,-0.01779,-0.31537,0.94721,2.01374,-0.14656,1.12901
6876,68773,1244,-5062,11196,182,-186,-233,-0.01644,-0.31194,0.94781,1.98321,-0.01679,0.36565
6877,68783,1262,-5092,11246,223,-166,-316,-0.01534,-0.31378,0.95078,2.29618,0.13588,-0.26794
6878,68793,1232,-5110,11166,235,-178,-352,-0.01718,-0.31488,0.94602,2.38779,0.04427,-0.54275
6879,68803,1288,-5088,11224,395,-173,-311,-0.01374,-0.31353,0.94947,3.60916,0.08244,-0.22977
6880,68813,1216,-5066,11182,507,-176,-281,-0.01816,-0.31218,0.94697,4.46412,0.05954,-0.00076
6881,68823,1276,-5022,11252,430,-179,-251,-0.01448,-0.30948,0.95113,3.87634,0.03664,0.22824
6882,68833,1322,-5060,11324,184,-186,-226,-0.01165,-0.31181,0.95541,1.99847,-0.01679,0.41908
6883,68843,1314,-5034,11208,-156,-182,-245,-0.01214,-0.31022,0.94852,-0.59695,0.01374,0.27405
6884,68853,1330,-5010,11226,-423,-195,-234,-0.01116,-0.30875,0.94959,-2.63511,-0.0855,0.35802
6885,68863,1264,-5042,11348,-597,-218,-202,-0.01521,-0.31071,0.95684,-3.96336,-0.26107,0.60229
6886,68873,1182,-5084,11340,-944,-240,-196,-0.02024,-0.31329,0.95636,-6.61221,-0.42901,0.64809
6887,68883,1248,-5140,11250,-1395,-244,-242,-0.01619,-0.31672,0.95101,-10.05496,-0.45954,0.29695
6888,68893,1236,-5144,11104,-1523,-214,-284,-0.01693,-0.31697,0.94234,-11.03206,-0.23053,-0.02366
6889,68903,1234,-5156,11202,-1357,-220,-272,-0.01705,-0.3177,0.94816,-9.76488,-0.27634,0.06794
6890,68913,1254,-5168,11060,-1078,-212,-269,-0.01583,-0.31844,0.93972,-7.63511,-0.21527,0.09084
6891,68923,1266,-5216,11090,-713,-193,-278,-0.01509,-0.32138,0.94151,-4.84886,-0.07023,0.02214
6892,68933,1248,-5240,11000,-287,-184,-250,-0.01619,-0.32285,0.93616,-1.59695,-0.00153,0.23588
6893,68943,1190,-5264,11028,169,-178,-236,-0.01975,-0.32433,0.93782,1.88397,0.04427,0.34275
6894,68953,1220,-5184,11090,500,-171,-265,-0.01791,-0.31942,0.94151,4.41069,0.09771,0.12137
6895,68963,1190,-5166,11148,687,-160,-322,-0.01975,-0.31832,0.94495,5.83817,0.18168,-0.31374
6896,68973,1236,-5156,11176,828,-147,-359,-0.01693,-0.3177,0.94662,6.9145,0.28092,-0.59618
6897,68983,1284,-5116,11264,831,-150,-364,-0.01399,-0.31525,0.95185,6.9374,0.25802,-0.63435
6898,68993,1238,-5126,11236,546,-158,-328,-0.01681,-0.31586,0.95018,4.76183,0.19695,-0.35954
6899,69003,1260,-5112,11206,-436,-206,-278,-0.01546,-0.315,0.9484,-2.73435,-0.16947,0.02214
6900,69013,1246,-5114,11146,-595,-187,-286,-0.01632,-0.31513,0.94483,-3.94809,-0.02443,-0.03893
6901,69023,1216,-5160,11126,-535,-174,-291,-0.01816,-0.31795,0.94365,-3.49008,0.07481,-0.0771
6902,69033,1262,-5182,11150,-433,-174,-296,-0.01534,-0.3193,0.94507,-2.71145,0.07481,-0.11527
6903,69043,1236,-5146,11200,-259,-182,-255,-0.01693,-0.31709,0.94804,-1.38321,0.01374,0.19771
6904,69053,1194,-5146,11252,-239,-176,-248,-0.01951,-0.31709,0.95113,-1.23053,0.05954,0.25115
6905,69063,1226,-5172,11108,-326,-180,-262,-0.01754,-0.31868,0.94258,-1.89466,0.02901,0.14427
6906,69073,1208,-5182,11192,-297,-199,-251,-0.01865,-0.3193,0.94757,-1.67328,-0.11603,0.22824
6907,69083,1254,-5118,11240,-330,-193,-236,-0.01583,-0.31537,0.95042,-1.92519,-0.07023,0.34275
6908,69093,1244,-5178,11062,-412,-199,-240,-0.01644,-0.31905,0.93984,-2.55115,-0.11603,0.31221
6909,69103,1264,-5212,11074,-227,-192,-266,-0.01521,-0.32114,0.94056,-1.13893,-0.0626,0.11374
6910,69113,1292,-5202,11132,139,-210,-204,-0.01349,-0.32052,0.944,1.65496,-0.2,0.58702
6911,69123,1268,-5170,11204,369,-224,-120,-0.01497,-0.31856,0.94828,3.41069,-0.30687,1.22824
6912,69133,1252,-5168,11200,324,-220,-111,-0.01595,-0.31844,0.94804,3.06718,-0.27634,1.29695
6913,69143,1218,-5144,11274,157,-203,-115,-0.01804,-0.31697,0.95244,1.79237,-0.14656,1.26641
6914,69153,1262,-5140,11266,-119,-201,-139,-0.01534,-0.31672,0.95197,-0.3145,-0.1313,1.08321
6915,69163,1248,-5172,11212,-471,-198,-197,-0.01619,-0.31868,0.94876,-3.00153,-0.1084,0.64046
6916,69173,1250,-5218,11200,-784,-211,-181,-0.01607,-0.3215,0.94804,-5.39084,-0.20763,0.7626
6917,69183,1258,-5206,11172,-866,-237,-125,-0.01558,-0.32077,0.94638,-6.01679,-0.40611,1.19008
6918,69193,1300,-5232,11176,-881,-238,-63,-0.013,-0.32236,0.94662,-6.1313,-0.41374,1.66336
6919,69203,1318,-5308,11068,-923,-262,21,-0.0119,-0.32703,0.9402,-6.45191,-0.59695,2.30458
6920,69213,1244,-5218,11062,-786,-304,173,-0.01644,-0.3215,0.93984,-5.40611,-0.91756,3.46489
6921,69223,1156,-5222,11194,-607,-309,153,-0.02184,-0.32175,0.94769,-4.03969,-0.95573,3.31221
6922,69233,1212,-5242,11228,-645,-253,-45,-0.0184,-0.32298,0.94971,-4.32977,-0.52824,1.80076
6923,69243,1252,-5334,11092,-855,-224,-207,-0.01595,-0.32862,0.94163,-5.93282,-0.30687,0.56412
6924,69253,1266,-5318,11116,-797,-190,-298,-0.01509,-0.32764,0.94305,-5.49008,-0.04733,-0.13053
6925,69263,1246,-5312,11012,-505,-161,-346,-0.01632,-0.32727,0.93687,-3.26107,0.17405,-0.49695
6926,69273,1266,-5306,11052,-183,-152,-379,-0.01509,-0.3269,0.93925,-0.80305,0.24275,-0.74885
6927,69283,1248,-5294,11064,182,-161,-361,-0.01619,-0.32617,0.93996,1.98321,0.17405,-0.61145
6928,69293,1290,-5266,11192,454,-164,-321,-0.01362,-0.32445,0.94757,4.05954,0.15115,-0.30611
6929,69303,1254,-5270,11292,270,-157,-326,-0.01583,-0.32469,0.95351,2.65496,0.20458,-0.34427
6930,69313,1214,-5284,11220,-261,-159,-373,-0.01828,-0.32555,0.94923,-1.39847,0.18931,-0.70305
6931,69323,1208,-5308,11214,-741,-155,-437,-0.01865,-0.32703,0.94888,-5.0626,0.21985,-1.1916
6932,69333,1338,-5376,11050,-882,-163,-470,-0.01067,-0.3312,0.93913,-6.13893,0.15878,-1.44351
6933,69343,1276,-5386,11050,-508,-204,-319,-0.01448,-0.33181,0.93913,-3.28397,-0.1542,-0.29084
6934,69353,1258,-5358,11186,20,-222,-187,-0.01558,-0.33009,0.94721,0.74656,-0.2916,0.71679
6935,69363,1256,-5316,11258,74,-193,-179,-0.0157,-0.32752,0.95149,1.15878,-0.07023,0.77786
6936,69373,1258,-5320,11232,-213,-188,-198,-0.01558,-0.32776,0.94995,-1.03206,-0.03206,0.63282
6937,69383,1200,-5352,11096,-411,-198,-207,-0.01914,-0.32972,0.94186,-2.54351,-0.1084,0.56412
6938,69393,1246,-5332,11038,-309,-196,-234,-0.01632,-0.3285,0.93842,-1.76489,-0.09313,0.35802
6939,69403,1234,-5352,11096,-161,-183,-286,-0.01705,-0.32972,0.94186,-0.63511,0.00611,-0.03893
6940,69413,1252,-5360,10968,-18,-175,-333,-0.01595,-0.33022,0.93426,0.45649,0.06718,-0.39771
6941,69423,1276,-5346,11012,342,-160,-319,-0.01448,-0.32936,0.93687,3.20458,0.18168,-0.29084
6942,69433,1248,-5290,11138,653,-175,-245,-0.01619,-0.32592,0.94436,5.57863,0.06718,0.27405
6943,69443,1322,-5258,11236,661,-203,-204,-0.01165,-0.32396,0.95018,5.63969,-0.14656,0.58702
6944,69453,1294,-5316,11234,532,-208,-168,-0.01337,-0.32752,0.95006,4.65496,-0.18473,0.86183
6945,69463,1268,-5258,11240,360,-207,-148,-0.01497,-0.32396,0.95042,3.34198,-0.1771,1.0145
6946,69473,1250,-5236,11206,110,-174,-205,-0.01607,-0.32261,0.9484,1.43359,0.07481,0.57939
6947,69483,1248,-5276,11104,-117,-152,-300,-0.01619,-0.32506,0.94234,-0.29924,0.24275,-0.1458
6948,69493,1284,-5278,11030,-184,-149,-334,-0.01399,-0.32519,0.93794,-0.81069,0.26565,-0.40534
6949,69503,1258,-5288,11034,16,-156,-321,-0.01558,-0.3258,0.93818,0.71603,0.21221,-0.30611
6950,69513,1274,-5276,11104,284,-174,-274,-0.0146,-0.32506,0.94234,2.76183,0.07481,0.05267
6951,69523,1246,-5260,11294,342,-194,-238,-0.01632,-0.32408,0.95363,3.20458,-0.07786,0.32748
6952,69533,1254,-5256,11306,71,-200,-270,-0.01583,-0.32384,0.95434,1.13588,-0.12366,0.08321
6953,69543,1224,-5254,11288,-474,-201,-302,-0.01767,-0.32371,0.95327,-3.02443,-0.1313,-0.16107
6954,69553,1206,-5260,11204,-907,-206,-296,-0.01877,-0.32408,0.94828,-6.32977,-0.16947,-0.11527
6955,69563,1250,-5352,11058,-1073,-203,-263,-0.01607,-0.32972,0.93961,-7.59695,-0.14656,0.13664
6956,69573,1224,-5282,11006,-912,-196,-247,-0.01767,-0.32543,0.93652,-6.36794,-0.09313,0.25878
6957,69583,1210,-5306,11054,-749,-193,-258,-0.01853,-0.3269,0.93937,-5.12366,-0.07023,0.17481
6958,69593,1234,-5358,11024,-484,-189,-297,-0.01705,-0.33009,0.93759,-3.10076,-0.03969,-0.1229
6959,69603,1284,-5346,10900,31,-176,-356,-0.01399,-0.32936,0.93022,0.83053,0.05954,-0.57328
6960,69613,1266,-5348,11106,530,-155,-365,-0.01509,-0.32948,0.94246,4.63969,0.21985,-0.64198
6961,69623,1228,-5314,11178,675,-147,-390,-0.01742,-0.32739,0.94674,5.74656,0.28092,-0.83282
6962,69633,1274,-5306,11148,571,-122,-456,-0.0146,-0.3269,0.94495,4.95267,0.47176,-1.33664
6963,69643,1282,-5248,11238,319,-168,-318,-0.01411,-0.32335,0.9503,3.02901,0.12061,-0.28321
6964,69653,1272,-5270,11116,106,-185,-265,-0.01472,-0.32469,0.94305,1.40305,-0.00916,0.12137
6965,69663,1216,-5268,11138,-32,-180,-268,-0.01816,-0.32457,0.94436,0.34962,0.02901,0.09847
6966,69673,1220,-5284,10954,122,-182,-270,-0.01791,-0.32555,0.93343,1.52519,0.01374,0.08321
6967,69683,1240,-5292,11152,513,-176,-255,-0.01669,-0.32604,0.94519,4.50992,0.05954,0.19771
6968,69693,1234,-5248,11146,671,-169,-268,-0.01705,-0.32335,0.94483,5.71603,0.11298,0.09847
6969,69703,1270,-5228,11116,702,-176,-267,-0.01484,-0.32212,0.94305,5.95267,0.05954,0.10611
6970,69713,1254,-5202,11070,922,-194,-223,-0.01583,-0.32052,0.94032,7.63206,-0.07786,0.44198
6971,69723,1276,-5166,11224,1100,-211,-162,-0.01448,-0.31832,0.94947,8.99084,-0.20763,0.90763
6972,69733,1254,-5104,11310,950,-222,-134,-0.01583,-0.31451,0.95458,7.8458,-0.2916,1.12137
6973,69743,1304,-5160,11310,622,-209,-143,-0.01276,-0.31795,0.95458,5.34198,-0.19237,1.05267
6974,69753,1258,-5144,11196,344,-216,-121,-0.01558,-0.31697,0.94781,3.21985,-0.2458,1.22061
6975,69763,1266,-5180,11144,260,-216,-91,-0.01509,-0.31917,0.94472,2.57863,-0.2458,1.44962
6976,69773,1218,-5128,11250,410,-215,-94,-0.01804,-0.31598,0.95101,3.72366,-0.23817,1.42672
6977,69783,1210,-5118,11236,363,-202,-133,-0.01853,-0.31537,0.95018,3.36489,-0.13893,1.12901
6978,69793,1284,-5116,11336,-12,-183,-260,-0.01399,-0.31525,0.95612,0.50229,0.00611,0.15954
6979,69803,1256,-5100,11218,-439,-182,-352,-0.0157,-0.31427,0.94911,-2.75725,0.01374,-0.54275
6980,69813,1206,-5108,11194,-605,-168,-392,-0.01877,-0.31476,0.94769,-4.02443,0.12061,-0.84809
6981,69823,1230,-5166,11160,-593,-139,-470,-0.0173,-0.31832,0.94567,-3.93282,0.34198,-1.44351
6982,69833,1288,-5186,11134,-558,-130,-563,-0.01374,-0.31954,0.94412,-3.66565,0.41069,-2.15344
6983,69843,1298,-5210,11124,-332,-150,-509,-0.01313,-0.32101,0.94353,-1.94046,0.25802,-1.74122
6984,69853,1252,-5186,11138,-18,-185,-335,-0.01595,-0.31954,0.94436,0.45649,-0.00916,-0.41298
6985,69863,1258,-5150,11166,259,-177,-258,-0.01558,-0.31733,0.94602,2.57099,0.05191,0.17481
6986,69873,1262,-5132,11200,346,-167,-243,-0.01534,-0.31623,0.94804,3.23511,0.12824,0.28931
6987,69883,1220,-5164,11238,299,-172,-250,-0.01791,-0.31819,0.9503,2.87634,0.09008,0.23588
6988,69893,1278,-5130,11176,266,-178,-258,-0.01435,-0.31611,0.94662,2.62443,0.04427,0.17481
6989,69903,1232,-5182,11172,441,-185,-223,-0.01718,-0.3193,0.94638,3.96031,-0.00916,0.44198
6990,69913,1176,-5094,11234,642,-183,-217,-0.02061,-0.3139,0.95006,5.49466,0.00611,0.48779
6991,69923,1230,-5076,11218,518,-177,-265,-0.0173,-0.31279,0.94911,4.54809,0.05191,0.12137
6992,69933,1236,-5094,11222,328,-167,-337,-0.01693,-0.3139,0.94935,3.09771,0.12824,-0.42824
6993,69943,1240,-5096,11176,194,-154,-331,-0.01669,-0.31402,0.94662,2.07481,0.22748,-0.38244
6994,69953,1232,-5080,11290,181,-156,-315,-0.01718,-0.31304,0.95339,1.97557,0.21221,-0.26031
6995,69963,1258,-5056,11292,11,-160,-316,-0.01558,-0.31157,0.95351,0.67786,0.18168,-0.26794
6996,69973,1268,-5102,11254,-348,-182,-304,-0.01497,-0.31439,0.95125,-2.0626,0.01374,-0.17634
6997,69983,1228,-5080,11188,-413,-182,-315,-0.01742,-0.31304,0.94733,-2.55878,0.01374,-0.26031
6998,69993,1206,-5102,11114,-313,-182,-296,-0.01877,-0.31439,0.94293,-1.79542,0.01374,-0.11527
6999,70003,1212,-5128,11140,-164,-177,-316,-0.0184,-0.31598,0.94448,-0.65802,0.05191,-0.26794
7000,70013,1264,-5092,11132,169,-167,-335,-0.01521,-0.31378,0.944,1.88397,0.12824,-0.41298
7001,70023,1258,-5066,11244,438,-146,-324,-0.01558,-0.31218,0.95066,3.9374,0.28855,-0.32901
7002,70033,1298,-5112,11224,414,-176,-239,-0.01313,-0.315,0.94947,3.7542,0.05954,0.31985
7003,70043,1242,-5054,11224,327,-206,-171,-0.01656,-0.31144,0.94947,3.09008,-0.16947,0.83893
7004,70053,1268,-5062,11348,227,-220,-103,-0.01497,-0.31194,0.95684,2.32672,-0.27634,1.35802
7005,70063,1274,-5084,11364,-104,-253,-49,-0.0146,-0.31329,0.95779,-0.2,-0.52824,1.77023
7006,70073,1274,-5070,11224,-508,-287,4,-0.0146,-0.31243,0.94947,-3.28397,-0.78779,2.17481
7007,70083,1240,-5078,11256,-613,-276,5,-0.01669,-0.31292,0.95137,-4.0855,-0.70382,2.18244
7008,70093,1206,-5120,11198,-611,-248,-65,-0.01877,-0.31549,0.94792,-4.07023,-0.49008,1.64809
7009,70103,1224,-5112,11222,-567,-197,-189,-0.01767,-0.315,0.94935,-3.73435,-0.10076,0.70153
7010,70113,1238,-5114,11152,-354,-162,-283,-0.01681,-0.31513,0.94519,-2.1084,0.16641,-0.01603
7011,70123,1222,-5098,11138,-50,-176,-313,-0.01779,-0.31414,0.94436,0.21221,0.05954,-0.24504
7012,70133,1254,-5082,11172,206,-181,-291,-0.01583,-0.31316,0.94638,2.16641,0.02137,-0.0771
7013,70143,1216,-5078,11240,284,-188,-233,-0.01816,-0.31292,0.95042,2.76183,-0.03206,0.36565
7014,70153,1240,-5086,11294,245,-212,-196,-0.01669,-0.31341,0.95363,2.46412,-0.21527,0.64809
7015,70163,1238,-5058,11314,63,-243,-156,-0.01681,-0.31169,0.95482,1.07481,-0.45191,0.95344
7016,70173,1200,-5086,11246,-191,-229,-185,-0.01914,-0.31341,0.95078,-0.86412,-0.34504,0.73206
7017,70183,1248,-5122,11174,-297,-201,-243,-0.01619,-0.31562,0.9465,-1.67328,-0.1313,0.28931
7018,70193,1284,-5048,11112,-275,-183,-272,-0.01399,-0.31108,0.94281,-1.50534,0.00611,0.06794
7019,70203,1272,-5086,11182,-12,-184,-261,-0.01472,-0.31341,0.94697,0.50229,-0.00153,0.15191
7020,70213,1270,-5046,11192,278,-181,-243,-0.01484,-0.31095,0.94757,2.71603,0.02137,0.28931
7021,70223,1256,-5044,11232,317,-165,-287,-0.0157,-0.31083,0.94995,3.01374,0.14351,-0.04656
7022,70233,1282,-5080,11168,221,-145,-349,-0.01411,-0.31304,0.94614,2.28092,0.29618,-0.51985
7023,70243,1248,-5048,11186,177,-166,-329,-0.01619,-0.31108,0.94721,1.94504,0.13588,-0.36718
7024,70253,1252,-5102,11144,256,-196,-260,-0.01595,-0.31439,0.94472,2.54809,-0.09313,0.15954
7025,70263,1258,-5060,11176,413,-217,-195,-0.01558,-0.31181,0.94662,3.74656,-0.25344,0.65573
7026,70273,1246,-5026,11248,498,-244,-142,-0.01632,-0.30973,0.9509,4.39542,-0.45954,1.06031
7027,70283,1234,-5020,11216,541,-215,-163,-0.01705,-0.30936,0.94899,4.72366,-0.23817,0.9
7028,70293,1282,-4982,11300,286,-143,-335,-0.01411,-0.30703,0.95399,2.7771,0.31145,-0.41298
7029,70303,1234,-5002,11310,116,-146,-377,-0.01705,-0.30826,0.95458,1.47939,0.28855,-0.73359
7030,70313,1214,-4992,11246,-80,-145,-393,-0.01828,-0.30764,0.95078,-0.01679,0.29618,-0.85573
7031,70323,1242,-4978,11228,-234,-137,-403,-0.01656,-0.30678,0.94971,-1.19237,0.35725,-0.93206
7032,70333,1306,-5072,11162,-340,-175,-333,-0.01264,-0.31255,0.94579,-2.00153,0.06718,-0.39771
7033,70343,1302,-5036,11146,-319,-215,-217,-0.01288,-0.31034,0.94483,-1.84122,-0.23817,0.48779
7034,70353,1296,-5032,11208,-202,-251,-152,-0.01325,-0.3101,0.94852,-0.94809,-0.51298,0.98397
7035,70363,1250,-5044,11318,-266,-267,-159,-0.01607,-0.31083,0.95506,-1.43664,-0.63511,0.93053
7036,70373,1250,-5060,11240,-443,-246,-231,-0.01607,-0.31181,0.95042,-2.78779,-0.47481,0.38092
7037,70383,1244,-5076,11126,-449,-195,-343,-0.01644,-0.31279,0.94365,-2.83359,-0.0855,-0.47405
7038,70393,1236,-5018,11222,-295,-148,-452,-0.01693,-0.30924,0.94935,-1.65802,0.27328,-1.30611
7039,70403,1294,-5018,11230,-294,-122,-495,-0.01337,-0.30924,0.94983,-1.65038,0.47176,-1.63435
7040,70413,1264,-5036,11178,-197,-136,-391,-0.01521,-0.31034,0.94674,-0.90992,0.36489,-0.84046
7041,70423,1246,-5010,11224,45,-154,-297,-0.01632,-0.30875,0.94947,0.9374,0.22748,-0.1229
7042,70433,1224,-5010,11266,113,-174,-219,-0.01767,-0.30875,0.95197,1.45649,0.07481,0.47252
7043,70443,1212,-5070,11228,44,-193,-168,-0.0184,-0.31243,0.94971,0.92977,-0.07023,0.86183
7044,70453,1216,-5050,11232,16,-212,-171,-0.01816,-0.3112,0.94995,0.71603,-0.21527,0.83893
7045,70463,1278,-5060,11100,242,-214,-189,-0.01435,-0.31181,0.9421,2.44122,-0.23053,0.70153
7046,70473,1294,-5040,11142,664,-166,-259,-0.01337,-0.31059,0.9446,5.6626,0.13588,0.16718
7047,70483,1246,-4992,11236,883,-149,-289,-0.01632,-0.30764,0.95018,7.33435,0.26565,-0.06183
7048,70493,1274,-4964,11220,971,-130,-319,-0.0146,-0.30592,0.94923,8.00611,0.41069,-0.29084
7049,70503,1314,-4972,11290,997,-142,-305,-0.01214,-0.30641,0.95339,8.20458,0.31908,-0.18397
7050,70513,1220,-4940,11400,853,-157,-313,-0.01791,-0.30445,0.95993,7.10534,0.20458,-0.24504
7051,70523,1238,-4940,11330,470,-158,-350,-0.01681,-0.30445,0.95577,4.18168,0.19695,-0.52748
7052,70533,1326,-4936,11360,117,-179,-327,-0.01141,-0.30421,0.95755,1.48702,0.03664,-0.35191
7053,70543,1260,-4932,11312,-63,-211,-200,-0.01546,-0.30396,0.9547,0.11298,-0.20763,0.61756
7054,70553,1226,-4920,11270,-312,-264,-150,-0.01754,-0.30323,0.9522,-1.78779,-0.61221,0.99924
7055,70563,1266,-4922,11280,-573,-254,-186,-0.01509,-0.30335,0.9528,-3.78015,-0.53588,0.72443
7056,70573,1266,-4948,11200,-593,-238,-204,-0.01509,-0.30494,0.94804,-3.93282,-0.41374,0.58702
7057,70583,1254,-5024,11242,-401,-223,-249,-0.01583,-0.3096,0.95054,-2.46718,-0.29924,0.24351
7058,70593,1224,-4970,11248,-165,-183,-324,-0.01767,-0.30629,0.9509,-0.66565,0.00611,-0.32901
7059,70603,1270,-4952,11286,-100,-167,-350,-0.01484,-0.30519,0.95315,-0.16947,0.12824,-0.52748
7060,70613,1266,-4954,11272,-228,-178,-315,-0.01509,-0.30531,0.95232,-1.14656,0.04427,-0.26031
7061,70623,1310,-4972,11206,-376,-204,-241,-0.01239,-0.30641,0.9484,-2.27634,-0.1542,0.30458
7062,70633,1284,-4960,11282,-275,-251,-107,-0.01399,-0.30568,0.95292,-1.50534,-0.51298,1.32748
7063,70643,1274,-4970,11226,-146,-332,29,-0.0146,-0.30629,0.94959,-0.52061,-1.1313,2.36565
7064,70653,1272,-4928,11310,-201,-359,49,-0.01472,-0.30372,0.95458,-0.94046,-1.3374,2.51832
7065,70663,1212,-5038,11308,-478,-293,-30,-0.0184,-0.31046,0.95446,-3.05496,-0.83359,1.91527
7066,70673,1262,-5030,11246,-679,-241,-140,-0.01534,-0.30997,0.95078,-4.58931,-0.43664,1.07557
7067,70683,1302,-5050,11230,-649,-203,-243,-0.01288,-0.3112,0.94983,-4.36031,-0.14656,0.28931
7068,70693,1264,-5042,11194,-587,-181,-276,-0.01521,-0.31071,0.94769,-3.88702,0.02137,0.0374
7069,70703,1286,-5064,11126,-495,-180,-269,-0.01386,-0.31206,0.94365,-3.18473,0.02901,0.09084
7070,70713,1204,-5096,11046,-187,-191,-264,-0.01889,-0.31402,0.93889,-0.83359,-0.05496,0.12901
7071,70723,1304,-5000,11146,397,-191,-238,-0.01276,-0.30813,0.94483,3.62443,-0.05496,0.32748
7072,70733,1222,-4996,11300,748,-205,-175,-0.01779,-0.30789,0.95399,6.30382,-0.16183,0.8084
7073,70743,1218,-4996,11336,798,-222,-180,-0.01804,-0.30789,0.95612,6.6855,-0.2916,0.77023
7074,70753,1194,-4936,11342,591,-232,-216,-0.01951,-0.30421,0.95648,5.10534,-0.36794,0.49542
7075,70763,1232,-4978,11360,118,-215,-273,-0.01718,-0.30678,0.95755,1.49466,-0.23817,0.06031
7076,70773,1248,-4982,11308,-327,-185,-346,-0.01619,-0.30703,0.95446,-1.90229,-0.00916,-0.49695
7077,70783,1202,-4980,11170,-523,-172,-366,-0.01902,-0.30691,0.94626,-3.39847,0.09008,-0.64962
7078,70793,1278,-4984,11176,-469,-163,-370,-0.01435,-0.30715,0.94662,-2.98626,0.15878,-0.68015
7079,70803,1310,-5002,11152,-268,-174,-295,-0.01239,-0.30826,0.94519,-1.45191,0.07481,-0.10763
7080,70813,1328,-4984,11310,-89,-188,-210,-0.01129,-0.30715,0.95458,-0.0855,-0.03206,0.54122
7081,70823,1306,-5002,11278,-187,-197,-201,-0.01264,-0.30826,0.95268,-0.83359,-0.10076,0.60992
7082,70833,1250,-4948,11258,-399,-203,-248,-0.01607,-0.30494,0.95149,-2.45191,-0.14656,0.25115
7083,70843,1278,-4988,11300,-599,-212,-279,-0.01435,-0.3074,0.95399,-3.97863,-0.21527,0.0145
7084,70853,1278,-5004,11186,-622,-219,-279,-0.01435,-0.30838,0.94721,-4.1542,-0.2687,0.0145
7085,70863,1264,-5024,11148,-277,-222,-257,-0.01521,-0.3096,0.94495,-1.52061,-0.2916,0.18244
7086,70873,1224,-5002,11160,68,-250,-239,-0.01767,-0.30826,0.94567,1.11298,-0.50534,0.31985
7087,70883,1182,-5036,11210,273,-213,-341,-0.02024,-0.31034,0.94864,2.67786,-0.2229,-0.45878
7088,70893,1260,-5032,11268,408,-96,-493,-0.01546,-0.3101,0.95208,3.7084,0.67023,-1.61908
7089,70903,1256,-5006,11304,461,32,-617,-0.0157,-0.3085,0.95422,4.11298,1.64733,-2.56565
7090,70913,1292,-4980,11292,349,2,-648,-0.01349,-0.30691,0.95351,3.25802,1.41832,-2.80229
7091,70923,1334,-4972,11344,108,-93,-534,-0.01092,-0.30641,0.9566,1.41832,0.69313,-1.93206
7092,70933,1344,-4990,11312,-507,-247,-397,-0.0103,-0.30752,0.9547,-3.27634,-0.48244,-0.88626
7093,70943,1362,-5012,11246,-530,-360,-149,-0.0092,-0.30887,0.95078,-3.45191,-1.34504,1.00687
7094,70953,1256,-5034,11152,-234,-423,137,-0.0157,-0.31022,0.94519,-1.19237,-1.82595,3.19008
7095,70963,1242,-5040,11226,48,-310,129,-0.01656,-0.31059,0.94959,0.96031,-0.96336,3.12901
7096,70973,1204,-5064,11304,122,-235,45,-0.01889,-0.31206,0.95422,1.52519,-0.39084,2.48779
7097,70983,1226,-4970,11260,44,-158,-160,-0.01754,-0.30629,0.95161,0.92977,0.19695,0.9229
7098,70993,1270,-5014,11254,-24,-105,-316,-0.01484,-0.30899,0.95125,0.41069,0.60153,-0.26794
7099,71003,1262,-5006,11278,-67,-103,-361,-0.01534,-0.3085,0.95268,0.08244,0.61679,-0.61145
7100,71013,1302,-5012,11210,-183,-145,-358,-0.01288,-0.30887,0.94864,-0.80305,0.29618,-0.58855
7101,71023,1324,-5004,11190,-159,-178,-317,-0.01153,-0.30838,0.94745,-0.61985,0.04427,-0.27557
7102,71033,1268,-5020,11184,-5,-209,-198,-0.01497,-0.30936,0.94709,0.55573,-0.19237,0.63282
7103,71043,1324,-5008,11282,64,-233,-140,-0.01153,-0.30862,0.95292,1.08244,-0.37557,1.07557
7104,71053,1258,-4970,11254,76,-245,-127,-0.01558,-0.30629,0.95125,1.17405,-0.46718,1.17481
7105,71063,1262,-5020,11268,112,-272,-88,-0.01534,-0.30936,0.95208,1.44886,-0.67328,1.47252
7106,71073,1270,-4980,11270,47,-337,-4,-0.01484,-0.30691,0.9522,0.95267,-1.16947,2.11374
7107,71083,1276,-4998,11342,-83,-334,31,-0.01448,-0.30801,0.95648,-0.03969,-1.14656,2.38092
7108,71093,1300,-4982,11210,-202,-340,45,-0.013,-0.30703,0.94864,-0.94809,-1.19237,2.48779
7109,71103,1302,-4998,11270,-255,-419,134,-0.01288,-0.30801,0.9522,-1.35267,-1.79542,3.16718
7110,71113,1262,-4964,11286,-320,-434,206,-0.01534,-0.30592,0.95315,-1.84885,-1.90992,3.71679
7111,71123,1228,-4994,11320,-436,-352,27,-0.01742,-0.30776,0.95517,-2.73435,-1.28397,2.35038
7112,71133,1260,-4994,11250,-690,-279,-121,-0.01546,-0.30776,0.95101,-4.67328,-0.72672,1.22061
7113,71143,1250,-5026,11274,-856,-213,-172,-0.01607,-0.30973,0.95244,-5.94046,-0.2229,0.8313
7114,71153,1292,-5084,11194,-809,-169,-205,-0.01349,-0.31329,0.94769,-5.58168,0.11298,0.57939
7115,71163,1282,-5092,11182,-732,-154,-222,-0.01411,-0.31378,0.94697,-4.99389,0.22748,0.44962
7116,71173,1248,-5088,11302,-765,-137,-264,-0.01619,-0.31353,0.9541,-5.2458,0.35725,0.12901
7117,71183,1222,-5138,11270,-887,-162,-370,-0.01779,-0.3166,0.9522,-6.1771,0.16641,-0.68015
7118,71193,1246,-5124,11164,-872,-200,-559,-0.01632,-0.31574,0.9459,-6.0626,-0.12366,-2.1229
7119,71203,1382,-5142,11130,-671,-263,-585,-0.00797,-0.31684,0.94388,-4.52824,-0.60458,-2.32137
7120,71213,1304,-5176,11096,-318,-273,-344,-0.01276,-0.31893,0.94186,-1.83359,-0.68092,-0.48168
7121,71223,1266,-5162,11168,121,-155,-232,-0.01509,-0.31807,0.94614,1.51756,0.21985,0.37328
7122,71233,1286,-5118,11108,406,-67,-181,-0.01386,-0.31537,0.94258,3.69313,0.8916,0.7626
7123,71243,1324,-5142,11154,543,-86,-129,-0.01153,-0.31684,0.94531,4.73893,0.74656,1.15954
7124,71253,1334,-5084,11276,577,-181,-48,-0.01092,-0.31329,0.95256,4.99847,0.02137,1.77786
7125,71263,1222,-5064,11348,440,-232,-26,-0.01779,-0.31206,0.95684,3.95267,-0.36794,1.9458
7126,71273,1256,-5056,11336,136,-226,-82,-0.0157,-0.31157,0.95612,1.63206,-0.32214,1.51832
7127,71283,1298,-5124,11258,-349,-257,-221,-0.01313,-0.31574,0.95149,-2.07023,-0.55878,0.45725
7128,71293,1250,-5134,11168,-676,-374,-267,-0.01607,-0.31635,0.94614,-4.56641,-1.45191,0.10611
7129,71303,1308,-5144,11136,-580,-351,-374,-0.01251,-0.31697,0.94424,-3.83359,-1.27634,-0.71069
7130,71313,1320,-5122,11068,-279,-201,-447,-0.01178,-0.31562,0.9402,-1.53588,-0.1313,-1.26794
7131,71323,1406,-5082,10968,218,-86,-334,-0.0065,-0.31316,0.93426,2.25802,0.74656,-0.40534
7132,71333,1286,-5132,11144,852,-41,-112,-0.01386,-0.31623,0.94472,7.09771,1.09008,1.28931
7133,71343,1310,-5030,11242,1182,-64,49,-0.01239,-0.30997,0.95054,9.61679,0.9145,2.51832
7134,71353,1300,-5036,11302,1133,-119,113,-0.013,-0.31034,0.9541,9.24275,0.49466,3.00687
7135,71363,1226,-5018,11352,846,-153,132,-0.01754,-0.30924,0.95708,7.05191,0.23511,3.15191
7136,71373,1256,-5000,11228,390,-171,6,-0.0157,-0.30813,0.94971,3.57099,0.09771,2.19008
7137,71383,1296,-5010,11118,209,-141,-129,-0.01325,-0.30875,0.94317,2.18931,0.32672,1.15954
7138,71393,1260,-5038,11218,348,-124,-141,-0.01546,-0.31046,0.94911,3.25038,0.45649,1.06794
7139,71403,1208,-4994,11124,453,-140,-156,-0.01865,-0.30776,0.94353,4.05191,0.33435,0.95344
7140,71413,1254,-5000,11120,630,-151,-188,-0.01583,-0.30813,0.94329,5.40305,0.25038,0.70916
7141,71423,1230,-4916,11208,829,-139,-289,-0.0173,-0.30298,0.94852,6.92214,0.34198,-0.06183
7142,71433,1298,-4934,11368,891,-141,-357,-0.01313,-0.30408,0.95803,7.39542,0.32672,-0.58092
7143,71443,1254,-4960,11302,812,-160,-317,-0.01583,-0.30568,0.9541,6.79237,0.18168,-0.27557
7144,71453,1280,-4912,11430,624,-148,-286,-0.01423,-0.30273,0.96171,5.35725,0.27328,-0.03893
7145,71463,1282,-4914,11290,255,-170,-270,-0.01411,-0.30286,0.95339,2.54046,0.10534,0.08321
7146,71473,1270,-4918,11280,59,-197,-203,-0.01484,-0.3031,0.9528,1.04427,-0.10076,0.59466
7147,71483,1246,-4886,11248,167,-181,-157,-0.01632,-0.30114,0.9509,1.8687,0.02137,0.9458
7148,71493,1204,-4838,11288,268,-171,-153,-0.01889,-0.2982,0.95327,2.63969,0.09771,0.97634
7149,71503,1204,-4864,11244,237,-157,-229,-0.01889,-0.29979,0.95066,2.40305,0.20458,0.39618
7150,71513,1220,-4886,11266,40,-163,-349,-0.01791,-0.30114,0.95197,0.89924,0.15878,-0.51985
7151,71523,1302,-4898,11248,-103,-185,-439,-0.01288,-0.30188,0.9509,-0.19237,-0.00916,-1.20687
7152,71533,1302,-4850,11164,9,-189,-489,-0.01288,-0.29893,0.9459,0.6626,-0.03969,-1.58855
7153,71543,1332,-4894,11230,235,-178,-451,-0.01104,-0.30163,0.94983,2.38779,0.04427,-1.29847
7154,71553,1270,-4870,11328,342,-156,-357,-0.01484,-0.30016,0.95565,3.20458,0.21221,-0.58092
7155,71563,1286,-4866,11280,288,-128,-297,-0.01386,-0.29991,0.9528,2.79237,0.42595,-0.1229
7156,71573,1316,-4820,11344,222,-102,-265,-0.01202,-0.29709,0.9566,2.28855,0.62443,0.12137
7157,71583,1236,-4810,11254,-131,-119,-398,-0.01693,-0.29648,0.95125,-0.40611,0.49466,-0.89389
7158,71593,1268,-4816,11252,-223,-138,-522,-0.01497,-0.29685,0.95113,-1.1084,0.34962,-1.84046
7159,71603,1284,-4868,11250,-73,-142,-556,-0.01399,-0.30004,0.95101,0.03664,0.31908,-2.1
7160,71613,1324,-4892,11228,125,-142,-530,-0.01153,-0.30151,0.94971,1.54809,0.31908,-1.90153
7161,71623,1350,-4858,11230,257,-141,-413,-0.00994,-0.29942,0.94983,2.55573,0.32672,-1.0084
7162,71633,1326,-4824,11264,383,-162,-251,-0.01141,-0.29734,0.95185,3.51756,0.16641,0.22824
7163,71643,1280,-4850,11248,557,-186,-121,-0.01423,-0.29893,0.9509,4.8458,-0.01679,1.22061
7164,71653,1268,-4806,11382,640,-181,-72,-0.01497,-0.29623,0.95886,5.47939,0.02137,1.59466
7165,71663,1228,-4802,11450,442,-182,-86,-0.01742,-0.29599,0.9629,3.96794,0.01374,1.48779
7166,71673,1310,-4810,11336,133,-198,-101,-0.01239,-0.29648,0.95612,1.60916,-0.1084,1.37328
7167,71683,1252,-4762,11376,-93,-201,-95,-0.01595,-0.29353,0.9585,-0.11603,-0.1313,1.41908
7168,71693,1216,-4846,11294,-206,-197,-143,-0.01816,-0.29869,0.95363,-0.97863,-0.10076,1.05267
7169,71703,1274,-4794,11270,-166,-184,-218,-0.0146,-0.2955,0.9522,-0.67328,-0.00153,0.48015
7170,71713,1282,-4842,11284,-22,-195,-264,-0.01411,-0.29844,0.95303,0.42595,-0.0855,0.12901
7171,71723,1270,-4798,11268,182,-198,-244,-0.01484,-0.29574,0.95208,1.98321,-0.1084,0.28168
7172,71733,1232,-4800,11348,340,-185,-247,-0.01718,-0.29586,0.95684,3.18931,-0.00916,0.25878
7173,71743,1250,-4740,11404,376,-144,-312,-0.01607,-0.29218,0.96017,3.46412,0.30382,-0.2374
7174,71753,1242,-4810,11398,169,-132,-355,-0.01656,-0.29648,0.95981,1.88397,0.39542,-0.56565
7175,71763,1258,-4776,11346,-132,-138,-351,-0.01558,-0.29439,0.95672,-0.41374,0.34962,-0.53511
7176,71773,1186,-4800,11446,-438,-146,-388,-0.02,-0.29586,0.96266,-2.74962,0.28855,-0.81756
7177,71783,1236,-4782,11406,-703,-170,-481,-0.01693,-0.29476,0.96028,-4.77252,0.10534,-1.52748
7178,71793,1356,-4786,11336,-908,-189,-509,-0.00957,-0.29501,0.95612,-6.3374,-0.03969,-1.74122
7179,71803,1324,-4820,11280,-975,-218,-365,-0.01153,-0.29709,0.9528,-6.84886,-0.26107,-0.64198
7180,71813,1260,-4870,11264,-847,-232,-256,-0.01546,-0.30016,0.95185,-5.87176,-0.36794,0.19008
7181,71823,1360,-4926,11184,-666,-249,-144,-0.00932,-0.30359,0.94709,-4.49008,-0.49771,1.04504
7182,71833,1206,-4856,11258,-438,-269,40,-0.01877,-0.2993,0.95149,-2.74962,-0.65038,2.44962
7183,71843,1262,-4874,11254,-248,-220,-18,-0.01534,-0.3004,0.95125,-1.29924,-0.27634,2.00687
7184,71853,1330,-4904,11306,-137,-177,-112,-0.01116,-0.30224,0.95434,-0.45191,0.05191,1.28931
7185,71863,1192,-4874,11304,-94,-153,-197,-0.01963,-0.3004,0.95422,-0.12366,0.23511,0.64046
7186,71873,1188,-4860,11390,-178,-133,-356,-0.01988,-0.29954,0.95933,-0.76489,0.38779,-0.57328
7187,71883,1226,-4860,11424,-523,-112,-525,-0.01754,-0.29954,0.96135,-3.39847,0.54809,-1.86336
7188,71893,1264,-4920,11308,-974,-132,-614,-0.01521,-0.30323,0.95446,-6.84122,0.39542,-2.54275
7189,71903,1292,-4924,11142,-966,-160,-526,-0.01349,-0.30347,0.9446,-6.78015,0.18168,-1.87099
7190,71913,1260,-4922,11334,-693,-169,-404,-0.01546,-0.30335,0.95601,-4.69618,0.11298,-0.93969
7191,71923,1224,-4918,11386,-882,-179,-404,-0.01767,-0.3031,0.9591,-6.13893,0.03664,-0.93969
7192,71933,1280,-4940,11272,-1281,-176,-461,-0.01423,-0.30445,0.95232,-9.18473,0.05954,-1.37481
7193,71943,1282,-5014,11228,-1420,-172,-530,-0.01411,-0.30899,0.94971,-10.2458,0.09008,-1.90153
7194,71953,1300,-5062,11174,-1284,-160,-605,-0.013,-0.31194,0.9465,-9.20763,0.18168,-2.47405
7195,71963,1332,-5048,11084,-919,-159,-512,-0.01104,-0.31108,0.94115,-6.42137,0.18931,-1.76412
7196,71973,1310,-5084,11022,-339,-185,-267,-0.01239,-0.31329,0.93747,-1.99389,-0.00916,0.10611
7197,71983,1286,-5074,11092,261,-156,-142,-0.01386,-0.31267,0.94163,2.58626,0.21221,1.06031
7198,71993,1234,-5014,11268,571,-160,-107,-0.01705,-0.30899,0.95208,4.95267,0.18168,1.32748
7199,72003,1280,-4984,11314,550,-167,-124,-0.01423,-0.30715,0.95482,4.79237,0.12824,1.19771
7200,72013,1196,-4974,11422,138,-178,-208,-0.01939,-0.30654,0.96123,1.64733,0.04427,0.55649
7201,72023,1312,-5004,11370,-440,-185,-324,-0.01227,-0.30838,0.95814,-2.76489,-0.00916,-0.32901
7202,72033,1252,-5016,11170,-733,-211,-314,-0.01595,-0.30911,0.94626,-5.00153,-0.20763,-0.25267
7203,72043,1274,-5080,11100,-524,-233,-288,-0.0146,-0.31304,0.9421,-3.40611,-0.37557,-0.0542
7204,72053,1254,-5040,11132,-150,-270,-223,-0.01583,-0.31059,0.944,-0.55115,-0.65802,0.44198
7205,72063,1250,-5038,11178,24,-284,-210,-0.01607,-0.31046,0.94674,0.7771,-0.76489,0.54122
7206,72073,1264,-5042,11174,75,-183,-353,-0.01521,-0.31071,0.9465,1.16641,0.00611,-0.55038
7207,72083,1248,-4994,11208,192,-52,-474,-0.01619,-0.30776,0.94852,2.05954,1.00611,-1.47405
7208,72093,1318,-5012,11224,239,-62,-509,-0.0119,-0.30887,0.94947,2.41832,0.92977,-1.74122
7209,72103,1352,-5020,11172,281,-111,-398,-0.00981,-0.30936,0.94638,2.73893,0.55573,-0.89389
7210,72113,1320,-5060,11168,459,-153,-183,-0.01178,-0.31181,0.94614,4.09771,0.23511,0.74733
7211,72123,1244,-4992,11266,635,-194,30,-0.01644,-0.30764,0.95197,5.44122,-0.07786,2.37328
7212,72133,1258,-5026,11298,549,-198,29,-0.01558,-0.30973,0.95387,4.78473,-0.1084,2.36565
7213,72143,1224,-4932,11376,315,-185,-87,-0.01767,-0.30396,0.9585,2.99847,-0.00916,1.48015
7214,72153,1254,-4980,11372,44,-166,-205,-0.01583,-0.30691,0.95826,0.92977,0.13588,0.57939
7215,72163,1266,-4934,11340,-185,-190,-274,-0.01509,-0.30408,0.95636,-0.81832,-0.04733,0.05267
7216,72173,1238,-4990,11242,-323,-197,-343,-0.01681,-0.30752,0.95054,-1.87176,-0.10076,-0.47405
7217,72183,1202,-5024,11146,-174,-188,-458,-0.01902,-0.3096,0.94483,-0.73435,-0.03206,-1.35191
7218,72193,1274,-4984,11280,151,-162,-529,-0.0146,-0.30715,0.9528,1.74656,0.16641,-1.89389
7219,72203,1304,-4946,11230,294,-158,-402,-0.01276,-0.30482,0.94983,2.83817,0.19695,-0.92443
7220,72213,1268,-4936,11218,429,-162,-244,-0.01497,-0.30421,0.94911,3.8687,0.16641,0.28168
7221,72223,1236,-4920,11272,668,-164,-102,-0.01693,-0.30323,0.95232,5.69313,0.15115,1.36565
7222,72233,1244,-4902,11308,756,-158,-85,-0.01644,-0.30212,0.95446,6.36489,0.19695,1.49542
7223,72243,1284,-4974,11296,187,-176,-214,-0.01399,-0.30654,0.95375,2.02137,0.05954,0.51069
7224,72253,1276,-4926,11312,-10,-177,-261,-0.01448,-0.30359,0.9547,0.51756,0.05191,0.15191
7225,72263,1288,-4898,11234,-203,-181,-315,-0.01374,-0.30188,0.95006,-0.95573,0.02137,-0.26031
7226,72273,1254,-4904,11206,-350,-174,-388,-0.01583,-0.30224,0.9484,-2.07786,0.07481,-0.81756
7227,72283,1294,-4844,11290,-343,-168,-501,-0.01337,-0.29856,0.95339,-2.02443,0.12061,-1.68015
7228,72293,1336,-4920,11174,-250,-172,-520,-0.01079,-0.30323,0.9465,-1.3145,0.09008,-1.82519
7229,72303,1324,-4972,11186,9,-171,-442,-0.01153,-0.30641,0.94721,0.6626,0.09771,-1.22977
7230,72313,1302,-4930,11244,292,-189,-228,-0.01288,-0.30384,0.95066,2.8229,-0.03969,0.40382
7231,72323,1262,-4930,11374,414,-199,-97,-0.01534,-0.30384,0.95838,3.7542,-0.11603,1.40382
7232,72333,1212,-4910,11382,326,-186,-124,-0.0184,-0.30261,0.95886,3.08244,-0.01679,1.19771
7233,72343,1234,-4884,11344,147,-172,-226,-0.01705,-0.30102,0.9566,1.71603,0.09008,0.41908
7234,72353,1228,-4914,11372,-53,-179,-312,-0.01742,-0.30286,0.95826,0.18931,0.03664,-0.2374
7235,72363,1274,-4906,11288,-116,-181,-376,-0.0146,-0.30237,0.95327,-0.2916,0.02137,-0.72595
7236,72373,1272,-4890,11250,21,-198,-368,-0.01472,-0.30139,0.95101,0.7542,-0.1084,-0.66489
7237,72383,1302,-4952,11274,152,-192,-362,-0.01288,-0.30519,0.95244,1.7542,-0.0626,-0.61908
7238,72393,1250,-4886,11286,247,-171,-288,-0.01607,-0.30114,0.95315,2.47939,0.09771,-0.0542
7239,72403,1290,-4872,11232,351,-170,-207,-0.01362,-0.30028,0.94995,3.27328,0.10534,0.56412
7240,72413,1288,-4854,11294,414,-170,-155,-0.01374,-0.29918,0.95363,3.7542,0.10534,0.96107
7241,72423,1278,-4860,11298,456,-160,-176,-0.01435,-0.29954,0.95387,4.07481,0.18168,0.80076
7242,72433,1268,-4814,11306,482,-139,-253,-0.01497,-0.29672,0.95434,4.27328,0.34198,0.21298
7243,72443,1248,-4826,11354,415,-123,-359,-0.01619,-0.29746,0.95719,3.76183,0.46412,-0.59618
7244,72453,1266,-4798,11352,329,-124,-387,-0.01509,-0.29574,0.95708,3.10534,0.45649,-0.80992
7245,72463,1316,-4834,11370,202,-160,-316,-0.01202,-0.29795,0.95814,2.13588,0.18168,-0.26794
7246,72473,1228,-4802,11410,-119,-193,-257,-0.01742,-0.29599,0.96052,-0.3145,-0.07023,0.18244
7247,72483,1234,-4812,11364,-479,-197,-279,-0.01705,-0.2966,0.95779,-3.0626,-0.10076,0.0145
7248,72493,1238,-4830,11328,-719,-211,-306,-0.01681,-0.2977,0.95565,-4.89466,-0.20763,-0.1916
7249,72503,1266,-4852,11280,-697,-212,-294,-0.01509,-0.29905,0.9528,-4.72672,-0.21527,-0.1
7250,72513,1300,-4870,11202,-499,-194,-285,-0.013,-0.30016,0.94816,-3.21527,-0.07786,-0.0313
7251,72523,1286,-4864,11218,-320,-166,-284,-0.01386,-0.29979,0.94911,-1.84885,0.13588,-0.02366
7252,72533,1290,-4876,11142,-156,-173,-250,-0.01362,-0.30053,0.9446,-0.59695,0.08244,0.23588
7253,72543,1246,-4860,11210,217,-182,-181,-0.01632,-0.29954,0.94864,2.25038,0.01374,0.7626
7254,72553,1254,-4852,11374,490,-185,-149,-0.01583,-0.29905,0.95838,4.33435,-0.00916,1.00687
7255,72563,1250,-4818,11468,201,-201,-169,-0.01607,-0.29697,0.96397,2.12824,-0.1313,0.8542
7256,72573,1254,-4838,11368,-416,-215,-227,-0.01583,-0.2982,0.95803,-2.58168,-0.23817,0.41145
7257,72583,1262,-4872,11250,-764,-251,-213,-0.01534,-0.30028,0.95101,-5.23817,-0.51298,0.51832
7258,72593,1256,-4906,11186,-592,-291,-130,-0.0157,-0.30237,0.94721,-3.92519,-0.81832,1.15191
7259,72603,1274,-4894,11274,-305,-306,-90,-0.0146,-0.30163,0.95244,-1.73435,-0.93282,1.45725
7260,72613,1232,-4862,11244,-185,-298,-38,-0.01718,-0.29967,0.95066,-0.81832,-0.87176,1.8542
7261,72623,1278,-4868,11220,-230,-267,-70,-0.01435,-0.30004,0.94923,-1.16183,-0.63511,1.60992
7262,72633,1306,-4892,11254,-234,-294,3,-0.01264,-0.30151,0.95125,-1.19237,-0.84122,2.16718
7263,72643,1290,-4870,11410,-256,-320,91,-0.01362,-0.30016,0.96052,-1.36031,-1.03969,2.83893
7264,72653,1258,-4842,11316,-494,-321,89,-0.01558,-0.29844,0.95494,-3.1771,-1.04733,2.82366
7265,72663,1248,-4876,11234,-709,-323,14,-0.01619,-0.30053,0.95006,-4.81832,-1.0626,2.25114
7266,72673,1258,-4942,11278,-791,-342,-62,-0.01558,-0.30457,0.95268,-5.44427,-1.20763,1.67099
7267,72683,1268,-4950,11176,-731,-353,-126,-0.01497,-0.30507,0.94662,-4.98626,-1.2916,1.18244
7268,72693,1236,-4994,11186,-496,-294,-192,-0.01693,-0.30776,0.94721,-3.19237,-0.84122,0.67863
7269,72703,1276,-4978,11182,-216,-222,-314,-0.01448,-0.30678,0.94697,-1.05496,-0.2916,-0.25267
7270,72713,1286,-4960,11232,-22,-163,-364,-0.01386,-0.30568,0.94995,0.42595,0.15878,-0.63435
7271,72723,1308,-4944,11252,25,-158,-354,-0.01251,-0.3047,0.95113,0.78473,0.19695,-0.55802
7272,72733,1226,-4926,11368,1,-116,-402,-0.01754,-0.30359,0.95803,0.60153,0.51756,-0.92443
7273,72743,1296,-4956,11256,-169,-58,-499,-0.01325,-0.30543,0.95137,-0.69618,0.96031,-1.66489
7274,72753,1302,-4974,11314,-326,-51,-517,-0.01288,-0.30654,0.95482,-1.89466,1.01374,-1.80229
7275,72763,1332,-4944,11290,-476,-138,-447,-0.01104,-0.3047,0.95339,-3.03969,0.34962,-1.26794
7276,72773,1296,-4974,11258,-567,-257,-319,-0.01325,-0.30654,0.95149,-3.73435,-0.55878,-0.29084
7277,72783,1290,-4936,11166,-481,-330,-261,-0.01362,-0.30421,0.94602,-3.07786,-1.11603,0.15191
7278,72793,1334,-5002,11210,-305,-316,-251,-0.01092,-0.30826,0.94864,-1.73435,-1.00916,0.22824
7279,72803,1314,-4994,11136,-51,-308,-143,-0.01214,-0.30776,0.94424,0.20458,-0.94809,1.05267
7280,72813,1324,-5022,11184,245,-212,-85,-0.01153,-0.30948,0.94709,2.46412,-0.21527,1.49542
7281,72823,1312,-4962,11220,474,-176,-1,-0.01227,-0.3058,0.94923,4.21221,0.05954,2.13664
7282,72833,1260,-4936,11286,484,-184,16,-0.01546,-0.30421,0.95315,4.28855,-0.00153,2.26641
7283,72843,1248,-4942,11260,394,-163,-78,-0.01619,-0.30457,0.95161,3.60153,0.15878,1.54885
7284,72853,1248,-4938,11312,357,-124,-163,-0.01619,-0.30433,0.9547,3.31908,0.45649,0.9
7285,72863,1222,-4904,11354,315,-143,-202,-0.01779,-0.30224,0.95719,2.99847,0.31145,0.60229
7286,72873,1282,-4930,11274,206,-173,-306,-0.01411,-0.30384,0.95244,2.16641,0.08244,-0.1916
7287,72883,1258,-4928,11264,107,-197,-378,-0.01558,-0.30372,0.95185,1.41069,-0.10076,-0.74122
7288,72893,1380,-4920,11212,140,-157,-369,-0.00809,-0.30323,0.94876,1.6626,0.20458,-0.67252
7289,72903,1316,-4876,11294,511,-148,-30,-0.01202,-0.30053,0.95363,4.49466,0.27328,1.91527
7290,72913,1312,-4888,11334,504,-203,61,-0.01227,-0.30126,0.95601,4.44122,-0.14656,2.60992
7291,72923,1240,-4862,11420,318,-231,44,-0.01669,-0.29967,0.96112,3.02137,-0.36031,2.48015
7292,72933,1220,-4884,11366,58,-228,-109,-0.01791,-0.30102,0.95791,1.03664,-0.3374,1.31221
7293,72943,1250,-4910,11336,-190,-216,-326,-0.01607,-0.30261,0.95612,-0.85649,-0.2458,-0.34427
7294,72953,1312,-4906,11234,-412,-268,-428,-0.01227,-0.30237,0.95006,-2.55115,-0.64275,-1.1229
7295,72963,1296,-4882,11162,-367,-325,-335,-0.01325,-0.30089,0.94579,-2.20763,-1.07786,-0.41298
7296,72973,1274,-4872,11156,34,-307,-179,-0.0146,-0.30028,0.94543,0.85344,-0.94046,0.77786
7297,72983,1304,-4858,11208,438,-286,-63,-0.01276,-0.29942,0.94852,3.9374,-0.78015,1.66336
7298,72993,1312,-4864,11260,671,-207,5,-0.01227,-0.29979,0.95161,5.71603,-0.1771,2.18244
7299,73003,1318,-4848,11340,801,-158,-5,-0.0119,-0.29881,0.95636,6.7084,0.19695,2.10611
7300,73013,1292,-4836,11372,681,-166,-85,-0.01349,-0.29807,0.95826,5.79237,0.13588,1.49542
7301,73023,1324,-4864,11364,372,-204,-169,-0.01153,-0.29979,0.95779,3.43359,-0.1542,0.8542
7302,73033,1288,-4792,11340,204,-168,-252,-0.01374,-0.29537,0.95636,2.15114,0.12061,0.22061
7303,73043,1266,-4824,11382,36,-184,-287,-0.01509,-0.29734,0.95886,0.8687,-0.00153,-0.04656
7304,73053,1308,-4862,11304,-157,-194,-312,-0.01251,-0.29967,0.95422,-0.60458,-0.07786,-0.2374
7305,73063,1326,-4844,11286,-198,-214,-329,-0.01141,-0.29856,0.95315,-0.91756,-0.23053,-0.36718
7306,73073,1302,-4876,11180,-79,-252,-284,-0.01288,-0.30053,0.94686,-0.00916,-0.52061,-0.02366
7307,73083,1320,-4864,11200,150,-228,-258,-0.01178,-0.29979,0.94804,1.73893,-0.3374,0.17481
7308,73093,1330,-4782,11320,430,-195,-281,-0.01116,-0.29476,0.95517,3.87634,-0.0855,-0.00076
7309,73103,1350,-4770,11352,633,-118,-299,-0.00994,-0.29402,0.95708,5.42595,0.50229,-0.13817
7310,73113,1280,-4750,11242,658,-94,-228,-0.01423,-0.2928,0.95054,5.61679,0.6855,0.40382
7311,73123,1286,-4768,11360,614,-56,-209,-0.01386,-0.2939,0.95755,5.28092,0.97557,0.54885
7312,73133,1274,-4760,11312,467,-9,-268,-0.0146,-0.29341,0.9547,4.15878,1.33435,0.09847
7313,73143,1290,-4738,11460,224,-4,-306,-0.01362,-0.29206,0.96349,2.30382,1.37252,-0.1916
7314,73153,1292,-4744,11412,-9,-79,-269,-0.01349,-0.29243,0.96064,0.52519,0.8,0.09084
7315,73163,1280,-4732,11394,-200,-169,-214,-0.01423,-0.29169,0.95957,-0.93282,0.11298,0.51069
7316,73173,1294,-4778,11280,-341,-224,-216,-0.01337,-0.29451,0.9528,-2.00916,-0.30687,0.49542
7317,73183,1298,-4792,11224,-196,-232,-191,-0.01313,-0.29537,0.94947,-0.90229,-0.36794,0.68626
7318,73193,1208,-4770,11238,115,-202,-157,-0.01865,-0.29402,0.9503,1.47176,-0.13893,0.9458
7319,73203,1250,-4774,11314,356,-121,-240,-0.01607,-0.29427,0.95482,3.31145,0.47939,0.31221
7320,73213,1268,-4716,11282,476,-82,-340,-0.01497,-0.29071,0.95292,4.22748,0.7771,-0.45115
7321,73223,1356,-4740,11324,513,-107,-341,-0.00957,-0.29218,0.95541,4.50992,0.58626,-0.45878
7322,73233,1352,-4712,11378,536,-135,-292,-0.00981,-0.29047,0.95862,4.6855,0.37252,-0.08473
7323,73243,1286,-4660,11410,424,-152,-182,-0.01386,-0.28728,0.96052,3.83053,0.24275,0.75496
7324,73253,1280,-4678,11390,254,-194,-55,-0.01423,-0.28838,0.95933,2.53282,-0.07786,1.72443
7325,73263,1250,-4706,11354,117,-211,-27,-0.01607,-0.2901,0.95719,1.48702,-0.20763,1.93817
7326,73273,1322,-4702,11286,58,-217,-47,-0.01165,-0.28985,0.95315,1.03664,-0.25344,1.7855
7327,73283,1270,-4714,11268,175,-237,0,-0.01484,-0.29059,0.95208,1.92977,-0.40611,2.14427
7328,73293,1266,-4684,11256,396,-250,26,-0.01509,-0.28875,0.95137,3.61679,-0.50534,2.34275
7329,73303,1272,-4664,11298,650,-205,-116,-0.01472,-0.28752,0.95387,5.55573,-0.16183,1.25878
7330,73313,1240,-4618,11316,806,-172,-160,-0.01669,-0.2847,0.95494,6.74656,0.09008,0.9229
7331,73323,1284,-4662,11312,907,-192,-61,-0.01399,-0.2874,0.9547,7.51756,-0.0626,1.67863
7332,73333,1258,-4582,11308,1201,-204,39,-0.01558,-0.28249,0.95446,9.76183,-0.1542,2.44198
7333,73343,1258,-4610,11344,1417,-208,52,-0.01558,-0.28421,0.9566,11.41069,-0.18473,2.54122
7334,73353,1262,-4554,11468,1370,-188,3,-0.01534,-0.28077,0.96397,11.05191,-0.03206,2.16718
7335,73363,1262,-4542,11362,1214,-186,-15,-0.01534,-0.28004,0.95767,9.86107,-0.01679,2.02977
7336,73373,1256,-4528,11284,1369,-164,-73,-0.0157,-0.27918,0.95303,11.04428,0.15115,1.58702
7337,73383,1250,-4426,11342,1745,-106,-211,-0.01607,-0.27292,0.95648,13.9145,0.59389,0.53359
7338,73393,1242,-4376,11328,2004,-102,-249,-0.01656,-0.26986,0.95565,15.8916,0.62443,0.24351
7339,73403,1212,-4382,11182,2373,-77,-352,-0.0184,-0.27022,0.94697,18.7084,0.81527,-0.54275
7340,73413,1262,-4304,11124,3018,-44,-495,-0.01534,-0.26544,0.94353,23.63206,1.06718,-1.63435
7341,73423,1130,-4268,11432,3704,-17,-649,-0.02344,-0.26323,0.96183,28.8687,1.27328,-2.80992
7342,73433,1124,-4122,11328,4309,46,-992,-0.0238,-0.25428,0.95565,33.48702,1.7542,-5.42824
7343,73443,1150,-4030,11604,4769,181,-1544,-0.02221,-0.24863,0.97205,36.99847,2.78473,-9.64198
7344,73453,1262,-3924,11770,4518,283,-1936,-0.01534,-0.24213,0.98191,35.08244,3.56336,-12.63435
7345,73463,1142,-3812,11844,3720,361,-2194,-0.0227,-0.23526,0.98631,28.99084,4.15878,-14.60382
7346,73473,1170,-3794,11622,2877,418,-2523,-0.02098,-0.23416,0.97312,22.55573,4.59389,-17.11527
7347,73483,1320,-3776,11186,3054,488,-2767,-0.01178,-0.23305,0.94721,23.90687,5.12824,-18.97786
7348,73493,1272,-3702,11122,4685,545,-2673,-0.01472,-0.22851,0.94341,36.35725,5.56336,-18.26031
7349,73503,1326,-3568,11228,6448,411,-2494,-0.01141,-0.22029,0.94971,49.81527,4.54046,-16.89389
7350,73513,1288,-3326,11486,7969,321,-2430,-0.01374,-0.20545,0.96504,61.42595,3.85344,-16.40534
7351,73523,1210,-3102,11706,8896,368,-2442,-0.01853,-0.19171,0.97811,68.50229,4.21221,-16.49695
7352,73533,1382,-2864,11912,9051,277,-2341,-0.00797,-0.17711,0.99035,69.68549,3.51756,-15.72596
7353,73543,1352,-2634,11910,8771,108,-1909,-0.00981,-0.163,0.99023,67.54809,2.22748,-12.42824
7354,73553,1388,-2520,11486,9329,-141,-1159,-0.0076,-0.15601,0.96504,71.80763,0.32672,-6.70305
7355,73563,1386,-2148,11590,10517,-252,-414,-0.00773,-0.13319,0.97122,80.87634,-0.52061,-1.01603
7356,73573,1314,-1880,11418,12036,-175,9,-0.01214,-0.11675,0.961,92.47176,0.06718,2.21298
7357,73583,1214,-1200,14520,14130,-17,231,-0.01828,-0.07504,1.14532,108.45649,1.27328,3.90763
7358,73593,1102,-1368,13078,9337,292,408,-0.02515,-0.08534,1.05963,71.8687,3.63206,5.25878
7359,73603,1182,-1270,12072,4224,-94,283,-0.02024,-0.07933,0.99986,32.83817,0.6855,4.30458
7360,73613,1150,-1232,11788,3450,-151,152,-0.02221,-0.077,0.98298,26.92977,0.25038,3.30458
7361,73623,1222,-1076,11990,4035,30,-141,-0.01779,-0.06743,0.99498,31.39542,1.63206,1.06794
7362,73633,802,-986,12230,4478,133,-542,-0.04356,-0.06191,1.00925,34.7771,2.41832,-1.99313
7363,73643,1546,-1212,12096,4058,323,-2072,0.00209,-0.07577,1.00128,31.57099,3.8687,-13.67252
7364,73653,1504,-1106,11992,3721,-58,-897,-0.00048,-0.06927,0.9951,28.99847,0.96031,-4.70305
7365,73663,1240,-930,12096,3356,-492,608,-0.01669,-0.05848,1.00128,26.21221,-2.35267,6.7855
7366,73673,1226,-814,12010,2957,-512,923,-0.01754,-0.05136,0.99617,23.16641,-2.50534,9.19008
7367,73683,1092,-780,12128,2965,-396,1008,-0.02577,-0.04927,1.00318,23.22748,-1.61985,9.83893
7368,73693,1082,-712,11800,2907,-128,756,-0.02638,-0.0451,0.9837,22.78473,0.42595,7.91527
7369,73703,-966,-138,12916,3517,224,5,-0.15206,-0.00989,1.05001,27.44122,3.11298,2.18244
7370,73713,1722,-794,12278,2442,-584,-3821,0.01289,-0.05013,1.0121,19.23512,-3.05496,-27.02366
7371,73723,1632,-632,12078,1306,-720,-2272,0.00737,-0.0402,1.00021,10.56336,-4.09313,-15.19924
7372,73733,1256,-536,12030,999,-501,-602,-0.0157,-0.03431,0.99736,8.21985,-2.42137,-2.45115
7373,73743,1260,-466,11962,1032,-367,-362,-0.01546,-0.03001,0.99332,8.47176,-1.39847,-0.61908
7374,73753,1238,-474,12062,991,-316,-367,-0.01681,-0.0305,0.99926,8.15878,-1.00916,-0.65725
7375,73763,1184,-390,11970,911,-259,-471,-0.02012,-0.02535,0.9938,7.54809,-0.57405,-1.45115
7376,73773,1192,-388,11992,940,-209,-578,-0.01963,-0.02523,0.9951,7.76947,-0.19237,-2.26794
7377,73783,1226,-416,11962,1013,-205,-619,-0.01754,-0.02695,0.99332,8.32672,-0.16183,-2.58092
7378,73793,1284,-396,11914,1163,-249,-474,-0.01399,-0.02572,0.99047,9.47176,-0.49771,-1.47405
7379,73803,1240,-350,11908,1331,-271,-303,-0.01669,-0.0229,0.99011,10.7542,-0.66565,-0.1687
7380,73813,1192,-328,12110,1451,-250,-240,-0.01963,-0.02155,1.00212,11.67023,-0.50534,0.31221
7381,73823,1244,-284,12026,1250,-245,-277,-0.01644,-0.01885,0.99712,10.13588,-0.46718,0.02977
7382,73833,1174,-258,11974,1144,-238,-401,-0.02074,-0.01726,0.99403,9.32672,-0.41374,-0.91679
7383,73843,514,-2,12128,746,-212,-621,-0.06124,-0.00155,1.00318,6.28855,-0.21527,-2.59618
7384,73853,1376,-218,12034,67,-215,-2861,-0.00834,-0.0148,0.9976,1.10534,-0.23817,-19.69542
7385,73863,1430,-250,11950,-7,-274,-3290,-0.00503,-0.01676,0.99261,0.54046,-0.68855,-22.97023
7386,73873,1380,-272,12018,-36,-293,-2683,-0.00809,-0.01811,0.99665,0.31908,-0.83359,-18.33664
7387,73883,1400,-362,11962,-49,-289,-2088,-0.00687,-0.02363,0.99332,0.21985,-0.80305,-13.79466
7388,73893,1400,-314,11988,-52,-279,-1450,-0.00687,-0.02069,0.99487,0.19695,-0.72672,-8.92443
7389,73903,1272,-222,11986,-55,-247,-1014,-0.01472,-0.01505,0.99475,0.17405,-0.48244,-5.59618
7390,73913,1210,-242,12008,-59,-227,-879,-0.01853,-0.01627,0.99605,0.14351,-0.32977,-4.56565
7391,73923,1332,-262,11986,-65,-201,-825,-0.01104,-0.0175,0.99475,0.09771,-0.1313,-4.15343
7392,73933,1206,-202,12030,-54,-141,-721,-0.01877,-0.01382,0.99736,0.18168,0.32672,-3.35954
7393,73943,1278,-242,12074,-38,-136,-897,-0.01435,-0.01627,0.99998,0.30382,0.36489,-4.70305
7394,73953,1292,-228,12054,-83,-188,-846,-0.01349,-0.01541,0.99879,-0.03969,-0.03206,-4.31374
7395,73963,1296,-264,12000,-108,-203,-623,-0.01325,-0.01762,0.99558,-0.23053,-0.14656,-2.61145
7396,73973,1294,-246,11984,-89,-188,-443,-0.01337,-0.01652,0.99463,-0.0855,-0.03206,-1.2374
7397,73983,1232,-232,11950,-87,-189,-371,-0.01718,-0.01566,0.99261,-0.07023,-0.03969,-0.68779
7398,73993,1274,-214,12008,-105,-211,-342,-0.0146,-0.01456,0.99605,-0.20763,-0.20763,-0.46641
7399,74003,1260,-228,12010,-107,-230,-325,-0.01546,-0.01541,0.99617,-0.2229,-0.35267,-0.33664
7400,74013,1294,-220,12004,-106,-232,-321,-0.01337,-0.01492,0.99582,-0.21527,-0.36794,-0.30611
7401,74023,1234,-264,11974,-98,-233,-316,-0.01705,-0.01762,0.99403,-0.1542,-0.37557,-0.26794
7402,74033,1284,-254,11986,-102,-226,-293,-0.01399,-0.01701,0.99475,-0.18473,-0.32214,-0.09237
7403,74043,1236,-204,11992,-81,-193,-293,-0.01693,-0.01394,0.9951,-0.02443,-0.07023,-0.09237
7404,74053,1260,-188,11990,-71,-162,-316,-0.01546,-0.01296,0.99498,0.05191,0.16641,-0.26794
7405,74063,1222,-242,12050,-69,-153,-326,-0.01779,-0.01627,0.99855,0.06718,0.23511,-0.34427
7406,74073,1178,-232,11950,-64,-137,-333,-0.02049,-0.01566,0.99261,0.10534,0.35725,-0.39771
7407,74083,1232,-242,11986,-53,-149,-320,-0.01718,-0.01627,0.99475,0.18931,0.26565,-0.29847
7408,74093,1244,-238,11918,-70,-161,-298,-0.01644,-0.01603,0.99071,0.05954,0.17405,-0.13053
7409,74103,1236,-252,11986,-70,-170,-270,-0.01693,-0.01689,0.99475,0.05954,0.10534,0.08321
7410,74113,1220,-166,12020,-81,-177,-227,-0.01791,-0.01161,0.99677,-0.02443,0.05191,0.41145
7411,74123,1206,-170,11998,-77,-184,-188,-0.01877,-0.01186,0.99546,0.00611,-0.00153,0.70916
7412,74133,1174,-216,11996,-70,-171,-172,-0.02074,-0.01468,0.99534,0.05954,0.09771,0.8313
7413,74143,1232,-204,11990,-60,-164,-190,-0.01718,-0.01394,0.99498,0.13588,0.15115,0.69389
7414,74153,1222,-236,12026,-64,-188,-215,-0.01779,-0.01591,0.99712,0.10534,-0.03206,0.50305
7415,74163,1274,-240,11928,-86,-214,-221,-0.0146,-0.01615,0.9913,-0.0626,-0.23053,0.45725
7416,74173,1300,-222,12002,-89,-222,-191,-0.013,-0.01505,0.9957,-0.0855,-0.2916,0.68626
7417,74183,1228,-176,12010,-89,-189,-111,-0.01742,-0.01223,0.99617,-0.0855,-0.03969,1.29695
7418,74193,1254,-202,11990,-91,-182,-44,-0.01583,-0.01382,0.99498,-0.10076,0.01374,1.8084
7419,74203,1274,-204,11992,-112,-224,-87,-0.0146,-0.01394,0.9951,-0.26107,-0.30687,1.48015
7420,74213,1264,-228,12074,-107,-243,-181,-0.01521,-0.01541,0.99998,-0.2229,-0.45191,0.7626
7421,74223,1200,-236,12092,-107,-291,-274,-0.01914,-0.01591,1.00105,-0.2229,-0.81832,0.05267
7422,74233,1274,-272,11972,-107,-296,-315,-0.0146,-0.01811,0.99392,-0.2229,-0.85649,-0.26031
7423,74243,1260,-226,12010,-117,-357,-324,-0.01546,-0.01529,0.99617,-0.29924,-1.32214,-0.32901
7424,74253,1218,-184,12058,-108,-384,-317,-0.01804,-0.01272,0.99903,-0.23053,-1.52824,-0.27557
7425,74263,1216,-198,12068,-87,-449,-305,-0.01816,-0.01357,0.99962,-0.07023,-2.02443,-0.18397
7426,74273,1254,-192,12086,-35,-696,-284,-0.01583,-0.01321,1.00069,0.32672,-3.90992,-0.02366
7427,74283,1274,-224,12036,-31,-585,-253,-0.0146,-0.01517,0.99772,0.35725,-3.0626,0.21298
7428,74293,1306,-228,12012,-33,-437,-234,-0.01264,-0.01541,0.99629,0.34198,-1.93282,0.35802
7429,74303,1296,-256,12034,-22,-347,-225,-0.01325,-0.01713,0.9976,0.42595,-1.2458,0.42672
7430,74313,1308,-190,11960,-26,-340,-214,-0.01251,-0.01308,0.9932,0.39542,-1.19237,0.51069
7431,74323,1272,-182,12008,-34,-451,-213,-0.01472,-0.01259,0.99605,0.33435,-2.03969,0.51832
7432,74333,1290,-204,12108,-36,-512,-209,-0.01362,-0.01394,1.002,0.31908,-2.50534,0.54885
7433,74343,1352,-204,11972,-44,-508,-193,-0.00981,-0.01394,0.99392,0.25802,-2.47481,0.67099
7434,74353,1344,-170,12072,-64,-366,-122,-0.0103,-0.01186,0.99986,0.10534,-1.39084,1.21298
7435,74363,1360,-240,12108,-47,-287,-28,-0.00932,-0.01615,1.002,0.23511,-0.78779,1.93053
7436,74373,1308,-194,12034,-20,-238,75,-0.01251,-0.01333,0.9976,0.44122,-0.41374,2.71679
7437,74383,1310,-254,12076,-15,-201,198,-0.01239,-0.01701,1.0001,0.47939,-0.1313,3.65573
7438,74393,1320,-216,12050,-20,-197,222,-0.01178,-0.01468,0.99855,0.44122,-0.10076,3.83893
7439,74403,1288,-214,12034,-33,-182,72,-0.01374,-0.01456,0.9976,0.34198,0.01374,2.69389
7440,74413,1352,-192,12062,-1,-128,-194,-0.00981,-0.01321,0.99926,0.58626,0.42595,0.66336
7441,74423,1342,-188,12068,-26,-105,-215,-0.01043,-0.01296,0.99962,0.39542,0.60153,0.50305
7442,74433,1320,-222,12096,-52,-117,-211,-0.01178,-0.01505,1.00128,0.19695,0.50992,0.53359
7443,74443,1332,-238,12058,-68,-138,-190,-0.01104,-0.01603,0.99903,0.07481,0.34962,0.69389
7444,74453,1318,-216,12008,-62,-145,-162,-0.0119,-0.01468,0.99605,0.12061,0.29618,0.90763
7445,74463,1312,-222,12052,-64,-154,-127,-0.01227,-0.01505,0.99867,0.10534,0.22748,1.17481
7446,74473,1304,-268,12126,-60,-192,-93,-0.01276,-0.01787,1.00307,0.13588,-0.0626,1.43435
7447,74483,1294,-240,12072,-55,-235,-91,-0.01337,-0.01615,0.99986,0.17405,-0.39084,1.44962
7448,74493,1282,-186,12118,-43,-243,-111,-0.01411,-0.01284,1.00259,0.26565,-0.45191,1.29695
7449,74503,1316,-188,12040,-33,-226,-110,-0.01202,-0.01296,0.99796,0.34198,-0.32214,1.30458
7450,74513,1322,-194,12022,-36,-218,-98,-0.01165,-0.01333,0.99689,0.31908,-0.26107,1.39618
7451,74523,1316,-232,12054,-33,-198,-78,-0.01202,-0.01566,0.99879,0.34198,-0.1084,1.54885
7452,74533,1350,-208,12050,-26,-197,-63,-0.00994,-0.01419,0.99855,0.39542,-0.10076,1.66336
7453,74543,1332,-222,12046,-23,-186,-56,-0.01104,-0.01505,0.99831,0.41832,-0.01679,1.71679
7454,74553,1318,-224,12018,-21,-208,-66,-0.0119,-0.01517,0.99665,0.43359,-0.18473,1.64046
7455,74563,1340,-208,12074,-30,-223,-73,-0.01055,-0.01419,0.99998,0.36489,-0.29924,1.58702
7456,74573,1332,-192,12028,-20,-227,-51,-0.01104,-0.01321,0.99724,0.44122,-0.32977,1.75496
7457,74583,1316,-192,12070,-18,-198,26,-0.01202,-0.01321,0.99974,0.45649,-0.1084,2.34275
7458,74593,1372,-176,12084,-13,-178,116,-0.00859,-0.01223,1.00057,0.49466,0.04427,3.02977
7459,74603,1306,-248,12062,-8,-170,185,-0.01264,-0.01664,0.99926,0.53282,0.10534,3.55649
7460,74613,1278,-220,12032,-13,-175,34,-0.01435,-0.01492,0.99748,0.49466,0.06718,2.40382
7461,74623,1296,-214,12016,-26,-173,-14,-0.01325,-0.01456,0.99653,0.39542,0.08244,2.0374
7462,74633,1306,-202,12082,-16,-166,-73,-0.01264,-0.01382,1.00045,0.47176,0.13588,1.58702
7463,74643,1342,-204,12054,-18,-151,-97,-0.01043,-0.01394,0.99879,0.45649,0.25038,1.40382
7464,74653,1326,-214,11998,-18,-129,-81,-0.01141,-0.01456,0.99546,0.45649,0.41832,1.52595
7465,74663,1298,-224,12048,-20,-121,-12,-0.01313,-0.01517,0.99843,0.44122,0.47939,2.05267
7466,74673,1304,-250,12046,-22,-116,20,-0.01276,-0.01676,0.99831,0.42595,0.51756,2.29695
7467,74683,1304,-184,12080,-19,-134,-34,-0.01276,-0.01272,1.00033,0.44885,0.38015,1.88473
7468,74693,1304,-190,12092,-14,-178,-135,-0.01276,-0.01308,1.00105,0.48702,0.04427,1.11374
7469,74703,1292,-202,12058,-12,-159,-199,-0.01349,-0.01382,0.99903,0.50229,0.18931,0.62519
7470,74713,1266,-200,12046,-17,-127,-208,-0.01509,-0.0137,0.99831,0.46412,0.43359,0.55649
7471,74723,1338,-176,12040,-18,-162,-197,-0.01067,-0.01223,0.99796,0.45649,0.16641,0.64046
7472,74733,1328,-154,11986,-35,-234,-197,-0.01129,-0.01088,0.99475,0.32672,-0.38321,0.64046
7473,74743,1364,-214,12006,-33,-238,-204,-0.00908,-0.01456,0.99594,0.34198,-0.41374,0.58702
7474,74753,1334,-190,11984,-31,-226,-198,-0.01092,-0.01308,0.99463,0.35725,-0.32214,0.63282
7475,74763,1344,-226,12006,-30,-216,-196,-0.0103,-0.01529,0.99594,0.36489,-0.2458,0.64809
7476,74773,1366,-200,12090,-29,-184,-193,-0.00895,-0.0137,1.00093,0.37252,-0.00153,0.67099
7477,74783,1318,-236,12040,-18,-141,-177,-0.0119,-0.01591,0.99796,0.45649,0.32672,0.79313
7478,74793,1322,-182,12060,-9,-84,-139,-0.01165,-0.01259,0.99914,0.52519,0.76183,1.08321
7479,74803,1282,-214,12062,1,-14,-70,-0.01411,-0.01456,0.99926,0.60153,1.29618,1.60992
7480,74813,1356,-182,12044,-1,10,154,-0.00957,-0.01259,0.99819,0.58626,1.47939,3.31985
7481,74823,1318,-186,12070,-4,-27,320,-0.0119,-0.01284,0.99974,0.56336,1.19695,4.58702
7482,74833,1292,-178,12034,-37,-186,-42,-0.01349,-0.01235,0.9976,0.31145,-0.01679,1.82366
7483,74843,1262,-182,12044,-36,-196,-109,-0.01534,-0.01259,0.99819,0.31908,-0.09313,1.31221
7484,74853,1286,-188,12058,-33,-203,-93,-0.01386,-0.01296,0.99903,0.34198,-0.14656,1.43435
7485,74863,1282,-174,12134,-32,-213,-155,-0.01411,-0.0121,1.00354,0.34962,-0.2229,0.96107
7486,74873,1290,-190,12072,-31,-207,-216,-0.01362,-0.01308,0.99986,0.35725,-0.1771,0.49542
7487,74883,1276,-180,12066,-34,-164,-232,-0.01448,-0.01247,0.9995,0.33435,0.15115,0.37328
7488,74893,1266,-142,12042,-43,-165,-240,-0.01509,-0.01014,0.99807,0.26565,0.14351,0.31221
7489,74903,1330,-224,12046,-46,-208,-242,-0.01116,-0.01517,0.99831,0.24275,-0.18473,0.29695
7490,74913,1330,-186,12076,-43,-212,-249,-0.01116,-0.01284,1.0001,0.26565,-0.21527,0.24351
7491,74923,1276,-182,12034,-41,-207,-237,-0.01448,-0.01259,0.9976,0.28092,-0.1771,0.33511
7492,74933,1284,-150,11978,-35,-184,-227,-0.01399,-0.01063,0.99427,0.32672,-0.00153,0.41145
7493,74943,1318,-168,12080,-38,-183,-227,-0.0119,-0.01173,1.00033,0.30382,0.00611,0.41145
7494,74953,1270,-136,12036,-35,-179,-222,-0.01484,-0.00977,0.99772,0.32672,0.03664,0.44962
7495,74963,1252,-196,12018,-29,-128,-235,-0.01595,-0.01345,0.99665,0.37252,0.42595,0.35038
7496,74973,1296,-190,12066,-19,-71,-232,-0.01325,-0.01308,0.9995,0.44885,0.86107,0.37328
7497,74983,1312,-164,12036,-16,-22,-231,-0.01227,-0.01149,0.99772,0.47176,1.23511,0.38092
7498,74993,1310,-146,12026,-22,-26,-232,-0.01239,-0.01038,0.99712,0.42595,1.20458,0.37328
7499,75003,1280,-164,12032,-26,-30,-235,-0.01423,-0.01149,0.99748,0.39542,1.17405,0.35038
7500,75013,1272,-150,12092,-37,12,-238,-0.01472,-0.01063,1.00105,0.31145,1.49466,0.32748
7501,75023,1268,-134,12042,-46,-74,-239,-0.01497,-0.00965,0.99807,0.24275,0.83817,0.31985
7502,75033,1228,-198,12164,-51,-164,-235,-0.01742,-0.01357,1.00532,0.20458,0.15115,0.35038
7503,75043,1274,-200,12006,-63,-207,-234,-0.0146,-0.0137,0.99594,0.11298,-0.1771,0.35802
7504,75053,1272,-148,12082,-58,-188,-235,-0.01472,-0.01051,1.00045,0.15115,-0.03206,0.35038
7505,75063,1210,-214,12056,-56,-198,-227,-0.01853,-0.01456,0.99891,0.16641,-0.1084,0.41145
7506,75073,1252,-172,12064,-48,-229,-236,-0.01595,-0.01198,0.99938,0.22748,-0.34504,0.34275
7507,75083,1266,-154,12036,-45,-207,-236,-0.01509,-0.01088,0.99772,0.25038,-0.1771,0.34275
7508,75093,1230,-218,12098,-34,-123,-242,-0.0173,-0.0148,1.0014,0.33435,0.46412,0.29695
7509,75103,1262,-170,12002,-31,-74,-238,-0.01534,-0.01186,0.9957,0.35725,0.83817,0.32748
7510,75113,1206,-166,12042,-49,-113,-238,-0.01877,-0.01161,0.99807,0.21985,0.54046,0.32748
7511,75123,1266,-174,12080,-51,-158,-237,-0.01509,-0.0121,1.00033,0.20458,0.19695,0.33511
7512,75133,1250,-158,12048,-56,-156,-225,-0.01607,-0.01112,0.99843,0.16641,0.21221,0.42672
7513,75143,1276,-164,12044,-56,-155,-222,-0.01448,-0.01149,0.99819,0.16641,0.21985,0.44962
7514,75153,1236,-160,12110,-58,-174,-232,-0.01693,-0.01124,1.00212,0.15115,0.07481,0.37328
7515,75163,1218,-174,11986,-55,-166,-223,-0.01804,-0.0121,0.99475,0.17405,0.13588,0.44198
7516,75173,1180,-154,12068,-62,-142,-229,-0.02037,-0.01088,0.99962,0.12061,0.31908,0.39618
7517,75183,1250,-134,12114,-59,-120,-227,-0.01607,-0.00965,1.00235,0.14351,0.48702,0.41145
7518,75193,1268,-182,12076,-55,-127,-220,-0.01497,-0.01259,1.0001,0.17405,0.43359,0.46489
7519,75203,1260,-130,12078,-53,-130,-213,-0.01546,-0.0094,1.00021,0.18931,0.41069,0.51832
7520,75213,1248,-164,12102,-60,-77,-200,-0.01619,-0.01149,1.00164,0.13588,0.81527,0.61756
7521,75223,1256,-176,12004,-64,-45,-176,-0.0157,-0.01223,0.99582,0.10534,1.05954,0.80076
7522,75233,1230,-198,12094,-63,-91,-153,-0.0173,-0.01357,1.00116,0.11298,0.7084,0.97634
7523,75243,1236,-166,12100,-49,-157,-138,-0.01693,-0.01161,1.00152,0.21985,0.20458,1.09084
7524,75253,1234,-186,12062,-54,-155,-132,-0.01705,-0.01284,0.99926,0.18168,0.21985,1.13664
7525,75263,1270,-164,12114,-57,-149,-146,-0.01484,-0.01149,1.00235,0.15878,0.26565,1.02977
7526,75273,1244,-134,12060,-54,-138,-174,-0.01644,-0.00965,0.99914,0.18168,0.34962,0.81603
7527,75283,1266,-182,12022,-53,-128,-192,-0.01509,-0.01259,0.99689,0.18931,0.42595,0.67863
7528,75293,1230,-194,12056,-65,-107,-215,-0.0173,-0.01333,0.99891,0.09771,0.58626,0.50305
7529,75303,1240,-184,11966,-65,-117,-226,-0.01669,-0.01272,0.99356,0.09771,0.50992,0.41908
7530,75313,1250,-166,12038,-52,-169,-227,-0.01607,-0.01161,0.99784,0.19695,0.11298,0.41145
7531,75323,1290,-178,12086,-55,-184,-233,-0.01362,-0.01235,1.00069,0.17405,-0.00153,0.36565
7532,75333,1238,-154,12062,-60,-189,-230,-0.01681,-0.01088,0.99926,0.13588,-0.03969,0.38855
7533,75343,1256,-190,12028,-58,-247,-230,-0.0157,-0.01308,0.99724,0.15115,-0.48244,0.38855
7534,75353,1268,-162,12014,-29,-341,-218,-0.01497,-0.01137,0.99641,0.37252,-1.2,0.48015
7535,75363,1236,-156,12062,-8,-369,-224,-0.01693,-0.011,0.99926,0.53282,-1.41374,0.43435
7536,75373,1282,-152,12012,-25,-325,-223,-0.01411,-0.01075,0.99629,0.40305,-1.07786,0.44198
7537,75383,1254,-158,12102,-38,-242,-221,-0.01583,-0.01112,1.00164,0.30382,-0.44427,0.45725
7538,75393,1254,-160,12076,-45,-194,-229,-0.01583,-0.01124,1.0001,0.25038,-0.07786,0.39618
7539,75403,1244,-154,12040,-54,-175,-227,-0.01644,-0.01088,0.99796,0.18168,0.06718,0.41145
7540,75413,1240,-150,12038,-52,-178,-234,-0.01669,-0.01063,0.99784,0.19695,0.04427,0.35802
7541,75423,1258,-170,12038,-45,-231,-234,-0.01558,-0.01186,0.99784,0.25038,-0.36031,0.35802
7542,75433,1236,-130,12064,-44,-269,-240,-0.01693,-0.0094,0.99938,0.25802,-0.65038,0.31221
7543,75443,1230,-174,12042,-51,-261,-233,-0.0173,-0.0121,0.99807,0.20458,-0.58931,0.36565
7544,75453,1298,-154,12026,-57,-246,-237,-0.01313,-0.01088,0.99712,0.15878,-0.47481,0.33511
7545,75463,1236,-158,12106,-52,-184,-226,-0.01693,-0.01112,1.00188,0.19695,-0.00153,0.41908
7546,75473,1270,-150,12068,-60,-168,-229,-0.01484,-0.01063,0.99962,0.13588,0.12061,0.39618
7547,75483,1276,-180,12132,-56,-178,-230,-0.01448,-0.01247,1.00342,0.16641,0.04427,0.38855
7548,75493,1242,-134,12032,-47,-201,-239,-0.01656,-0.00965,0.99748,0.23511,-0.1313,0.31985
7549,75503,1286,-146,12082,-43,-183,-245,-0.01386,-0.01038,1.00045,0.26565,0.00611,0.27405
7550,75513,1264,-214,12068,-46,-193,-244,-0.01521,-0.01456,0.99962,0.24275,-0.07023,0.28168
7551,75523,1266,-192,12066,-42,-194,-243,-0.01509,-0.01321,0.9995,0.27328,-0.07786,0.28931
7552,75533,1266,-178,12052,-42,-183,-239,-0.01509,-0.01235,0.99867,0.27328,0.00611,0.31985
7553,75543,1296,-162,12018,-41,-189,-239,-0.01325,-0.01137,0.99665,0.28092,-0.03969,0.31985
7554,75553,1290,-196,11982,-40,-194,-245,-0.01362,-0.01345,0.99451,0.28855,-0.07786,0.27405
7555,75563,1284,-188,12080,-42,-196,-243,-0.01399,-0.01296,1.00033,0.27328,-0.09313,0.28931
7556,75573,1280,-160,12012,-45,-188,-244,-0.01423,-0.01124,0.99629,0.25038,-0.03206,0.28168
7557,75583,1276,-192,12066,-47,-192,-248,-0.01448,-0.01321,0.9995,0.23511,-0.0626,0.25115
7558,75593,1254,-188,12002,-43,-208,-244,-0.01583,-0.01296,0.9957,0.26565,-0.18473,0.28168
7559,75603,1254,-192,12114,-45,-210,-248,-0.01583,-0.01321,1.00235,0.25038,-0.2,0.25115
7560,75613,1264,-166,12088,-47,-214,-252,-0.01521,-0.01161,1.00081,0.23511,-0.23053,0.22061
7561,75623,1270,-140,12060,-39,-227,-260,-0.01484,-0.01002,0.99914,0.29618,-0.32977,0.15954
7562,75633,1220,-168,12052,-41,-227,-264,-0.01791,-0.01173,0.99867,0.28092,-0.32977,0.12901
7563,75643,1262,-184,12092,-43,-217,-259,-0.01534,-0.01272,1.00105,0.26565,-0.25344,0.16718
7564,75653,1286,-204,12040,-51,-191,-263,-0.01386,-0.01394,0.99796,0.20458,-0.05496,0.13664
7565,75663,1240,-196,12052,-53,-174,-254,-0.01669,-0.01345,0.99867,0.18931,0.07481,0.20534
7566,75673,1260,-176,12032,-56,-175,-249,-0.01546,-0.01223,0.99748,0.16641,0.06718,0.24351
7567,75683,1254,-182,12042,-55,-173,-244,-0.01583,-0.01259,0.99807,0.17405,0.08244,0.28168
7568,75693,1198,-194,12028,-59,-170,-247,-0.01926,-0.01333,0.99724,0.14351,0.10534,0.25878
7569,75703,1260,-182,12002,-69,-156,-246,-0.01546,-0.01259,0.9957,0.06718,0.21221,0.26641
7570,75713,1288,-178,12066,-70,-157,-244,-0.01374,-0.01235,0.9995,0.05954,0.20458,0.28168
7571,75723,1206,-160,11986,-65,-162,-237,-0.01877,-0.01124,0.99475,0.09771,0.16641,0.33511
7572,75733,1242,-178,12030,-56,-167,-236,-0.01656,-0.01235,0.99736,0.16641,0.12824,0.34275
7573,75743,1224,-158,12096,-56,-160,-246,-0.01767,-0.01112,1.00128,0.16641,0.18168,0.26641
7574,75753,1296,-128,12056,-57,-160,-246,-0.01325,-0.00928,0.99891,0.15878,0.18168,0.26641
7575,75763,1302,-136,12072,-54,-166,-249,-0.01288,-0.00977,0.99986,0.18168,0.13588,0.24351
7576,75773,1252,-176,12112,-56,-176,-246,-0.01595,-0.01223,1.00223,0.16641,0.05954,0.26641
7577,75783,1290,-150,12026,-63,-171,-245,-0.01362,-0.01063,0.99712,0.11298,0.09771,0.27405
7578,75793,1258,-158,12048,-60,-187,-239,-0.01558,-0.01112,0.99843,0.13588,-0.02443,0.31985
7579,75803,1258,-180,12040,-56,-192,-240,-0.01558,-0.01247,0.99796,0.16641,-0.0626,0.31221
7580,75813,1254,-152,12060,-64,-187,-245,-0.01583,-0.01075,0.99914,0.10534,-0.02443,0.27405
7581,75823,1220,-198,12090,-63,-168,-240,-0.01791,-0.01357,1.00093,0.11298,0.12061,0.31221
7582,75833,1236,-154,12130,-66,-151,-240,-0.01693,-0.01088,1.0033,0.09008,0.25038,0.31221
7583,75843,1270,-174,12120,-68,-153,-234,-0.01484,-0.0121,1.00271,0.07481,0.23511,0.35802
7584,75853,1256,-168,12020,-56,-162,-236,-0.0157,-0.01173,0.99677,0.16641,0.16641,0.34275
7585,75863,1250,-134,12064,-62,-150,-243,-0.01607,-0.00965,0.99938,0.12061,0.25802,0.28931
7586,75873,1252,-180,12096,-73,-135,-250,-0.01595,-0.01247,1.00128,0.03664,0.37252,0.23588
7587,75883,1238,-190,12022,-74,-113,-244,-0.01681,-0.01308,0.99689,0.02901,0.54046,0.28168
7588,75893,1210,-176,12076,-71,-122,-245,-0.01853,-0.01223,1.0001,0.05191,0.47176,0.27405
7589,75903,1248,-162,12100,-68,-150,-244,-0.01619,-0.01137,1.00152,0.07481,0.25802,0.28168
7590,75913,1240,-140,12038,-78,-148,-234,-0.01669,-0.01002,0.99784,-0.00153,0.27328,0.35802
7591,75923,1272,-224,12108,-72,-150,-224,-0.01472,-0.01517,1.002,0.04427,0.25802,0.43435
7592,75933,1252,-194,12036,-79,-131,-220,-0.01595,-0.01333,0.99772,-0.00916,0.40305,0.46489
7593,75943,1204,-176,12084,-89,-71,-220,-0.01889,-0.01223,1.00057,-0.0855,0.86107,0.46489
7594,75953,1246,-156,12074,-70,-95,-222,-0.01632,-0.011,0.99998,0.05954,0.67786,0.44962
7595,75963,1232,-168,12040,-62,-118,-219,-0.01718,-0.01173,0.99796,0.12061,0.50229,0.47252
7596,75973,1270,-164,12176,-52,-122,-224,-0.01484,-0.01149,1.00604,0.19695,0.47176,0.43435
7597,75983,1218,-206,12056,-54,-151,-227,-0.01804,-0.01407,0.99891,0.18168,0.25038,0.41145
7598,75993,1208,-186,12070,-44,-203,-234,-0.01865,-0.01284,0.99974,0.25802,-0.14656,0.35802
7599,76003,1206,-170,12048,-44,-197,-235,-0.01877,-0.01186,0.99843,0.25802,-0.10076,0.35038
7600,76013,1248,-150,12126,-50,-185,-231,-0.01619,-0.01063,1.00307,0.21221,-0.00916,0.38092
7601,76023,1216,-186,12038,-44,-203,-229,-0.01816,-0.01284,0.99784,0.25802,-0.14656,0.39618
7602,76033,1228,-156,12058,-47,-221,-228,-0.01742,-0.011,0.99903,0.23511,-0.28397,0.40382
7603,76043,1246,-138,12100,-54,-213,-225,-0.01632,-0.00989,1.00152,0.18168,-0.2229,0.42672
7604,76053,1226,-168,11996,-58,-177,-222,-0.01754,-0.01173,0.99534,0.15115,0.05191,0.44962
7605,76063,1248,-172,12136,-68,-136,-222,-0.01619,-0.01198,1.00366,0.07481,0.36489,0.44962
7606,76073,1208,-162,12070,-79,-122,-215,-0.01865,-0.01137,0.99974,-0.00916,0.47176,0.50305
7607,76083,1260,-170,12098,-62,-84,-215,-0.01546,-0.01186,1.0014,0.12061,0.76183,0.50305
7608,76093,1206,-210,12092,-58,-78,-207,-0.01877,-0.01431,1.00105,0.15115,0.80763,0.56412
7609,76103,1194,-196,12100,-52,-93,-212,-0.01951,-0.01345,1.00152,0.19695,0.69313,0.52595
7610,76113,1206,-196,12090,-61,-119,-211,-0.01877,-0.01345,1.00093,0.12824,0.49466,0.53359
7611,76123,1238,-156,12074,-59,-138,-208,-0.01681,-0.011,0.99998,0.14351,0.34962,0.55649
7612,76133,1196,-166,12120,-55,-129,-205,-0.01939,-0.01161,1.00271,0.17405,0.41832,0.57939
7613,76143,1236,-170,12008,-56,-142,-203,-0.01693,-0.01186,0.99605,0.16641,0.31908,0.59466
7614,76153,1262,-200,12056,-54,-149,-207,-0.01534,-0.0137,0.99891,0.18168,0.26565,0.56412
7615,76163,1218,-218,12054,-50,-158,-204,-0.01804,-0.0148,0.99879,0.21221,0.19695,0.58702
7616,76173,1226,-164,12030,-44,-145,-201,-0.01754,-0.01149,0.99736,0.25802,0.29618,0.60992
7617,76183,1258,-202,12086,-44,-134,-202,-0.01558,-0.01382,1.00069,0.25802,0.38015,0.60229
7618,76193,1246,-182,12080,-38,-105,-203,-0.01632,-0.01259,1.00033,0.30382,0.60153,0.59466
7619,76203,1214,-192,12086,-43,-82,-201,-0.01828,-0.01321,1.00069,0.26565,0.7771,0.60992
7620,76213,1226,-198,12070,-51,-87,-197,-0.01754,-0.01357,0.99974,0.20458,0.73893,0.64046
7621,76223,1226,-190,12048,-54,-106,-200,-0.01754,-0.01308,0.99843,0.18168,0.59389,0.61756
7622,76233,1212,-222,12106,-60,-126,-202,-0.0184,-0.01505,1.00188,0.13588,0.44122,0.60229
7623,76243,1252,-184,12054,-63,-134,-209,-0.01595,-0.01272,0.99879,0.11298,0.38015,0.54885
7624,76253,1258,-172,12092,-63,-140,-210,-0.01558,-0.01198,1.00105,0.11298,0.33435,0.54122
7625,76263,1208,-172,12082,-60,-148,-212,-0.01865,-0.01198,1.00045,0.13588,0.27328,0.52595
7626,76273,1186,-190,12094,-63,-177,-208,-0.02,-0.01308,1.00116,0.11298,0.05191,0.55649
7627,76283,1220,-238,12072,-61,-190,-211,-0.01791,-0.01603,0.99986,0.12824,-0.04733,0.53359
7628,76293,1232,-242,12080,-60,-172,-213,-0.01718,-0.01627,1.00033,0.13588,0.09008,0.51832
7629,76303,1264,-148,12054,-60,-170,-215,-0.01521,-0.01051,0.99879,0.13588,0.10534,0.50305
7630,76313,1224,-222,12120,-51,-161,-214,-0.01767,-0.01505,1.00271,0.20458,0.17405,0.51069
7631,76323,1234,-200,12030,-55,-141,-217,-0.01705,-0.0137,0.99736,0.17405,0.32672,0.48779
7632,76333,1218,-214,12070,-60,-153,-217,-0.01804,-0.01456,0.99974,0.13588,0.23511,0.48779
7633,76343,1198,-188,12086,-51,-142,-220,-0.01926,-0.01296,1.00069,0.20458,0.31908,0.46489
7634,76353,1234,-198,12144,-51,-117,-222,-0.01705,-0.01357,1.00414,0.20458,0.50992,0.44962
7635,76363,1202,-192,12098,-53,-112,-222,-0.01902,-0.01321,1.0014,0.18931,0.54809,0.44962
7636,76373,1170,-210,12120,-63,-131,-228,-0.02098,-0.01431,1.00271,0.11298,0.40305,0.40382
7637,76383,1244,-184,12090,-71,-152,-226,-0.01644,-0.01272,1.00093,0.05191,0.24275,0.41908
7638,76393,1224,-230,12000,-76,-164,-236,-0.01767,-0.01554,0.99558,0.01374,0.15115,0.34275
7639,76403,1190,-184,12044,-74,-164,-230,-0.01975,-0.01272,0.99819,0.02901,0.15115,0.38855
7640,76413,1244,-218,12052,-69,-177,-229,-0.01644,-0.0148,0.99867,0.06718,0.05191,0.39618
7641,76423,1220,-226,12010,-76,-195,-233,-0.01791,-0.01529,0.99617,0.01374,-0.0855,0.36565
7642,76433,1204,-238,12050,-66,-187,-229,-0.01889,-0.01603,0.99855,0.09008,-0.02443,0.39618
7643,76443,1218,-214,12050,-71,-199,-223,-0.01804,-0.01456,0.99855,0.05191,-0.11603,0.44198
7644,76453,1218,-186,12100,-72,-196,-228,-0.01804,-0.01284,1.00152,0.04427,-0.09313,0.40382
7645,76463,1232,-220,12106,-65,-205,-233,-0.01718,-0.01492,1.00188,0.09771,-0.16183,0.36565
7646,76473,1216,-234,12042,-61,-208,-235,-0.01816,-0.01578,0.99807,0.12824,-0.18473,0.35038
7647,76483,1208,-228,11978,-54,-190,-238,-0.01865,-0.01541,0.99427,0.18168,-0.04733,0.32748
7648,76493,1202,-144,12062,-54,-173,-237,-0.01902,-0.01026,0.99926,0.18168,0.08244,0.33511
7649,76503,1148,-190,12038,-53,-164,-231,-0.02233,-0.01308,0.99784,0.18931,0.15115,0.38092
7650,76513,1184,-220,12006,-59,-162,-237,-0.02012,-0.01492,0.99594,0.14351,0.16641,0.33511
7651,76523,1172,-196,12090,-69,-155,-241,-0.02086,-0.01345,1.00093,0.06718,0.21985,0.30458
7652,76533,1194,-220,11990,-69,-161,-237,-0.01951,-0.01492,0.99498,0.06718,0.17405,0.33511
7653,76543,1184,-216,12034,-68,-169,-237,-0.02012,-0.01468,0.9976,0.07481,0.11298,0.33511
7654,76553,1232,-190,12070,-65,-171,-230,-0.01718,-0.01308,0.99974,0.09771,0.09771,0.38855
7655,76563,1216,-248,12054,-67,-170,-231,-0.01816,-0.01664,0.99879,0.08244,0.10534,0.38092
7656,76573,1200,-212,12082,-65,-168,-241,-0.01914,-0.01443,1.00045,0.09771,0.12061,0.30458
7657,76583,1210,-164,12022,-53,-146,-243,-0.01853,-0.01149,0.99689,0.18931,0.28855,0.28931
7658,76593,1248,-218,12034,-58,-137,-243,-0.01619,-0.0148,0.9976,0.15115,0.35725,0.28931
7659,76603,1264,-212,11988,-57,-116,-250,-0.01521,-0.01443,0.99487,0.15878,0.51756,0.23588
7660,76613,1216,-210,12006,-64,-103,-256,-0.01816,-0.01431,0.99594,0.10534,0.61679,0.19008
7661,76623,1230,-204,12054,-75,-115,-259,-0.0173,-0.01394,0.99879,0.02137,0.52519,0.16718
7662,76633,1242,-160,12114,-81,-132,-257,-0.01656,-0.01124,1.00235,-0.02443,0.39542,0.18244
7663,76643,1212,-228,12028,-71,-120,-261,-0.0184,-0.01541,0.99724,0.05191,0.48702,0.15191
7664,76653,1184,-212,11998,-68,-110,-257,-0.02012,-0.01443,0.99546,0.07481,0.56336,0.18244
7665,76663,1228,-186,12058,-71,-126,-257,-0.01742,-0.01284,0.99903,0.05191,0.44122,0.18244
7666,76673,1238,-208,12114,-77,-138,-251,-0.01681,-0.01419,1.00235,0.00611,0.34962,0.22824
7667,76683,1194,-200,12052,-76,-159,-247,-0.01951,-0.0137,0.99867,0.01374,0.18931,0.25878
7668,76693,1202,-140,12108,-74,-169,-244,-0.01902,-0.01002,1.002,0.02901,0.11298,0.28168
7669,76703,1192,-214,12054,-73,-174,-243,-0.01963,-0.01456,0.99879,0.03664,0.07481,0.28931
7670,76713,1210,-252,12006,-70,-205,-238,-0.01853,-0.01689,0.99594,0.05954,-0.16183,0.32748
7671,76723,1196,-234,11982,-60,-182,-241,-0.01939,-0.01578,0.99451,0.13588,0.01374,0.30458
7672,76733,1232,-218,12026,-65,-167,-242,-0.01718,-0.0148,0.99712,0.09771,0.12824,0.29695
7673,76743,1234,-242,12084,-60,-161,-248,-0.01705,-0.01627,1.00057,0.13588,0.17405,0.25115
7674,76753,1212,-214,12056,-63,-141,-243,-0.0184,-0.01456,0.99891,0.11298,0.32672,0.28931
7675,76763,1204,-212,12002,-63,-144,-239,-0.01889,-0.01443,0.9957,0.11298,0.30382,0.31985
7676,76773,1248,-256,12018,-63,-155,-241,-0.01619,-0.01713,0.99665,0.11298,0.21985,0.30458
7677,76783,1214,-190,11996,-68,-194,-237,-0.01828,-0.01308,0.99534,0.07481,-0.07786,0.33511
7678,76793,1196,-248,12058,-73,-192,-230,-0.01939,-0.01664,0.99903,0.03664,-0.0626,0.38855
7679,76803,1192,-192,12024,-67,-174,-232,-0.01963,-0.01321,0.99701,0.08244,0.07481,0.37328
7680,76813,1210,-204,12106,-60,-159,-233,-0.01853,-0.01394,1.00188,0.13588,0.18931,0.36565
7681,76823,1186,-174,12040,-61,-148,-241,-0.02,-0.0121,0.99796,0.12824,0.27328,0.30458
7682,76833,1220,-202,12098,-61,-131,-242,-0.01791,-0.01382,1.0014,0.12824,0.40305,0.29695
7683,76843,1184,-214,12082,-61,-121,-248,-0.02012,-0.01456,1.00045,0.12824,0.47939,0.25115
7684,76853,1232,-268,12002,-69,-135,-254,-0.01718,-0.01787,0.9957,0.06718,0.37252,0.20534
7685,76863,1210,-224,12102,-81,-156,-252,-0.01853,-0.01517,1.00164,-0.02443,0.21221,0.22061
7686,76873,1154,-216,12166,-80,-178,-251,-0.02196,-0.01468,1.00544,-0.01679,0.04427,0.22824
7687,76883,1200,-238,12104,-81,-192,-246,-0.01914,-0.01603,1.00176,-0.02443,-0.0626,0.26641
7688,76893,1196,-258,12132,-78,-185,-251,-0.01939,-0.01726,1.00342,-0.00153,-0.00916,0.22824
7689,76903,1176,-240,12054,-75,-184,-237,-0.02061,-0.01615,0.99879,0.02137,-0.00153,0.33511
7690,76913,1228,-230,12012,-71,-180,-235,-0.01742,-0.01554,0.99629,0.05191,0.02901,0.35038
7691,76923,1176,-226,12036,-73,-165,-236,-0.02061,-0.01529,0.99772,0.03664,0.14351,0.34275
7692,76933,1234,-240,12000,-67,-155,-237,-0.01705,-0.01615,0.99558,0.08244,0.21985,0.33511
7693,76943,1198,-232,12008,-66,-150,-243,-0.01926,-0.01566,0.99605,0.09008,0.25802,0.28931
7694,76953,1208,-166,12048,-70,-150,-254,-0.01865,-0.01161,0.99843,0.05954,0.25802,0.20534
7695,76963,1236,-178,12008,-73,-152,-258,-0.01693,-0.01235,0.99605,0.03664,0.24275,0.17481
7696,76973,1224,-246,12046,-70,-145,-256,-0.01767,-0.01652,0.99831,0.05954,0.29618,0.19008
7697,76983,1196,-242,12032,-70,-151,-255,-0.01939,-0.01627,0.99748,0.05954,0.25038,0.19771
7698,76993,1168,-188,12108,-71,-147,-255,-0.0211,-0.01296,1.002,0.05191,0.28092,0.19771
7699,77003,1158,-216,12070,-78,-153,-252,-0.02172,-0.01468,0.99974,-0.00153,0.23511,0.22061
7700,77013,1150,-218,12026,-73,-148,-241,-0.02221,-0.0148,0.99712,0.03664,0.27328,0.30458
7701,77023,1222,-178,12098,-75,-130,-227,-0.01779,-0.01235,1.0014,0.02137,0.41069,0.41145
7702,77033,1184,-198,12008,-82,-131,-219,-0.02012,-0.01357,0.99605,-0.03206,0.40305,0.47252
7703,77043,1210,-226,11976,-83,-131,-225,-0.01853,-0.01529,0.99415,-0.03969,0.40305,0.42672
7704,77053,1192,-178,12030,-76,-154,-238,-0.01963,-0.01235,0.99736,0.01374,0.22748,0.32748
7705,77063,1200,-204,12100,-75,-172,-245,-0.01914,-0.01394,1.00152,0.02137,0.09008,0.27405
7706,77073,1216,-196,12028,-72,-168,-251,-0.01816,-0.01345,0.99724,0.04427,0.12061,0.22824
7707,77083,1176,-216,12046,-73,-174,-261,-0.02061,-0.01468,0.99831,0.03664,0.07481,0.15191
7708,77093,1208,-206,12054,-72,-182,-261,-0.01865,-0.01407,0.99879,0.04427,0.01374,0.15191
7709,77103,1200,-210,12068,-77,-195,-263,-0.01914,-0.01431,0.99962,0.00611,-0.0855,0.13664
7710,77113,1190,-236,12082,-75,-211,-259,-0.01975,-0.01591,1.00045,0.02137,-0.20763,0.16718
7711,77123,1158,-220,12150,-76,-223,-256,-0.02172,-0.01492,1.00449,0.01374,-0.29924,0.19008
7712,77133,1194,-178,12040,-74,-215,-252,-0.01951,-0.01235,0.99796,0.02901,-0.23817,0.22061
7713,77143,1188,-222,12066,-81,-234,-253,-0.01988,-0.01505,0.9995,-0.02443,-0.38321,0.21298
7714,77153,1208,-184,12060,-77,-228,-254,-0.01865,-0.01272,0.99914,0.00611,-0.3374,0.20534
7715,77163,1212,-196,11982,-75,-218,-254,-0.0184,-0.01345,0.99451,0.02137,-0.26107,0.20534
7716,77173,1158,-222,12088,-63,-200,-259,-0.02172,-0.01505,1.00081,0.11298,-0.12366,0.16718
7717,77183,1250,-200,12084,-66,-196,-259,-0.01607,-0.0137,1.00057,0.09008,-0.09313,0.16718
7718,77193,1196,-250,12030,-67,-188,-259,-0.01939,-0.01676,0.99736,0.08244,-0.03206,0.16718
7719,77203,1202,-260,12052,-65,-181,-256,-0.01902,-0.01738,0.99867,0.09771,0.02137,0.19008
7720,77213,1198,-208,12052,-68,-189,-253,-0.01926,-0.01419,0.99867,0.07481,-0.03969,0.21298
7721,77223,1218,-200,12016,-69,-193,-256,-0.01804,-0.0137,0.99653,0.06718,-0.07023,0.19008
7722,77233,1174,-164,12058,-76,-201,-259,-0.02074,-0.01149,0.99903,0.01374,-0.1313,0.16718
7723,77243,1168,-168,12034,-76,-213,-267,-0.0211,-0.01173,0.9976,0.01374,-0.2229,0.10611
7724,77253,1196,-202,12060,-78,-236,-270,-0.01939,-0.01382,0.99914,-0.00153,-0.39847,0.08321
7725,77263,1160,-216,12130,-78,-261,-268,-0.02159,-0.01468,1.0033,-0.00153,-0.58931,0.09847
7726,77273,1160,-224,12132,-67,-275,-266,-0.02159,-0.01517,1.00342,0.08244,-0.69618,0.11374
7727,77283,1194,-226,12086,-69,-266,-262,-0.01951,-0.01529,1.00069,0.06718,-0.62748,0.14427
7728,77293,1216,-210,12064,-75,-252,-267,-0.01816,-0.01431,0.99938,0.02137,-0.52061,0.10611
7729,77303,1176,-216,12130,-82,-269,-267,-0.02061,-0.01468,1.0033,-0.03206,-0.65038,0.10611
7730,77313,1204,-166,12108,-82,-273,-270,-0.01889,-0.01161,1.002,-0.03206,-0.68092,0.08321
7731,77323,1184,-186,12012,-74,-286,-269,-0.02012,-0.01284,0.99629,0.02901,-0.78015,0.09084
7732,77333,1212,-180,12096,-72,-279,-270,-0.0184,-0.01247,1.00128,0.04427,-0.72672,0.08321
7733,77343,1246,-220,12148,-81,-269,-269,-0.01632,-0.01492,1.00437,-0.02443,-0.65038,0.09084
7734,77353,1178,-168,12072,-76,-267,-266,-0.02049,-0.01173,0.99986,0.01374,-0.63511,0.11374
7735,77363,1180,-188,12062,-72,-270,-263,-0.02037,-0.01296,0.99926,0.04427,-0.65802,0.13664
7736,77373,1222,-206,12074,-63,-286,-262,-0.01779,-0.01407,0.99998,0.11298,-0.78015,0.14427
7737,77383,1176,-216,12070,-71,-293,-259,-0.02061,-0.01468,0.99974,0.05191,-0.83359,0.16718
7738,77393,1242,-204,12096,-67,-288,-255,-0.01656,-0.01394,1.00128,0.08244,-0.79542,0.19771
7739,77403,1240,-192,12118,-57,-299,-256,-0.01669,-0.01321,1.00259,0.15878,-0.87939,0.19008
7740,77413,1212,-186,12018,-55,-304,-252,-0.0184,-0.01284,0.99665,0.17405,-0.91756,0.22061
7741,77423,1218,-190,12062,-34,-325,-259,-0.01804,-0.01308,0.99926,0.33435,-1.07786,0.16718
7742,77433,1228,-162,12062,-43,-251,-257,-0.01742,-0.01137,0.99926,0.26565,-0.51298,0.18244
7743,77443,1240,-202,11992,-50,-195,-248,-0.01669,-0.01382,0.9951,0.21221,-0.0855,0.25115
7744,77453,1166,-162,12048,-64,-187,-246,-0.02123,-0.01137,0.99843,0.10534,-0.02443,0.26641
7745,77463,1178,-210,12064,-72,-207,-235,-0.02049,-0.01431,0.99938,0.04427,-0.1771,0.35038
7746,77473,1208,-154,12066,-63,-266,-230,-0.01865,-0.01088,0.9995,0.11298,-0.62748,0.38855
7747,77483,1182,-170,12060,-57,-276,-217,-0.02024,-0.01186,0.99914,0.15878,-0.70382,0.48779
7748,77493,1228,-184,12034,-42,-283,-211,-0.01742,-0.01272,0.9976,0.27328,-0.75725,0.53359
7749,77503,1220,-220,12050,13,-370,-218,-0.01791,-0.01492,0.99855,0.69313,-1.42137,0.48015
7750,77513,1200,-152,12010,-10,-335,-208,-0.01914,-0.01075,0.99617,0.51756,-1.1542,0.55649
7751,77523,1220,-180,12084,-31,-296,-202,-0.01791,-0.01247,1.00057,0.35725,-0.85649,0.60229
7752,77533,1254,-158,12090,-26,-304,-199,-0.01583,-0.01112,1.00093,0.39542,-0.91756,0.62519
7753,77543,1260,-156,12042,-23,-322,-211,-0.01546,-0.011,0.99807,0.41832,-1.05496,0.53359
7754,77553,1222,-190,12038,-20,-322,-236,-0.01779,-0.01308,0.99784,0.44122,-1.05496,0.34275
7755,77563,1262,-156,12072,-46,-292,-245,-0.01534,-0.011,0.99986,0.24275,-0.82595,0.27405
7756,77573,1252,-148,12120,-54,-262,-245,-0.01595,-0.01051,1.00271,0.18168,-0.59695,0.27405
7757,77583,1270,-156,12078,-63,-260,-244,-0.01484,-0.011,1.00021,0.11298,-0.58168,0.28168
7758,77593,1264,-164,12098,-58,-268,-244,-0.01521,-0.01149,1.0014,0.15115,-0.64275,0.28168
7759,77603,1264,-170,12116,-58,-259,-246,-0.01521,-0.01186,1.00247,0.15115,-0.57405,0.26641
7760,77613,1248,-166,12072,-54,-263,-254,-0.01619,-0.01161,0.99986,0.18168,-0.60458,0.20534
7761,77623,1256,-180,12046,-75,-231,-247,-0.0157,-0.01247,0.99831,0.02137,-0.36031,0.25878
7762,77633,1280,-180,12078,-70,-243,-249,-0.01423,-0.01247,1.00021,0.05954,-0.45191,0.24351
7763,77643,1248,-138,12044,-61,-263,-249,-0.01619,-0.00989,0.99819,0.12824,-0.60458,0.24351
7764,77653,1274,-144,12050,-54,-254,-251,-0.0146,-0.01026,0.99855,0.18168,-0.53588,0.22824
7765,77663,1216,-146,12088,-58,-247,-255,-0.01816,-0.01038,1.00081,0.15115,-0.48244,0.19771
7766,77673,1234,-132,12100,-71,-223,-252,-0.01705,-0.00953,1.00152,0.05191,-0.29924,0.22061
7767,77683,1222,-218,12092,-66,-233,-258,-0.01779,-0.0148,1.00105,0.09008,-0.37557,0.17481
7768,77693,1246,-184,12092,-62,-262,-265,-0.01632,-0.01272,1.00105,0.12061,-0.59695,0.12137
7769,77703,1266,-152,12040,-64,-222,-267,-0.01509,-0.01075,0.99796,0.10534,-0.2916,0.10611
7770,77713,1276,-138,12072,-78,-192,-270,-0.01448,-0.00989,0.99986,-0.00153,-0.0626,0.08321
7771,77723,1242,-158,12014,-82,-184,-266,-0.01656,-0.01112,0.99641,-0.03206,-0.00153,0.11374
7772,77733,1268,-172,12100,-84,-207,-271,-0.01497,-0.01198,1.00152,-0.04733,-0.1771,0.07557
7773,77743,1296,-128,12024,-75,-245,-277,-0.01325,-0.00928,0.99701,0.02137,-0.46718,0.02977
7774,77753,1276,-188,12036,-80,-267,-278,-0.01448,-0.01296,0.99772,-0.01679,-0.63511,0.02214
7775,77763,1276,-194,12040,-83,-279,-276,-0.01448,-0.01333,0.99796,-0.03969,-0.72672,0.0374
7776,77773,1266,-156,11962,-90,-281,-269,-0.01509,-0.011,0.99332,-0.09313,-0.74198,0.09084
7777,77783,1244,-132,12004,-104,-308,-259,-0.01644,-0.00953,0.99582,-0.2,-0.94809,0.16718
7778,77793,1260,-214,11986,-90,-266,-255,-0.01546,-0.01456,0.99475,-0.09313,-0.62748,0.19771
7779,77803,1250,-190,11942,-74,-214,-260,-0.01607,-0.01308,0.99213,0.02901,-0.23053,0.15954
7780,77813,1248,-178,12070,-69,-194,-263,-0.01619,-0.01235,0.99974,0.06718,-0.07786,0.13664
7781,77823,1272,-136,12036,-67,-187,-279,-0.01472,-0.00977,0.99772,0.08244,-0.02443,0.0145
7782,77833,1270,-170,12032,-63,-171,-276,-0.01484,-0.01186,0.99748,0.11298,0.09771,0.0374
7783,77843,1290,-158,12028,-71,-175,-279,-0.01362,-0.01112,0.99724,0.05191,0.06718,0.0145
7784,77853,1276,-92,12070,-92,-271,-280,-0.01448,-0.00707,0.99974,-0.1084,-0.66565,0.00687
7785,77863,1282,-120,12054,-96,-328,-283,-0.01411,-0.00879,0.99879,-0.13893,-1.10076,-0.01603
7786,77873,1270,-164,11982,-93,-299,-285,-0.01484,-0.01149,0.99451,-0.11603,-0.87939,-0.0313
7787,77883,1240,-176,12062,-90,-274,-284,-0.01669,-0.01223,0.99926,-0.09313,-0.68855,-0.02366
7788,77893,1288,-172,12050,-81,-268,-269,-0.01374,-0.01198,0.99855,-0.02443,-0.64275,0.09084
7789,77903,1288,-164,12068,-77,-262,-266,-0.01374,-0.01149,0.99962,0.00611,-0.59695,0.11374
7790,77913,1266,-142,12014,-74,-227,-279,-0.01509,-0.01014,0.99641,0.02901,-0.32977,0.0145
7791,77923,1258,-150,12088,-72,-201,-284,-0.01558,-0.01063,1.00081,0.04427,-0.1313,-0.02366
7792,77933,1232,-168,12054,-73,-193,-287,-0.01718,-0.01173,0.99879,0.03664,-0.07023,-0.04656
7793,77943,1240,-198,11996,-79,-201,-285,-0.01669,-0.01357,0.99534,-0.00916,-0.1313,-0.0313
7794,77953,1256,-178,11996,-75,-183,-290,-0.0157,-0.01235,0.99534,0.02137,0.00611,-0.06947
7795,77963,1298,-168,12070,-71,-134,-284,-0.01313,-0.01173,0.99974,0.05191,0.38015,-0.02366
7796,77973,1272,-180,12074,-71,-126,-281,-0.01472,-0.01247,0.99998,0.05191,0.44122,-0.00076
7797,77983,1272,-160,11978,-67,-117,-275,-0.01472,-0.01124,0.99427,0.08244,0.50992,0.04504
7798,77993,1272,-124,12010,-72,-136,-274,-0.01472,-0.00904,0.99617,0.04427,0.36489,0.05267
7799,78003,1268,-144,11978,-77,-149,-276,-0.01497,-0.01026,0.99427,0.00611,0.26565,0.0374
7800,78013,1270,-186,12004,-74,-137,-277,-0.01484,-0.01284,0.99582,0.02901,0.35725,0.02977
7801,78023,1258,-158,12004,-81,-171,-277,-0.01558,-0.01112,0.99582,-0.02443,0.09771,0.02977
7802,78033,1264,-204,12090,-81,-183,-272,-0.01521,-0.01394,1.00093,-0.02443,0.00611,0.06794
7803,78043,1248,-204,12028,-66,-173,-275,-0.01619,-0.01394,0.99724,0.09008,0.08244,0.04504
7804,78053,1240,-174,12054,-64,-178,-270,-0.01669,-0.0121,0.99879,0.10534,0.04427,0.08321
7805,78063,1240,-136,12060,-66,-168,-273,-0.01669,-0.00977,0.99914,0.09008,0.12061,0.06031
7806,78073,1264,-212,12006,-68,-153,-277,-0.01521,-0.01443,0.99594,0.07481,0.23511,0.02977
7807,78083,1248,-166,12038,-72,-149,-269,-0.01619,-0.01161,0.99784,0.04427,0.26565,0.09084
7808,78093,1274,-192,12052,-65,-153,-266,-0.0146,-0.01321,0.99867,0.09771,0.23511,0.11374
7809,78103,1290,-166,12048,-68,-148,-259,-0.01362,-0.01161,0.99843,0.07481,0.27328,0.16718
7810,78113,1224,-174,12088,-61,-143,-261,-0.01767,-0.0121,1.00081,0.12824,0.31145,0.15191
7811,78123,1246,-182,12036,-59,-160,-261,-0.01632,-0.01259,0.99772,0.14351,0.18168,0.15191
7812,78133,1220,-148,12068,-55,-174,-255,-0.01791,-0.01051,0.99962,0.17405,0.07481,0.19771
7813,78143,1236,-168,12088,-55,-167,-253,-0.01693,-0.01173,1.00081,0.17405,0.12824,0.21298
7814,78153,1208,-156,12070,-55,-184,-247,-0.01865,-0.011,0.99974,0.17405,-0.00153,0.25878
7815,78163,1262,-190,12046,-64,-187,-241,-0.01534,-0.01308,0.99831,0.10534,-0.02443,0.30458
7816,78173,1260,-196,12056,-76,-163,-237,-0.01546,-0.01345,0.99891,0.01374,0.15878,0.33511
7817,78183,1298,-198,12074,-81,-140,-231,-0.01313,-0.01357,0.99998,-0.02443,0.33435,0.38092
7818,78193,1236,-220,12050,-70,-126,-223,-0.01693,-0.01492,0.99855,0.05954,0.44122,0.44198
7819,78203,1232,-164,12112,-54,-135,-216,-0.01718,-0.01149,1.00223,0.18168,0.37252,0.49542
7820,78213,1254,-176,12040,-43,-157,-207,-0.01583,-0.01223,0.99796,0.26565,0.20458,0.56412
7821,78223,1216,-208,12128,-36,-183,-216,-0.01816,-0.01419,1.00318,0.31908,0.00611,0.49542
7822,78233,1260,-152,12098,-41,-191,-224,-0.01546,-0.01075,1.0014,0.28092,-0.05496,0.43435
7823,78243,1258,-200,12060,-40,-196,-231,-0.01558,-0.0137,0.99914,0.28855,-0.09313,0.38092
7824,78253,1228,-160,12070,-53,-197,-234,-0.01742,-0.01124,0.99974,0.18931,-0.10076,0.35802
7825,78263,1172,-156,12044,-61,-195,-227,-0.02086,-0.011,0.99819,0.12824,-0.0855,0.41145
7826,78273,1232,-186,12056,-58,-193,-229,-0.01718,-0.01284,0.99891,0.15115,-0.07023,0.39618
7827,78283,1198,-148,12070,-57,-185,-231,-0.01926,-0.01051,0.99974,0.15878,-0.00916,0.38092
7828,78293,1248,-164,12068,-53,-179,-236,-0.01619,-0.01149,0.99962,0.18931,0.03664,0.34275
7829,78303,1252,-110,12024,-62,-183,-236,-0.01595,-0.00818,0.99701,0.12061,0.00611,0.34275
7830,78313,1218,-178,12028,-64,-193,-240,-0.01804,-0.01235,0.99724,0.10534,-0.07023,0.31221
7831,78323,1236,-152,12088,-61,-196,-243,-0.01693,-0.01075,1.00081,0.12824,-0.09313,0.28931
7832,78333,1258,-130,12108,-63,-187,-242,-0.01558,-0.0094,1.002,0.11298,-0.02443,0.29695
7833,78343,1198,-120,12076,-61,-189,-242,-0.01926,-0.00879,1.0001,0.12824,-0.03969,0.29695
7834,78353,1222,-194,12090,-62,-193,-244,-0.01779,-0.01333,1.00093,0.12061,-0.07023,0.28168
7835,78363,1238,-168,12076,-63,-202,-245,-0.01681,-0.01173,1.0001,0.11298,-0.13893,0.27405
7836,78373,1232,-200,12060,-66,-185,-238,-0.01718,-0.0137,0.99914,0.09008,-0.00916,0.32748
7837,78383,1256,-170,12126,-65,-167,-244,-0.0157,-0.01186,1.00307,0.09771,0.12824,0.28168
7838,78393,1240,-168,12100,-59,-177,-246,-0.01669,-0.01173,1.00152,0.14351,0.05191,0.26641
7839,78403,1218,-170,12044,-67,-174,-244,-0.01804,-0.01186,0.99819,0.08244,0.07481,0.28168
7840,78413,1210,-164,12050,-69,-182,-243,-0.01853,-0.01149,0.99855,0.06718,0.01374,0.28931
7841,78423,1262,-152,12078,-69,-197,-247,-0.01534,-0.01075,1.00021,0.06718,-0.10076,0.25878
7842,78433,1218,-174,12018,-63,-197,-254,-0.01804,-0.0121,0.99665,0.11298,-0.10076,0.20534
7843,78443,1232,-184,11986,-64,-184,-248,-0.01718,-0.01272,0.99475,0.10534,-0.00153,0.25115
7844,78453,1262,-172,12112,-66,-180,-242,-0.01534,-0.01198,1.00223,0.09008,0.02901,0.29695
7845,78463,1276,-180,12074,-54,-200,-245,-0.01448,-0.01247,0.99998,0.18168,-0.12366,0.27405
7846,78473,1278,-164,11998,-49,-212,-253,-0.01435,-0.01149,0.99546,0.21985,-0.21527,0.21298
7847,78483,1214,-154,12016,-62,-206,-250,-0.01828,-0.01088,0.99653,0.12061,-0.16947,0.23588
7848,78493,1236,-168,12100,-72,-194,-247,-0.01693,-0.01173,1.00152,0.04427,-0.07786,0.25878
7849,78503,1238,-160,12086,-73,-185,-249,-0.01681,-0.01124,1.00069,0.03664,-0.00916,0.24351
7850,78513,1284,-164,12058,-70,-184,-244,-0.01399,-0.01149,0.99903,0.05954,-0.00153,0.28168
7851,78523,1240,-128,12086,-66,-179,-246,-0.01669,-0.00928,1.00069,0.09008,0.03664,0.26641
7852,78533,1252,-118,12026,-66,-172,-246,-0.01595,-0.00867,0.99712,0.09008,0.09008,0.26641
7853,78543,1270,-176,12118,-56,-178,-250,-0.01484,-0.01223,1.00259,0.16641,0.04427,0.23588
7854,78553,1254,-166,12046,-60,-183,-248,-0.01583,-0.01161,0.99831,0.13588,0.00611,0.25115
7855,78563,1262,-190,12034,-57,-195,-250,-0.01534,-0.01308,0.9976,0.15878,-0.0855,0.23588
7856,78573,1262,-156,12052,-68,-188,-248,-0.01534,-0.011,0.99867,0.07481,-0.03206,0.25115
7857,78583,1304,-152,12122,-74,-171,-249,-0.01276,-0.01075,1.00283,0.02901,0.09771,0.24351
7858,78593,1268,-162,12056,-69,-168,-252,-0.01497,-0.01137,0.99891,0.06718,0.12061,0.22061
7859,78603,1244,-140,12084,-70,-172,-251,-0.01644,-0.01002,1.00057,0.05954,0.09008,0.22824
7860,78613,1232,-168,12086,-66,-182,-238,-0.01718,-0.01173,1.00069,0.09008,0.01374,0.32748
7861,78623,1242,-202,12070,-72,-165,-240,-0.01656,-0.01382,0.99974,0.04427,0.14351,0.31221
7862,78633,1246,-172,12048,-66,-158,-229,-0.01632,-0.01198,0.99843,0.09008,0.19695,0.39618
7863,78643,1256,-142,12092,-59,-158,-237,-0.0157,-0.01014,1.00105,0.14351,0.19695,0.33511
7864,78653,1254,-188,12078,-64,-159,-236,-0.01583,-0.01296,1.00021,0.10534,0.18931,0.34275
7865,78663,1254,-132,12020,-53,-159,-233,-0.01583,-0.00953,0.99677,0.18931,0.18931,0.36565
7866,78673,1244,-168,12092,-54,-169,-232,-0.01644,-0.01173,1.00105,0.18168,0.11298,0.37328
7867,78683,1262,-156,12010,-51,-187,-231,-0.01534,-0.011,0.99617,0.20458,-0.02443,0.38092
7868,78693,1224,-152,12080,-45,-199,-234,-0.01767,-0.01075,1.00033,0.25038,-0.11603,0.35802
7869,78703,1194,-202,12140,-46,-209,-238,-0.01951,-0.01382,1.0039,0.24275,-0.19237,0.32748
7870,78713,1236,-190,12106,-52,-215,-238,-0.01693,-0.01308,1.00188,0.19695,-0.23817,0.32748
7871,78723,1236,-198,12096,-55,-207,-235,-0.01693,-0.01357,1.00128,0.17405,-0.1771,0.35038
7872,78733,1270,-192,12116,-53,-193,-236,-0.01484,-0.01321,1.00247,0.18931,-0.07023,0.34275
7873,78743,1258,-176,12022,-61,-180,-235,-0.01558,-0.01223,0.99689,0.12824,0.02901,0.35038
7874,78753,1272,-166,12138,-62,-176,-233,-0.01472,-0.01161,1.00378,0.12061,0.05954,0.36565
7875,78763,1236,-162,12030,-66,-158,-234,-0.01693,-0.01137,0.99736,0.09008,0.19695,0.35802
7876,78773,1272,-150,12092,-78,-137,-227,-0.01472,-0.01063,1.00105,-0.00153,0.35725,0.41145
7877,78783,1270,-188,12136,-75,-128,-226,-0.01484,-0.01296,1.00366,0.02137,0.42595,0.41908
7878,78793,1238,-206,12026,-64,-144,-230,-0.01681,-0.01407,0.99712,0.10534,0.30382,0.38855
7879,78803,1290,-146,11988,-49,-146,-227,-0.01362,-0.01038,0.99487,0.21985,0.28855,0.41145
7880,78813,1232,-182,12114,-47,-182,-230,-0.01718,-0.01259,1.00235,0.23511,0.01374,0.38855
7881,78823,1202,-164,12028,-44,-207,-226,-0.01902,-0.01149,0.99724,0.25802,-0.1771,0.41908
7882,78833,1252,-208,12150,-53,-211,-225,-0.01595,-0.01419,1.00449,0.18931,-0.20763,0.42672
7883,78843,1210,-162,12086,-62,-197,-231,-0.01853,-0.01137,1.00069,0.12061,-0.10076,0.38092
7884,78853,1240,-184,12098,-69,-174,-230,-0.01669,-0.01272,1.0014,0.06718,0.07481,0.38855
7885,78863,1270,-182,12098,-72,-169,-229,-0.01484,-0.01259,1.0014,0.04427,0.11298,0.39618
7886,78873,1250,-162,12082,-65,-169,-232,-0.01607,-0.01137,1.00045,0.09771,0.11298,0.37328
7887,78883,1232,-180,12060,-56,-175,-221,-0.01718,-0.01247,0.99914,0.16641,0.06718,0.45725
7888,78893,1236,-164,12058,-42,-194,-218,-0.01693,-0.01149,0.99903,0.27328,-0.07786,0.48015
7889,78903,1254,-240,12020,-47,-198,-226,-0.01583,-0.01615,0.99677,0.23511,-0.1084,0.41908
7890,78913,1226,-180,12010,-53,-176,-222,-0.01754,-0.01247,0.99617,0.18931,0.05954,0.44962
7891,78923,1214,-152,12046,-56,-159,-222,-0.01828,-0.01075,0.99831,0.16641,0.18931,0.44962
7892,78933,1248,-158,12074,-59,-154,-222,-0.01619,-0.01112,0.99998,0.14351,0.22748,0.44962
7893,78943,1258,-128,12080,-65,-152,-218,-0.01558,-0.00928,1.00033,0.09771,0.24275,0.48015
7894,78953,1254,-150,12044,-60,-177,-220,-0.01583,-0.01063,0.99819,0.13588,0.05191,0.46489
7895,78963,1236,-150,12068,-56,-178,-219,-0.01693,-0.01063,0.99962,0.16641,0.04427,0.47252
7896,78973,1236,-196,12076,-42,-199,-220,-0.01693,-0.01345,1.0001,0.27328,-0.11603,0.46489
7897,78983,1240,-174,12028,-43,-220,-222,-0.01669,-0.0121,0.99724,0.26565,-0.27634,0.44962
7898,78993,1264,-170,12026,-41,-230,-225,-0.01521,-0.01186,0.99712,0.28092,-0.35267,0.42672
7899,79003,1274,-170,11970,-46,-204,-232,-0.0146,-0.01186,0.9938,0.24275,-0.1542,0.37328
7900,79013,1294,-156,12054,-60,-194,-229,-0.01337,-0.011,0.99879,0.13588,-0.07786,0.39618
7901,79023,1220,-168,12074,-68,-178,-223,-0.01791,-0.01173,0.99998,0.07481,0.04427,0.44198
7902,79033,1286,-158,12014,-70,-173,-221,-0.01386,-0.01112,0.99641,0.05954,0.08244,0.45725
7903,79043,1210,-182,12080,-54,-181,-220,-0.01853,-0.01259,1.00033,0.18168,0.02137,0.46489
7904,79053,1250,-158,12094,-58,-173,-225,-0.01607,-0.01112,1.00116,0.15115,0.08244,0.42672
7905,79063,1238,-192,12024,-55,-201,-219,-0.01681,-0.01321,0.99701,0.17405,-0.1313,0.47252
7906,79073,1212,-168,12062,-42,-215,-220,-0.0184,-0.01173,0.99926,0.27328,-0.23817,0.46489
7907,79083,1260,-162,12044,-50,-216,-228,-0.01546,-0.01137,0.99819,0.21221,-0.2458,0.40382
7908,79093,1252,-156,12090,-59,-213,-233,-0.01595,-0.011,1.00093,0.14351,-0.2229,0.36565
7909,79103,1224,-196,12026,-67,-210,-234,-0.01767,-0.01345,0.99712,0.08244,-0.2,0.35802
7910,79113,1234,-198,12052,-63,-212,-236,-0.01705,-0.01357,0.99867,0.11298,-0.21527,0.34275
7911,79123,1266,-158,12072,-68,-206,-236,-0.01509,-0.01112,0.99986,0.07481,-0.16947,0.34275
7912,79133,1302,-184,12034,-62,-207,-243,-0.01288,-0.01272,0.9976,0.12061,-0.1771,0.28931
7913,79143,1280,-146,12034,-65,-201,-243,-0.01423,-0.01038,0.9976,0.09771,-0.1313,0.28931
7914,79153,1272,-136,12072,-74,-195,-243,-0.01472,-0.00977,0.99986,0.02901,-0.0855,0.28931
7915,79163,1228,-176,12186,-74,-177,-241,-0.01742,-0.01223,1.00663,0.02901,0.05191,0.30458
7916,79173,1242,-174,12074,-71,-153,-237,-0.01656,-0.0121,0.99998,0.05191,0.23511,0.33511
7917,79183,1242,-176,12046,-72,-140,-227,-0.01656,-0.01223,0.99831,0.04427,0.33435,0.41145
7918,79193,1280,-188,12098,-62,-161,-219,-0.01423,-0.01296,1.0014,0.12061,0.17405,0.47252
7919,79203,1240,-126,12066,-61,-173,-223,-0.01669,-0.00916,0.9995,0.12824,0.08244,0.44198
7920,79213,1250,-194,12090,-47,-186,-224,-0.01607,-0.01333,1.00093,0.23511,-0.01679,0.43435
7921,79223,1250,-132,12052,-50,-190,-224,-0.01607,-0.00953,0.99867,0.21221,-0.04733,0.43435
7922,79233,1226,-192,12104,-57,-187,-231,-0.01754,-0.01321,1.00176,0.15878,-0.02443,0.38092
7923,79243,1288,-176,12076,-56,-185,-236,-0.01374,-0.01223,1.0001,0.16641,-0.00916,0.34275
7924,79253,1216,-182,12078,-59,-186,-232,-0.01816,-0.01259,1.00021,0.14351,-0.01679,0.37328
7925,79263,1256,-200,12132,-69,-186,-231,-0.0157,-0.0137,1.00342,0.06718,-0.01679,0.38092
7926,79273,1240,-204,12070,-68,-179,-231,-0.01669,-0.01394,0.99974,0.07481,0.03664,0.38092
7927,79283,1220,-222,12114,-51,-189,-230,-0.01791,-0.01505,1.00235,0.20458,-0.03969,0.38855
7928,79293,1242,-176,12106,-59,-184,-226,-0.01656,-0.01223,1.00188,0.14351,-0.00153,0.41908
7929,79303,1242,-152,12052,-52,-170,-224,-0.01656,-0.01075,0.99867,0.19695,0.10534,0.43435
7930,79313,1230,-178,12168,-58,-157,-224,-0.0173,-0.01235,1.00556,0.15115,0.20458,0.43435
7931,79323,1216,-160,12126,-63,-155,-229,-0.01816,-0.01124,1.00307,0.11298,0.21985,0.39618
7932,79333,1250,-166,12080,-59,-158,-227,-0.01607,-0.01161,1.00033,0.14351,0.19695,0.41145
7933,79343,1250,-198,12072,-63,-169,-233,-0.01607,-0.01357,0.99986,0.11298,0.11298,0.36565
7934,79353,1234,-148,11992,-65,-172,-231,-0.01705,-0.01051,0.9951,0.09771,0.09008,0.38092
7935,79363,1210,-164,12042,-61,-189,-231,-0.01853,-0.01149,0.99807,0.12824,-0.03969,0.38092
7936,79373,1220,-152,12126,-58,-189,-228,-0.01791,-0.01075,1.00307,0.15115,-0.03969,0.40382
7937,79383,1214,-160,12060,-61,-186,-224,-0.01828,-0.01124,0.99914,0.12824,-0.01679,0.43435
7938,79393,1244,-176,12090,-62,-169,-218,-0.01644,-0.01223,1.00093,0.12061,0.11298,0.48015
7939,79403,1276,-182,12104,-66,-166,-220,-0.01448,-0.01259,1.00176,0.09008,0.13588,0.46489
7940,79413,1232,-142,12070,-68,-167,-225,-0.01718,-0.01014,0.99974,0.07481,0.12824,0.42672
7941,79423,1262,-200,12032,-63,-173,-223,-0.01534,-0.0137,0.99748,0.11298,0.08244,0.44198
7942,79433,1220,-160,12054,-56,-172,-220,-0.01791,-0.01124,0.99879,0.16641,0.09008,0.46489
7943,79443,1230,-172,12008,-54,-179,-224,-0.0173,-0.01198,0.99605,0.18168,0.03664,0.43435
7944,79453,1228,-150,12058,-58,-183,-218,-0.01742,-0.01063,0.99903,0.15115,0.00611,0.48015
7945,79463,1226,-170,12070,-52,-186,-223,-0.01754,-0.01186,0.99974,0.19695,-0.01679,0.44198
7946,79473,1196,-132,12090,-58,-178,-224,-0.01939,-0.00953,1.00093,0.15115,0.04427,0.43435
7947,79483,1230,-142,12108,-62,-167,-225,-0.0173,-0.01014,1.002,0.12061,0.12824,0.42672
7948,79493,1242,-124,12042,-72,-149,-222,-0.01656,-0.00904,0.99807,0.04427,0.26565,0.44962
7949,79503,1212,-154,12082,-77,-134,-225,-0.0184,-0.01088,1.00045,0.00611,0.38015,0.42672
7950,79513,1214,-174,12116,-77,-121,-213,-0.01828,-0.0121,1.00247,0.00611,0.47939,0.51832
7951,79523,1228,-214,12056,-79,-107,-209,-0.01742,-0.01456,0.99891,-0.00916,0.58626,0.54885
7952,79533,1220,-214,12060,-70,-117,-211,-0.01791,-0.01456,0.99914,0.05954,0.50992,0.53359
7953,79543,1248,-218,12038,-58,-151,-207,-0.01619,-0.0148,0.99784,0.15115,0.25038,0.56412
7954,79553,1286,-202,12010,-55,-175,-209,-0.01386,-0.01382,0.99617,0.17405,0.06718,0.54885
7955,79563,1230,-188,12078,-55,-184,-202,-0.0173,-0.01296,1.00021,0.17405,-0.00153,0.60229
7956,79573,1200,-202,12092,-53,-191,-198,-0.01914,-0.01382,1.00105,0.18931,-0.05496,0.63282
7957,79583,1214,-178,12104,-53,-173,-203,-0.01828,-0.01235,1.00176,0.18931,0.08244,0.59466
7958,79593,1172,-164,11988,-44,-178,-203,-0.02086,-0.01149,0.99487,0.25802,0.04427,0.59466
7959,79603,1246,-154,12104,-38,-181,-196,-0.01632,-0.01088,1.00176,0.30382,0.02137,0.64809
7960,79613,1254,-186,12142,-40,-163,-192,-0.01583,-0.01284,1.00402,0.28855,0.15878,0.67863
7961,79623,1252,-172,12100,-45,-162,-191,-0.01595,-0.01198,1.00152,0.25038,0.16641,0.68626
7962,79633,1236,-180,12102,-38,-186,-193,-0.01693,-0.01247,1.00164,0.30382,-0.01679,0.67099
7963,79643,1222,-168,12014,-44,-175,-186,-0.01779,-0.01173,0.99641,0.25802,0.06718,0.72443
7964,79653,1224,-150,12036,-47,-156,-192,-0.01767,-0.01063,0.99772,0.23511,0.21221,0.67863
7965,79663,1276,-186,12072,-45,-160,-197,-0.01448,-0.01284,0.99986,0.25038,0.18168,0.64046
7966,79673,1210,-172,12098,-37,-183,-199,-0.01853,-0.01198,1.0014,0.31145,0.00611,0.62519
7967,79683,1306,-136,12104,-31,-217,-204,-0.01264,-0.00977,1.00176,0.35725,-0.25344,0.58702
7968,79693,1284,-186,12050,-41,-207,-202,-0.01399,-0.01284,0.99855,0.28092,-0.1771,0.60229
7969,79703,1188,-190,12082,-46,-203,-202,-0.01988,-0.01308,1.00045,0.24275,-0.14656,0.60229
7970,79713,1214,-176,12146,-50,-200,-202,-0.01828,-0.01223,1.00425,0.21221,-0.12366,0.60229
7971,79723,1182,-190,12084,-56,-201,-197,-0.02024,-0.01308,1.00057,0.16641,-0.1313,0.64046
7972,79733,1240,-182,12056,-44,-199,-198,-0.01669,-0.01259,0.99891,0.25802,-0.11603,0.63282
7973,79743,1222,-160,12022,-40,-190,-197,-0.01779,-0.01124,0.99689,0.28855,-0.04733,0.64046
7974,79753,1202,-158,12100,-54,-177,-205,-0.01902,-0.01112,1.00152,0.18168,0.05191,0.57939
7975,79763,1230,-186,12014,-60,-151,-208,-0.0173,-0.01284,0.99641,0.13588,0.25038,0.55649
7976,79773,1228,-214,12058,-65,-162,-208,-0.01742,-0.01456,0.99903,0.09771,0.16641,0.55649
7977,79783,1246,-170,12076,-61,-174,-215,-0.01632,-0.01186,1.0001,0.12824,0.07481,0.50305
7978,79793,1254,-186,12128,-47,-195,-216,-0.01583,-0.01284,1.00318,0.23511,-0.0855,0.49542
7979,79803,1268,-150,12028,-44,-230,-218,-0.01497,-0.01063,0.99724,0.25802,-0.35267,0.48015
7980,79813,1252,-176,12042,-44,-246,-226,-0.01595,-0.01223,0.99807,0.25802,-0.47481,0.41908
7981,79823,1292,-190,12088,-39,-248,-229,-0.01349,-0.01308,1.00081,0.29618,-0.49008,0.39618
7982,79833,1228,-170,12106,-38,-257,-241,-0.01742,-0.01186,1.00188,0.30382,-0.55878,0.30458
7983,79843,1234,-156,12012,-51,-242,-235,-0.01705,-0.011,0.99629,0.20458,-0.44427,0.35038
7984,79853,1232,-162,12042,-65,-218,-227,-0.01718,-0.01137,0.99807,0.09771,-0.26107,0.41145
7985,79863,1252,-138,12044,-74,-198,-230,-0.01595,-0.00989,0.99819,0.02901,-0.1084,0.38855
7986,79873,1252,-172,12060,-80,-170,-226,-0.01595,-0.01198,0.99914,-0.01679,0.10534,0.41908
7987,79883,1224,-154,12106,-69,-182,-229,-0.01767,-0.01088,1.00188,0.06718,0.01374,0.39618
7988,79893,1222,-238,12080,-69,-167,-229,-0.01779,-0.01603,1.00033,0.06718,0.12824,0.39618
7989,79903,1248,-166,12060,-70,-151,-228,-0.01619,-0.01161,0.99914,0.05954,0.25038,0.40382
7990,79913,1238,-138,12040,-70,-160,-220,-0.01681,-0.00989,0.99796,0.05954,0.18168,0.46489
7991,79923,1268,-168,12062,-68,-169,-218,-0.01497,-0.01173,0.99926,0.07481,0.11298,0.48015
7992,79933,1248,-172,12028,-58,-174,-218,-0.01619,-0.01198,0.99724,0.15115,0.07481,0.48015
7993,79943,1254,-120,12122,-51,-181,-214,-0.01583,-0.00879,1.00283,0.20458,0.02137,0.51069
7994,79953,1228,-200,12160,-59,-195,-217,-0.01742,-0.0137,1.00509,0.14351,-0.0855,0.48779
7995,79963,1200,-172,12088,-49,-202,-220,-0.01914,-0.01198,1.00081,0.21985,-0.13893,0.46489
7996,79973,1252,-162,12078,-40,-207,-220,-0.01595,-0.01137,1.00021,0.28855,-0.1771,0.46489
7997,79983,1158,-136,12150,-46,-201,-222,-0.02172,-0.00977,1.00449,0.24275,-0.1313,0.44962
7998,79993,1210,-104,12080,-56,-183,-226,-0.01853,-0.00781,1.00033,0.16641,0.00611,0.41908
7999,80003,1248,-164,12010,-60,-171,-220,-0.01619,-0.01149,0.99617,0.13588,0.09771,0.46489
8000,80013,1242,-182,12120,-62,-165,-220,-0.01656,-0.01259,1.00271,0.12061,0.14351,0.46489
8001,80023,1264,-192,12062,-65,-167,-216,-0.01521,-0.01321,0.99926,0.09771,0.12824,0.49542
8002,80033,1280,-180,12146,-64,-168,-217,-0.01423,-0.01247,1.00425,0.10534,0.12061,0.48779
8003,80043,1232,-182,12072,-63,-158,-219,-0.01718,-0.01259,0.99986,0.11298,0.19695,0.47252
8004,80053,1214,-140,12072,-72,-158,-213,-0.01828,-0.01002,0.99986,0.04427,0.19695,0.51832
8005,80063,1226,-148,12136,-68,-170,-211,-0.01754,-0.01051,1.00366,0.07481,0.10534,0.53359
8006,80073,1224,-154,12084,-55,-168,-208,-0.01767,-0.01088,1.00057,0.17405,0.12061,0.55649
8007,80083,1238,-148,12056,-43,-179,-208,-0.01681,-0.01051,0.99891,0.26565,0.03664,0.55649
8008,80093,1268,-164,12060,-37,-181,-212,-0.01497,-0.01149,0.99914,0.31145,0.02137,0.52595
8009,80103,1210,-174,12064,-41,-195,-210,-0.01853,-0.0121,0.99938,0.28092,-0.0855,0.54122
8010,80113,1176,-138,12102,-50,-186,-205,-0.02061,-0.00989,1.00164,0.21221,-0.01679,0.57939
8011,80123,1220,-148,12056,-48,-173,-207,-0.01791,-0.01051,0.99891,0.22748,0.08244,0.56412
8012,80133,1248,-200,12016,-49,-160,-208,-0.01619,-0.0137,0.99653,0.21985,0.18168,0.55649
8013,80143,1196,-166,12066,-52,-166,-204,-0.01939,-0.01161,0.9995,0.19695,0.13588,0.58702
8014,80153,1244,-124,12100,-49,-178,-205,-0.01644,-0.00904,1.00152,0.21985,0.04427,0.57939
8015,80163,1214,-134,12102,-51,-181,-207,-0.01828,-0.00965,1.00164,0.20458,0.02137,0.56412
8016,80173,1216,-168,12106,-45,-197,-209,-0.01816,-0.01173,1.00188,0.25038,-0.10076,0.54885
8017,80183,1216,-204,12092,-48,-183,-210,-0.01816,-0.01394,1.00105,0.22748,0.00611,0.54122
8018,80193,1272,-198,12136,-56,-180,-214,-0.01472,-0.01357,1.00366,0.16641,0.02901,0.51069
8019,80203,1220,-170,12090,-60,-191,-216,-0.01791,-0.01186,1.00093,0.13588,-0.05496,0.49542
8020,80213,1228,-184,12070,-56,-192,-211,-0.01742,-0.01272,0.99974,0.16641,-0.0626,0.53359
8021,80223,1242,-124,12068,-64,-181,-222,-0.01656,-0.00904,0.99962,0.10534,0.02137,0.44962
8022,80233,1242,-182,12068,-70,-180,-216,-0.01656,-0.01259,0.99962,0.05954,0.02901,0.49542
8023,80243,1220,-186,12084,-60,-183,-210,-0.01791,-0.01284,1.00057,0.13588,0.00611,0.54122
8024,80253,1218,-178,12054,-51,-180,-210,-0.01804,-0.01235,0.99879,0.20458,0.02901,0.54122
8025,80263,1242,-216,12110,-48,-172,-203,-0.01656,-0.01468,1.00212,0.22748,0.09008,0.59466
8026,80273,1194,-138,12068,-47,-187,-201,-0.01951,-0.00989,0.99962,0.23511,-0.02443,0.60992
8027,80283,1256,-138,12098,-50,-194,-204,-0.0157,-0.00989,1.0014,0.21221,-0.07786,0.58702
8028,80293,1260,-192,12004,-46,-197,-209,-0.01546,-0.01321,0.99582,0.24275,-0.10076,0.54885
8029,80303,1252,-190,12086,-48,-210,-212,-0.01595,-0.01308,1.00069,0.22748,-0.2,0.52595
8030,80313,1232,-160,12116,-51,-202,-214,-0.01718,-0.01124,1.00247,0.20458,-0.13893,0.51069
8031,80323,1254,-176,12080,-54,-185,-213,-0.01583,-0.01223,1.00033,0.18168,-0.00916,0.51832
8032,80333,1254,-156,12108,-58,-184,-215,-0.01583,-0.011,1.002,0.15115,-0.00153,0.50305
8033,80343,1266,-170,12104,-53,-195,-213,-0.01509,-0.01186,1.00176,0.18931,-0.0855,0.51832
8034,80353,1242,-182,12124,-47,-195,-210,-0.01656,-0.01259,1.00295,0.23511,-0.0855,0.54122
8035,80363,1208,-168,12114,-42,-186,-212,-0.01865,-0.01173,1.00235,0.27328,-0.01679,0.52595
8036,80373,1246,-184,12082,-56,-176,-209,-0.01632,-0.01272,1.00045,0.16641,0.05954,0.54885
8037,80383,1232,-154,12106,-69,-154,-211,-0.01718,-0.01088,1.00188,0.06718,0.22748,0.53359
8038,80393,1240,-182,12066,-64,-146,-213,-0.01669,-0.01259,0.9995,0.10534,0.28855,0.51832
8039,80403,1262,-182,12060,-54,-150,-205,-0.01534,-0.01259,0.99914,0.18168,0.25802,0.57939
8040,80413,1250,-184,12068,-56,-176,-208,-0.01607,-0.01272,0.99962,0.16641,0.05954,0.55649
8041,80423,1218,-162,12114,-59,-180,-200,-0.01804,-0.01137,1.00235,0.14351,0.02901,0.61756
8042,80433,1200,-186,12070,-50,-180,-204,-0.01914,-0.01284,0.99974,0.21221,0.02901,0.58702
8043,80443,1214,-130,12132,-49,-189,-207,-0.01828,-0.0094,1.00342,0.21985,-0.03969,0.56412
8044,80453,1252,-186,12126,-54,-195,-210,-0.01595,-0.01284,1.00307,0.18168,-0.0855,0.54122
8045,80463,1252,-220,12040,-49,-201,-208,-0.01595,-0.01492,0.99796,0.21985,-0.1313,0.55649
8046,80473,1216,-158,12054,-40,-203,-210,-0.01816,-0.01112,0.99879,0.28855,-0.14656,0.54122
8047,80483,1218,-160,12016,-44,-180,-211,-0.01804,-0.01124,0.99653,0.25802,0.02901,0.53359
8048,80493,1244,-178,12088,-54,-178,-210,-0.01644,-0.01235,1.00081,0.18168,0.04427,0.54122
8049,80503,1246,-148,12064,-62,-176,-212,-0.01632,-0.01051,0.99938,0.12061,0.05954,0.52595
8050,80513,1238,-154,12036,-68,-174,-213,-0.01681,-0.01088,0.99772,0.07481,0.07481,0.51832
8051,80523,1264,-140,12084,-63,-177,-211,-0.01521,-0.01002,1.00057,0.11298,0.05191,0.53359
8052,80533,1188,-214,12152,-55,-187,-203,-0.01988,-0.01456,1.00461,0.17405,-0.02443,0.59466
8053,80543,1198,-200,12092,-50,-199,-209,-0.01926,-0.0137,1.00105,0.21221,-0.11603,0.54885
8054,80553,1238,-148,12142,-48,-195,-208,-0.01681,-0.01051,1.00402,0.22748,-0.0855,0.55649
8055,80563,1246,-110,12078,-52,-180,-208,-0.01632,-0.00818,1.00021,0.19695,0.02901,0.55649
8056,80573,1272,-136,12100,-54,-179,-208,-0.01472,-0.00977,1.00152,0.18168,0.03664,0.55649
8057,80583,1208,-158,12018,-54,-173,-208,-0.01865,-0.01112,0.99665,0.18168,0.08244,0.55649
8058,80593,1220,-178,12042,-53,-178,-210,-0.01791,-0.01235,0.99807,0.18931,0.04427,0.54122
8059,80603,1216,-170,12098,-59,-162,-205,-0.01816,-0.01186,1.0014,0.14351,0.16641,0.57939
8060,80613,1234,-206,12088,-65,-154,-203,-0.01705,-0.01407,1.00081,0.09771,0.22748,0.59466
8061,80623,1234,-176,11982,-50,-156,-206,-0.01705,-0.01223,0.99451,0.21221,0.21221,0.57176
8062,80633,1236,-192,12088,-55,-161,-202,-0.01693,-0.01321,1.00081,0.17405,0.17405,0.60229
8063,80643,1262,-178,12036,-61,-165,-205,-0.01534,-0.01235,0.99772,0.12824,0.14351,0.57939
8064,80653,1202,-162,12000,-63,-153,-203,-0.01902,-0.01137,0.99558,0.11298,0.23511,0.59466
8065,80663,1246,-182,12030,-57,-137,-209,-0.01632,-0.01259,0.99736,0.15878,0.35725,0.54885
8066,80673,1240,-192,12066,-60,-143,-211,-0.01669,-0.01321,0.9995,0.13588,0.31145,0.53359
8067,80683,1192,-182,12100,-62,-153,-211,-0.01963,-0.01259,1.00152,0.12061,0.23511,0.53359
8068,80693,1210,-174,12088,-59,-160,-212,-0.01853,-0.0121,1.00081,0.14351,0.18168,0.52595
8069,80703,1270,-140,12118,-66,-166,-210,-0.01484,-0.01002,1.00259,0.09008,0.13588,0.54122
8070,80713,1260,-156,12112,-56,-172,-212,-0.01546,-0.011,1.00223,0.16641,0.09008,0.52595
8071,80723,1222,-156,12028,-53,-181,-207,-0.01779,-0.011,0.99724,0.18931,0.02137,0.56412
8072,80733,1184,-172,12036,-58,-181,-207,-0.02012,-0.01198,0.99772,0.15115,0.02137,0.56412
8073,80743,1266,-170,12076,-58,-173,-206,-0.01509,-0.01186,1.0001,0.15115,0.08244,0.57176
8074,80753,1244,-166,12060,-59,-162,-208,-0.01644,-0.01161,0.99914,0.14351,0.16641,0.55649
8075,80763,1204,-196,12040,-55,-141,-212,-0.01889,-0.01345,0.99796,0.17405,0.32672,0.52595
8076,80773,1216,-150,12054,-57,-139,-212,-0.01816,-0.01063,0.99879,0.15878,0.34198,0.52595
8077,80783,1240,-152,12092,-51,-159,-210,-0.01669,-0.01075,1.00105,0.20458,0.18931,0.54122
8078,80793,1204,-180,12072,-53,-178,-215,-0.01889,-0.01247,0.99986,0.18931,0.04427,0.50305
8079,80803,1230,-170,12080,-53,-199,-214,-0.0173,-0.01186,1.00033,0.18931,-0.11603,0.51069
8080,80813,1222,-214,12096,-51,-201,-211,-0.01779,-0.01456,1.00128,0.20458,-0.1313,0.53359
8081,80823,1262,-190,12078,-50,-217,-210,-0.01534,-0.01308,1.00021,0.21221,-0.25344,0.54122
8082,80833,1200,-186,12112,-47,-216,-213,-0.01914,-0.01284,1.00223,0.23511,-0.2458,0.51832
8083,80843,1274,-190,12084,-49,-191,-217,-0.0146,-0.01308,1.00057,0.21985,-0.05496,0.48779
8084,80853,1234,-124,12044,-53,-174,-216,-0.01705,-0.00904,0.99819,0.18931,0.07481,0.49542
8085,80863,1230,-172,12098,-55,-160,-215,-0.0173,-0.01198,1.0014,0.17405,0.18168,0.50305
8086,80873,1226,-180,12090,-60,-168,-218,-0.01754,-0.01247,1.00093,0.13588,0.12061,0.48015
8087,80883,1228,-138,12140,-66,-163,-214,-0.01742,-0.00989,1.0039,0.09008,0.15878,0.51069
8088,80893,1218,-164,12102,-69,-176,-214,-0.01804,-0.01149,1.00164,0.06718,0.05954,0.51069
8089,80903,1228,-152,12108,-66,-200,-218,-0.01742,-0.01075,1.002,0.09008,-0.12366,0.48015
8090,80913,1184,-182,12074,-51,-207,-217,-0.02012,-0.01259,0.99998,0.20458,-0.1771,0.48779
8091,80923,1266,-208,12084,-57,-202,-216,-0.01509,-0.01419,1.00057,0.15878,-0.13893,0.49542
8092,80933,1228,-138,12098,-49,-209,-220,-0.01742,-0.00989,1.0014,0.21985,-0.19237,0.46489
8093,80943,1216,-186,12078,-55,-208,-226,-0.01816,-0.01284,1.00021,0.17405,-0.18473,0.41908
8094,80953,1230,-140,12028,-53,-215,-230,-0.0173,-0.01002,0.99724,0.18931,-0.23817,0.38855
8095,80963,1226,-144,12100,-51,-243,-234,-0.01754,-0.01026,1.00152,0.20458,-0.45191,0.35802
8096,80973,1224,-154,12128,-43,-254,-234,-0.01767,-0.01088,1.00318,0.26565,-0.53588,0.35802
8097,80983,1266,-110,12048,-20,-298,-233,-0.01509,-0.00818,0.99843,0.44122,-0.87176,0.36565
8098,80993,1230,-188,12058,-48,-245,-245,-0.0173,-0.01296,0.99903,0.22748,-0.46718,0.27405
8099,81003,1254,-144,12094,-58,-217,-244,-0.01583,-0.01026,1.00116,0.15115,-0.25344,0.28168
8100,81013,1252,-194,12072,-71,-209,-240,-0.01595,-0.01333,0.99986,0.05191,-0.19237,0.31221
8101,81023,1236,-210,12040,-67,-186,-241,-0.01693,-0.01431,0.99796,0.08244,-0.01679,0.30458
8102,81033,1246,-168,12052,-68,-171,-246,-0.01632,-0.01173,0.99867,0.07481,0.09771,0.26641
8103,81043,1220,-168,12036,-78,-166,-242,-0.01791,-0.01173,0.99772,-0.00153,0.13588,0.29695
8104,81053,1226,-166,12100,-82,-150,-240,-0.01754,-0.01161,1.00152,-0.03206,0.25802,0.31221
8105,81063,1268,-174,12036,-82,-147,-239,-0.01497,-0.0121,0.99772,-0.03206,0.28092,0.31985
8106,81073,1264,-164,12034,-76,-141,-242,-0.01521,-0.01149,0.9976,0.01374,0.32672,0.29695
8107,81083,1236,-150,12102,-58,-166,-251,-0.01693,-0.01063,1.00164,0.15115,0.13588,0.22824
8108,81093,1206,-122,12114,-56,-177,-253,-0.01877,-0.00891,1.00235,0.16641,0.05191,0.21298
8109,81103,1242,-162,12080,-64,-182,-259,-0.01656,-0.01137,1.00033,0.10534,0.01374,0.16718
8110,81113,1248,-144,12032,-65,-190,-262,-0.01619,-0.01026,0.99748,0.09771,-0.04733,0.14427
8111,81123,1234,-190,12072,-74,-210,-255,-0.01705,-0.01308,0.99986,0.02901,-0.2,0.19771
8112,81133,1194,-184,12010,-67,-228,-247,-0.01951,-0.01272,0.99617,0.08244,-0.3374,0.25878
8113,81143,1252,-214,12042,-50,-263,-253,-0.01595,-0.01456,0.99807,0.21221,-0.60458,0.21298
8114,81153,1280,-132,12046,-64,-242,-249,-0.01423,-0.00953,0.99831,0.10534,-0.44427,0.24351
8115,81163,1226,-180,11994,-65,-226,-245,-0.01754,-0.01247,0.99522,0.09771,-0.32214,0.27405
8116,81173,1218,-156,12074,-55,-211,-245,-0.01804,-0.011,0.99998,0.17405,-0.20763,0.27405
8117,81183,1272,-200,12048,-57,-211,-237,-0.01472,-0.0137,0.99843,0.15878,-0.20763,0.33511
8118,81193,1222,-160,12060,-67,-177,-239,-0.01779,-0.01124,0.99914,0.08244,0.05191,0.31985
8119,81203,1218,-186,12102,-77,-163,-245,-0.01804,-0.01284,1.00164,0.00611,0.15878,0.27405
8120,81213,1210,-168,12122,-77,-154,-245,-0.01853,-0.01173,1.00283,0.00611,0.22748,0.27405
8121,81223,1208,-220,12126,-74,-156,-251,-0.01865,-0.01492,1.00307,0.02901,0.21221,0.22824
8122,81233,1256,-140,12150,-72,-166,-248,-0.0157,-0.01002,1.00449,0.04427,0.13588,0.25115
8123,81243,1198,-172,12112,-60,-192,-254,-0.01926,-0.01198,1.00223,0.13588,-0.0626,0.20534
8124,81253,1214,-196,12086,-60,-204,-254,-0.01828,-0.01345,1.00069,0.13588,-0.1542,0.20534
8125,81263,1222,-202,12074,-58,-212,-253,-0.01779,-0.01382,0.99998,0.15115,-0.21527,0.21298
8126,81273,1224,-172,12074,-64,-211,-251,-0.01767,-0.01198,0.99998,0.10534,-0.20763,0.22824
8127,81283,1238,-162,12100,-71,-194,-244,-0.01681,-0.01137,1.00152,0.05191,-0.07786,0.28168
8128,81293,1250,-194,12064,-75,-172,-238,-0.01607,-0.01333,0.99938,0.02137,0.09008,0.32748
8129,81303,1222,-170,12120,-68,-156,-240,-0.01779,-0.01186,1.00271,0.07481,0.21221,0.31221
8130,81313,1252,-144,12066,-71,-148,-240,-0.01595,-0.01026,0.9995,0.05191,0.27328,0.31221
8131,81323,1178,-156,12092,-61,-138,-244,-0.02049,-0.011,1.00105,0.12824,0.34962,0.28168
8132,81333,1236,-160,12016,-65,-138,-246,-0.01693,-0.01124,0.99653,0.09771,0.34962,0.26641
8133,81343,1236,-154,12116,-64,-155,-248,-0.01693,-0.01088,1.00247,0.10534,0.21985,0.25115
8134,81353,1252,-166,11988,-69,-168,-236,-0.01595,-0.01161,0.99487,0.06718,0.12061,0.34275
8135,81363,1264,-194,12056,-63,-185,-243,-0.01521,-0.01333,0.99891,0.11298,-0.00916,0.28931
8136,81373,1222,-158,12024,-67,-180,-241,-0.01779,-0.01112,0.99701,0.08244,0.02901,0.30458
8137,81383,1242,-192,12032,-67,-173,-244,-0.01656,-0.01321,0.99748,0.08244,0.08244,0.28168
8138,81393,1212,-178,12068,-61,-174,-244,-0.0184,-0.01235,0.99962,0.12824,0.07481,0.28168
8139,81403,1218,-124,12012,-68,-172,-239,-0.01804,-0.00904,0.99629,0.07481,0.09008,0.31985
8140,81413,1224,-158,12006,-59,-178,-245,-0.01767,-0.01112,0.99594,0.14351,0.04427,0.27405
8141,81423,1218,-162,12098,-58,-189,-245,-0.01804,-0.01137,1.0014,0.15115,-0.03969,0.27405
8142,81433,1210,-140,12112,-56,-182,-252,-0.01853,-0.01002,1.00223,0.16641,0.01374,0.22061
8143,81443,1248,-212,12078,-63,-190,-242,-0.01619,-0.01443,1.00021,0.11298,-0.04733,0.29695
8144,81453,1252,-196,12140,-67,-188,-240,-0.01595,-0.01345,1.0039,0.08244,-0.03206,0.31221
8145,81463,1200,-176,12044,-62,-215,-236,-0.01914,-0.01223,0.99819,0.12061,-0.23817,0.34275
8146,81473,1248,-158,12060,-50,-216,-232,-0.01619,-0.01112,0.99914,0.21221,-0.2458,0.37328
8147,81483,1208,-184,12064,-51,-201,-224,-0.01865,-0.01272,0.99938,0.20458,-0.1313,0.43435
8148,81493,1210,-174,12042,-54,-185,-231,-0.01853,-0.0121,0.99807,0.18168,-0.00916,0.38092
8149,81503,1258,-156,12090,-53,-167,-226,-0.01558,-0.011,1.00093,0.18931,0.12824,0.41908
8150,81513,1244,-176,12040,-59,-155,-234,-0.01644,-0.01223,0.99796,0.14351,0.21985,0.35802
8151,81523,1218,-128,12086,-68,-157,-236,-0.01804,-0.00928,1.00069,0.07481,0.20458,0.34275
8152,81533,1184,-172,12024,-72,-165,-233,-0.02012,-0.01198,0.99701,0.04427,0.14351,0.36565
8153,81543,1220,-118,12126,-67,-177,-235,-0.01791,-0.00867,1.00307,0.08244,0.05191,0.35038
8154,81553,1240,-178,12056,-60,-191,-234,-0.01669,-0.01235,0.99891,0.13588,-0.05496,0.35802
8155,81563,1192,-204,12052,-61,-205,-230,-0.01963,-0.01394,0.99867,0.12824,-0.16183,0.38855
8156,81573,1250,-176,12072,-60,-220,-235,-0.01607,-0.01223,0.99986,0.13588,-0.27634,0.35038
8157,81583,1304,-170,12126,-54,-247,-234,-0.01276,-0.01186,1.00307,0.18168,-0.48244,0.35802
8158,81593,1278,-182,12058,-48,-228,-235,-0.01435,-0.01259,0.99903,0.22748,-0.3374,0.35038
8159,81603,1228,-174,12006,-50,-199,-240,-0.01742,-0.0121,0.99594,0.21221,-0.11603,0.31221
8160,81613,1208,-176,12034,-63,-169,-238,-0.01865,-0.01223,0.9976,0.11298,0.11298,0.32748
8161,81623,1226,-204,12044,-60,-169,-241,-0.01754,-0.01394,0.99819,0.13588,0.11298,0.30458
8162,81633,1184,-160,12060,-60,-176,-230,-0.02012,-0.01124,0.99914,0.13588,0.05954,0.38855
8163,81643,1198,-162,12034,-54,-196,-227,-0.01926,-0.01137,0.9976,0.18168,-0.09313,0.41145
8164,81653,1208,-202,12104,-55,-196,-222,-0.01865,-0.01382,1.00176,0.17405,-0.09313,0.44962
8165,81663,1206,-166,12124,-56,-196,-223,-0.01877,-0.01161,1.00295,0.16641,-0.09313,0.44198
8166,81673,1238,-128,12054,-53,-187,-225,-0.01681,-0.00928,0.99879,0.18931,-0.02443,0.42672
8167,81683,1242,-138,12064,-62,-175,-220,-0.01656,-0.00989,0.99938,0.12061,0.06718,0.46489
8168,81693,1282,-210,12026,-53,-164,-223,-0.01411,-0.01431,0.99712,0.18931,0.15115,0.44198
8169,81703,1254,-196,12024,-52,-155,-230,-0.01583,-0.01345,0.99701,0.19695,0.21985,0.38855
8170,81713,1156,-170,12078,-55,-175,-230,-0.02184,-0.01186,1.00021,0.17405,0.06718,0.38855
8171,81723,1226,-150,12070,-49,-198,-231,-0.01754,-0.01063,0.99974,0.21985,-0.1084,0.38092
8172,81733,1262,-190,12120,-44,-209,-226,-0.01534,-0.01308,1.00271,0.25802,-0.19237,0.41908
8173,81743,1246,-174,12116,-46,-224,-225,-0.01632,-0.0121,1.00247,0.24275,-0.30687,0.42672
8174,81753,1218,-164,12110,-36,-226,-230,-0.01804,-0.01149,1.00212,0.31908,-0.32214,0.38855
8175,81763,1226,-176,12098,-58,-207,-226,-0.01754,-0.01223,1.0014,0.15115,-0.1771,0.41908
8176,81773,1218,-168,12132,-61,-181,-223,-0.01804,-0.01173,1.00342,0.12824,0.02137,0.44198
8177,81783,1252,-184,12068,-68,-169,-219,-0.01595,-0.01272,0.99962,0.07481,0.11298,0.47252
8178,81793,1222,-188,12048,-66,-158,-225,-0.01779,-0.01296,0.99843,0.09008,0.19695,0.42672
8179,81803,1236,-198,12052,-68,-161,-228,-0.01693,-0.01357,0.99867,0.07481,0.17405,0.40382
8180,81813,1214,-142,12088,-62,-160,-227,-0.01828,-0.01014,1.00081,0.12061,0.18168,0.41145
8181,81823,1244,-188,12020,-63,-163,-222,-0.01644,-0.01296,0.99677,0.11298,0.15878,0.44962
8182,81833,1240,-224,12084,-61,-178,-221,-0.01669,-0.01517,1.00057,0.12824,0.04427,0.45725
8183,81843,1244,-134,12122,-54,-203,-227,-0.01644,-0.00965,1.00283,0.18168,-0.14656,0.41145
8184,81853,1222,-174,12102,-53,-212,-228,-0.01779,-0.0121,1.00164,0.18931,-0.21527,0.40382
8185,81863,1262,-150,12078,-50,-208,-232,-0.01534,-0.01063,1.00021,0.21221,-0.18473,0.37328
8186,81873,1232,-146,12018,-46,-197,-233,-0.01718,-0.01038,0.99665,0.24275,-0.10076,0.36565
8187,81883,1242,-170,12062,-50,-197,-233,-0.01656,-0.01186,0.99926,0.21221,-0.10076,0.36565
8188,81893,1246,-150,12034,-51,-185,-234,-0.01632,-0.01063,0.9976,0.20458,-0.00916,0.35802
8189,81903,1198,-174,12090,-52,-167,-229,-0.01926,-0.0121,1.00093,0.19695,0.12824,0.39618
8190,81913,1262,-164,12018,-62,-153,-233,-0.01534,-0.01149,0.99665,0.12061,0.23511,0.36565
8191,81923,1280,-160,12112,-68,-166,-232,-0.01423,-0.01124,1.00223,0.07481,0.13588,0.37328
8192,81933,1218,-178,12056,-67,-174,-225,-0.01804,-0.01235,0.99891,0.08244,0.07481,0.42672
8193,81943,1224,-156,12082,-61,-188,-226,-0.01767,-0.011,1.00045,0.12824,-0.03206,0.41908
8194,81953,1278,-152,12078,-58,-186,-226,-0.01435,-0.01075,1.00021,0.15115,-0.01679,0.41908
8195,81963,1232,-152,12066,-48,-192,-223,-0.01718,-0.01075,0.9995,0.22748,-0.0626,0.44198
8196,81973,1196,-168,12114,-51,-191,-224,-0.01939,-0.01173,1.00235,0.20458,-0.05496,0.43435
8197,81983,1196,-208,12084,-55,-167,-227,-0.01939,-0.01419,1.00057,0.17405,0.12824,0.41145
8198,81993,1240,-174,12070,-60,-154,-230,-0.01669,-0.0121,0.99974,0.13588,0.22748,0.38855
8199,82003,1206,-152,12070,-53,-160,-225,-0.01877,-0.01075,0.99974,0.18931,0.18168,0.42672
8200,82013,1278,-150,12042,-57,-170,-229,-0.01435,-0.01063,0.99807,0.15878,0.10534,0.39618
8201,82023,1228,-140,12050,-58,-190,-226,-0.01742,-0.01002,0.99855,0.15115,-0.04733,0.41908
8202,82033,1254,-196,11986,-55,-196,-222,-0.01583,-0.01345,0.99475,0.17405,-0.09313,0.44962
8203,82043,1226,-188,12066,-56,-184,-224,-0.01754,-0.01296,0.9995,0.16641,-0.00153,0.43435
8204,82053,1218,-228,12080,-59,-177,-218,-0.01804,-0.01541,1.00033,0.14351,0.05191,0.48015
8205,82063,1238,-194,12108,-58,-189,-221,-0.01681,-0.01333,1.002,0.15115,-0.03969,0.45725
8206,82073,1266,-208,12044,-53,-192,-224,-0.01509,-0.01419,0.99819,0.18931,-0.0626,0.43435
8207,82083,1240,-186,12084,-56,-177,-224,-0.01669,-0.01284,1.00057,0.16641,0.05191,0.43435
8208,82093,1256,-168,12070,-53,-177,-223,-0.0157,-0.01173,0.99974,0.18931,0.05191,0.44198
8209,82103,1236,-182,12080,-61,-173,-220,-0.01693,-0.01259,1.00033,0.12824,0.08244,0.46489
8210,82113,1250,-182,12070,-63,-155,-221,-0.01607,-0.01259,0.99974,0.11298,0.21985,0.45725
8211,82123,1232,-162,12084,-69,-142,-216,-0.01718,-0.01137,1.00057,0.06718,0.31908,0.49542
8212,82133,1240,-202,12108,-64,-136,-224,-0.01669,-0.01382,1.002,0.10534,0.36489,0.43435
8213,82143,1202,-176,12078,-55,-124,-217,-0.01902,-0.01223,1.00021,0.17405,0.45649,0.48779
8214,82153,1216,-172,12066,-57,-112,-214,-0.01816,-0.01198,0.9995,0.15878,0.54809,0.51069
8215,82163,1222,-218,12034,-64,-139,-218,-0.01779,-0.0148,0.9976,0.10534,0.34198,0.48015
8216,82173,1242,-166,12056,-54,-144,-212,-0.01656,-0.01161,0.99891,0.18168,0.30382,0.52595
8217,82183,1264,-198,12124,-53,-151,-215,-0.01521,-0.01357,1.00295,0.18931,0.25038,0.50305
8218,82193,1212,-186,12070,-63,-149,-212,-0.0184,-0.01284,0.99974,0.11298,0.26565,0.52595
8219,82203,1256,-186,12088,-58,-158,-211,-0.0157,-0.01284,1.00081,0.15115,0.19695,0.53359
8220,82213,1200,-176,12082,-59,-163,-213,-0.01914,-0.01223,1.00045,0.14351,0.15878,0.51832
8221,82223,1230,-202,12140,-58,-167,-214,-0.0173,-0.01382,1.0039,0.15115,0.12824,0.51069
8222,82233,1220,-208,12112,-59,-154,-211,-0.01791,-0.01419,1.00223,0.14351,0.22748,0.53359
8223,82243,1216,-174,12106,-59,-144,-208,-0.01816,-0.0121,1.00188,0.14351,0.30382,0.55649
8224,82253,1216,-112,12064,-58,-131,-202,-0.01816,-0.0083,0.99938,0.15115,0.40305,0.60229
8225,82263,1252,-176,12076,-58,-129,-199,-0.01595,-0.01223,1.0001,0.15115,0.41832,0.62519
8226,82273,1230,-168,12082,-61,-140,-199,-0.0173,-0.01173,1.00045,0.12824,0.33435,0.62519
8227,82283,1174,-218,12072,-67,-149,-190,-0.02074,-0.0148,0.99986,0.08244,0.26565,0.69389
8228,82293,1244,-192,12132,-62,-143,-187,-0.01644,-0.01321,1.00342,0.12061,0.31145,0.71679
8229,82303,1240,-142,12128,-60,-144,-186,-0.01669,-0.01014,1.00318,0.13588,0.30382,0.72443
8230,82313,1204,-186,12176,-51,-151,-192,-0.01889,-0.01284,1.00604,0.20458,0.25038,0.67863
8231,82323,1200,-208,12132,-46,-169,-195,-0.01914,-0.01419,1.00342,0.24275,0.11298,0.65573
8232,82333,1228,-196,12110,-51,-183,-199,-0.01742,-0.01345,1.00212,0.20458,0.00611,0.62519
8233,82343,1212,-198,12090,-51,-193,-203,-0.0184,-0.01357,1.00093,0.20458,-0.07023,0.59466
8234,82353,1212,-150,12140,-52,-195,-203,-0.0184,-0.01063,1.0039,0.19695,-0.0855,0.59466
8235,82363,1244,-206,12124,-52,-179,-196,-0.01644,-0.01407,1.00295,0.19695,0.03664,0.64809
8236,82373,1168,-200,12128,-45,-164,-188,-0.0211,-0.0137,1.00318,0.25038,0.15115,0.70916
8237,82383,1208,-190,12090,-48,-163,-179,-0.01865,-0.01308,1.00093,0.22748,0.15878,0.77786
8238,82393,1198,-122,12116,-42,-147,-178,-0.01926,-0.00891,1.00247,0.27328,0.28092,0.7855
8239,82403,1246,-182,12054,-51,-136,-180,-0.01632,-0.01259,0.99879,0.20458,0.36489,0.77023
8240,82413,1164,-192,12042,-50,-139,-181,-0.02135,-0.01321,0.99807,0.21221,0.34198,0.7626
8241,82423,1232,-204,12090,-59,-149,-185,-0.01718,-0.01394,1.00093,0.14351,0.26565,0.73206
8242,82433,1228,-192,12116,-57,-150,-184,-0.01742,-0.01321,1.00247,0.15878,0.25802,0.73969
8243,82443,1210,-228,12088,-57,-138,-186,-0.01853,-0.01541,1.00081,0.15878,0.34962,0.72443
8244,82453,1222,-182,12096,-49,-138,-189,-0.01779,-0.01259,1.00128,0.21985,0.34962,0.70153
8245,82463,1174,-204,12086,-64,-143,-198,-0.02074,-0.01394,1.00069,0.10534,0.31145,0.63282
8246,82473,1196,-158,12074,-61,-142,-200,-0.01939,-0.01112,0.99998,0.12824,0.31908,0.61756
8247,82483,1192,-160,11996,-58,-144,-201,-0.01963,-0.01124,0.99534,0.15115,0.30382,0.60992
8248,82493,1202,-236,11978,-52,-119,-212,-0.01902,-0.01591,0.99427,0.19695,0.49466,0.52595
8249,82503,1216,-202,12120,-59,-88,-200,-0.01816,-0.01382,1.00271,0.14351,0.7313,0.61756
8250,82513,1230,-190,12096,-62,-96,-198,-0.0173,-0.01308,1.00128,0.12061,0.67023,0.63282
8251,82523,1178,-230,12042,-61,-85,-194,-0.02049,-0.01554,0.99807,0.12824,0.7542,0.66336
8252,82533,1156,-198,12106,-69,-39,-188,-0.02184,-0.01357,1.00188,0.06718,1.10534,0.70916
8253,82543,1126,-220,12170,-66,55,-145,-0.02368,-0.01492,1.00568,0.09008,1.8229,1.0374
8254,82553,1090,-224,12162,-78,400,-7,-0.02589,-0.01517,1.00521,-0.00153,4.45649,2.09084
8255,82563,1008,-186,12178,-90,994,-123,-0.03092,-0.01284,1.00616,-0.09313,8.99084,1.20534
8256,82573,1066,-214,12148,-91,1852,-521,-0.02736,-0.01456,1.00437,-0.10076,15.54046,-1.83282
8257,82583,1076,-246,12036,-56,2575,-918,-0.02675,-0.01652,0.99772,0.16641,21.05954,-4.86336
8258,82593,1112,-230,12046,-16,2870,-1153,-0.02454,-0.01554,0.99831,0.47176,23.31145,-6.65725
8259,82603,1030,-166,11964,-130,2494,-1134,-0.02957,-0.01161,0.99344,-0.39847,20.44122,-6.51221
8260,82613,932,-202,12060,-225,1625,-1099,-0.03559,-0.01382,0.99914,-1.12366,13.80763,-6.24504
8261,82623,956,-246,12046,-179,1209,-1141,-0.03411,-0.01652,0.99831,-0.77252,10.63206,-6.56565
8262,82633,1012,-154,12196,-153,1139,-992,-0.03068,-0.01088,1.00723,-0.57405,10.09771,-5.42824
8263,82643,914,-220,12062,-128,1468,-602,-0.03669,-0.01492,0.99926,-0.38321,12.60916,-2.45115
8264,82653,790,-212,12014,-121,1130,-379,-0.0443,-0.01443,0.99641,-0.32977,10.02901,-0.74885
8265,82663,746,-186,12052,-115,881,-372,-0.047,-0.01284,0.99867,-0.28397,8.12824,-0.69542
8266,82673,804,-206,12028,-108,726,-382,-0.04344,-0.01407,0.99724,-0.23053,6.94504,-0.77176
8267,82683,778,-230,12020,-103,612,-382,-0.04504,-0.01554,0.99677,-0.19237,6.07481,-0.77176
8268,82693,768,-238,12114,-103,558,-371,-0.04565,-0.01603,1.00235,-0.19237,5.6626,-0.68779
8269,82703,726,-176,12074,-111,528,-362,-0.04823,-0.01223,0.99998,-0.25344,5.43359,-0.61908
8270,82713,640,-224,12014,-101,458,-358,-0.0535,-0.01517,0.99641,-0.1771,4.89924,-0.58855
8271,82723,684,-232,12032,-99,482,-366,-0.0508,-0.01566,0.99748,-0.16183,5.08244,-0.64962
8272,82733,632,-234,12064,-95,654,-376,-0.054,-0.01578,0.99938,-0.1313,6.39542,-0.72595
8273,82743,632,-214,12044,-103,831,-395,-0.054,-0.01456,0.99819,-0.19237,7.74656,-0.87099
8274,82753,654,-218,12098,-103,1059,-405,-0.05265,-0.0148,1.0014,-0.19237,9.48702,-0.94733
8275,82763,636,-202,12134,-124,1572,-447,-0.05375,-0.01382,1.00354,-0.35267,13.40305,-1.26794
8276,82773,620,-208,12078,-140,2107,-548,-0.05473,-0.01419,1.00021,-0.47481,17.48702,-2.03893
8277,82783,644,-254,12138,-187,2557,-753,-0.05326,-0.01701,1.00378,-0.83359,20.92214,-3.60382
8278,82793,352,-280,12002,-218,3034,-909,-0.07118,-0.0186,0.9957,-1.07023,24.56336,-4.79466
8279,82803,340,-304,11922,-218,2836,-650,-0.07191,-0.02008,0.99094,-1.07023,23.05191,-2.81756
8280,82813,308,-320,11968,-211,2550,-317,-0.07388,-0.02106,0.99368,-1.01679,20.8687,-0.27557
8281,82823,254,-254,12086,-197,2426,-83,-0.07719,-0.01701,1.00069,-0.90992,19.92214,1.51069
8282,82833,152,-160,12076,-202,3033,56,-0.08345,-0.01124,1.0001,-0.94809,24.55573,2.57176
8283,82843,102,-212,12190,-225,3996,30,-0.08652,-0.01443,1.00687,-1.12366,31.90687,2.37328
8284,82853,6,-202,12284,-265,5404,-72,-0.09241,-0.01382,1.01245,-1.42901,42.65496,1.59466
8285,82863,-82,-214,12182,-315,7077,-155,-0.09781,-0.01456,1.00639,-1.81069,55.42595,0.96107
8286,82873,-328,-226,12016,-361,8501,-171,-0.11291,-0.01529,0.99653,-2.16183,66.29618,0.83893
8287,82883,-616,-280,11832,-376,9154,-159,-0.13058,-0.0186,0.9856,-2.27634,71.28091,0.93053
8288,82893,-784,-298,11854,-351,8752,-136,-0.14089,-0.01971,0.9869,-2.0855,68.21221,1.10611
8289,82903,-1040,-256,11538,-342,8186,-13,-0.1566,-0.01713,0.96813,-2.01679,63.8916,2.04504
8290,82913,-1160,-254,11598,-289,6334,113,-0.16396,-0.01701,0.97169,-1.61221,49.7542,3.00687
8291,82923,-1226,-304,11728,-213,4123,168,-0.16801,-0.02008,0.97942,-1.03206,32.87634,3.42672
8292,82933,-1214,-318,11848,-181,3234,254,-0.16728,-0.02094,0.98655,-0.78779,26.09008,4.08321
8293,82943,-1260,-290,11990,-172,3430,445,-0.1701,-0.01922,0.99498,-0.71908,27.58626,5.54122
8294,82953,-1298,-354,11944,-185,4496,458,-0.17243,-0.02314,0.99225,-0.81832,35.72366,5.64046
8295,82963,-1142,-594,12338,-216,5623,715,-0.16286,-0.03787,1.01566,-1.05496,44.32672,7.60229
8296,82973,-1456,-252,11752,-278,8335,1995,-0.18213,-0.01689,0.98084,-1.52824,65.02901,17.37328
8297,82983,-1740,-242,11846,-278,9719,2341,-0.19956,-0.01627,0.98643,-1.52824,75.59389,20.0145
8298,82993,-2372,-214,11594,-271,10742,2048,-0.23834,-0.01456,0.97145,-1.47481,83.40305,17.77786
8299,83003,-2554,-272,11504,-237,10772,1841,-0.24951,-0.01811,0.96611,-1.21527,83.63206,16.19771
8300,83013,-2664,-244,11286,-178,9721,2124,-0.25626,-0.0164,0.95315,-0.76489,75.60916,18.35802
8301,83023,-2830,-206,11140,-119,7873,2044,-0.26644,-0.01407,0.94448,-0.3145,61.50229,17.74733
8302,83033,-2948,-178,11194,-92,5774,1884,-0.27369,-0.01235,0.94769,-0.1084,45.47939,16.52595
8303,83043,-3116,-54,11250,-80,4565,1600,-0.284,-0.00474,0.95101,-0.01679,36.25038,14.35802
8304,83053,-3212,-76,11248,-74,3490,1066,-0.28989,-0.00609,0.9509,0.02901,28.04428,10.28168
8305,83063,-3140,-130,11468,-84,2658,474,-0.28547,-0.0094,0.96397,-0.04733,21.69313,5.7626
8306,83073,-3278,-196,11144,-54,2552,118,-0.29394,-0.01345,0.94472,0.18168,20.88397,3.04504
8307,83083,-3242,-174,11404,-67,1119,-48,-0.29173,-0.0121,0.96017,0.08244,9.94504,1.77786
8308,83093,-3256,-166,11376,-55,1368,-217,-0.29259,-0.01161,0.9585,0.17405,11.8458,0.48779
8309,83103,-3314,-144,11340,-65,1567,-232,-0.29615,-0.01026,0.95636,0.09771,13.36489,0.37328
8310,83113,-3316,-168,11324,-70,1610,-258,-0.29627,-0.01173,0.95541,0.05954,13.69313,0.17481
8311,83123,-3302,-238,11324,-72,1540,-280,-0.29541,-0.01603,0.95541,0.04427,13.15878,0.00687
8312,83133,-3398,-220,11380,-75,1706,-286,-0.3013,-0.01492,0.95874,0.02137,14.42595,-0.03893
8313,83143,-3402,-204,11216,-84,2224,-294,-0.30155,-0.01394,0.94899,-0.04733,18.38015,-0.1
8314,83153,-3510,-188,11078,-87,2160,-308,-0.30817,-0.01296,0.94079,-0.07023,17.8916,-0.20687
8315,83163,-3502,-196,11104,-85,1712,-316,-0.30768,-0.01345,0.94234,-0.05496,14.47176,-0.26794
8316,83173,-3592,-132,11212,-82,1480,-309,-0.31321,-0.00953,0.94876,-0.03206,12.70076,-0.2145
8317,83183,-3626,-164,11282,-83,1566,-303,-0.31529,-0.01149,0.95292,-0.03969,13.35725,-0.1687
8318,83193,-3624,-202,11282,-89,2016,-278,-0.31517,-0.01382,0.95292,-0.0855,16.79237,0.02214
8319,83203,-3670,-192,11240,-81,2652,-255,-0.31799,-0.01321,0.95042,-0.02443,21.64733,0.19771
8320,83213,-3744,-166,11278,-79,3036,-234,-0.32253,-0.01161,0.95268,-0.00916,24.57863,0.35802
8321,83223,-3778,-218,11226,-75,3697,-214,-0.32462,-0.0148,0.94959,0.02137,29.62443,0.51069
8322,83233,-3886,-132,11082,-79,4352,-212,-0.33125,-0.00953,0.94103,-0.00916,34.62443,0.52595
8323,83243,-4022,-182,10998,-85,4477,-228,-0.33959,-0.01259,0.93604,-0.05496,35.57862,0.40382
8324,83253,-4200,-200,10838,-69,4053,-234,-0.35052,-0.0137,0.92653,0.06718,32.34198,0.35802
8325,83263,-4200,-154,10984,-68,2824,-254,-0.35052,-0.01088,0.93521,0.07481,22.96031,0.20534
8326,83273,-4222,-158,11006,-66,2445,-274,-0.35187,-0.01112,0.93652,0.09008,20.06718,0.05267
8327,83283,-4280,-174,11022,-73,2390,-289,-0.35543,-0.0121,0.93747,0.03664,19.64733,-0.06183
8328,83293,-4288,-166,10848,-71,2421,-319,-0.35592,-0.01161,0.92713,0.05191,19.88397,-0.29084
8329,83303,-4406,-188,10748,-71,1917,-408,-0.36316,-0.01296,0.92119,0.05191,16.03664,-0.97023
8330,83313,-4384,-230,10920,-81,935,-437,-0.36181,-0.01554,0.93141,-0.02443,8.54046,-1.1916
8331,83323,-4376,-182,11046,-83,880,-390,-0.36132,-0.01259,0.93889,-0.03969,8.12061,-0.83282
8332,83333,-4430,-208,11024,-76,1208,-385,-0.36463,-0.01419,0.93759,0.01374,10.62443,-0.79466
8333,83343,-4364,-160,10942,-69,1424,-416,-0.36058,-0.01124,0.93271,0.06718,12.27328,-1.0313
8334,83353,-4532,-234,10932,-58,1907,-544,-0.37089,-0.01578,0.93212,0.15115,15.96031,-2.0084
8335,83363,-4546,-258,11010,-57,2481,-393,-0.37175,-0.01726,0.93675,0.15878,20.34199,-0.85573
8336,83373,-4534,-178,11194,-62,3642,-97,-0.37101,-0.01235,0.94769,0.12061,29.20458,1.40382
8337,83383,-4574,-158,11194,-63,5529,-110,-0.37347,-0.01112,0.94769,0.11298,43.60916,1.30458
8338,83393,-4762,-146,11142,-69,8003,-76,-0.385,-0.01038,0.9446,0.06718,62.49466,1.56412
8339,83403,-5054,-152,10420,-59,10219,-2,-0.40292,-0.01075,0.9017,0.14351,79.41068,2.12901
8340,83413,-5542,-196,10062,-43,9184,-31,-0.43287,-0.01345,0.88042,0.26565,71.50993,1.90763
8341,83423,-5648,-172,10022,-38,6482,38,-0.43937,-0.01198,0.87805,0.30382,50.88397,2.43435
8342,83433,-5564,-166,10164,-53,3730,2,-0.43422,-0.01161,0.88649,0.18931,29.87634,2.15954
8343,83443,-5304,-298,10380,-51,1887,140,-0.41826,-0.01971,0.89932,0.20458,15.80763,3.21298
8344,83453,-5048,-112,10358,-46,1297,1043,-0.40255,-0.0083,0.89801,0.24275,11.30382,10.10611
8345,83463,-6112,-248,10396,-56,836,1714,-0.46785,-0.01664,0.90027,0.16641,7.78473,15.22824
8346,83473,-5704,-90,10530,-62,711,1533,-0.44281,-0.00695,0.90823,0.12061,6.83053,13.84657
8347,83483,-5698,-78,10456,-49,1590,1214,-0.44244,-0.00621,0.90384,0.21985,13.54046,11.41145
8348,83493,-5632,-94,10392,-34,2063,1002,-0.43839,-0.0072,0.90003,0.33435,17.15115,9.79313
8349,83503,-5720,8,10424,-22,2225,995,-0.44379,-0.00094,0.90193,0.42595,18.38779,9.73969
8350,83513,-5762,-64,10456,-19,2731,774,-0.44637,-0.00536,0.90384,0.44885,22.25038,8.05267
8351,83523,-5888,6,10222,-14,3272,500,-0.4541,-0.00106,0.88993,0.48702,26.38015,5.96107
8352,83533,-5910,-92,10282,-15,3288,293,-0.45545,-0.00707,0.8935,0.47939,26.50229,4.38092
8353,83543,-5920,-64,10260,9,3846,394,-0.45607,-0.00536,0.89219,0.6626,30.76183,5.15191
8354,83553,-6072,-36,10272,25,4745,617,-0.46539,-0.00364,0.8929,0.78473,37.62443,6.8542
8355,83563,-6254,84,10014,48,5261,545,-0.47656,0.00372,0.87757,0.96031,41.56336,6.30458
8356,83573,-6360,0,9950,32,4786,98,-0.48307,-0.00143,0.87377,0.83817,37.9374,2.89237
8357,83583,-6418,-4,9822,16,3537,-162,-0.48663,-0.00167,0.86616,0.71603,28.40305,0.90763
8358,83593,-6486,-22,9798,-3,2246,-241,-0.4908,-0.00278,0.86474,0.57099,18.54809,0.30458
8359,83603,-6420,-38,9994,-32,938,-280,-0.48675,-0.00376,0.87638,0.34962,8.56336,0.00687
8360,83613,-6454,-4,9968,-39,632,-278,-0.48883,-0.00167,0.87484,0.29618,6.22748,0.02214
8361,83623,-6456,-6,9948,-37,532,-281,-0.48896,-0.0018,0.87365,0.31145,5.46412,-0.00076
8362,83633,-6426,8,9940,-45,384,-289,-0.48712,-0.00094,0.87318,0.25038,4.33435,-0.06183
8363,83643,-6504,-24,9966,-45,558,-289,-0.4919,-0.0029,0.87472,0.25038,5.6626,-0.06183
8364,83653,-6492,-36,9866,-52,593,-288,-0.49117,-0.00364,0.86878,0.19695,5.92977,-0.0542
8365,83663,-6482,-6,9860,-50,492,-302,-0.49055,-0.0018,0.86842,0.21221,5.15878,-0.16107
8366,83673,-6520,-42,9764,-60,29,-334,-0.49288,-0.00401,0.86272,0.13588,1.62443,-0.40534
8367,83683,-6474,-22,9838,-86,-841,-382,-0.49006,-0.00278,0.86711,-0.0626,-5.01679,-0.77176
8368,83693,-6488,54,9966,-106,-1440,-437,-0.49092,0.00188,0.87472,-0.21527,-9.58931,-1.1916
8369,83703,-6480,8,9984,-104,-1690,-470,-0.49043,-0.00094,0.87579,-0.2,-11.49771,-1.44351
8370,83713,-6360,-46,10000,-104,-1754,-483,-0.48307,-0.00425,0.87674,-0.2,-11.98626,-1.54275
8371,83723,-6352,-44,9980,-88,-1156,-392,-0.48258,-0.00413,0.87555,-0.07786,-7.42137,-0.84809
8372,83733,-6364,-68,9978,-94,-1214,-366,-0.48331,-0.0056,0.87543,-0.12366,-7.86412,-0.64962
8373,83743,-6328,-2,10016,-103,-1604,-358,-0.4811,-0.00155,0.87769,-0.19237,-10.84122,-0.58855
8374,83753,-6276,-48,10036,-103,-1633,-353,-0.47791,-0.00437,0.87888,-0.19237,-11.0626,-0.55038
8375,83763,-6278,-6,10132,-93,-1441,-350,-0.47803,-0.0018,0.88458,-0.11603,-9.59695,-0.52748
8376,83773,-6262,-28,10074,-87,-1036,-344,-0.47705,-0.00315,0.88114,-0.07023,-6.50534,-0.48168
8377,83783,-6268,-30,9994,-88,-882,-351,-0.47742,-0.00327,0.87638,-0.07786,-5.32977,-0.53511
8378,83793,-6220,-48,10100,-91,-1191,-381,-0.47447,-0.00437,0.88268,-0.10076,-7.68855,-0.76412
8379,83803,-6220,-18,10110,-90,-1421,-404,-0.47447,-0.00253,0.88328,-0.09313,-9.44427,-0.93969
8380,83813,-6182,20,10064,-102,-1629,-452,-0.47214,-0.0002,0.88054,-0.18473,-11.03206,-1.30611
8381,83823,-6194,-16,10014,-112,-1965,-539,-0.47288,-0.00241,0.87757,-0.26107,-13.59695,-1.97023
8382,83833,-6058,34,10128,-112,-2375,-744,-0.46453,0.00066,0.88435,-0.26107,-16.72672,-3.53511
8383,83843,-6034,-56,10264,-92,-2287,-1114,-0.46306,-0.00486,0.89243,-0.1084,-16.05496,-6.35954
8384,83853,-6074,-38,10174,-82,-1713,-1045,-0.46552,-0.00376,0.88708,-0.03206,-11.67328,-5.83282
8385,83863,-5970,-90,10304,-76,-1414,-1078,-0.45913,-0.00695,0.8948,0.01374,-9.39084,-6.08473
8386,83873,-5932,-112,10238,-72,-1218,-967,-0.4568,-0.0083,0.89088,0.04427,-7.89466,-5.2374
8387,83883,-5944,4,10102,-73,-1206,-799,-0.45754,-0.00118,0.8828,0.03664,-7.80305,-3.95496
8388,83893,-5952,-70,10146,-93,-1622,-749,-0.45803,-0.00572,0.88542,-0.11603,-10.97863,-3.57328
8389,83903,-5894,-36,10224,-110,-2056,-773,-0.45447,-0.00364,0.89005,-0.2458,-14.2916,-3.75649
8390,83913,-5868,-98,10226,-100,-2408,-873,-0.45287,-0.00744,0.89017,-0.16947,-16.97863,-4.51985
8391,83923,-5850,-158,10232,-106,-2751,-888,-0.45177,-0.01112,0.89053,-0.21527,-19.59695,-4.63435
8392,83933,-5730,-88,10386,-98,-2774,-838,-0.44441,-0.00683,0.89968,-0.1542,-19.77252,-4.25267
8393,83943,-5726,-94,10508,-78,-1976,-868,-0.44416,-0.0072,0.90693,-0.00153,-13.68092,-4.48168
8394,83953,-5704,-148,10466,-62,-1138,-838,-0.44281,-0.01051,0.90443,0.12061,-7.28397,-4.25267
8395,83963,-5704,-152,10354,-60,-499,-688,-0.44281,-0.01075,0.89777,0.13588,-2.40611,-3.10763
8396,83973,-5706,-116,10264,-64,-252,-585,-0.44293,-0.00854,0.89243,0.10534,-0.52061,-2.32137
8397,83983,-5680,-118,10410,-67,-598,-494,-0.44134,-0.00867,0.9011,0.08244,-3.16183,-1.62672
8398,83993,-5674,-110,10374,-63,-535,-434,-0.44097,-0.00818,0.89896,0.11298,-2.68092,-1.1687
8399,84003,-5670,-156,10352,-64,-478,-391,-0.44072,-0.011,0.89766,0.10534,-2.2458,-0.84046
8400,84013,-5660,-120,10378,-68,-858,-367,-0.44011,-0.00879,0.8992,0.07481,-5.14656,-0.65725
8401,84023,-5634,-130,10454,-65,-966,-348,-0.43851,-0.0094,0.90372,0.09771,-5.97099,-0.51221
8402,84033,-5580,-140,10466,-61,-681,-327,-0.4352,-0.01002,0.90443,0.12824,-3.79542,-0.35191
8403,84043,-5636,-114,10344,-65,-356,-312,-0.43864,-0.00842,0.89718,0.09771,-1.3145,-0.2374
8404,84053,-5656,-102,10366,-70,-390,-306,-0.43986,-0.00769,0.89849,0.05954,-1.57405,-0.1916
8405,84063,-5616,-122,10326,-73,-601,-305,-0.43741,-0.00891,0.89611,0.03664,-3.18473,-0.18397
8406,84073,-5594,-114,10496,-70,-672,-317,-0.43606,-0.00842,0.90621,0.05954,-3.72672,-0.27557
8407,84083,-5622,-116,10506,-69,-430,-319,-0.43778,-0.00854,0.90681,0.06718,-1.87939,-0.29084
8408,84093,-5578,-186,10378,-69,-56,-310,-0.43508,-0.01284,0.8992,0.06718,0.97557,-0.22214
8409,84103,-5582,-92,10420,-60,225,-296,-0.43532,-0.00707,0.9017,0.13588,3.12061,-0.11527
8410,84113,-5654,-132,10374,-62,460,-311,-0.43974,-0.00953,0.89896,0.12061,4.9145,-0.22977
8411,84123,-5696,-102,10320,-60,226,-333,-0.44232,-0.00769,0.89575,0.13588,3.12824,-0.39771
8412,84133,-5648,-102,10280,-61,-406,-344,-0.43937,-0.00769,0.89338,0.12824,-1.69618,-0.48168
8413,84143,-5656,-124,10320,-67,-702,-346,-0.43986,-0.00904,0.89575,0.08244,-3.95573,-0.49695
8414,84153,-5590,-186,10364,-67,-968,-356,-0.43581,-0.01284,0.89837,0.08244,-5.98626,-0.57328
8415,84163,-5604,-138,10508,-70,-1137,-375,-0.43667,-0.00989,0.90693,0.05954,-7.27634,-0.71832
8416,84173,-5626,-156,10482,-69,-650,-397,-0.43802,-0.011,0.90538,0.06718,-3.55878,-0.88626
8417,84183,-5564,-146,10386,-68,-421,-415,-0.43422,-0.01038,0.89968,0.07481,-1.81069,-1.02366
8418,84193,-5556,-166,10440,-66,-666,-395,-0.43373,-0.01161,0.90288,0.09008,-3.68092,-0.87099
8419,84203,-5538,-92,10462,-72,-641,-359,-0.43262,-0.00707,0.90419,0.04427,-3.49008,-0.59618
8420,84213,-5554,-148,10480,-63,-351,-340,-0.43361,-0.01051,0.90526,0.11298,-1.27634,-0.45115
8421,84223,-5554,-184,10438,-62,-79,-338,-0.43361,-0.01272,0.90277,0.12061,0.8,-0.43588
8422,84233,-5574,-172,10420,-66,212,-330,-0.43483,-0.01198,0.9017,0.09008,3.02137,-0.37481
8423,84243,-5580,-188,10422,-60,296,-325,-0.4352,-0.01296,0.90182,0.13588,3.6626,-0.33664
8424,84253,-5652,-140,10370,-61,197,-303,-0.43962,-0.01002,0.89873,0.12824,2.90687,-0.1687
8425,84263,-5580,-134,10404,-60,-158,-295,-0.4352,-0.00965,0.90075,0.13588,0.19695,-0.10763
8426,84273,-5614,-110,10372,-65,-295,-296,-0.43729,-0.00818,0.89884,0.09771,-0.84885,-0.11527
8427,84283,-5602,-190,10408,-67,-642,-303,-0.43655,-0.01308,0.90098,0.08244,-3.49771,-0.1687
8428,84293,-5566,-134,10400,-71,-724,-308,-0.43434,-0.00965,0.90051,0.05191,-4.12366,-0.20687
8429,84303,-5542,-126,10408,-69,-610,-307,-0.43287,-0.00916,0.90098,0.06718,-3.25344,-0.19924
8430,84313,-5508,-164,10462,-73,-651,-319,-0.43078,-0.01149,0.90419,0.03664,-3.56641,-0.29084
8431,84323,-5492,-160,10520,-65,-381,-320,-0.4298,-0.01124,0.90764,0.09771,-1.50534,-0.29847
8432,84333,-5516,-170,10408,-73,-216,-330,-0.43127,-0.01186,0.90098,0.03664,-0.2458,-0.37481
8433,84343,-5522,-166,10406,-73,-248,-331,-0.43164,-0.01161,0.90086,0.03664,-0.49008,-0.38244
8434,84353,-5554,-150,10428,-70,-78,-319,-0.43361,-0.01063,0.90217,0.05954,0.80763,-0.29084
8435,84363,-5570,-158,10478,-65,-36,-316,-0.43459,-0.01112,0.90514,0.09771,1.12824,-0.26794
8436,84373,-5562,-122,10350,-64,-6,-312,-0.4341,-0.00891,0.89754,0.10534,1.35725,-0.2374
8437,84383,-5556,-124,10374,-66,66,-317,-0.43373,-0.00904,0.89896,0.09008,1.90687,-0.27557
8438,84393,-5558,-142,10414,-67,-184,-334,-0.43385,-0.01014,0.90134,0.08244,-0.00153,-0.40534
8439,84403,-5596,-112,10398,-68,-469,-362,-0.43618,-0.0083,0.90039,0.07481,-2.1771,-0.61908
8440,84413,-5522,-118,10462,-68,-603,-384,-0.43164,-0.00867,0.90419,0.07481,-3.2,-0.78702
8441,84423,-5576,-118,10464,-66,-562,-385,-0.43496,-0.00867,0.90431,0.09008,-2.88702,-0.79466
8442,84433,-5520,-126,10480,-69,-453,-373,-0.43152,-0.00916,0.90526,0.06718,-2.05496,-0.70305
8443,84443,-5472,-130,10476,-70,-340,-362,-0.42857,-0.0094,0.90502,0.05954,-1.19237,-0.61908
8444,84453,-5536,-160,10444,-74,-358,-360,-0.4325,-0.01124,0.90312,0.02901,-1.32977,-0.60382
8445,84463,-5514,-124,10450,-71,-348,-342,-0.43115,-0.00904,0.90348,0.05191,-1.25344,-0.46641
8446,84473,-5494,-160,10486,-67,-201,-335,-0.42992,-0.01124,0.90562,0.08244,-0.1313,-0.41298
8447,84483,-5584,-134,10484,-64,56,-337,-0.43545,-0.00965,0.9055,0.10534,1.83053,-0.42824
8448,84493,-5552,-168,10378,-62,164,-343,-0.43348,-0.01173,0.8992,0.12061,2.65496,-0.47405
8449,84503,-5560,-186,10486,-65,137,-365,-0.43397,-0.01284,0.90562,0.09771,2.44885,-0.64198
8450,84513,-5508,-154,10350,-73,18,-374,-0.43078,-0.01088,0.89754,0.03664,1.54046,-0.71069
8451,84523,-5534,-146,10338,-76,-423,-352,-0.43238,-0.01038,0.89682,0.01374,-1.82595,-0.54275
8452,84533,-5526,-148,10466,-77,-768,-333,-0.43189,-0.01051,0.90443,0.00611,-4.45954,-0.39771
8453,84543,-5472,-154,10518,-71,-675,-312,-0.42857,-0.01088,0.90752,0.05191,-3.74962,-0.2374
8454,84553,-5528,-164,10364,-70,-438,-296,-0.43201,-0.01149,0.89837,0.05954,-1.94046,-0.11527
8455,84563,-5482,-162,10460,-67,-504,-302,-0.42919,-0.01137,0.90407,0.08244,-2.44427,-0.16107
8456,84573,-5480,-130,10480,-58,-348,-304,-0.42906,-0.0094,0.90526,0.15115,-1.25344,-0.17634
8457,84583,-5512,-106,10388,-65,-285,-303,-0.43103,-0.00793,0.89979,0.09771,-0.77252,-0.1687
8458,84593,-5538,-158,10506,-66,-563,-309,-0.43262,-0.01112,0.90681,0.09008,-2.89466,-0.2145
8459,84603,-5472,-106,10488,-68,-720,-311,-0.42857,-0.00793,0.90574,0.07481,-4.09313,-0.22977
8460,84613,-5452,-170,10522,-63,-651,-304,-0.42735,-0.01186,0.90776,0.11298,-3.56641,-0.17634
8461,84623,-5466,-150,10570,-70,-446,-305,-0.4282,-0.01063,0.91061,0.05954,-2.00153,-0.18397
8462,84633,-5474,-130,10492,-63,-109,-290,-0.4287,-0.0094,0.90597,0.11298,0.57099,-0.06947
8463,84643,-5494,-112,10428,-68,25,-285,-0.42992,-0.0083,0.90217,0.07481,1.59389,-0.0313
8464,84653,-5500,-152,10450,-71,-97,-292,-0.43029,-0.01075,0.90348,0.05191,0.6626,-0.08473
8465,84663,-5512,-172,10448,-64,-133,-292,-0.43103,-0.01198,0.90336,0.10534,0.38779,-0.08473
8466,84673,-5482,-170,10454,-68,-132,-292,-0.42919,-0.01186,0.90372,0.07481,0.39542,-0.08473
8467,84683,-5470,-174,10392,-67,-146,-294,-0.42845,-0.0121,0.90003,0.08244,0.28855,-0.1
8468,84693,-5490,-132,10404,-66,-195,-293,-0.42968,-0.00953,0.90075,0.09008,-0.0855,-0.09237
8469,84703,-5462,-134,10432,-65,-342,-300,-0.42796,-0.00965,0.90241,0.09771,-1.20763,-0.1458
8470,84713,-5444,-134,10478,-65,-450,-302,-0.42685,-0.00965,0.90514,0.09771,-2.03206,-0.16107
8471,84723,-5466,-176,10534,-67,-497,-302,-0.4282,-0.01223,0.90847,0.08244,-2.39084,-0.16107
8472,84733,-5460,-174,10492,-69,-486,-298,-0.42784,-0.0121,0.90597,0.06718,-2.30687,-0.13053
8473,84743,-5472,-196,10500,-68,-582,-294,-0.42857,-0.01345,0.90645,0.07481,-3.03969,-0.1
8474,84753,-5462,-162,10520,-69,-566,-299,-0.42796,-0.01137,0.90764,0.06718,-2.91756,-0.13817
8475,84763,-5430,-148,10524,-70,-334,-298,-0.426,-0.01051,0.90788,0.05954,-1.14656,-0.13053
8476,84773,-5458,-172,10516,-70,-57,-300,-0.42771,-0.01198,0.9074,0.05954,0.96794,-0.1458
8477,84783,-5452,-190,10400,-71,-61,-299,-0.42735,-0.01308,0.90051,0.05191,0.9374,-0.13817
8478,84793,-5466,-170,10452,-72,-108,-294,-0.4282,-0.01186,0.9036,0.04427,0.57863,-0.1
8479,84803,-5458,-144,10426,-68,-32,-295,-0.42771,-0.01026,0.90205,0.07481,1.15878,-0.10763
8480,84813,-5440,-198,10442,-70,-267,-300,-0.42661,-0.01357,0.903,0.05954,-0.63511,-0.1458
8481,84823,-5438,-170,10480,-71,-386,-299,-0.42649,-0.01186,0.90526,0.05191,-1.54351,-0.13817
8482,84833,-5426,-152,10482,-62,-214,-300,-0.42575,-0.01075,0.90538,0.12061,-0.23053,-0.1458
8483,84843,-5442,-162,10492,-69,-163,-298,-0.42673,-0.01137,0.90597,0.06718,0.15878,-0.13053
8484,84853,-5424,-154,10412,-70,-241,-297,-0.42563,-0.01088,0.90122,0.05954,-0.43664,-0.1229
8485,84863,-5466,-122,10436,-68,-486,-297,-0.4282,-0.00891,0.90265,0.07481,-2.30687,-0.1229
8486,84873,-5440,-160,10558,-70,-608,-297,-0.42661,-0.01124,0.9099,0.05954,-3.23817,-0.1229
8487,84883,-5418,-164,10550,-72,-491,-293,-0.42526,-0.01149,0.90942,0.04427,-2.34504,-0.09237
8488,84893,-5414,-188,10528,-78,-346,-295,-0.42501,-0.01296,0.90811,-0.00153,-1.23817,-0.10763
8489,84903,-5410,-148,10410,-72,-282,-291,-0.42477,-0.01051,0.9011,0.04427,-0.74962,-0.0771
8490,84913,-5426,-148,10490,-64,-245,-289,-0.42575,-0.01051,0.90586,0.10534,-0.46718,-0.06183
8491,84923,-5436,-124,10420,-64,-174,-291,-0.42636,-0.00904,0.9017,0.10534,0.07481,-0.0771
8492,84933,-5424,-184,10424,-68,-312,-296,-0.42563,-0.01272,0.90193,0.07481,-0.97863,-0.11527
8493,84943,-5420,-180,10426,-71,-600,-303,-0.42538,-0.01247,0.90205,0.05191,-3.1771,-0.1687
8494,84953,-5414,-154,10598,-68,-385,-300,-0.42501,-0.01088,0.91227,0.07481,-1.53588,-0.1458
8495,84963,-5348,-150,10488,-64,-205,-292,-0.42096,-0.01063,0.90574,0.10534,-0.16183,-0.08473
8496,84973,-5408,-170,10550,-69,-42,-293,-0.42465,-0.01186,0.90942,0.06718,1.08244,-0.09237
8497,84983,-5370,-166,10536,-69,-114,-293,-0.42231,-0.01161,0.90859,0.06718,0.53282,-0.09237
8498,84993,-5362,-166,10580,-68,-218,-299,-0.42182,-0.01161,0.9112,0.07481,-0.26107,-0.13817
8499,85003,-5452,-176,10488,-67,-195,-301,-0.42735,-0.01223,0.90574,0.08244,-0.0855,-0.15344
8500,85013,-5396,-142,10520,-65,-247,-305,-0.42391,-0.01014,0.90764,0.09771,-0.48244,-0.18397
8501,85023,-5338,-156,10498,-64,-399,-299,-0.42035,-0.011,0.90633,0.10534,-1.64275,-0.13817
8502,85033,-5338,-156,10552,-73,-432,-292,-0.42035,-0.011,0.90954,0.03664,-1.89466,-0.08473
8503,85043,-5370,-146,10548,-71,-231,-286,-0.42231,-0.01038,0.9093,0.05191,-0.36031,-0.03893
8504,85053,-5386,-186,10512,-71,-24,-286,-0.4233,-0.01284,0.90716,0.05191,1.21985,-0.03893
8505,85063,-5388,-144,10400,-70,-68,-292,-0.42342,-0.01026,0.90051,0.05954,0.88397,-0.08473
8506,85073,-5376,-140,10408,-80,-290,-289,-0.42268,-0.01002,0.90098,-0.01679,-0.81069,-0.06183
8507,85083,-5396,-200,10520,-74,-387,-295,-0.42391,-0.0137,0.90764,0.02901,-1.55114,-0.10763
8508,85093,-5448,-124,10466,-67,-489,-298,-0.4271,-0.00904,0.90443,0.08244,-2.32977,-0.13053
8509,85103,-5402,-170,10470,-74,-690,-304,-0.42428,-0.01186,0.90467,0.02901,-3.86412,-0.17634
8510,85113,-5408,-154,10504,-78,-570,-299,-0.42465,-0.01088,0.90669,-0.00153,-2.94809,-0.13817
8511,85123,-5328,-122,10468,-72,-540,-298,-0.41974,-0.00891,0.90455,0.04427,-2.71908,-0.13053
8512,85133,-5372,-142,10534,-70,-565,-298,-0.42244,-0.01014,0.90847,0.05954,-2.90992,-0.13053
8513,85143,-5350,-156,10494,-67,-538,-293,-0.42109,-0.011,0.90609,0.08244,-2.70382,-0.09237
8514,85153,-5264,-180,10568,-67,-604,-295,-0.41581,-0.01247,0.91049,0.08244,-3.20763,-0.10763
8515,85163,-5310,-156,10542,-70,-327,-291,-0.41863,-0.011,0.90895,0.05954,-1.09313,-0.0771
8516,85173,-5308,-172,10520,-67,-205,-296,-0.41851,-0.01198,0.90764,0.08244,-0.16183,-0.11527
8517,85183,-5366,-142,10468,-67,-422,-301,-0.42207,-0.01014,0.90455,0.08244,-1.81832,-0.15344
8518,85193,-5326,-120,10500,-66,-481,-300,-0.41961,-0.00879,0.90645,0.09008,-2.2687,-0.1458
8519,85203,-5246,-154,10456,-67,-468,-300,-0.4147,-0.01088,0.90384,0.08244,-2.16947,-0.1458
8520,85213,-5310,-192,10592,-69,-575,-296,-0.41863,-0.01321,0.91192,0.06718,-2.98626,-0.11527
8521,85223,-5320,-170,10570,-69,-629,-300,-0.41925,-0.01186,0.91061,0.06718,-3.39847,-0.1458
8522,85233,-5332,-182,10548,-67,-402,-300,-0.41998,-0.01259,0.9093,0.08244,-1.66565,-0.1458
8523,85243,-5330,-176,10472,-64,-294,-298,-0.41986,-0.01223,0.90479,0.10534,-0.84122,-0.13053
8524,85253,-5288,-158,10572,-62,-338,-298,-0.41728,-0.01112,0.91073,0.12061,-1.1771,-0.13053
8525,85263,-5310,-138,10492,-61,-384,-307,-0.41863,-0.00989,0.90597,0.12824,-1.52824,-0.19924
8526,85273,-5274,-148,10498,-71,-303,-300,-0.41642,-0.01051,0.90633,0.05191,-0.90992,-0.1458
8527,85283,-5242,-130,10572,-67,-468,-296,-0.41446,-0.0094,0.91073,0.08244,-2.16947,-0.11527
8528,85293,-5238,-170,10562,-73,-534,-297,-0.41421,-0.01186,0.91013,0.03664,-2.67328,-0.1229
8529,85303,-5262,-182,10540,-69,-357,-291,-0.41569,-0.01259,0.90883,0.06718,-1.32214,-0.0771
8530,85313,-5234,-180,10502,-68,-298,-295,-0.41397,-0.01247,0.90657,0.07481,-0.87176,-0.10763
8531,85323,-5294,-164,10532,-74,-244,-292,-0.41765,-0.01149,0.90835,0.02901,-0.45954,-0.08473
8532,85333,-5276,-142,10608,-75,-195,-294,-0.41655,-0.01014,0.91287,0.02137,-0.0855,-0.1
8533,85343,-5286,-146,10498,-70,-236,-298,-0.41716,-0.01038,0.90633,0.05954,-0.39847,-0.13053
8534,85353,-5306,-112,10566,-68,-254,-300,-0.41839,-0.0083,0.91037,0.07481,-0.53588,-0.1458
8535,85363,-5232,-106,10532,-67,-328,-306,-0.41385,-0.00793,0.90835,0.08244,-1.10076,-0.1916
8536,85373,-5236,-156,10558,-70,-449,-307,-0.41409,-0.011,0.9099,0.05954,-2.02443,-0.19924
8537,85383,-5268,-174,10504,-76,-537,-303,-0.41605,-0.0121,0.90669,0.01374,-2.69618,-0.1687
8538,85393,-5228,-152,10528,-67,-526,-300,-0.4136,-0.01075,0.90811,0.08244,-2.61221,-0.1458
8539,85403,-5236,-98,10620,-64,-407,-289,-0.41409,-0.00744,0.91358,0.10534,-1.70382,-0.06183
8540,85413,-5236,-120,10594,-64,-320,-284,-0.41409,-0.00879,0.91204,0.10534,-1.03969,-0.02366
8541,85423,-5170,-140,10598,-61,-400,-293,-0.41004,-0.01002,0.91227,0.12824,-1.65038,-0.09237
8542,85433,-5240,-174,10636,-64,-325,-297,-0.41434,-0.0121,0.91453,0.10534,-1.07786,-0.1229
8543,85443,-5216,-172,10604,-63,-138,-303,-0.41286,-0.01198,0.91263,0.11298,0.34962,-0.1687
8544,85453,-5190,-140,10528,-74,-117,-294,-0.41127,-0.01002,0.90811,0.02901,0.50992,-0.1
8545,85463,-5232,-164,10600,-75,-115,-297,-0.41385,-0.01149,0.91239,0.02137,0.52519,-0.1229
8546,85473,-5248,-194,10544,-67,-142,-303,-0.41483,-0.01333,0.90906,0.08244,0.31908,-0.1687
8547,85483,-5254,-162,10544,-69,-265,-302,-0.4152,-0.01137,0.90906,0.06718,-0.61985,-0.16107
8548,85493,-5242,-122,10540,-72,-293,-298,-0.41446,-0.00891,0.90883,0.04427,-0.83359,-0.13053
8549,85503,-5232,-154,10606,-70,-442,-298,-0.41385,-0.01088,0.91275,0.05954,-1.97099,-0.13053
8550,85513,-5214,-184,10628,-73,-604,-296,-0.41274,-0.01272,0.91406,0.03664,-3.20763,-0.11527
8551,85523,-5248,-126,10648,-66,-510,-295,-0.41483,-0.00916,0.91524,0.09008,-2.49008,-0.10763
8552,85533,-5224,-156,10508,-63,-323,-293,-0.41335,-0.011,0.90693,0.11298,-1.0626,-0.09237
8553,85543,-5222,-124,10602,-68,-165,-295,-0.41323,-0.00904,0.91251,0.07481,0.14351,-0.10763
8554,85553,-5202,-158,10564,-64,-44,-298,-0.412,-0.01112,0.91025,0.10534,1.06718,-0.13053
8555,85563,-5220,-156,10554,-69,-47,-301,-0.41311,-0.011,0.90966,0.06718,1.04427,-0.15344
8556,85573,-5214,-162,10650,-67,-149,-303,-0.41274,-0.01137,0.91536,0.08244,0.26565,-0.1687
8557,85583,-5210,-184,10552,-71,-80,-297,-0.4125,-0.01272,0.90954,0.05191,0.79237,-0.1229
8558,85593,-5256,-172,10598,-69,-183,-301,-0.41532,-0.01198,0.91227,0.06718,0.00611,-0.15344
8559,85603,-5246,-154,10626,-71,-59,-298,-0.4147,-0.01088,0.91394,0.05191,0.95267,-0.13053
8560,85613,-5244,-116,10548,-67,62,-299,-0.41458,-0.00854,0.9093,0.08244,1.87634,-0.13817
8561,85623,-5228,-180,10608,-69,40,-291,-0.4136,-0.01247,0.91287,0.06718,1.7084,-0.0771
8562,85633,-5248,-192,10652,-69,-60,-293,-0.41483,-0.01321,0.91548,0.06718,0.94504,-0.09237
8563,85643,-5256,-160,10572,-71,-67,-296,-0.41532,-0.01124,0.91073,0.05191,0.8916,-0.11527
8564,85653,-5216,-116,10562,-72,-243,-303,-0.41286,-0.00854,0.91013,0.04427,-0.45191,-0.1687
8565,85663,-5226,-176,10604,-71,-498,-308,-0.41348,-0.01223,0.91263,0.05191,-2.39847,-0.20687
8566,85673,-5186,-154,10606,-72,-463,-306,-0.41102,-0.01088,0.91275,0.04427,-2.1313,-0.1916
8567,85683,-5220,-92,10626,-63,-381,-308,-0.41311,-0.00707,0.91394,0.11298,-1.50534,-0.20687
8568,85693,-5258,-164,10686,-61,-210,-306,-0.41544,-0.01149,0.9175,0.12824,-0.2,-0.1916
8569,85703,-5242,-132,10560,-62,75,-290,-0.41446,-0.00953,0.91002,0.12061,1.97557,-0.06947
8570,85713,-5262,-164,10598,-59,189,-293,-0.41569,-0.01149,0.91227,0.14351,2.8458,-0.09237
8571,85723,-5254,-186,10600,-65,236,-287,-0.4152,-0.01284,0.91239,0.09771,3.20458,-0.04656
8572,85733,-5252,-118,10570,-57,305,-283,-0.41507,-0.00867,0.91061,0.15878,3.7313,-0.01603
8573,85743,-5298,-160,10582,-63,239,-291,-0.4179,-0.01124,0.91132,0.11298,3.22748,-0.0771
8574,85753,-5266,-146,10628,-71,116,-298,-0.41593,-0.01038,0.91406,0.05191,2.28855,-0.13053
8575,85763,-5260,-146,10598,-69,147,-300,-0.41556,-0.01038,0.91227,0.06718,2.52519,-0.1458
8576,85773,-5274,-214,10504,-69,166,-305,-0.41642,-0.01456,0.90669,0.06718,2.67023,-0.18397
8577,85783,-5330,-188,10530,-71,39,-315,-0.41986,-0.01296,0.90823,0.05191,1.70076,-0.26031
8578,85793,-5296,-160,10574,-73,-57,-324,-0.41777,-0.01124,0.91085,0.03664,0.96794,-0.32901
8579,85803,-5280,-132,10510,-75,42,-327,-0.41679,-0.00953,0.90704,0.02137,1.72366,-0.35191
8580,85813,-5314,-160,10546,-63,36,-329,-0.41888,-0.01124,0.90918,0.11298,1.67786,-0.36718
8581,85823,-5258,-170,10528,-67,81,-327,-0.41544,-0.01186,0.90811,0.08244,2.02137,-0.35191
8582,85833,-5310,-140,10520,-75,90,-318,-0.41863,-0.01002,0.90764,0.02137,2.09008,-0.28321
8583,85843,-5304,-170,10594,-73,-128,-318,-0.41826,-0.01186,0.91204,0.03664,0.42595,-0.28321
8584,85853,-5294,-154,10554,-72,-94,-315,-0.41765,-0.01088,0.90966,0.04427,0.6855,-0.26031
8585,85863,-5268,-160,10626,-73,13,-309,-0.41605,-0.01124,0.91394,0.03664,1.50229,-0.2145
8586,85873,-5306,-106,10586,-74,152,-301,-0.41839,-0.00793,0.91156,0.02901,2.56336,-0.15344
8587,85883,-5280,-158,10536,-74,300,-295,-0.41679,-0.01112,0.90859,0.02901,3.69313,-0.10763
8588,85893,-5354,-152,10556,-73,426,-295,-0.42133,-0.01075,0.90978,0.03664,4.65496,-0.10763
8589,85903,-5406,-182,10560,-69,530,-301,-0.42452,-0.01259,0.91002,0.06718,5.44885,-0.15344
8590,85913,-5374,-166,10456,-75,454,-304,-0.42256,-0.01161,0.90384,0.02137,4.8687,-0.17634
8591,85923,-5420,-136,10518,-80,205,-305,-0.42538,-0.00977,0.90752,-0.01679,2.96794,-0.18397
8592,85933,-5386,-162,10556,-75,47,-308,-0.4233,-0.01137,0.90978,0.02137,1.76183,-0.20687
8593,85943,-5368,-174,10468,-75,10,-309,-0.42219,-0.0121,0.90455,0.02137,1.47939,-0.2145
8594,85953,-5392,-158,10392,-74,25,-302,-0.42366,-0.01112,0.90003,0.02901,1.59389,-0.16107
8595,85963,-5390,-154,10456,-75,-1,-302,-0.42354,-0.01088,0.90384,0.02137,1.39542,-0.16107
8596,85973,-5370,-150,10542,-76,-121,-297,-0.42231,-0.01063,0.90895,0.01374,0.47939,-0.1229
8597,85983,-5348,-160,10484,-66,-256,-298,-0.42096,-0.01124,0.9055,0.09008,-0.55115,-0.13053
8598,85993,-5362,-160,10540,-78,-509,-304,-0.42182,-0.01124,0.90883,-0.00153,-2.48244,-0.17634
8599,86003,-5332,-158,10568,-78,-564,-307,-0.41998,-0.01112,0.91049,-0.00153,-2.90229,-0.19924
8600,86013,-5402,-158,10500,-71,-304,-302,-0.42428,-0.01112,0.90645,0.05191,-0.91756,-0.16107
8601,86023,-5392,-144,10514,-67,-116,-309,-0.42366,-0.01026,0.90728,0.08244,0.51756,-0.2145
8602,86033,-5378,-158,10514,-63,97,-304,-0.4228,-0.01112,0.90728,0.11298,2.14351,-0.17634
8603,86043,-5394,-186,10502,-64,283,-295,-0.42379,-0.01284,0.90657,0.10534,3.56336,-0.10763
8604,86053,-5482,-178,10554,-70,235,-300,-0.42919,-0.01235,0.90966,0.05954,3.19695,-0.1458
8605,86063,-5442,-130,10450,-72,47,-311,-0.42673,-0.0094,0.90348,0.04427,1.76183,-0.22977
8606,86073,-5426,-168,10512,-83,-382,-316,-0.42575,-0.01173,0.90716,-0.03969,-1.51298,-0.26794
8607,86083,-5394,-150,10522,-82,-608,-311,-0.42379,-0.01063,0.90776,-0.03206,-3.23817,-0.22977
8608,86093,-5378,-120,10476,-76,-529,-312,-0.4228,-0.00879,0.90502,0.01374,-2.63511,-0.2374
8609,86103,-5352,-158,10512,-69,-350,-310,-0.42121,-0.01112,0.90716,0.06718,-1.2687,-0.22214
8610,86113,-5408,-156,10490,-66,-162,-309,-0.42465,-0.011,0.90586,0.09008,0.16641,-0.2145
8611,86123,-5384,-184,10550,-74,-125,-302,-0.42317,-0.01272,0.90942,0.02901,0.44885,-0.16107
8612,86133,-5426,-186,10536,-71,-79,-302,-0.42575,-0.01284,0.90859,0.05191,0.8,-0.16107
8613,86143,-5370,-158,10474,-74,-238,-307,-0.42231,-0.01112,0.90491,0.02901,-0.41374,-0.19924
8614,86153,-5364,-156,10474,-72,-372,-312,-0.42195,-0.011,0.90491,0.04427,-1.43664,-0.2374
8615,86163,-5410,-176,10470,-71,-378,-318,-0.42477,-0.01223,0.90467,0.05191,-1.48244,-0.28321
8616,86173,-5340,-204,10518,-73,-548,-335,-0.42047,-0.01394,0.90752,0.03664,-2.78015,-0.41298
8617,86183,-5372,-178,10504,-65,-545,-340,-0.42244,-0.01235,0.90669,0.09771,-2.75725,-0.45115
8618,86193,-5372,-178,10540,-69,-428,-362,-0.42244,-0.01235,0.90883,0.06718,-1.86412,-0.61908
8619,86203,-5360,-150,10580,-74,-457,-380,-0.4217,-0.01063,0.9112,0.02901,-2.0855,-0.75649
8620,86213,-5378,-132,10502,-70,-293,-386,-0.4228,-0.00953,0.90657,0.05954,-0.83359,-0.80229
8621,86223,-5318,-122,10506,-70,-278,-424,-0.41912,-0.00891,0.90681,0.05954,-0.71908,-1.09237
8622,86233,-5346,-162,10562,-73,-456,-480,-0.42084,-0.01137,0.91013,0.03664,-2.07786,-1.51985
8623,86243,-5314,-158,10570,-73,-459,-499,-0.41888,-0.01112,0.91061,0.03664,-2.10076,-1.66489
8624,86253,-5334,-198,10642,-71,-291,-454,-0.4201,-0.01357,0.91489,0.05191,-0.81832,-1.32137
8625,86263,-5280,-160,10548,-69,-160,-393,-0.41679,-0.01124,0.9093,0.06718,0.18168,-0.85573
8626,86273,-5304,-188,10504,-71,-122,-361,-0.41826,-0.01296,0.90669,0.05191,0.47176,-0.61145
8627,86283,-5340,-168,10516,-70,-177,-335,-0.42047,-0.01173,0.9074,0.05954,0.05191,-0.41298
8628,86293,-5314,-170,10540,-77,-278,-313,-0.41888,-0.01186,0.90883,0.00611,-0.71908,-0.24504
8629,86303,-5314,-144,10536,-72,-282,-305,-0.41888,-0.01026,0.90859,0.04427,-0.74962,-0.18397
8630,86313,-5360,-160,10530,-73,-327,-300,-0.4217,-0.01124,0.90823,0.03664,-1.09313,-0.1458
8631,86323,-5350,-190,10574,-72,-469,-304,-0.42109,-0.01308,0.91085,0.04427,-2.1771,-0.17634
8632,86333,-5340,-202,10440,-70,-505,-305,-0.42047,-0.01382,0.90288,0.05954,-2.45191,-0.18397
8633,86343,-5320,-202,10536,-69,-674,-307,-0.41925,-0.01382,0.90859,0.06718,-3.74198,-0.19924
8634,86353,-5322,-158,10600,-70,-689,-310,-0.41937,-0.01112,0.91239,0.05954,-3.85649,-0.22214
8635,86363,-5290,-134,10622,-73,-389,-308,-0.4174,-0.00965,0.9137,0.03664,-1.56641,-0.20687
8636,86373,-5272,-194,10538,-73,-47,-300,-0.4163,-0.01333,0.90871,0.03664,1.04427,-0.1458
8637,86383,-5266,-176,10556,-68,97,-299,-0.41593,-0.01223,0.90978,0.07481,2.14351,-0.13817
8638,86393,-5290,-154,10608,-67,207,-292,-0.4174,-0.01088,0.91287,0.08244,2.98321,-0.08473
8639,86403,-5316,-134,10566,-71,214,-290,-0.419,-0.00965,0.91037,0.05191,3.03664,-0.06947
8640,86413,-5320,-144,10498,-74,98,-298,-0.41925,-0.01026,0.90633,0.02901,2.15114,-0.13053
8641,86423,-5340,-170,10442,-70,-62,-306,-0.42047,-0.01186,0.903,0.05954,0.92977,-0.1916
8642,86433,-5312,-194,10470,-81,-373,-312,-0.41875,-0.01333,0.90467,-0.02443,-1.44427,-0.2374
8643,86443,-5276,-192,10576,-82,-584,-312,-0.41655,-0.01321,0.91097,-0.03206,-3.05496,-0.2374
8644,86453,-5310,-210,10582,-72,-466,-306,-0.41863,-0.01431,0.91132,0.04427,-2.1542,-0.1916
8645,86463,-5310,-158,10586,-71,-217,-301,-0.41863,-0.01112,0.91156,0.05191,-0.25344,-0.15344
8646,86473,-5266,-146,10546,-72,78,-293,-0.41593,-0.01038,0.90918,0.04427,1.99847,-0.09237
8647,86483,-5266,-150,10468,-69,203,-298,-0.41593,-0.01063,0.90455,0.06718,2.95267,-0.13053
8648,86493,-5274,-174,10506,-75,60,-298,-0.41642,-0.0121,0.90681,0.02137,1.86107,-0.13053
8649,86503,-5310,-170,10540,-70,-292,-305,-0.41863,-0.01186,0.90883,0.05954,-0.82595,-0.18397
8650,86513,-5332,-174,10578,-71,-383,-307,-0.41998,-0.0121,0.91108,0.05191,-1.52061,-0.19924
8651,86523,-5316,-124,10528,-65,-276,-307,-0.419,-0.00904,0.90811,0.09771,-0.70382,-0.19924
8652,86533,-5316,-186,10568,-69,-266,-303,-0.419,-0.01284,0.91049,0.06718,-0.62748,-0.1687
8653,86543,-5302,-186,10492,-72,-251,-299,-0.41814,-0.01284,0.90597,0.04427,-0.51298,-0.13817
8654,86553,-5336,-132,10604,-72,-192,-292,-0.42023,-0.00953,0.91263,0.04427,-0.0626,-0.08473
8655,86563,-5316,-164,10550,-76,-194,-297,-0.419,-0.01149,0.90942,0.01374,-0.07786,-0.1229
8656,86573,-5324,-168,10524,-79,-253,-304,-0.41949,-0.01173,0.90788,-0.00916,-0.52824,-0.17634
8657,86583,-5318,-156,10450,-68,-281,-303,-0.41912,-0.011,0.90348,0.07481,-0.74198,-0.1687
8658,86593,-5314,-140,10498,-72,-311,-301,-0.41888,-0.01002,0.90633,0.04427,-0.97099,-0.15344
8659,86603,-5278,-102,10470,-75,-403,-306,-0.41667,-0.00769,0.90467,0.02137,-1.67328,-0.1916
8660,86613,-5316,-152,10572,-73,-552,-309,-0.419,-0.01075,0.91073,0.03664,-2.81069,-0.2145
8661,86623,-5270,-174,10550,-75,-557,-306,-0.41618,-0.0121,0.90942,0.02137,-2.84886,-0.1916
8662,86633,-5274,-176,10524,-68,-434,-304,-0.41642,-0.01223,0.90788,0.07481,-1.90992,-0.17634
8663,86643,-5264,-166,10550,-70,-305,-303,-0.41581,-0.01161,0.90942,0.05954,-0.92519,-0.1687
8664,86653,-5236,-200,10572,-67,-122,-297,-0.41409,-0.0137,0.91073,0.08244,0.47176,-0.1229
8665,86663,-5256,-138,10600,-67,-13,-302,-0.41532,-0.00989,0.91239,0.08244,1.30382,-0.16107
8666,86673,-5282,-174,10548,-73,-25,-310,-0.41691,-0.0121,0.9093,0.03664,1.21221,-0.22214
8667,86683,-5298,-174,10588,-73,-13,-305,-0.4179,-0.0121,0.91168,0.03664,1.30382,-0.18397
8668,86693,-5290,-192,10568,-70,-5,-303,-0.4174,-0.01321,0.91049,0.05954,1.36489,-0.1687
8669,86703,-5300,-162,10496,-75,-35,-305,-0.41802,-0.01137,0.90621,0.02137,1.13588,-0.18397
8670,86713,-5294,-126,10470,-69,-218,-302,-0.41765,-0.00916,0.90467,0.06718,-0.26107,-0.16107
8671,86723,-5326,-160,10560,-70,-529,-315,-0.41961,-0.01124,0.91002,0.05954,-2.63511,-0.26031
8672,86733,-5258,-148,10568,-63,-612,-319,-0.41544,-0.01051,0.91049,0.11298,-3.2687,-0.29084
8673,86743,-5306,-160,10608,-60,-384,-314,-0.41839,-0.01124,0.91287,0.13588,-1.52824,-0.25267
8674,86753,-5214,-140,10598,-65,-105,-300,-0.41274,-0.01002,0.91227,0.09771,0.60153,-0.1458
8675,86763,-5276,-170,10538,-71,-48,-304,-0.41655,-0.01186,0.90871,0.05191,1.03664,-0.17634
8676,86773,-5290,-192,10552,-75,-47,-301,-0.4174,-0.01321,0.90954,0.02137,1.04427,-0.15344
8677,86783,-5274,-160,10546,-69,-128,-303,-0.41642,-0.01124,0.90918,0.06718,0.42595,-0.1687
8678,86793,-5224,-164,10544,-66,-217,-306,-0.41335,-0.01149,0.90906,0.09008,-0.25344,-0.1916
8679,86803,-5202,-146,10542,-72,-178,-302,-0.412,-0.01038,0.90895,0.04427,0.04427,-0.16107
8680,86813,-5304,-142,10566,-69,-137,-300,-0.41826,-0.01014,0.91037,0.06718,0.35725,-0.1458
8681,86823,-5282,-186,10582,-72,-103,-298,-0.41691,-0.01284,0.91132,0.04427,0.61679,-0.13053
8682,86833,-5290,-166,10502,-69,-161,-298,-0.4174,-0.01161,0.90657,0.06718,0.17405,-0.13053
8683,86843,-5256,-180,10572,-76,-362,-294,-0.41532,-0.01247,0.91073,0.01374,-1.36031,-0.1
8684,86853,-5284,-170,10532,-75,-270,-289,-0.41704,-0.01186,0.90835,0.02137,-0.65802,-0.06183
8685,86863,-5228,-150,10586,-67,-293,-295,-0.4136,-0.01063,0.91156,0.08244,-0.83359,-0.10763
8686,86873,-5276,-168,10458,-68,-145,-294,-0.41655,-0.01173,0.90395,0.07481,0.29618,-0.1
8687,86883,-5306,-198,10506,-68,-273,-303,-0.41839,-0.01357,0.90681,0.07481,-0.68092,-0.1687
8688,86893,-5256,-162,10602,-69,-431,-312,-0.41532,-0.01137,0.91251,0.06718,-1.88702,-0.2374
8689,86903,-5286,-158,10600,-70,-387,-316,-0.41716,-0.01112,0.91239,0.05954,-1.55114,-0.26794
8690,86913,-5238,-170,10626,-72,-465,-314,-0.41421,-0.01186,0.91394,0.04427,-2.14656,-0.25267
8691,86923,-5210,-194,10544,-77,-582,-308,-0.4125,-0.01333,0.90906,0.00611,-3.03969,-0.20687
8692,86933,-5192,-170,10642,-67,-534,-310,-0.41139,-0.01186,0.91489,0.08244,-2.67328,-0.22214
8693,86943,-5248,-194,10610,-70,-323,-306,-0.41483,-0.01333,0.91299,0.05954,-1.0626,-0.1916
8694,86953,-5224,-184,10624,-66,-216,-303,-0.41335,-0.01272,0.91382,0.09008,-0.2458,-0.1687
8695,86963,-5288,-178,10594,-66,-165,-302,-0.41728,-0.01235,0.91204,0.09008,0.14351,-0.16107
8696,86973,-5226,-192,10602,-64,-220,-304,-0.41348,-0.01321,0.91251,0.10534,-0.27634,-0.17634
8697,86983,-5204,-180,10684,-73,-284,-302,-0.41213,-0.01247,0.91738,0.03664,-0.76489,-0.16107
8698,86993,-5230,-208,10612,-68,-216,-298,-0.41372,-0.01419,0.9131,0.07481,-0.2458,-0.13053
8699,87003,-5218,-166,10630,-70,-262,-294,-0.41299,-0.01161,0.91417,0.05954,-0.59695,-0.1
8700,87013,-5270,-170,10594,-70,-382,-292,-0.41618,-0.01186,0.91204,0.05954,-1.51298,-0.08473
8701,87023,-5242,-226,10542,-66,-342,-297,-0.41446,-0.01529,0.90895,0.09008,-1.20763,-0.1229
8702,87033,-5212,-156,10640,-63,-246,-302,-0.41262,-0.011,0.91477,0.11298,-0.47481,-0.16107
8703,87043,-5212,-174,10588,-67,-73,-298,-0.41262,-0.0121,0.91168,0.08244,0.8458,-0.13053
8704,87053,-5226,-174,10544,-68,-169,-307,-0.41348,-0.0121,0.90906,0.07481,0.11298,-0.19924
8705,87063,-5218,-190,10544,-66,-210,-308,-0.41299,-0.01308,0.90906,0.09008,-0.2,-0.20687
8706,87073,-5218,-166,10546,-67,-268,-308,-0.41299,-0.01161,0.90918,0.08244,-0.64275,-0.20687
8707,87083,-5228,-174,10560,-69,-398,-305,-0.4136,-0.0121,0.91002,0.06718,-1.63511,-0.18397
8708,87093,-5212,-198,10548,-68,-422,-307,-0.41262,-0.01357,0.9093,0.07481,-1.81832,-0.19924
8709,87103,-5234,-154,10598,-74,-366,-301,-0.41397,-0.01088,0.91227,0.02901,-1.39084,-0.15344
8710,87113,-5234,-180,10606,-73,-255,-295,-0.41397,-0.01247,0.91275,0.03664,-0.54351,-0.10763
8711,87123,-5172,-154,10602,-63,-128,-294,-0.41016,-0.01088,0.91251,0.11298,0.42595,-0.1
8712,87133,-5218,-146,10528,-67,-123,-295,-0.41299,-0.01038,0.90811,0.08244,0.46412,-0.10763
8713,87143,-5184,-144,10564,-66,-253,-304,-0.4109,-0.01026,0.91025,0.09008,-0.52824,-0.17634
8714,87153,-5216,-220,10618,-69,-371,-304,-0.41286,-0.01492,0.91346,0.06718,-1.42901,-0.17634
8715,87163,-5222,-192,10640,-72,-416,-302,-0.41323,-0.01321,0.91477,0.04427,-1.77252,-0.16107
8716,87173,-5184,-154,10586,-70,-220,-301,-0.4109,-0.01088,0.91156,0.05954,-0.27634,-0.15344
8717,87183,-5204,-146,10534,-69,-150,-303,-0.41213,-0.01038,0.90847,0.06718,0.25802,-0.1687
8718,87193,-5174,-200,10632,-71,-292,-302,-0.41029,-0.0137,0.91429,0.05191,-0.82595,-0.16107
8719,87203,-5224,-172,10604,-66,-303,-303,-0.41335,-0.01198,0.91263,0.09008,-0.90992,-0.1687
8720,87213,-5236,-164,10616,-73,-249,-304,-0.41409,-0.01149,0.91334,0.03664,-0.49771,-0.17634
8721,87223,-5268,-208,10590,-70,-149,-303,-0.41605,-0.01419,0.9118,0.05954,0.26565,-0.1687
8722,87233,-5210,-186,10562,-69,-35,-296,-0.4125,-0.01284,0.91013,0.06718,1.13588,-0.11527
8723,87243,-5186,-170,10588,-74,58,-295,-0.41102,-0.01186,0.91168,0.02901,1.8458,-0.10763
8724,87253,-5230,-194,10624,-75,55,-292,-0.41372,-0.01333,0.91382,0.02137,1.8229,-0.08473
8725,87263,-5212,-138,10556,-69,-29,-298,-0.41262,-0.00989,0.90978,0.06718,1.18168,-0.13053
8726,87273,-5242,-146,10624,-75,-19,-297,-0.41446,-0.01038,0.91382,0.02137,1.25802,-0.1229
8727,87283,-5230,-182,10616,-83,-47,-298,-0.41372,-0.01259,0.91334,-0.03969,1.04427,-0.13053
8728,87293,-5248,-156,10512,-84,-201,-302,-0.41483,-0.011,0.90716,-0.04733,-0.1313,-0.16107
8729,87303,-5234,-164,10544,-71,-473,-303,-0.41397,-0.01149,0.90906,0.05191,-2.20763,-0.1687
8730,87313,-5232,-168,10632,-68,-504,-302,-0.41385,-0.01173,0.91429,0.07481,-2.44427,-0.16107
8731,87323,-5210,-202,10572,-66,-355,-300,-0.4125,-0.01382,0.91073,0.09008,-1.30687,-0.1458
8732,87333,-5150,-164,10682,-70,-331,-300,-0.40881,-0.01149,0.91726,0.05954,-1.12366,-0.1458
8733,87343,-5148,-148,10586,-75,-129,-302,-0.40869,-0.01051,0.91156,0.02137,0.41832,-0.16107
8734,87353,-5238,-152,10562,-74,-57,-304,-0.41421,-0.01075,0.91013,0.02901,0.96794,-0.17634
8735,87363,-5196,-152,10592,-72,-222,-313,-0.41164,-0.01075,0.91192,0.04427,-0.2916,-0.24504
8736,87373,-5316,-174,10564,-71,-228,-310,-0.419,-0.0121,0.91025,0.05191,-0.3374,-0.22214
8737,87383,-5200,-206,10624,-70,-152,-309,-0.41188,-0.01407,0.91382,0.05954,0.24275,-0.2145
8738,87393,-5180,-142,10608,-71,-135,-309,-0.41065,-0.01014,0.91287,0.05191,0.37252,-0.2145
8739,87403,-5248,-178,10542,-69,-73,-308,-0.41483,-0.01235,0.90895,0.06718,0.8458,-0.20687
8740,87413,-5242,-198,10518,-74,-43,-306,-0.41446,-0.01357,0.90752,0.02901,1.07481,-0.1916
8741,87423,-5194,-198,10594,-78,-51,-304,-0.41151,-0.01357,0.91204,-0.00153,1.01374,-0.17634
8742,87433,-5148,-158,10552,-76,-131,-309,-0.40869,-0.01112,0.90954,0.01374,0.40305,-0.2145
8743,87443,-5134,-192,10604,-73,-316,-315,-0.40783,-0.01321,0.91263,0.03664,-1.00916,-0.26031
8744,87453,-5192,-184,10612,-75,-285,-315,-0.41139,-0.01272,0.9131,0.02137,-0.77252,-0.26031
8745,87463,-5234,-136,10554,-72,-264,-318,-0.41397,-0.00977,0.90966,0.04427,-0.61221,-0.28321
8746,87473,-5166,-184,10542,-69,-423,-317,-0.4098,-0.01272,0.90895,0.06718,-1.82595,-0.27557
8747,87483,-5160,-170,10610,-68,-331,-315,-0.40943,-0.01186,0.91299,0.07481,-1.12366,-0.26031
8748,87493,-5224,-152,10530,-69,-113,-314,-0.41335,-0.01075,0.90823,0.06718,0.54046,-0.25267
8749,87503,-5198,-172,10600,-76,-321,-314,-0.41176,-0.01198,0.91239,0.01374,-1.04733,-0.25267
8750,87513,-5208,-204,10522,-78,-410,-305,-0.41237,-0.01394,0.90776,-0.00153,-1.72672,-0.18397
8751,87523,-5198,-174,10624,-69,-366,-304,-0.41176,-0.0121,0.91382,0.06718,-1.39084,-0.17634
8752,87533,-5254,-148,10616,-68,-279,-301,-0.4152,-0.01051,0.91334,0.07481,-0.72672,-0.15344
8753,87543,-5208,-188,10600,-69,-243,-297,-0.41237,-0.01296,0.91239,0.06718,-0.45191,-0.1229
8754,87553,-5176,-174,10664,-67,-341,-295,-0.41041,-0.0121,0.91619,0.08244,-1.2,-0.10763
8755,87563,-5210,-180,10646,-65,-359,-307,-0.4125,-0.01247,0.91513,0.09771,-1.3374,-0.19924
8756,87573,-5236,-122,10618,-67,-247,-299,-0.41409,-0.00891,0.91346,0.08244,-0.48244,-0.13817
8757,87583,-5168,-140,10598,-71,-277,-302,-0.40992,-0.01002,0.91227,0.05191,-0.71145,-0.16107
8758,87593,-5162,-160,10636,-69,-253,-307,-0.40955,-0.01124,0.91453,0.06718,-0.52824,-0.19924
8759,87603,-5192,-212,10658,-73,-244,-309,-0.41139,-0.01443,0.91584,0.03664,-0.45954,-0.2145
8760,87613,-5156,-158,10590,-64,-353,-311,-0.40918,-0.01112,0.9118,0.10534,-1.2916,-0.22977
8761,87623,-5210,-162,10664,-66,-295,-314,-0.4125,-0.01137,0.91619,0.09008,-0.84885,-0.25267
8762,87633,-5202,-174,10620,-74,-260,-320,-0.412,-0.0121,0.91358,0.02901,-0.58168,-0.29847
8763,87643,-5164,-174,10640,-70,-254,-327,-0.40967,-0.0121,0.91477,0.05954,-0.53588,-0.35191
8764,87653,-5192,-148,10548,-71,-163,-340,-0.41139,-0.01051,0.9093,0.05191,0.15878,-0.45115
8765,87663,-5222,-182,10578,-74,-173,-343,-0.41323,-0.01259,0.91108,0.02901,0.08244,-0.47405
8766,87673,-5196,-186,10618,-71,-151,-324,-0.41164,-0.01284,0.91346,0.05191,0.25038,-0.32901
8767,87683,-5180,-162,10468,-69,-209,-316,-0.41065,-0.01137,0.90455,0.06718,-0.19237,-0.26794
8768,87693,-5192,-158,10578,-66,-208,-308,-0.41139,-0.01112,0.91108,0.09008,-0.18473,-0.20687
8769,87703,-5204,-190,10582,-66,-130,-301,-0.41213,-0.01308,0.91132,0.09008,0.41069,-0.15344
8770,87713,-5178,-156,10576,-69,-141,-299,-0.41053,-0.011,0.91097,0.06718,0.32672,-0.13817
8771,87723,-5172,-164,10562,-70,-171,-300,-0.41016,-0.01149,0.91013,0.05954,0.09771,-0.1458
8772,87733,-5166,-160,10636,-66,-203,-304,-0.4098,-0.01124,0.91453,0.09008,-0.14656,-0.17634
8773,87743,-5162,-162,10582,-71,-215,-296,-0.40955,-0.01137,0.91132,0.05191,-0.23817,-0.11527
8774,87753,-5206,-188,10584,-76,-314,-292,-0.41225,-0.01296,0.91144,0.01374,-0.99389,-0.08473
8775,87763,-5216,-164,10710,-77,-411,-295,-0.41286,-0.01149,0.91893,0.00611,-1.73435,-0.10763
8776,87773,-5168,-196,10602,-62,-311,-300,-0.40992,-0.01345,0.91251,0.12061,-0.97099,-0.1458
8777,87783,-5136,-152,10632,-72,-183,-308,-0.40795,-0.01075,0.91429,0.04427,0.00611,-0.20687
8778,87793,-5162,-180,10652,-66,-193,-311,-0.40955,-0.01247,0.91548,0.09008,-0.07023,-0.22977
8779,87803,-5152,-192,10660,-62,-87,-305,-0.40894,-0.01321,0.91596,0.12061,0.73893,-0.18397
8780,87813,-5164,-204,10634,-69,-120,-303,-0.40967,-0.01394,0.91441,0.06718,0.48702,-0.1687
8781,87823,-5162,-172,10574,-70,-235,-306,-0.40955,-0.01198,0.91085,0.05954,-0.39084,-0.1916
8782,87833,-5170,-158,10544,-68,-284,-301,-0.41004,-0.01112,0.90906,0.07481,-0.76489,-0.15344
8783,87843,-5130,-224,10574,-70,-247,-304,-0.40759,-0.01517,0.91085,0.05954,-0.48244,-0.17634
8784,87853,-5186,-168,10594,-73,-279,-309,-0.41102,-0.01173,0.91204,0.03664,-0.72672,-0.2145
8785,87863,-5144,-188,10702,-72,-236,-310,-0.40845,-0.01296,0.91845,0.04427,-0.39847,-0.22214
8786,87873,-5162,-154,10580,-70,-141,-310,-0.40955,-0.01088,0.9112,0.05954,0.32672,-0.22214
8787,87883,-5160,-180,10568,-75,-150,-316,-0.40943,-0.01247,0.91049,0.02137,0.25802,-0.26794
8788,87893,-5112,-190,10694,-77,-118,-315,-0.40648,-0.01308,0.91798,0.00611,0.50229,-0.26031
8789,87903,-5208,-190,10550,-77,-62,-319,-0.41237,-0.01308,0.90942,0.00611,0.92977,-0.29084
8790,87913,-5168,-158,10582,-73,-206,-328,-0.40992,-0.01112,0.91132,0.03664,-0.16947,-0.35954
8791,87923,-5194,-170,10642,-68,-219,-339,-0.41151,-0.01186,0.91489,0.07481,-0.2687,-0.44351
8792,87933,-5162,-154,10618,-73,-169,-368,-0.40955,-0.01088,0.91346,0.03664,0.11298,-0.66489
8793,87943,-5542,368,10578,-75,-208,-727,-0.43287,0.02114,0.91108,0.02137,-0.18473,-3.40534
8794,87953,-5038,-352,10632,-65,-149,-1820,-0.40194,-0.02302,0.91429,0.09771,0.26565,-11.74885
8795,87963,-5158,-166,10566,-74,-142,-640,-0.4093,-0.01161,0.91037,0.02901,0.31908,-2.74122
8796,87973,-5150,-202,10688,-72,-370,-479,-0.40881,-0.01382,0.91762,0.04427,-1.42137,-1.51221
8797,87983,-5186,-246,10612,-73,-225,-441,-0.41102,-0.01652,0.9131,0.03664,-0.3145,-1.22214
8798,87993,-5110,-202,10620,-76,-117,-428,-0.40636,-0.01382,0.91358,0.01374,0.50992,-1.1229
8799,88003,-5120,-236,10636,-74,56,-429,-0.40697,-0.01591,0.91453,0.02901,1.83053,-1.13053
8800,88013,-5176,-194,10538,-77,46,-392,-0.41041,-0.01333,0.90871,0.00611,1.7542,-0.84809
8801,88023,-5118,-176,10636,-71,-88,-338,-0.40685,-0.01223,0.91453,0.05191,0.7313,-0.43588
8802,88033,-5182,-208,10620,-74,-93,-299,-0.41078,-0.01419,0.91358,0.02901,0.69313,-0.13817
8803,88043,-5180,-236,10654,-79,11,-277,-0.41065,-0.01591,0.9156,-0.00916,1.48702,0.02977
8804,88053,-5158,-218,10558,-79,19,-273,-0.4093,-0.0148,0.9099,-0.00916,1.54809,0.06031
8805,88063,-5174,-192,10526,-77,-113,-275,-0.41029,-0.01321,0.90799,0.00611,0.54046,0.04504
8806,88073,-5174,-200,10636,-74,-377,-283,-0.41029,-0.0137,0.91453,0.02901,-1.47481,-0.01603
8807,88083,-5156,-242,10620,-71,-386,-282,-0.40918,-0.01627,0.91358,0.05191,-1.54351,-0.0084
8808,88093,-5202,-206,10564,-63,-195,-279,-0.412,-0.01407,0.91025,0.11298,-0.0855,0.0145
8809,88103,-5196,-176,10596,-68,-161,-275,-0.41164,-0.01223,0.91215,0.07481,0.17405,0.04504
8810,88113,-5140,-168,10652,-71,-210,-280,-0.4082,-0.01173,0.91548,0.05191,-0.2,0.00687
8811,88123,-5164,-184,10590,-66,-111,-276,-0.40967,-0.01272,0.9118,0.09008,0.55573,0.0374
8812,88133,-5156,-192,10592,-65,-92,-276,-0.40918,-0.01321,0.91192,0.09771,0.70076,0.0374
8813,88143,-5240,-176,10642,-69,-229,-274,-0.41434,-0.01223,0.91489,0.06718,-0.34504,0.05267
8814,88153,-5172,-224,10606,-68,-224,-268,-0.41016,-0.01517,0.91275,0.07481,-0.30687,0.09847
8815,88163,-5174,-228,10596,-69,-202,-273,-0.41029,-0.01541,0.91215,0.06718,-0.13893,0.06031
8816,88173,-5186,-258,10550,-68,-171,-268,-0.41102,-0.01726,0.90942,0.07481,0.09771,0.09847
8817,88183,-5214,-224,10606,-75,-160,-264,-0.41274,-0.01517,0.91275,0.02137,0.18168,0.12901
8818,88193,-5180,-208,10690,-75,-160,-269,-0.41065,-0.01419,0.91774,0.02137,0.18168,0.09084
8819,88203,-5200,-216,10630,-69,-69,-277,-0.41188,-0.01468,0.91417,0.06718,0.87634,0.02977
8820,88213,-5184,-200,10636,-74,-233,-282,-0.4109,-0.0137,0.91453,0.02901,-0.37557,-0.0084
8821,88223,-5182,-188,10594,-68,-253,-279,-0.41078,-0.01296,0.91204,0.07481,-0.52824,0.0145
8822,88233,-5256,-214,10578,-66,-200,-280,-0.41532,-0.01456,0.91108,0.09008,-0.12366,0.00687
8823,88243,-5196,-160,10690,-67,-182,-269,-0.41164,-0.01124,0.91774,0.08244,0.01374,0.09084
8824,88253,-5198,-218,10646,-66,-128,-268,-0.41176,-0.0148,0.91513,0.09008,0.42595,0.09847
8825,88263,-5146,-182,10534,-73,-153,-264,-0.40857,-0.01259,0.90847,0.03664,0.23511,0.12901
8826,88273,-5210,-208,10586,-69,-218,-256,-0.4125,-0.01419,0.91156,0.06718,-0.26107,0.19008
8827,88283,-5220,-198,10580,-66,-273,-247,-0.41311,-0.01357,0.9112,0.09008,-0.68092,0.25878
8828,88293,-5260,-182,10600,-73,-334,-245,-0.41556,-0.01259,0.91239,0.03664,-1.14656,0.27405
8829,88303,-5142,-218,10598,-75,-397,-246,-0.40832,-0.0148,0.91227,0.02137,-1.62748,0.26641
8830,88313,-5134,-184,10670,-76,-301,-234,-0.40783,-0.01272,0.91655,0.01374,-0.89466,0.35802
8831,88323,-5176,-206,10556,-68,-81,-239,-0.41041,-0.01407,0.90978,0.07481,0.78473,0.31985
8832,88333,-5182,-148,10568,-67,-87,-259,-0.41078,-0.01051,0.91049,0.08244,0.73893,0.16718
8833,88343,-5168,-188,10608,-72,-249,-279,-0.40992,-0.01296,0.91287,0.04427,-0.49771,0.0145
8834,88353,-5176,-192,10552,-76,-329,-284,-0.41041,-0.01321,0.90954,0.01374,-1.1084,-0.02366
8835,88363,-5170,-184,10668,-77,-318,-280,-0.41004,-0.01272,0.91643,0.00611,-1.02443,0.00687
8836,88373,-5134,-254,10644,-68,-304,-281,-0.40783,-0.01701,0.91501,0.07481,-0.91756,-0.00076
8837,88383,-5158,-218,10652,-66,-234,-269,-0.4093,-0.0148,0.91548,0.09008,-0.38321,0.09084
8838,88393,-5192,-248,10578,-59,-205,-253,-0.41139,-0.01664,0.91108,0.14351,-0.16183,0.21298
8839,88403,-5148,-214,10570,-62,-296,-220,-0.40869,-0.01456,0.91061,0.12061,-0.85649,0.46489
8840,88413,-5212,-242,10532,-67,-411,-125,-0.41262,-0.01627,0.90835,0.08244,-1.73435,1.19008
8841,88423,-5124,-148,10662,-72,-421,129,-0.40722,-0.01051,0.91608,0.04427,-1.81069,3.12901
8842,88433,-5120,-180,10584,-73,-280,40,-0.40697,-0.01247,0.91144,0.03664,-0.73435,2.44962
8843,88443,-5126,-204,10596,-72,-124,-154,-0.40734,-0.01394,0.91215,0.04427,0.45649,0.9687
8844,88453,-5166,-118,10606,-62,-36,-235,-0.4098,-0.00867,0.91275,0.12061,1.12824,0.35038
8845,88463,-5168,-152,10558,-67,-62,-272,-0.40992,-0.01075,0.9099,0.08244,0.92977,0.06794
8846,88473,-5186,-216,10652,-72,-250,-291,-0.41102,-0.01468,0.91548,0.04427,-0.50534,-0.0771
8847,88483,-5146,-144,10638,-71,-348,-300,-0.40857,-0.01026,0.91465,0.05191,-1.25344,-0.1458
8848,88493,-5162,-152,10624,-63,-429,-300,-0.40955,-0.01075,0.91382,0.11298,-1.87176,-0.1458
8849,88503,-5118,-142,10600,-68,-387,-301,-0.40685,-0.01014,0.91239,0.07481,-1.55114,-0.15344
8850,88513,-5156,-190,10570,-67,-339,-303,-0.40918,-0.01308,0.91061,0.08244,-1.18473,-0.1687
8851,88523,-5110,-182,10582,-70,-272,-297,-0.40636,-0.01259,0.91132,0.05954,-0.67328,-0.1229
8852,88533,-5112,-198,10598,-71,-182,-288,-0.40648,-0.01357,0.91227,0.05191,0.01374,-0.0542
8853,88543,-5120,-164,10654,-65,-95,-290,-0.40697,-0.01149,0.9156,0.09771,0.67786,-0.06947
8854,88553,-5172,-184,10598,-70,-29,-293,-0.41016,-0.01272,0.91227,0.05954,1.18168,-0.09237
8855,88563,-5142,-168,10640,-72,-62,-299,-0.40832,-0.01173,0.91477,0.04427,0.92977,-0.13817
8856,88573,-5158,-210,10626,-76,2,-301,-0.4093,-0.01431,0.91394,0.01374,1.41832,-0.15344
8857,88583,-5126,-204,10596,-70,-14,-294,-0.40734,-0.01394,0.91215,0.05954,1.29618,-0.1
8858,88593,-5168,-222,10624,-72,-212,-302,-0.40992,-0.01505,0.91382,0.04427,-0.21527,-0.16107
8859,88603,-5156,-196,10558,-74,-297,-295,-0.40918,-0.01345,0.9099,0.02901,-0.86412,-0.10763
8860,88613,-5146,-200,10612,-73,-344,-294,-0.40857,-0.0137,0.9131,0.03664,-1.2229,-0.1
8861,88623,-5140,-180,10694,-73,-433,-295,-0.4082,-0.01247,0.91798,0.03664,-1.90229,-0.10763
8862,88633,-5114,-230,10628,-71,-374,-292,-0.4066,-0.01554,0.91406,0.05191,-1.45191,-0.08473
8863,88643,-5174,-208,10600,-69,-348,-294,-0.41029,-0.01419,0.91239,0.06718,-1.25344,-0.1
8864,88653,-5098,-174,10618,-63,-352,-291,-0.40562,-0.0121,0.91346,0.11298,-1.28397,-0.0771
8865,88663,-5164,-210,10616,-61,-250,-291,-0.40967,-0.01431,0.91334,0.12824,-0.50534,-0.0771
8866,88673,-5132,-164,10680,-65,-172,-288,-0.40771,-0.01149,0.91715,0.09771,0.09008,-0.0542
8867,88683,-5112,-164,10656,-66,-146,-286,-0.40648,-0.01149,0.91572,0.09008,0.28855,-0.03893
8868,88693,-5106,-160,10630,-64,-155,-289,-0.40611,-0.01124,0.91417,0.10534,0.21985,-0.06183
8869,88703,-5172,-200,10612,-68,-91,-291,-0.41016,-0.0137,0.9131,0.07481,0.7084,-0.0771
8870,88713,-5138,-202,10566,-64,-71,-292,-0.40808,-0.01382,0.91037,0.10534,0.86107,-0.08473
8871,88723,-5170,-184,10574,-71,-106,-290,-0.41004,-0.01272,0.91085,0.05191,0.59389,-0.06947
8872,88733,-5148,-156,10600,-71,-318,-290,-0.40869,-0.011,0.91239,0.05191,-1.02443,-0.06947
8873,88743,-5160,-164,10572,-72,-398,-296,-0.40943,-0.01149,0.91073,0.04427,-1.63511,-0.11527
8874,88753,-5072,-176,10646,-72,-324,-302,-0.40403,-0.01223,0.91513,0.04427,-1.07023,-0.16107
8875,88763,-5104,-200,10648,-71,-234,-296,-0.40599,-0.0137,0.91524,0.05191,-0.38321,-0.11527
8876,88773,-5140,-196,10652,-70,-168,-286,-0.4082,-0.01345,0.91548,0.05954,0.12061,-0.03893
8877,88783,-5106,-182,10614,-65,-180,-289,-0.40611,-0.01259,0.91322,0.09771,0.02901,-0.06183
8878,88793,-5144,-188,10514,-68,-175,-289,-0.40845,-0.01296,0.90728,0.07481,0.06718,-0.06183
8879,88803,-5148,-168,10564,-70,-188,-289,-0.40869,-0.01173,0.91025,0.05954,-0.03206,-0.06183
8880,88813,-5120,-166,10598,-65,-230,-285,-0.40697,-0.01161,0.91227,0.09771,-0.35267,-0.0313
8881,88823,-5130,-182,10694,-66,-321,-286,-0.40759,-0.01259,0.91798,0.09008,-1.04733,-0.03893
8882,88833,-5080,-178,10652,-69,-308,-290,-0.40452,-0.01235,0.91548,0.06718,-0.94809,-0.06947
8883,88843,-5116,-132,10654,-71,-237,-285,-0.40673,-0.00953,0.9156,0.05191,-0.40611,-0.0313
8884,88853,-5092,-152,10594,-70,-300,-291,-0.40525,-0.01075,0.91204,0.05954,-0.88702,-0.0771
8885,88863,-5092,-152,10588,-69,-318,-293,-0.40525,-0.01075,0.91168,0.06718,-1.02443,-0.09237
8886,88873,-5052,-146,10678,-69,-426,-300,-0.4028,-0.01038,0.91703,0.06718,-1.84885,-0.1458
8887,88883,-5068,-170,10696,-67,-487,-295,-0.40378,-0.01186,0.9181,0.08244,-2.3145,-0.10763
8888,88893,-5078,-218,10722,-62,-346,-290,-0.4044,-0.0148,0.91964,0.12061,-1.23817,-0.06947
8889,88903,-5104,-188,10652,-60,-125,-290,-0.40599,-0.01296,0.91548,0.13588,0.44885,-0.06947
8890,88913,-5080,-178,10584,-63,-64,-291,-0.40452,-0.01235,0.91144,0.11298,0.9145,-0.0771
8891,88923,-5092,-172,10636,-68,-95,-298,-0.40525,-0.01198,0.91453,0.07481,0.67786,-0.13053
8892,88933,-5100,-202,10636,-65,-138,-295,-0.40575,-0.01382,0.91453,0.09771,0.34962,-0.10763
8893,88943,-5160,-194,10640,-65,-105,-295,-0.40943,-0.01333,0.91477,0.09771,0.60153,-0.10763
8894,88953,-5160,-190,10552,-69,-88,-292,-0.40943,-0.01308,0.90954,0.06718,0.7313,-0.08473
8895,88963,-5180,-182,10594,-66,-198,-289,-0.41065,-0.01259,0.91204,0.09008,-0.1084,-0.06183
8896,88973,-5094,-182,10650,-74,-368,-293,-0.40538,-0.01259,0.91536,0.02901,-1.40611,-0.09237
8897,88983,-5078,-150,10694,-72,-397,-293,-0.4044,-0.01063,0.91798,0.04427,-1.62748,-0.09237
8898,88993,-5062,-176,10662,-71,-283,-285,-0.40341,-0.01223,0.91608,0.05191,-0.75725,-0.0313
8899,89003,-5080,-170,10602,-70,-266,-284,-0.40452,-0.01186,0.91251,0.05954,-0.62748,-0.02366
8900,89013,-5064,-180,10616,-65,-180,-274,-0.40354,-0.01247,0.91334,0.09771,0.02901,0.05267
8901,89023,-5124,-128,10668,-60,-104,-270,-0.40722,-0.00928,0.91643,0.13588,0.60916,0.08321
8902,89033,-5096,-142,10704,-58,-132,-269,-0.4055,-0.01014,0.91857,0.15115,0.39542,0.09084
8903,89043,-5082,-134,10654,-65,-59,-280,-0.40464,-0.00965,0.9156,0.09771,0.95267,0.00687
8904,89053,-5068,-186,10630,-70,-91,-278,-0.40378,-0.01284,0.91417,0.05954,0.7084,0.02214
8905,89063,-5122,-156,10618,-70,-195,-276,-0.4071,-0.011,0.91346,0.05954,-0.0855,0.0374
8906,89073,-5130,-156,10652,-71,-222,-288,-0.40759,-0.011,0.91548,0.05191,-0.2916,-0.0542
8907,89083,-5096,-218,10542,-71,-181,-292,-0.4055,-0.0148,0.90895,0.05191,0.02137,-0.08473
8908,89093,-5076,-186,10586,-71,-216,-293,-0.40427,-0.01284,0.91156,0.05191,-0.2458,-0.09237
8909,89103,-5140,-190,10702,-70,-271,-278,-0.4082,-0.01308,0.91845,0.05954,-0.66565,0.02214
8910,89113,-5126,-176,10680,-70,-298,-277,-0.40734,-0.01223,0.91715,0.05954,-0.87176,0.02977
8911,89123,-5110,-118,10690,-65,-354,-269,-0.40636,-0.00867,0.91774,0.09771,-1.29924,0.09084
8912,89133,-5102,-210,10682,-69,-381,-275,-0.40587,-0.01431,0.91726,0.06718,-1.50534,0.04504
8913,89143,-5118,-150,10632,-67,-385,-276,-0.40685,-0.01063,0.91429,0.08244,-1.53588,0.0374
8914,89153,-5066,-208,10634,-75,-369,-282,-0.40366,-0.01419,0.91441,0.02137,-1.41374,-0.0084
8915,89163,-5094,-146,10624,-66,-393,-287,-0.40538,-0.01038,0.91382,0.09008,-1.59695,-0.04656
8916,89173,-5072,-196,10674,-70,-411,-285,-0.40403,-0.01345,0.91679,0.05954,-1.73435,-0.0313
8917,89183,-5060,-168,10648,-71,-407,-282,-0.40329,-0.01173,0.91524,0.05191,-1.70382,-0.0084
8918,89193,-5086,-168,10686,-76,-334,-278,-0.40489,-0.01173,0.9175,0.01374,-1.14656,0.02214
8919,89203,-5030,-176,10644,-69,-291,-275,-0.40145,-0.01223,0.91501,0.06718,-0.81832,0.04504
8920,89213,-5080,-188,10706,-66,-127,-260,-0.40452,-0.01296,0.91869,0.09008,0.43359,0.15954
8921,89223,-5116,-152,10620,-63,-85,-253,-0.40673,-0.01075,0.91358,0.11298,0.7542,0.21298
8922,89233,-5062,-164,10708,-70,-214,-241,-0.40341,-0.01149,0.91881,0.05954,-0.23053,0.30458
8923,89243,-5082,-160,10636,-69,-257,-226,-0.40464,-0.01124,0.91453,0.06718,-0.55878,0.41908
8924,89253,-5058,-148,10660,-68,-287,-205,-0.40317,-0.01051,0.91596,0.07481,-0.78779,0.57939
8925,89263,-5034,-170,10700,-74,-250,-211,-0.40169,-0.01186,0.91833,0.02901,-0.50534,0.53359
8926,89273,-5068,-104,10704,-73,-170,-237,-0.40378,-0.00781,0.91857,0.03664,0.10534,0.33511
8927,89283,-5034,-186,10648,-70,-115,-257,-0.40169,-0.01284,0.91524,0.05954,0.52519,0.18244
8928,89293,-5072,-132,10676,-66,-119,-274,-0.40403,-0.00953,0.91691,0.09008,0.49466,0.05267
8929,89303,-5078,-188,10666,-60,-94,-280,-0.4044,-0.01296,0.91631,0.13588,0.6855,0.00687
8930,89313,-5096,-194,10608,-60,-28,-282,-0.4055,-0.01333,0.91287,0.13588,1.18931,-0.0084
8931,89323,-5108,-198,10648,-68,-50,-284,-0.40624,-0.01357,0.91524,0.07481,1.02137,-0.02366
8932,89333,-5100,-152,10644,-66,-147,-283,-0.40575,-0.01075,0.91501,0.09008,0.28092,-0.01603
8933,89343,-5038,-172,10690,-63,-318,-278,-0.40194,-0.01198,0.91774,0.11298,-1.02443,0.02214
8934,89353,-5094,-190,10614,-61,-171,-265,-0.40538,-0.01308,0.91322,0.12824,0.09771,0.12137
8935,89363,-5042,-164,10652,-76,-364,-252,-0.40219,-0.01149,0.91548,0.01374,-1.37557,0.22061
8936,89373,-5086,-178,10626,-65,-324,-240,-0.40489,-0.01235,0.91394,0.09771,-1.07023,0.31221
8937,89383,-5060,-180,10700,-69,-186,-227,-0.40329,-0.01247,0.91833,0.06718,-0.01679,0.41145
8938,89393,-5098,-190,10628,-64,-71,-243,-0.40562,-0.01308,0.91406,0.10534,0.86107,0.28931
8939,89403,-5082,-150,10652,-69,-13,-253,-0.40464,-0.01063,0.91548,0.06718,1.30382,0.21298
8940,89413,-5128,-166,10528,-67,-152,-262,-0.40746,-0.01161,0.90811,0.08244,0.24275,0.14427
8941,89423,-5070,-178,10652,-71,-284,-270,-0.4039,-0.01235,0.91548,0.05191,-0.76489,0.08321
8942,89433,-5052,-126,10674,-69,-240,-273,-0.4028,-0.00916,0.91679,0.06718,-0.42901,0.06031
8943,89443,-5080,-158,10714,-61,-70,-272,-0.40452,-0.01112,0.91917,0.12824,0.8687,0.06794
8944,89453,-5078,-156,10656,-65,-122,-280,-0.4044,-0.011,0.91572,0.09771,0.47176,0.00687
8945,89463,-5052,-182,10756,-63,-104,-280,-0.4028,-0.01259,0.92166,0.11298,0.60916,0.00687
8946,89473,-5056,-202,10618,-62,-101,-277,-0.40304,-0.01382,0.91346,0.12061,0.63206,0.02977
8947,89483,-5104,-232,10674,-69,-197,-280,-0.40599,-0.01566,0.91679,0.06718,-0.10076,0.00687
8948,89493,-5046,-180,10676,-68,-221,-281,-0.40243,-0.01247,0.91691,0.07481,-0.28397,-0.00076
8949,89503,-5052,-138,10686,-68,-232,-288,-0.4028,-0.00989,0.9175,0.07481,-0.36794,-0.0542
8950,89513,-5046,-166,10682,-71,-154,-286,-0.40243,-0.01161,0.91726,0.05191,0.22748,-0.03893
8951,89523,-5090,-154,10736,-71,-63,-288,-0.40513,-0.01088,0.92047,0.05191,0.92214,-0.0542
8952,89533,-5110,-160,10650,-66,28,-281,-0.40636,-0.01124,0.91536,0.09008,1.61679,-0.00076
8953,89543,-5110,-166,10658,-65,48,-282,-0.40636,-0.01161,0.91584,0.09771,1.76947,-0.0084
8954,89553,-5110,-168,10644,-73,-78,-287,-0.40636,-0.01173,0.91501,0.03664,0.80763,-0.04656
8955,89563,-5082,-136,10612,-72,-139,-288,-0.40464,-0.00977,0.9131,0.04427,0.34198,-0.0542
8956,89573,-5108,-186,10676,-74,-142,-291,-0.40624,-0.01284,0.91691,0.02901,0.31908,-0.0771
8957,89583,-5062,-180,10640,-72,-213,-287,-0.40341,-0.01247,0.91477,0.04427,-0.2229,-0.04656
8958,89593,-5104,-182,10728,-71,-251,-285,-0.40599,-0.01259,0.92,0.05191,-0.51298,-0.0313
8959,89603,-5116,-168,10618,-75,-270,-283,-0.40673,-0.01173,0.91346,0.02137,-0.65802,-0.01603
8960,89613,-5080,-178,10624,-78,-351,-275,-0.40452,-0.01235,0.91382,-0.00153,-1.27634,0.04504
8961,89623,-5088,-188,10606,-69,-367,-277,-0.40501,-0.01296,0.91275,0.06718,-1.39847,0.02977
8962,89633,-5128,-158,10632,-64,-205,-277,-0.40746,-0.01112,0.91429,0.10534,-0.16183,0.02977
8963,89643,-5098,-116,10622,-62,-116,-276,-0.40562,-0.00854,0.9137,0.12061,0.51756,0.0374
8964,89653,-5058,-142,10698,-63,-125,-284,-0.40317,-0.01014,0.91822,0.11298,0.44885,-0.02366
8965,89663,-5066,-220,10680,-64,-159,-290,-0.40366,-0.01492,0.91715,0.10534,0.18931,-0.06947
8966,89673,-5094,-154,10632,-69,-266,-285,-0.40538,-0.01088,0.91429,0.06718,-0.62748,-0.0313
8967,89683,-5092,-134,10750,-68,-395,-296,-0.40525,-0.00965,0.9213,0.07481,-1.61221,-0.11527
8968,89693,-5090,-168,10678,-71,-478,-300,-0.40513,-0.01173,0.91703,0.05191,-2.2458,-0.1458
8969,89703,-5082,-144,10672,-64,-432,-299,-0.40464,-0.01026,0.91667,0.10534,-1.89466,-0.13817
8970,89713,-5058,-140,10646,-64,-151,-296,-0.40317,-0.01002,0.91513,0.10534,0.25038,-0.11527
8971,89723,-5084,-194,10642,-65,-47,-293,-0.40476,-0.01333,0.91489,0.09771,1.04427,-0.09237
8972,89733,-5106,-138,10622,-64,-56,-289,-0.40611,-0.00989,0.9137,0.10534,0.97557,-0.06183
8973,89743,-5084,-148,10646,-67,-162,-290,-0.40476,-0.01051,0.91513,0.08244,0.16641,-0.06947
8974,89753,-5042,-182,10606,-71,-192,-292,-0.40219,-0.01259,0.91275,0.05191,-0.0626,-0.08473
8975,89763,-5126,-190,10640,-70,-238,-288,-0.40734,-0.01308,0.91477,0.05954,-0.41374,-0.0542
8976,89773,-5086,-156,10634,-70,-359,-290,-0.40489,-0.011,0.91441,0.05954,-1.3374,-0.06947
8977,89783,-5070,-140,10676,-64,-268,-293,-0.4039,-0.01002,0.91691,0.10534,-0.64275,-0.09237
8978,89793,-5092,-130,10610,-70,-301,-293,-0.40525,-0.0094,0.91299,0.05954,-0.89466,-0.09237
8979,89803,-5042,-138,10644,-73,-448,-298,-0.40219,-0.00989,0.91501,0.03664,-2.01679,-0.13053
8980,89813,-5028,-156,10666,-71,-504,-304,-0.40133,-0.011,0.91631,0.05191,-2.44427,-0.17634
8981,89823,-5056,-164,10646,-70,-459,-291,-0.40304,-0.01149,0.91513,0.05954,-2.10076,-0.0771
8982,89833,-5054,-158,10680,-72,-519,-281,-0.40292,-0.01112,0.91715,0.04427,-2.55878,-0.00076
8983,89843,-5018,-138,10724,-64,-521,-286,-0.40071,-0.00989,0.91976,0.10534,-2.57405,-0.03893
8984,89853,-5038,-146,10672,-62,-285,-274,-0.40194,-0.01038,0.91667,0.12061,-0.77252,0.05267
8985,89863,-4996,-168,10700,-68,-343,-261,-0.39936,-0.01173,0.91833,0.07481,-1.21527,0.15191
8986,89873,-5044,-156,10680,-66,-311,-251,-0.40231,-0.011,0.91715,0.09008,-0.97099,0.22824
8987,89883,-5012,-142,10684,-65,-300,-249,-0.40034,-0.01014,0.91738,0.09771,-0.88702,0.24351
8988,89893,-5036,-176,10716,-63,-172,-262,-0.40182,-0.01223,0.91928,0.11298,0.09008,0.14427
8989,89903,-5056,-140,10596,-67,-81,-275,-0.40304,-0.01002,0.91215,0.08244,0.78473,0.04504
8990,89913,-5020,-138,10724,-71,-276,-289,-0.40084,-0.00989,0.91976,0.05191,-0.70382,-0.06183
8991,89923,-5024,-188,10622,-66,-323,-293,-0.40108,-0.01296,0.9137,0.09008,-1.0626,-0.09237
8992,89933,-5032,-144,10730,-71,-277,-292,-0.40157,-0.01026,0.92012,0.05191,-0.71145,-0.08473
8993,89943,-5012,-166,10670,-69,-277,-296,-0.40034,-0.01161,0.91655,0.06718,-0.71145,-0.11527
8994,89953,-5032,-124,10682,-63,-274,-293,-0.40157,-0.00904,0.91726,0.11298,-0.68855,-0.09237
8995,89963,-5034,-144,10644,-64,-242,-288,-0.40169,-0.01026,0.91501,0.10534,-0.44427,-0.0542
8996,89973,-5036,-138,10644,-68,-109,-283,-0.40182,-0.00989,0.91501,0.07481,0.57099,-0.01603
8997,89983,-4998,-154,10664,-68,-188,-286,-0.39949,-0.01088,0.91619,0.07481,-0.03206,-0.03893
8998,89993,-5028,-170,10704,-73,-275,-284,-0.40133,-0.01186,0.91857,0.03664,-0.69618,-0.02366
8999,90003,-5062,-154,10662,-67,-310,-288,-0.40341,-0.01088,0.91608,0.08244,-0.96336,-0.0542
9000,90013,-4974,-188,10648,-63,-444,-287,-0.39801,-0.01296,0.91524,0.11298,-1.98626,-0.04656
9001,90023,-5020,-190,10688,-64,-483,-287,-0.40084,-0.01308,0.91762,0.10534,-2.28397,-0.04656
9002,90033,-4990,-184,10698,-71,-438,-287,-0.39899,-0.01272,0.91822,0.05191,-1.94046,-0.04656
9003,90043,-5026,-172,10686,-67,-335,-289,-0.4012,-0.01198,0.9175,0.08244,-1.1542,-0.06183
9004,90053,-5010,-122,10688,-65,-204,-278,-0.40022,-0.00891,0.91762,0.09771,-0.1542,0.02214
9005,90063,-4966,-178,10682,-63,-63,-272,-0.39752,-0.01235,0.91726,0.11298,0.92214,0.06794
9006,90073,-4964,-136,10712,-63,65,-287,-0.3974,-0.00977,0.91905,0.11298,1.89924,-0.04656
9007,90083,-4956,-156,10654,-64,26,-286,-0.39691,-0.011,0.9156,0.10534,1.60153,-0.03893
9008,90093,-5012,-188,10724,-74,-3,-290,-0.40034,-0.01296,0.91976,0.02901,1.38015,-0.06947
9009,90103,-5024,-200,10660,-71,146,-289,-0.40108,-0.0137,0.91596,0.05191,2.51756,-0.06183
9010,90113,-5052,-178,10638,-70,102,-296,-0.4028,-0.01235,0.91465,0.05954,2.18168,-0.11527
9011,90123,-5016,-162,10642,-71,-126,-302,-0.40059,-0.01137,0.91489,0.05191,0.44122,-0.16107
9012,90133,-5036,-172,10642,-77,-254,-298,-0.40182,-0.01198,0.91489,0.00611,-0.53588,-0.13053
9013,90143,-4984,-166,10694,-68,-250,-295,-0.39863,-0.01161,0.91798,0.07481,-0.50534,-0.10763
9014,90153,-5040,-160,10658,-66,-153,-294,-0.40206,-0.01124,0.91584,0.09008,0.23511,-0.1
9015,90163,-5080,-170,10670,-71,-222,-289,-0.40452,-0.01186,0.91655,0.05191,-0.2916,-0.06183
9016,90173,-5006,-120,10766,-65,-393,-291,-0.39998,-0.00879,0.92226,0.09771,-1.59695,-0.0771
9017,90183,-5004,-148,10680,-61,-315,-290,-0.39985,-0.01051,0.91715,0.12824,-1.00153,-0.06947
9018,90193,-4994,-140,10632,-66,-216,-286,-0.39924,-0.01002,0.91429,0.09008,-0.2458,-0.03893
9019,90203,-5018,-152,10592,-65,-166,-289,-0.40071,-0.01075,0.91192,0.09771,0.13588,-0.06183
9020,90213,-4990,-148,10614,-65,-167,-289,-0.39899,-0.01051,0.91322,0.09771,0.12824,-0.06183
9021,90223,-5016,-188,10688,-69,-159,-285,-0.40059,-0.01296,0.91762,0.06718,0.18931,-0.0313
9022,90233,-5030,-140,10646,-61,28,-285,-0.40145,-0.01002,0.91513,0.12824,1.61679,-0.0313
9023,90243,-5052,-174,10602,-66,93,-283,-0.4028,-0.0121,0.91251,0.09008,2.11298,-0.01603
9024,90253,-5044,-198,10658,-66,-34,-282,-0.40231,-0.01357,0.91584,0.09008,1.14351,-0.0084
9025,90263,-5040,-122,10706,-68,-150,-294,-0.40206,-0.00891,0.91869,0.07481,0.25802,-0.1
9026,90273,-5054,-130,10646,-61,-166,-291,-0.40292,-0.0094,0.91513,0.12824,0.13588,-0.0771
9027,90283,-5018,-148,10698,-62,-162,-284,-0.40071,-0.01051,0.91822,0.12061,0.16641,-0.02366
9028,90293,-5002,-156,10658,-59,-109,-281,-0.39973,-0.011,0.91584,0.14351,0.57099,-0.00076
9029,90303,-5034,-202,10696,-65,36,-282,-0.40169,-0.01382,0.9181,0.09771,1.67786,-0.0084
9030,90313,-4998,-174,10680,-78,-42,-279,-0.39949,-0.0121,0.91715,-0.00153,1.08244,0.0145
9031,90323,-5054,-136,10650,-73,-218,-285,-0.40292,-0.00977,0.91536,0.03664,-0.26107,-0.0313
9032,90333,-5030,-168,10604,-69,-300,-285,-0.40145,-0.01173,0.91263,0.06718,-0.88702,-0.0313
9033,90343,-5018,-168,10612,-70,-294,-291,-0.40071,-0.01173,0.9131,0.05954,-0.84122,-0.0771
9034,90353,-5030,-148,10676,-62,-296,-285,-0.40145,-0.01051,0.91691,0.12061,-0.85649,-0.0313
9035,90363,-5046,-146,10648,-69,-347,-295,-0.40243,-0.01038,0.91524,0.06718,-1.2458,-0.10763
9036,90373,-5024,-126,10674,-66,-391,-293,-0.40108,-0.00916,0.91679,0.09008,-1.58168,-0.09237
9037,90383,-5024,-166,10702,-60,-279,-291,-0.40108,-0.01161,0.91845,0.13588,-0.72672,-0.0771
9038,90393,-4996,-138,10724,-56,-102,-285,-0.39936,-0.00989,0.91976,0.16641,0.62443,-0.0313
9039,90403,-5018,-130,10640,-60,-31,-286,-0.40071,-0.0094,0.91477,0.13588,1.16641,-0.03893
9040,90413,-5048,-134,10692,-65,60,-288,-0.40255,-0.00965,0.91786,0.09771,1.86107,-0.0542
9041,90423,-5058,-188,10602,-65,142,-292,-0.40317,-0.01296,0.91251,0.09771,2.48702,-0.08473
9042,90433,-5102,-144,10606,-70,68,-292,-0.40587,-0.01026,0.91275,0.05954,1.92214,-0.08473
9043,90443,-5054,-124,10598,-80,-111,-290,-0.40292,-0.00904,0.91227,-0.01679,0.55573,-0.06947
9044,90453,-4996,-198,10684,-70,-347,-292,-0.39936,-0.01357,0.91738,0.05954,-1.2458,-0.08473
9045,90463,-5024,-196,10676,-74,-434,-299,-0.40108,-0.01345,0.91691,0.02901,-1.90992,-0.13817
9046,90473,-4996,-156,10698,-69,-383,-291,-0.39936,-0.011,0.91822,0.06718,-1.52061,-0.0771
9047,90483,-4996,-178,10734,-68,-318,-293,-0.39936,-0.01235,0.92035,0.07481,-1.02443,-0.09237
9048,90493,-4986,-146,10730,-66,-189,-294,-0.39875,-0.01038,0.92012,0.09008,-0.03969,-0.1
9049,90503,-4970,-188,10654,-71,-171,-292,-0.39777,-0.01296,0.9156,0.05191,0.09771,-0.08473
9050,90513,-5026,-172,10694,-71,-221,-294,-0.4012,-0.01198,0.91798,0.05191,-0.28397,-0.1
9051,90523,-4994,-178,10742,-65,-178,-288,-0.39924,-0.01235,0.92083,0.09771,0.04427,-0.0542
9052,90533,-5022,-126,10746,-67,-88,-284,-0.40096,-0.00916,0.92107,0.08244,0.7313,-0.02366
9053,90543,-5034,-190,10678,-66,5,-277,-0.40169,-0.01308,0.91703,0.09008,1.44122,0.02977
9054,90553,-5054,-122,10624,-67,-2,-274,-0.40292,-0.00891,0.91382,0.08244,1.38779,0.05267
9055,90563,-5054,-158,10630,-62,-92,-277,-0.40292,-0.01112,0.91417,0.12061,0.70076,0.02977
9056,90573,-5046,-174,10646,-68,-194,-283,-0.40243,-0.0121,0.91513,0.07481,-0.07786,-0.01603
9057,90583,-5040,-156,10726,-66,-405,-282,-0.40206,-0.011,0.91988,0.09008,-1.68855,-0.0084
9058,90593,-5000,-182,10602,-65,-535,-281,-0.39961,-0.01259,0.91251,0.09771,-2.68092,-0.00076
9059,90603,-5032,-130,10714,-70,-525,-284,-0.40157,-0.0094,0.91917,0.05954,-2.60458,-0.02366
9060,90613,-4996,-156,10676,-68,-484,-279,-0.39936,-0.011,0.91691,0.07481,-2.2916,0.0145
9061,90623,-5022,-144,10698,-71,-461,-272,-0.40096,-0.01026,0.91822,0.05191,-2.11603,0.06794
9062,90633,-5000,-150,10720,-69,-379,-264,-0.39961,-0.01063,0.91952,0.06718,-1.49008,0.12901
9063,90643,-5002,-198,10734,-64,-219,-258,-0.39973,-0.01357,0.92035,0.10534,-0.2687,0.17481
9064,90653,-4970,-192,10664,-61,-159,-260,-0.39777,-0.01321,0.91619,0.12824,0.18931,0.15954
9065,90663,-4982,-160,10644,-61,-162,-269,-0.3985,-0.01124,0.91501,0.12824,0.16641,0.09084
9066,90673,-4978,-196,10646,-62,-216,-279,-0.39826,-0.01345,0.91513,0.12061,-0.2458,0.0145
9067,90683,-4974,-154,10694,-64,-123,-268,-0.39801,-0.01088,0.91798,0.10534,0.46412,0.09847
9068,90693,-5064,-164,10670,-59,83,-251,-0.40354,-0.01149,0.91655,0.14351,2.03664,0.22824
9069,90703,-5072,-138,10686,-68,-74,-241,-0.40403,-0.00989,0.9175,0.07481,0.83817,0.30458
9070,90713,-5030,-132,10650,-68,-9,-243,-0.40145,-0.00953,0.91536,0.07481,1.33435,0.28931
9071,90723,-5052,-156,10594,-66,132,-248,-0.4028,-0.011,0.91204,0.09008,2.41069,0.25115
9072,90733,-5052,-122,10774,-64,-140,-261,-0.4028,-0.00891,0.92273,0.10534,0.33435,0.15191
9073,90743,-5096,-110,10674,-72,-195,-264,-0.4055,-0.00818,0.91679,0.04427,-0.0855,0.12901
9074,90753,-4970,-154,10694,-69,-135,-266,-0.39777,-0.01088,0.91798,0.06718,0.37252,0.11374
9075,90763,-5000,-136,10602,-67,-85,-268,-0.39961,-0.00977,0.91251,0.08244,0.7542,0.09847
9076,90773,-5034,-124,10644,-59,-143,-274,-0.40169,-0.00904,0.91501,0.14351,0.31145,0.05267
9077,90783,-5060,-128,10688,-59,-168,-279,-0.40329,-0.00928,0.91762,0.14351,0.12061,0.0145
9078,90793,-5000,-176,10752,-62,30,-275,-0.39961,-0.01223,0.92142,0.12061,1.63206,0.04504
9079,90803,-5042,-174,10664,-61,193,-270,-0.40219,-0.0121,0.91619,0.12824,2.87634,0.08321
9080,90813,-5018,-170,10580,-64,320,-268,-0.40071,-0.01186,0.9112,0.10534,3.8458,0.09847
9081,90823,-5108,-144,10666,-69,217,-277,-0.40624,-0.01026,0.91631,0.06718,3.05954,0.02977
9082,90833,-5068,-94,10610,-69,-86,-281,-0.40378,-0.0072,0.91299,0.06718,0.74656,-0.00076
9083,90843,-5054,-180,10684,-61,-261,-291,-0.40292,-0.01247,0.91738,0.12824,-0.58931,-0.0771
9084,90853,-4998,-96,10766,-66,-200,-291,-0.39949,-0.00732,0.92226,0.09008,-0.12366,-0.0771
9085,90863,-5060,-100,10618,-65,34,-289,-0.40329,-0.00756,0.91346,0.09771,1.6626,-0.06183
9086,90873,-5070,-130,10610,-62,77,-289,-0.4039,-0.0094,0.91299,0.12061,1.99084,-0.06183
9087,90883,-5070,-128,10656,-61,68,-283,-0.4039,-0.00928,0.91572,0.12824,1.92214,-0.01603
9088,90893,-5024,-132,10666,-61,39,-284,-0.40108,-0.00953,0.91631,0.12824,1.70076,-0.02366
9089,90903,-5058,-116,10618,-67,-62,-280,-0.40317,-0.00854,0.91346,0.08244,0.92977,0.00687
9090,90913,-4994,-154,10644,-68,-154,-288,-0.39924,-0.01088,0.91501,0.07481,0.22748,-0.0542
9091,90923,-5072,-126,10662,-68,-216,-290,-0.40403,-0.00916,0.91608,0.07481,-0.2458,-0.06947
9092,90933,-5050,-132,10690,-68,-209,-291,-0.40268,-0.00953,0.91774,0.07481,-0.19237,-0.0771
9093,90943,-5054,-138,10618,-60,-122,-291,-0.40292,-0.00989,0.91346,0.13588,0.47176,-0.0771
9094,90953,-5038,-134,10626,-63,-98,-293,-0.40194,-0.00965,0.91394,0.11298,0.65496,-0.09237
9095,90963,-5110,-164,10624,-59,23,-294,-0.40636,-0.01149,0.91382,0.14351,1.57863,-0.1
9096,90973,-5096,-168,10608,-52,133,-291,-0.4055,-0.01173,0.91287,0.19695,2.41832,-0.0771
9097,90983,-5094,-148,10690,-56,158,-288,-0.40538,-0.01051,0.91774,0.16641,2.60916,-0.0542
9098,90993,-5122,-154,10544,-66,-12,-289,-0.4071,-0.01088,0.90906,0.09008,1.31145,-0.06183
9099,91003,-5136,-168,10580,-73,-350,-292,-0.40795,-0.01173,0.9112,0.03664,-1.2687,-0.08473
9100,91013,-5088,-120,10682,-68,-470,-302,-0.40501,-0.00879,0.91726,0.07481,-2.18473,-0.16107
9101,91023,-5138,-158,10624,-66,-455,-298,-0.40808,-0.01112,0.91382,0.09008,-2.07023,-0.13053
9102,91033,-5118,-186,10684,-59,-537,-298,-0.40685,-0.01284,0.91738,0.14351,-2.69618,-0.13053
9103,91043,-5044,-150,10628,-63,-366,-296,-0.40231,-0.01063,0.91406,0.11298,-1.39084,-0.11527
9104,91053,-5054,-164,10706,-63,-89,-289,-0.40292,-0.01149,0.91869,0.11298,0.72366,-0.06183
9105,91063,-5088,-124,10668,-59,60,-279,-0.40501,-0.00904,0.91643,0.14351,1.86107,0.0145
9106,91073,-5094,-156,10694,-65,-7,-289,-0.40538,-0.011,0.91798,0.09771,1.34962,-0.06183
9107,91083,-5060,-120,10578,-63,-124,-296,-0.40329,-0.00879,0.91108,0.11298,0.45649,-0.11527
9108,91093,-5106,-152,10676,-64,-280,-293,-0.40611,-0.01075,0.91691,0.10534,-0.73435,-0.09237
9109,91103,-5100,-160,10660,-62,-421,-285,-0.40575,-0.01124,0.91596,0.12061,-1.81069,-0.0313
9110,91113,-5042,-146,10648,-68,-405,-288,-0.40219,-0.01038,0.91524,0.07481,-1.68855,-0.0542
9111,91123,-5068,-90,10676,-71,-322,-284,-0.40378,-0.00695,0.91691,0.05191,-1.05496,-0.02366
9112,91133,-5056,-124,10576,-76,-335,-287,-0.40304,-0.00904,0.91097,0.01374,-1.1542,-0.04656
9113,91143,-5094,-150,10638,-68,-352,-285,-0.40538,-0.01063,0.91465,0.07481,-1.28397,-0.0313
9114,91153,-5084,-148,10594,-66,-413,-281,-0.40476,-0.01051,0.91204,0.09008,-1.74962,-0.00076
9115,91163,-5072,-214,10636,-69,-657,-284,-0.40403,-0.01456,0.91453,0.06718,-3.61221,-0.02366
9116,91173,-5040,-126,10648,-66,-734,-278,-0.40206,-0.00916,0.91524,0.09008,-4.2,0.02214
9117,91183,-5070,-166,10730,-67,-619,-274,-0.4039,-0.01161,0.92012,0.08244,-3.32214,0.05267
9118,91193,-5056,-130,10672,-59,-379,-279,-0.40304,-0.0094,0.91667,0.14351,-1.49008,0.0145
9119,91203,-5024,-178,10684,-58,-132,-273,-0.40108,-0.01235,0.91738,0.15115,0.39542,0.06031
9120,91213,-5046,-140,10688,-61,-28,-267,-0.40243,-0.01002,0.91762,0.12824,1.18931,0.10611
9121,91223,-5066,-110,10642,-60,49,-268,-0.40366,-0.00818,0.91489,0.13588,1.7771,0.09847
9122,91233,-5006,-144,10702,-66,-60,-277,-0.39998,-0.01026,0.91845,0.09008,0.94504,0.02977
9123,91243,-5042,-120,10712,-76,-69,-275,-0.40219,-0.00879,0.91905,0.01374,0.87634,0.04504
9124,91253,-5050,-140,10562,-74,-127,-276,-0.40268,-0.01002,0.91013,0.02901,0.43359,0.0374
9125,91263,-5030,-98,10646,-66,-200,-277,-0.40145,-0.00744,0.91513,0.09008,-0.12366,0.02977
9126,91273,-5060,-182,10644,-72,-203,-277,-0.40329,-0.01259,0.91501,0.04427,-0.14656,0.02977
9127,91283,-5080,-176,10636,-72,-277,-280,-0.40452,-0.01223,0.91453,0.04427,-0.71145,0.00687
9128,91293,-5026,-142,10668,-63,-276,-285,-0.4012,-0.01014,0.91643,0.11298,-0.70382,-0.0313
9129,91303,-5076,-162,10670,-66,-334,-278,-0.40427,-0.01137,0.91655,0.09008,-1.14656,0.02214
9130,91313,-5068,-132,10648,-65,-431,-280,-0.40378,-0.00953,0.91524,0.09771,-1.88702,0.00687
9131,91323,-5014,-168,10746,-64,-496,-278,-0.40047,-0.01173,0.92107,0.10534,-2.38321,0.02214
9132,91333,-5018,-112,10760,-64,-381,-280,-0.40071,-0.0083,0.9219,0.10534,-1.50534,0.00687
9133,91343,-5006,-180,10784,-65,-302,-285,-0.39998,-0.01247,0.92333,0.09771,-0.90229,-0.0313
9134,91353,-5070,-184,10680,-59,-237,-285,-0.4039,-0.01272,0.91715,0.14351,-0.40611,-0.0313
9135,91363,-5020,-122,10618,-69,-211,-291,-0.40084,-0.00891,0.91346,0.06718,-0.20763,-0.0771
9136,91373,-5048,-138,10748,-63,-340,-291,-0.40255,-0.00989,0.92119,0.11298,-1.19237,-0.0771
9137,91383,-4962,-156,10678,-61,-402,-288,-0.39728,-0.011,0.91703,0.12824,-1.66565,-0.0542
9138,91393,-4992,-144,10706,-60,-246,-288,-0.39912,-0.01026,0.91869,0.13588,-0.47481,-0.0542
9139,91403,-5012,-150,10652,-60,-201,-286,-0.40034,-0.01063,0.91548,0.13588,-0.1313,-0.03893
9140,91413,-5034,-146,10628,-67,-234,-284,-0.40169,-0.01038,0.91406,0.08244,-0.38321,-0.02366
9141,91423,-4990,-164,10720,-67,-228,-287,-0.39899,-0.01149,0.91952,0.08244,-0.3374,-0.04656
9142,91433,-5002,-178,10626,-67,-254,-294,-0.39973,-0.01235,0.91394,0.08244,-0.53588,-0.1
9143,91443,-4990,-164,10706,-67,-334,-293,-0.39899,-0.01149,0.91869,0.08244,-1.14656,-0.09237
9144,91453,-4990,-170,10706,-70,-378,-289,-0.39899,-0.01186,0.91869,0.05954,-1.48244,-0.06183
9145,91463,-5018,-158,10674,-71,-307,-289,-0.40071,-0.01112,0.91679,0.05191,-0.94046,-0.06183
9146,91473,-5018,-108,10602,-68,-191,-284,-0.40071,-0.00805,0.91251,0.07481,-0.05496,-0.02366
9147,91483,-4982,-150,10672,-71,-150,-286,-0.3985,-0.01063,0.91667,0.05191,0.25802,-0.03893
9148,91493,-5002,-118,10696,-74,-213,-287,-0.39973,-0.00867,0.9181,0.02901,-0.2229,-0.04656
9149,91503,-5028,-166,10694,-69,-208,-283,-0.40133,-0.01161,0.91798,0.06718,-0.18473,-0.01603
9150,91513,-5004,-176,10734,-68,-91,-284,-0.39985,-0.01223,0.92035,0.07481,0.7084,-0.02366
9151,91523,-4956,-164,10646,-62,-128,-285,-0.39691,-0.01149,0.91513,0.12061,0.42595,-0.0313
9152,91533,-4986,-142,10640,-64,-210,-285,-0.39875,-0.01014,0.91477,0.10534,-0.2,-0.0313
9153,91543,-5012,-148,10728,-61,-337,-290,-0.40034,-0.01051,0.92,0.12824,-1.16947,-0.06947
9154,91553,-4976,-120,10642,-61,-339,-288,-0.39814,-0.00879,0.91489,0.12824,-1.18473,-0.0542
9155,91563,-5020,-86,10630,-61,-259,-287,-0.40084,-0.0067,0.91417,0.12824,-0.57405,-0.04656
9156,91573,-4984,-124,10644,-63,-325,-296,-0.39863,-0.00904,0.91501,0.11298,-1.07786,-0.11527
9157,91583,-5024,-124,10738,-69,-338,-294,-0.40108,-0.00904,0.92059,0.06718,-1.1771,-0.1
9158,91593,-4992,-128,10700,-66,-310,-289,-0.39912,-0.00928,0.91833,0.09008,-0.96336,-0.06183
9159,91603,-4956,-134,10666,-69,-361,-292,-0.39691,-0.00965,0.91631,0.06718,-1.35267,-0.08473
9160,91613,-4964,-124,10718,-72,-351,-294,-0.3974,-0.00904,0.9194,0.04427,-1.27634,-0.1
9161,91623,-4970,-168,10690,-64,-219,-291,-0.39777,-0.01173,0.91774,0.10534,-0.2687,-0.0771
9162,91633,-4952,-178,10708,-64,-179,-289,-0.39666,-0.01235,0.91881,0.10534,0.03664,-0.06183
9163,91643,-4960,-156,10702,-64,-349,-288,-0.39715,-0.011,0.91845,0.10534,-1.26107,-0.0542
9164,91653,-5006,-174,10738,-61,-441,-286,-0.39998,-0.0121,0.92059,0.12824,-1.96336,-0.03893
9165,91663,-4946,-146,10692,-58,-264,-283,-0.39629,-0.01038,0.91786,0.15115,-0.61221,-0.01603
9166,91673,-4958,-146,10720,-60,-24,-281,-0.39703,-0.01038,0.91952,0.13588,1.21985,-0.00076
9167,91683,-4974,-142,10720,-66,-102,-286,-0.39801,-0.01014,0.91952,0.09008,0.62443,-0.03893
9168,91693,-4992,-140,10664,-61,-259,-282,-0.39912,-0.01002,0.91619,0.12824,-0.57405,-0.0084
9169,91703,-5004,-106,10704,-64,-372,-285,-0.39985,-0.00793,0.91857,0.10534,-1.43664,-0.0313
9170,91713,-5004,-154,10720,-68,-422,-292,-0.39985,-0.01088,0.91952,0.07481,-1.81832,-0.08473
9171,91723,-4936,-164,10622,-62,-356,-290,-0.39568,-0.01149,0.9137,0.12061,-1.3145,-0.06947
9172,91733,-4940,-162,10634,-66,-266,-287,-0.39593,-0.01137,0.91441,0.09008,-0.62748,-0.04656
9173,91743,-4912,-152,10660,-71,-301,-293,-0.39421,-0.01075,0.91596,0.05191,-0.89466,-0.09237
9174,91753,-4960,-122,10738,-67,-324,-291,-0.39715,-0.00891,0.92059,0.08244,-1.07023,-0.0771
9175,91763,-4954,-154,10678,-69,-385,-288,-0.39679,-0.01088,0.91703,0.06718,-1.53588,-0.0542
9176,91773,-4910,-148,10682,-63,-478,-285,-0.39409,-0.01051,0.91726,0.11298,-2.2458,-0.0313
9177,91783,-4910,-212,10790,-61,-457,-285,-0.39409,-0.01443,0.92368,0.12824,-2.0855,-0.0313
9178,91793,-4936,-122,10666,-63,-405,-281,-0.39568,-0.00891,0.91631,0.11298,-1.68855,-0.00076
9179,91803,-4892,-182,10760,-65,-454,-286,-0.39298,-0.01259,0.9219,0.09771,-2.0626,-0.03893
9180,91813,-4886,-156,10762,-66,-388,-288,-0.39261,-0.011,0.92202,0.09008,-1.55878,-0.0542
9181,91823,-4920,-148,10770,-62,-243,-286,-0.3947,-0.01051,0.92249,0.12061,-0.45191,-0.03893
9182,91833,-4934,-128,10732,-62,-130,-278,-0.39556,-0.00928,0.92024,0.12061,0.41069,0.02214
9183,91843,-4916,-174,10772,-56,-4,-276,-0.39445,-0.0121,0.92261,0.16641,1.37252,0.0374
9184,91853,-4942,-168,10720,-61,94,-276,-0.39605,-0.01173,0.91952,0.12824,2.12061,0.0374
9185,91863,-4978,-164,10600,-60,93,-278,-0.39826,-0.01149,0.91239,0.13588,2.11298,0.02214
9186,91873,-4956,-146,10640,-67,-145,-281,-0.39691,-0.01038,0.91477,0.08244,0.29618,-0.00076
9187,91883,-4946,-142,10720,-64,-357,-289,-0.39629,-0.01014,0.91952,0.10534,-1.32214,-0.06183
9188,91893,-4916,-180,10694,-64,-344,-287,-0.39445,-0.01247,0.91798,0.10534,-1.2229,-0.04656
9189,91903,-4888,-122,10628,-73,-380,-285,-0.39274,-0.00891,0.91406,0.03664,-1.49771,-0.0313
9190,91913,-4900,-156,10758,-69,-418,-284,-0.39347,-0.011,0.92178,0.06718,-1.78779,-0.02366
9191,91923,-4892,-164,10722,-68,-321,-283,-0.39298,-0.01149,0.91964,0.07481,-1.04733,-0.01603
9192,91933,-4924,-164,10768,-63,-180,-281,-0.39494,-0.01149,0.92237,0.11298,0.02901,-0.00076
9193,91943,-4872,-150,10780,-62,-277,-285,-0.39175,-0.01063,0.92309,0.12061,-0.71145,-0.0313
9194,91953,-4896,-148,10774,-54,-226,-283,-0.39323,-0.01051,0.92273,0.18168,-0.32214,-0.01603
9195,91963,-4916,-116,10674,-62,-240,-284,-0.39445,-0.00854,0.91679,0.12061,-0.42901,-0.02366
9196,91973,-4918,-124,10728,-66,-422,-288,-0.39458,-0.00904,0.92,0.09008,-1.81832,-0.0542
9197,91983,-4868,-128,10728,-58,-323,-292,-0.39151,-0.00928,0.92,0.15115,-1.0626,-0.08473
9198,91993,-4914,-154,10728,-57,-247,-285,-0.39433,-0.01088,0.92,0.15878,-0.48244,-0.0313
9199,92003,-4924,-134,10702,-58,-285,-284,-0.39494,-0.00965,0.91845,0.15115,-0.77252,-0.02366
9200,92013,-4878,-96,10722,-70,-451,-288,-0.39212,-0.00732,0.91964,0.05954,-2.03969,-0.0542
9201,92023,-4914,-134,10758,-69,-678,-292,-0.39433,-0.00965,0.92178,0.06718,-3.77252,-0.08473
9202,92033,-4904,-116,10728,-64,-885,-290,-0.39372,-0.00854,0.92,0.10534,-5.35267,-0.06947
9203,92043,-4886,-152,10830,-68,-899,-292,-0.39261,-0.01075,0.92606,0.07481,-5.45954,-0.08473
9204,92053,-4802,-142,10770,-62,-800,-291,-0.38746,-0.01014,0.92249,0.12061,-4.70382,-0.0771
9205,92063,-4822,-166,10792,-53,-563,-292,-0.38869,-0.01161,0.9238,0.18931,-2.89466,-0.08473
9206,92073,-4796,-168,10782,-56,-292,-281,-0.38709,-0.01173,0.92321,0.16641,-0.82595,-0.00076
9207,92083,-4824,-130,10776,-55,-24,-285,-0.38881,-0.0094,0.92285,0.17405,1.21985,-0.0313
9208,92093,-4852,-158,10736,-58,133,-283,-0.39053,-0.01112,0.92047,0.15115,2.41832,-0.01603
9209,92103,-4880,-160,10752,-63,40,-283,-0.39224,-0.01124,0.92142,0.11298,1.7084,-0.01603
9210,92113,-4844,-140,10694,-73,-189,-285,-0.39004,-0.01002,0.91798,0.03664,-0.03969,-0.0313
9211,92123,-4862,-182,10688,-67,-256,-292,-0.39114,-0.01259,0.91762,0.08244,-0.55115,-0.08473
9212,92133,-4884,-146,10754,-74,-300,-282,-0.39249,-0.01038,0.92154,0.02901,-0.88702,-0.0084
9213,92143,-4818,-126,10778,-66,-295,-288,-0.38844,-0.00916,0.92297,0.09008,-0.84885,-0.0542
9214,92153,-4852,-148,10742,-62,-92,-282,-0.39053,-0.01051,0.92083,0.12061,0.70076,-0.0084
9215,92163,-4848,-158,10662,-67,-95,-282,-0.39028,-0.01112,0.91608,0.08244,0.67786,-0.0084
9216,92173,-4850,-160,10712,-77,-431,-282,-0.3904,-0.01124,0.91905,0.00611,-1.88702,-0.0084
9217,92183,-4856,-134,10798,-66,-793,-286,-0.39077,-0.00965,0.92416,0.09008,-4.65038,-0.03893
9218,92193,-4812,-142,10816,-65,-815,-282,-0.38807,-0.01014,0.92523,0.09771,-4.81832,-0.0084
9219,92203,-4798,-140,10810,-62,-680,-276,-0.38721,-0.01002,0.92487,0.12061,-3.78779,0.0374
9220,92213,-4808,-124,10846,-65,-489,-274,-0.38783,-0.00904,0.92701,0.09771,-2.32977,0.05267
9221,92223,-4780,-130,10820,-63,-503,-285,-0.38611,-0.0094,0.92546,0.11298,-2.43664,-0.0313
9222,92233,-4780,-192,10906,-65,-414,-285,-0.38611,-0.01321,0.93057,0.09771,-1.75725,-0.0313
9223,92243,-4812,-108,10782,-61,-92,-282,-0.38807,-0.00805,0.92321,0.12824,0.70076,-0.0084
9224,92253,-4800,-152,10792,-64,32,-284,-0.38734,-0.01075,0.9238,0.10534,1.64733,-0.02366
9225,92263,-4826,-112,10792,-65,180,-281,-0.38893,-0.0083,0.9238,0.09771,2.7771,-0.00076
9226,92273,-4856,-102,10742,-70,288,-280,-0.39077,-0.00769,0.92083,0.05954,3.60153,0.00687
9227,92283,-4888,-146,10726,-67,78,-291,-0.39274,-0.01038,0.91988,0.08244,1.99847,-0.0771
9228,92293,-4872,-164,10684,-73,-220,-292,-0.39175,-0.01149,0.91738,0.03664,-0.27634,-0.08473
9229,92303,-4860,-104,10808,-68,-569,-304,-0.39102,-0.00781,0.92475,0.07481,-2.94046,-0.17634
9230,92313,-4858,-164,10786,-64,-500,-294,-0.39089,-0.01149,0.92344,0.10534,-2.41374,-0.1
9231,92323,-4792,-122,10828,-65,-384,-294,-0.38684,-0.00891,0.92594,0.09771,-1.52824,-0.1
9232,92333,-4820,-160,10656,-65,-363,-289,-0.38856,-0.01124,0.91572,0.09771,-1.36794,-0.06183
9233,92343,-4822,-160,10782,-66,-412,-291,-0.38869,-0.01124,0.92321,0.09008,-1.74198,-0.0771
9234,92353,-4778,-184,10750,-67,-554,-288,-0.38599,-0.01272,0.9213,0.08244,-2.82595,-0.0542
9235,92363,-4772,-156,10796,-70,-551,-286,-0.38562,-0.011,0.92404,0.05954,-2.80305,-0.03893
9236,92373,-4736,-142,10874,-63,-400,-287,-0.38341,-0.01014,0.92867,0.11298,-1.65038,-0.04656
9237,92383,-4774,-144,10780,-57,-106,-278,-0.38574,-0.01026,0.92309,0.15878,0.59389,0.02214
9238,92393,-4830,-142,10766,-52,80,-276,-0.38918,-0.01014,0.92226,0.19695,2.01374,0.0374
9239,92403,-4776,-156,10764,-59,115,-277,-0.38586,-0.011,0.92214,0.14351,2.28092,0.02977
9240,92413,-4840,-160,10736,-60,36,-277,-0.38979,-0.01124,0.92047,0.13588,1.67786,0.02977
9241,92423,-4840,-160,10732,-64,-166,-283,-0.38979,-0.01124,0.92024,0.10534,0.13588,-0.01603
9242,92433,-4838,-136,10794,-67,-367,-285,-0.38967,-0.00977,0.92392,0.08244,-1.39847,-0.0313
9243,92443,-4770,-122,10828,-66,-396,-287,-0.38549,-0.00891,0.92594,0.09008,-1.61985,-0.04656
9244,92453,-4786,-142,10788,-67,-453,-286,-0.38648,-0.01014,0.92356,0.08244,-2.05496,-0.03893
9245,92463,-4788,-142,10768,-66,-515,-295,-0.3866,-0.01014,0.92237,0.09008,-2.52824,-0.10763
9246,92473,-4748,-128,10688,-70,-498,-299,-0.38414,-0.00928,0.91762,0.05954,-2.39847,-0.13817
9247,92483,-4716,-164,10812,-66,-607,-299,-0.38218,-0.01149,0.92499,0.09008,-3.23053,-0.13817
9248,92493,-4734,-164,10772,-68,-524,-292,-0.38329,-0.01149,0.92261,0.07481,-2.59695,-0.08473
9249,92503,-4744,-188,10778,-65,-550,-292,-0.3839,-0.01296,0.92297,0.09771,-2.79542,-0.08473
9250,92513,-4740,-182,10738,-71,-953,-297,-0.38365,-0.01259,0.92059,0.05191,-5.87176,-0.1229
9251,92523,-4702,-192,10688,-78,-1555,-303,-0.38132,-0.01321,0.91762,-0.00153,-10.46718,-0.1687
9252,92533,-4662,-126,10838,-70,-1989,-315,-0.37887,-0.00916,0.92653,0.05954,-13.78015,-0.26031
9253,92543,-4612,-142,10836,-72,-2012,-316,-0.3758,-0.01014,0.92641,0.04427,-13.95572,-0.26794
9254,92553,-4588,-146,10822,-65,-2012,-312,-0.37433,-0.01038,0.92558,0.09771,-13.95572,-0.2374
9255,92563,-4606,-202,10898,-66,-2162,-314,-0.37543,-0.01382,0.9301,0.09008,-15.10076,-0.25267
9256,92573,-4554,-138,10940,-58,-2200,-315,-0.37224,-0.00989,0.93259,0.15115,-15.39084,-0.26031
9257,92583,-4446,-192,10992,-56,-2042,-301,-0.36561,-0.01321,0.93568,0.16641,-14.18473,-0.15344
9258,92593,-4460,-166,11048,-47,-1474,-280,-0.36647,-0.01161,0.93901,0.23511,-9.84886,0.00687
9259,92603,-4430,-166,10994,-47,-904,-266,-0.36463,-0.01161,0.9358,0.23511,-5.49771,0.11374
9260,92613,-4424,-162,10938,-50,-512,-256,-0.36426,-0.01137,0.93248,0.21221,-2.50534,0.19008
9261,92623,-4400,-154,10940,-54,103,-258,-0.36279,-0.01088,0.93259,0.18168,2.18931,0.17481
9262,92633,-4466,-162,10932,-54,391,-258,-0.36684,-0.01137,0.93212,0.18168,4.38779,0.17481
9263,92643,-4456,-168,10912,-57,497,-257,-0.36623,-0.01173,0.93093,0.15878,5.19695,0.18244
9264,92653,-4446,-118,10866,-61,469,-260,-0.36561,-0.00867,0.9282,0.12824,4.98321,0.15954
9265,92663,-4484,-170,10968,-59,364,-252,-0.36794,-0.01186,0.93426,0.14351,4.18168,0.22061
9266,92673,-4464,-120,10882,-62,657,-255,-0.36672,-0.00879,0.92915,0.12061,6.41832,0.19771
9267,92683,-4512,-170,10928,-58,893,-256,-0.36966,-0.01186,0.93188,0.15115,8.21985,0.19008
9268,92693,-4512,-140,10888,-62,928,-257,-0.36966,-0.01002,0.9295,0.12061,8.48702,0.18244
9269,92703,-4624,-128,10834,-65,810,-262,-0.37653,-0.00928,0.9263,0.09771,7.58626,0.14427
9270,92713,-4608,-168,10874,-67,640,-258,-0.37555,-0.01173,0.92867,0.08244,6.28855,0.17481
9271,92723,-4656,-146,10870,-63,393,-268,-0.3785,-0.01038,0.92844,0.11298,4.40305,0.09847
9272,92733,-4576,-126,10850,-61,198,-274,-0.37359,-0.00916,0.92725,0.12824,2.9145,0.05267
9273,92743,-4618,-156,10734,-61,-32,-280,-0.37617,-0.011,0.92035,0.12824,1.15878,0.00687
9274,92753,-4600,-160,10852,-68,-455,-288,-0.37506,-0.01124,0.92737,0.07481,-2.07023,-0.0542
9275,92763,-4578,-124,10872,-69,-643,-285,-0.37371,-0.00904,0.92855,0.06718,-3.50534,-0.0313
9276,92773,-4552,-156,10922,-66,-425,-272,-0.37212,-0.011,0.93152,0.09008,-1.84122,0.06794
9277,92783,-4592,-150,10854,-57,-108,-268,-0.37457,-0.01063,0.92748,0.15878,0.57863,0.09847
9278,92793,-4556,-146,10872,-54,168,-265,-0.37236,-0.01038,0.92855,0.18168,2.6855,0.12137
9279,92803,-4626,-162,10828,-59,293,-260,-0.37666,-0.01137,0.92594,0.14351,3.63969,0.15954
9280,92813,-4616,-150,10802,-62,245,-268,-0.37604,-0.01063,0.92439,0.12061,3.27328,0.09847
9281,92823,-4636,-198,10756,-64,34,-282,-0.37727,-0.01357,0.92166,0.10534,1.6626,-0.0084
9282,92833,-4620,-146,10784,-61,-354,-279,-0.37629,-0.01038,0.92333,0.12824,-1.29924,0.0145
9283,92843,-4658,-158,10846,-67,-654,-285,-0.37862,-0.01112,0.92701,0.08244,-3.58931,-0.0313
9284,92853,-4618,-152,10882,-65,-702,-282,-0.37617,-0.01075,0.92915,0.09771,-3.95573,-0.0084
9285,92863,-4608,-120,10782,-63,-851,-285,-0.37555,-0.00879,0.92321,0.11298,-5.09313,-0.0313
9286,92873,-4580,-146,10860,-61,-1518,-297,-0.37383,-0.01038,0.92784,0.12824,-10.18473,-0.1229
9287,92883,-4474,-146,10870,-59,-1883,-306,-0.36733,-0.01038,0.92844,0.14351,-12.97099,-0.1916
9288,92893,-4474,-164,10898,-60,-1653,-304,-0.36733,-0.01149,0.9301,0.13588,-11.21527,-0.17634
9289,92903,-4440,-160,10926,-66,-1419,-309,-0.36524,-0.01124,0.93176,0.09008,-9.42901,-0.2145
9290,92913,-4446,-114,10936,-71,-1164,-298,-0.36561,-0.00842,0.93236,0.05191,-7.48244,-0.13053
9291,92923,-4422,-120,10914,-77,-936,-304,-0.36414,-0.00879,0.93105,0.00611,-5.74198,-0.17634
9292,92933,-4436,-118,10942,-79,-905,-305,-0.365,-0.00867,0.93271,-0.00916,-5.50534,-0.18397
9293,92943,-4486,-124,10602,-76,-1103,-309,-0.36807,-0.00904,0.91251,0.01374,-7.01679,-0.2145
9294,92953,-4602,-146,10344,-78,-2931,-339,-0.37518,-0.01038,0.89718,-0.00153,-20.97099,-0.44351
9295,92963,-4328,-146,10638,-90,-6493,-402,-0.35837,-0.01038,0.91465,-0.09313,-48.16183,-0.92443
9296,92973,-4088,-192,10876,-108,-9131,-448,-0.34364,-0.01321,0.92879,-0.23053,-68.29924,-1.27557
9297,92983,-3908,-118,10776,-114,-11317,-495,-0.3326,-0.00867,0.92285,-0.27634,-84.98626,-1.63435
9298,92993,-3548,-128,11036,-136,-13927,-559,-0.31051,-0.00928,0.9383,-0.44427,-104.90993,-2.1229
9299,93003,-3188,-140,11168,-159,-15640,-603,-0.28841,-0.01002,0.94614,-0.61985,-117.98626,-2.45878
9300,93013,-2946,-170,10972,-168,-17127,-626,-0.27356,-0.01186,0.9345,-0.68855,-129.3374,-2.63435
9301,93023,-2674,-212,10782,-159,-20143,-660,-0.25687,-0.01443,0.92321,-0.61985,-152.36031,-2.89389
9302,93033,-2560,-312,10408,-218,-25979,-693,-0.24988,-0.02057,0.90098,-1.07023,-196.90991,-3.1458
9303,93043,-1180,-166,11118,-299,-32768,-1412,-0.16519,-0.01161,0.94317,-1.68855,-248.73434,-8.63435
9304,93053,-1076,-508,10226,-311,-32768,-2578,-0.15881,-0.03259,0.89017,-1.78015,-248.73434,-17.53512
9305,93063,4356,-640,20692,-155,-32768,-3179,0.17453,-0.04069,1.51205,-0.58931,-248.73434,-22.1229
9306,93073,1036,-188,12434,135,-15217,-808,-0.0292,-0.01296,1.02137,1.62443,-114.75726,-4.02366
9307,93083,1320,-114,12138,-263,-6467,-626,-0.01178,-0.00842,1.00378,-1.41374,-47.96336,-2.63435
9308,93093,1284,-228,12322,-316,-5358,-526,-0.01399,-0.01541,1.01471,-1.81832,-39.49771,-1.87099
9309,93103,1236,-168,12202,-254,-2671,-470,-0.01693,-0.01173,1.00758,-1.34504,-18.98626,-1.44351
9310,93113,1202,-184,11944,-205,-1223,-445,-0.01902,-0.01272,0.99225,-0.97099,-7.93282,-1.25267
9311,93123,1208,-208,12062,-179,-866,-457,-0.01865,-0.01419,0.99926,-0.77252,-5.20763,-1.34427
9312,93133,1250,-176,12052,-149,-664,-451,-0.01607,-0.01223,0.99867,-0.54351,-3.66565,-1.29847
9313,93143,1194,-218,12008,-78,-609,-433,-0.01951,-0.0148,0.99605,-0.00153,-3.2458,-1.16107
9314,93153,1226,-172,12180,-41,-506,-445,-0.01754,-0.01198,1.00627,0.28092,-2.45954,-1.25267
9315,93163,1244,-152,11976,-16,-486,-456,-0.01644,-0.01075,0.99415,0.47176,-2.30687,-1.33664
9316,93173,1190,-152,12004,38,-604,-464,-0.01975,-0.01075,0.99582,0.88397,-3.20763,-1.39771
9317,93183,1240,-190,12056,1,-585,-472,-0.01669,-0.01308,0.99891,0.60153,-3.0626,-1.45878
9318,93193,1172,-184,12022,-50,-604,-475,-0.02086,-0.01272,0.99689,0.21221,-3.20763,-1.48168
9319,93203,1318,-176,12066,-156,-1012,-537,-0.0119,-0.01223,0.9995,-0.59695,-6.32214,-1.95496
9320,93213,1314,-200,12024,-171,-773,-489,-0.01214,-0.0137,0.99701,-0.71145,-4.49771,-1.58855
9321,93223,1318,-186,11992,-163,-730,-442,-0.0119,-0.01284,0.9951,-0.65038,-4.16947,-1.22977
9322,93233,1348,-206,12038,-111,-515,-519,-0.01006,-0.01407,0.99784,-0.25344,-2.52824,-1.81756
9323,93243,1294,-164,12086,-89,-335,-849,-0.01337,-0.01149,1.00069,-0.0855,-1.1542,-4.33664
9324,93253,1322,-220,12040,-71,-299,-941,-0.01165,-0.01492,0.99796,0.05191,-0.87939,-5.03893
9325,93263,1344,-156,11936,-74,-270,-994,-0.0103,-0.011,0.99178,0.02901,-0.65802,-5.44351
9326,93273,1304,-158,12064,-71,-233,-980,-0.01276,-0.01112,0.99938,0.05191,-0.37557,-5.33664
9327,93283,1290,-182,12082,-70,-238,-993,-0.01362,-0.01259,1.00045,0.05954,-0.41374,-5.43588
9328,93293,1324,-172,12084,-80,-259,-1019,-0.01153,-0.01198,1.00057,-0.01679,-0.57405,-5.63435
9329,93303,1348,-216,12086,-91,-281,-927,-0.01006,-0.01468,1.00069,-0.10076,-0.74198,-4.93206
9330,93313,1306,-214,12110,-82,-270,-775,-0.01264,-0.01456,1.00212,-0.03206,-0.65802,-3.77176
9331,93323,1364,-204,12070,-72,-238,-620,-0.00908,-0.01394,0.99974,0.04427,-0.41374,-2.58855
9332,93333,1372,-138,12038,-68,-203,-486,-0.00859,-0.00989,0.99784,0.07481,-0.14656,-1.56565
9333,93343,1366,-174,12054,-45,-191,-404,-0.00895,-0.0121,0.99879,0.25038,-0.05496,-0.93969
9334,93353,1388,-150,12040,-20,-188,-375,-0.0076,-0.01063,0.99796,0.44122,-0.03206,-0.71832
9335,93363,1360,-208,12032,-13,-167,-356,-0.00932,-0.01419,0.99748,0.49466,0.12824,-0.57328
9336,93373,1364,-162,12018,-12,-147,-336,-0.00908,-0.01137,0.99665,0.50229,0.28092,-0.42061
9337,93383,1266,-156,12098,-25,-124,-314,-0.01509,-0.011,1.0014,0.40305,0.45649,-0.25267
9338,93393,1336,-160,12042,-24,-114,-284,-0.01079,-0.01124,0.99807,0.41069,0.53282,-0.02366
9339,93403,1308,-182,12076,-17,-112,-260,-0.01251,-0.01259,1.0001,0.46412,0.54809,0.15954
9340,93413,1314,-176,12048,-21,-121,-236,-0.01214,-0.01223,0.99843,0.43359,0.47939,0.34275
9341,93423,1310,-138,12056,-46,-123,-206,-0.01239,-0.00989,0.99891,0.24275,0.46412,0.57176
9342,93433,1352,-198,12032,-86,-158,-155,-0.00981,-0.01357,0.99748,-0.0626,0.19695,0.96107
9343,93443,1304,-192,12070,-85,-171,-181,-0.01276,-0.01321,0.99974,-0.05496,0.09771,0.7626
9344,93453,1280,-190,12012,-82,-179,-228,-0.01423,-0.01308,0.99629,-0.03206,0.03664,0.40382
9345,93463,1334,-138,12078,-87,-187,-269,-0.01092,-0.00989,1.00021,-0.07023,-0.02443,0.09084
9346,93473,1334,-158,12074,-85,-207,-289,-0.01092,-0.01112,0.99998,-0.05496,-0.1771,-0.06183
9347,93483,1356,-158,12084,-85,-207,-295,-0.00957,-0.01112,1.00057,-0.05496,-0.1771,-0.10763
9348,93493,1302,-178,12020,-78,-195,-289,-0.01288,-0.01235,0.99677,-0.00153,-0.0855,-0.06183
9349,93503,1302,-230,12010,-72,-200,-288,-0.01288,-0.01554,0.99617,0.04427,-0.12366,-0.0542
9350,93513,1326,-192,11998,-68,-204,-286,-0.01141,-0.01321,0.99546,0.07481,-0.1542,-0.03893
9351,93523,1282,-110,12080,-68,-188,-280,-0.01411,-0.00818,1.00033,0.07481,-0.03206,0.00687
9352,93533,1306,-116,12054,-56,-193,-275,-0.01264,-0.00854,0.99879,0.16641,-0.07023,0.04504
9353,93543,1348,-152,12042,-47,-172,-272,-0.01006,-0.01075,0.99807,0.23511,0.09008,0.06794
9354,93553,1266,-158,12054,-57,-171,-257,-0.01509,-0.01112,0.99879,0.15878,0.09771,0.18244
9355,93563,1290,-186,12058,-63,-159,-241,-0.01362,-0.01284,0.99903,0.11298,0.18931,0.30458
9356,93573,1280,-196,12046,-71,-154,-226,-0.01423,-0.01345,0.99831,0.05191,0.22748,0.41908
9357,93583,1294,-176,12042,-83,-172,-213,-0.01337,-0.01223,0.99807,-0.03969,0.09008,0.51832
9358,93593,1294,-198,12004,-82,-176,-210,-0.01337,-0.01357,0.99582,-0.03206,0.05954,0.54122
9359,93603,1346,-144,12068,-80,-182,-223,-0.01018,-0.01026,0.99962,-0.01679,0.01374,0.44198
9360,93613,1344,-176,12056,-91,-199,-231,-0.0103,-0.01223,0.99891,-0.10076,-0.11603,0.38092
9361,93623,1316,-150,12020,-88,-197,-249,-0.01202,-0.01063,0.99677,-0.07786,-0.10076,0.24351
9362,93633,1286,-180,11968,-71,-185,-249,-0.01386,-0.01247,0.99368,0.05191,-0.00916,0.24351
9363,93643,1328,-146,12050,-59,-174,-253,-0.01129,-0.01038,0.99855,0.14351,0.07481,0.21298
9364,93653,1316,-186,12064,-52,-179,-253,-0.01202,-0.01284,0.99938,0.19695,0.03664,0.21298
9365,93663,1330,-176,12044,-51,-175,-251,-0.01116,-0.01223,0.99819,0.20458,0.06718,0.22824
9366,93673,1306,-146,12086,-71,-169,-236,-0.01264,-0.01038,1.00069,0.05191,0.11298,0.34275
9367,93683,1292,-194,12068,-94,-187,-228,-0.01349,-0.01333,0.99962,-0.12366,-0.02443,0.40382
9368,93693,1246,-142,12072,-98,-205,-212,-0.01632,-0.01014,0.99986,-0.1542,-0.16183,0.52595
9369,93703,1314,-146,12014,-93,-189,-214,-0.01214,-0.01038,0.99641,-0.11603,-0.03969,0.51069
9370,93713,1268,-178,12026,-76,-192,-210,-0.01497,-0.01235,0.99712,0.01374,-0.0626,0.54122
9371,93723,1300,-180,12094,-73,-192,-222,-0.013,-0.01247,1.00116,0.03664,-0.0626,0.44962
9372,93733,1298,-154,12108,-82,-199,-234,-0.01313,-0.01088,1.002,-0.03206,-0.11603,0.35802
9373,93743,1312,-192,12068,-77,-205,-248,-0.01227,-0.01321,0.99962,0.00611,-0.16183,0.25115
9374,93753,1324,-164,11998,-68,-208,-267,-0.01153,-0.01149,0.99546,0.07481,-0.18473,0.10611
9375,93763,1306,-188,12070,-71,-200,-270,-0.01264,-0.01296,0.99974,0.05191,-0.12366,0.08321
9376,93773,1304,-216,12048,-85,-189,-274,-0.01276,-0.01468,0.99843,-0.05496,-0.03969,0.05267
9377,93783,1276,-166,12078,-77,-183,-266,-0.01448,-0.01161,1.00021,0.00611,0.00611,0.11374
9378,93793,1318,-186,12052,-70,-184,-271,-0.0119,-0.01284,0.99867,0.05954,-0.00153,0.07557
9379,93803,1342,-186,12064,-64,-170,-272,-0.01043,-0.01284,0.99938,0.10534,0.10534,0.06794
9380,93813,1304,-180,12034,-61,-176,-271,-0.01276,-0.01247,0.9976,0.12824,0.05954,0.07557
9381,93823,1286,-122,12040,-65,-170,-263,-0.01386,-0.00891,0.99796,0.09771,0.10534,0.13664
9382,93833,1298,-152,12090,-66,-167,-246,-0.01313,-0.01075,1.00093,0.09008,0.12824,0.26641
9383,93843,1322,-156,12080,-66,-157,-230,-0.01165,-0.011,1.00033,0.09008,0.20458,0.38855
9384,93853,1286,-160,12088,-64,-169,-217,-0.01386,-0.01124,1.00081,0.10534,0.11298,0.48779
9385,93863,1332,-200,12082,-65,-168,-211,-0.01104,-0.0137,1.00045,0.09771,0.12061,0.53359
9386,93873,1262,-166,12060,-77,-179,-231,-0.01534,-0.01161,0.99914,0.00611,0.03664,0.38092
9387,93883,1280,-198,12038,-71,-178,-243,-0.01423,-0.01357,0.99784,0.05191,0.04427,0.28931
9388,93893,1280,-174,12052,-76,-187,-250,-0.01423,-0.0121,0.99867,0.01374,-0.02443,0.23588
9389,93903,1312,-218,12096,-84,-209,-259,-0.01227,-0.0148,1.00128,-0.04733,-0.19237,0.16718
9390,93913,1288,-172,12042,-84,-206,-277,-0.01374,-0.01198,0.99807,-0.04733,-0.16947,0.02977
9391,93923,1334,-204,12066,-79,-208,-285,-0.01092,-0.01394,0.9995,-0.00916,-0.18473,-0.0313
9392,93933,1278,-146,12072,-77,-202,-276,-0.01435,-0.01038,0.99986,0.00611,-0.13893,0.0374
9393,93943,1314,-124,12006,-72,-187,-278,-0.01214,-0.00904,0.99594,0.04427,-0.02443,0.02214
9394,93953,1324,-184,12014,-78,-185,-275,-0.01153,-0.01272,0.99641,-0.00153,-0.00916,0.04504
9395,93963,1336,-166,12024,-70,-179,-269,-0.01079,-0.01161,0.99701,0.05954,0.03664,0.09084
9396,93973,1302,-146,12024,-65,-174,-267,-0.01288,-0.01038,0.99701,0.09771,0.07481,0.10611
9397,93983,1270,-150,12072,-63,-165,-261,-0.01484,-0.01063,0.99986,0.11298,0.14351,0.15191
9398,93993,1280,-192,12120,-64,-156,-260,-0.01423,-0.01321,1.00271,0.10534,0.21221,0.15954
9399,94003,1308,-202,12074,-69,-181,-247,-0.01251,-0.01382,0.99998,0.06718,0.02137,0.25878
9400,94013,1274,-130,12094,-75,-203,-250,-0.0146,-0.0094,1.00116,0.02137,-0.14656,0.23588
9401,94023,1306,-168,12092,-71,-199,-258,-0.01264,-0.01173,1.00105,0.05191,-0.11603,0.17481
9402,94033,1264,-140,12044,-70,-207,-263,-0.01521,-0.01002,0.99819,0.05954,-0.1771,0.13664
9403,94043,1294,-138,12076,-69,-205,-266,-0.01337,-0.00989,1.0001,0.06718,-0.16183,0.11374
9404,94053,1266,-120,12052,-67,-189,-263,-0.01509,-0.00879,0.99867,0.08244,-0.03969,0.13664
9405,94063,1252,-204,12068,-76,-192,-263,-0.01595,-0.01394,0.99962,0.01374,-0.0626,0.13664
9406,94073,1310,-174,12026,-76,-191,-263,-0.01239,-0.0121,0.99712,0.01374,-0.05496,0.13664
9407,94083,1266,-162,12062,-67,-188,-258,-0.01509,-0.01137,0.99926,0.08244,-0.03206,0.17481
9408,94093,1314,-202,12060,-69,-188,-261,-0.01214,-0.01382,0.99914,0.06718,-0.03206,0.15191
9409,94103,1330,-172,12032,-70,-182,-255,-0.01116,-0.01198,0.99748,0.05954,0.01374,0.19771
9410,94113,1300,-164,12026,-68,-182,-254,-0.013,-0.01149,0.99712,0.07481,0.01374,0.20534
9411,94123,1312,-164,12026,-75,-178,-257,-0.01227,-0.01149,0.99712,0.02137,0.04427,0.18244
9412,94133,1264,-168,12048,-81,-184,-250,-0.01521,-0.01173,0.99843,-0.02443,-0.00153,0.23588
9413,94143,1290,-176,12032,-78,-186,-252,-0.01362,-0.01223,0.99748,-0.00153,-0.01679,0.22061
9414,94153,1312,-122,12104,-79,-187,-244,-0.01227,-0.00891,1.00176,-0.00916,-0.02443,0.28168
9415,94163,1252,-190,12106,-71,-175,-239,-0.01595,-0.01308,1.00188,0.05191,0.06718,0.31985
9416,94173,1258,-182,12110,-69,-172,-229,-0.01558,-0.01259,1.00212,0.06718,0.09008,0.39618
9417,94183,1278,-126,12050,-67,-162,-226,-0.01435,-0.00916,0.99855,0.08244,0.16641,0.41908
9418,94193,1316,-136,12096,-71,-180,-229,-0.01202,-0.00977,1.00128,0.05191,0.02901,0.39618
9419,94203,1278,-172,12118,-74,-190,-251,-0.01435,-0.01198,1.00259,0.02901,-0.04733,0.22824
9420,94213,1334,-150,12038,-79,-213,-273,-0.01092,-0.01063,0.99784,-0.00916,-0.2229,0.06031
9421,94223,1282,-118,12114,-90,-225,-281,-0.01411,-0.00867,1.00235,-0.09313,-0.3145,-0.00076
9422,94233,1272,-172,12056,-87,-224,-281,-0.01472,-0.01198,0.99891,-0.07023,-0.30687,-0.00076
9423,94243,1304,-164,12072,-79,-206,-268,-0.01276,-0.01149,0.99986,-0.00916,-0.16947,0.09847
9424,94253,1290,-184,12090,-72,-197,-266,-0.01362,-0.01272,1.00093,0.04427,-0.10076,0.11374
9425,94263,1266,-160,12032,-65,-189,-255,-0.01509,-0.01124,0.99748,0.09771,-0.03969,0.19771
9426,94273,1292,-156,12088,-64,-178,-242,-0.01349,-0.011,1.00081,0.10534,0.04427,0.29695
9427,94283,1260,-192,12098,-65,-176,-231,-0.01546,-0.01321,1.0014,0.09771,0.05954,0.38092
9428,94293,1288,-168,12054,-61,-186,-237,-0.01374,-0.01173,0.99879,0.12824,-0.01679,0.33511
9429,94303,1282,-106,12096,-64,-186,-239,-0.01411,-0.00793,1.00128,0.10534,-0.01679,0.31985
9430,94313,1290,-172,12144,-74,-198,-246,-0.01362,-0.01198,1.00414,0.02901,-0.1084,0.26641
9431,94323,1300,-168,12056,-78,-198,-252,-0.013,-0.01173,0.99891,-0.00153,-0.1084,0.22061
9432,94333,1312,-176,12048,-76,-203,-272,-0.01227,-0.01223,0.99843,0.01374,-0.14656,0.06794
9433,94343,1310,-152,12006,-88,-200,-279,-0.01239,-0.01075,0.99594,-0.07786,-0.12366,0.0145
9434,94353,1270,-172,12048,-79,-202,-281,-0.01484,-0.01198,0.99843,-0.00916,-0.13893,-0.00076
9435,94363,1328,-122,12008,-78,-210,-283,-0.01129,-0.00891,0.99605,-0.00153,-0.2,-0.01603
9436,94373,1302,-162,12036,-86,-195,-281,-0.01288,-0.01137,0.99772,-0.0626,-0.0855,-0.00076
9437,94383,1278,-162,12100,-89,-186,-273,-0.01435,-0.01137,1.00152,-0.0855,-0.01679,0.06031
9438,94393,1314,-150,12110,-77,-192,-273,-0.01214,-0.01063,1.00212,0.00611,-0.0626,0.06031
9439,94403,1292,-172,12032,-77,-207,-273,-0.01349,-0.01198,0.99748,0.00611,-0.1771,0.06031
9440,94413,1332,-184,12052,-72,-207,-264,-0.01104,-0.01272,0.99867,0.04427,-0.1771,0.12901
9441,94423,1270,-196,12112,-80,-208,-260,-0.01484,-0.01345,1.00223,-0.01679,-0.18473,0.15954
9442,94433,1288,-210,12092,-69,-207,-263,-0.01374,-0.01431,1.00105,0.06718,-0.1771,0.13664
9443,94443,1298,-190,12076,-70,-198,-258,-0.01313,-0.01308,1.0001,0.05954,-0.1084,0.17481
9444,94453,1270,-184,12010,-71,-193,-270,-0.01484,-0.01272,0.99617,0.05191,-0.07023,0.08321
9445,94463,1334,-168,12074,-76,-196,-275,-0.01092,-0.01173,0.99998,0.01374,-0.09313,0.04504
9446,94473,1288,-162,12082,-74,-192,-279,-0.01374,-0.01137,1.00045,0.02901,-0.0626,0.0145
9447,94483,1312,-170,12096,-77,-200,-271,-0.01227,-0.01186,1.00128,0.00611,-0.12366,0.07557
9448,94493,1252,-182,12130,-90,-212,-275,-0.01595,-0.01259,1.0033,-0.09313,-0.21527,0.04504
9449,94503,1308,-148,12054,-82,-216,-274,-0.01251,-0.01051,0.99879,-0.03206,-0.2458,0.05267
9450,94513,1336,-136,12102,-72,-202,-276,-0.01079,-0.00977,1.00164,0.04427,-0.13893,0.0374
9451,94523,1290,-158,12014,-69,-185,-272,-0.01362,-0.01112,0.99641,0.06718,-0.00916,0.06794
9452,94533,1322,-158,12064,-63,-181,-261,-0.01165,-0.01112,0.99938,0.11298,0.02137,0.15191
9453,94543,1298,-192,12114,-52,-179,-267,-0.01313,-0.01321,1.00235,0.19695,0.03664,0.10611
9454,94553,1300,-168,12028,-65,-187,-270,-0.013,-0.01173,0.99724,0.09771,-0.02443,0.08321
9455,94563,1300,-160,12056,-73,-196,-271,-0.013,-0.01124,0.99891,0.03664,-0.09313,0.07557
9456,94573,1374,-144,12042,-76,-175,-271,-0.00846,-0.01026,0.99807,0.01374,0.06718,0.07557
9457,94583,1316,-158,12074,-70,-184,-276,-0.01202,-0.01112,0.99998,0.05954,-0.00153,0.0374
9458,94593,1270,-154,12034,-74,-180,-279,-0.01484,-0.01088,0.9976,0.02901,0.02901,0.0145
9459,94603,1308,-188,12028,-74,-188,-284,-0.01251,-0.01296,0.99724,0.02901,-0.03206,-0.02366
9460,94613,1318,-126,12054,-83,-183,-284,-0.0119,-0.00916,0.99879,-0.03969,0.00611,-0.02366
9461,94623,1332,-136,12040,-78,-186,-281,-0.01104,-0.00977,0.99796,-0.00153,-0.01679,-0.00076
9462,94633,1296,-172,12024,-71,-188,-278,-0.01325,-0.01198,0.99701,0.05191,-0.03206,0.02214
9463,94643,1326,-142,12032,-67,-185,-272,-0.01141,-0.01014,0.99748,0.08244,-0.00916,0.06794
9464,94653,1318,-160,12078,-70,-194,-274,-0.0119,-0.01124,1.00021,0.05954,-0.07786,0.05267
9465,94663,1296,-200,12142,-67,-192,-276,-0.01325,-0.0137,1.00402,0.08244,-0.0626,0.0374
9466,94673,1298,-166,12018,-58,-198,-274,-0.01313,-0.01161,0.99665,0.15115,-0.1084,0.05267
9467,94683,1336,-170,12058,-60,-200,-275,-0.01079,-0.01186,0.99903,0.13588,-0.12366,0.04504
9468,94693,1298,-198,12084,-66,-182,-275,-0.01313,-0.01357,1.00057,0.09008,0.01374,0.04504
9469,94703,1304,-148,12040,-70,-176,-276,-0.01276,-0.01051,0.99796,0.05954,0.05954,0.0374
9470,94713,1268,-170,11994,-67,-173,-275,-0.01497,-0.01186,0.99522,0.08244,0.08244,0.04504
9471,94723,1290,-158,12044,-75,-187,-274,-0.01362,-0.01112,0.99819,0.02137,-0.02443,0.05267
9472,94733,1300,-128,12064,-77,-178,-274,-0.013,-0.00928,0.99938,0.00611,0.04427,0.05267
9473,94743,1294,-148,12070,-75,-195,-285,-0.01337,-0.01051,0.99974,0.02137,-0.0855,-0.0313
9474,94753,1280,-200,12048,-75,-187,-287,-0.01423,-0.0137,0.99843,0.02137,-0.02443,-0.04656
9475,94763,1308,-180,12060,-81,-187,-288,-0.01251,-0.01247,0.99914,-0.02443,-0.02443,-0.0542
9476,94773,1282,-126,12082,-78,-180,-287,-0.01411,-0.00916,1.00045,-0.00153,0.02901,-0.04656
9477,94783,1260,-174,12034,-79,-179,-286,-0.01546,-0.0121,0.9976,-0.00916,0.03664,-0.03893
9478,94793,1268,-150,12130,-80,-192,-287,-0.01497,-0.01063,1.0033,-0.01679,-0.0626,-0.04656
9479,94803,1286,-176,12072,-66,-194,-292,-0.01386,-0.01223,0.99986,0.09008,-0.07786,-0.08473
9480,94813,1282,-166,12034,-58,-194,-284,-0.01411,-0.01161,0.9976,0.15115,-0.07786,-0.02366
9481,94823,1264,-166,12070,-52,-194,-289,-0.01521,-0.01161,0.99974,0.19695,-0.07786,-0.06183
9482,94833,1278,-146,12042,-51,-196,-292,-0.01435,-0.01038,0.99807,0.20458,-0.09313,-0.08473
9483,94843,1290,-156,12032,-58,-176,-283,-0.01362,-0.011,0.99748,0.15115,0.05954,-0.01603
9484,94853,1306,-154,11994,-68,-165,-282,-0.01264,-0.01088,0.99522,0.07481,0.14351,-0.0084
9485,94863,1302,-176,12046,-76,-182,-279,-0.01288,-0.01223,0.99831,0.01374,0.01374,0.0145
9486,94873,1264,-196,12108,-86,-189,-281,-0.01521,-0.01345,1.002,-0.0626,-0.03969,-0.00076
9487,94883,1246,-162,12076,-91,-199,-280,-0.01632,-0.01137,1.0001,-0.10076,-0.11603,0.00687
9488,94893,1294,-206,12082,-86,-198,-280,-0.01337,-0.01407,1.00045,-0.0626,-0.1084,0.00687
9489,94903,1364,-174,12156,-80,-204,-279,-0.00908,-0.0121,1.00485,-0.01679,-0.1542,0.0145
9490,94913,1322,-124,12104,-89,-212,-278,-0.01165,-0.00904,1.00176,-0.0855,-0.21527,0.02214
9491,94923,1282,-176,11960,-85,-201,-277,-0.01411,-0.01223,0.9932,-0.05496,-0.1313,0.02977
9492,94933,1320,-158,12012,-78,-201,-282,-0.01178,-0.01112,0.99629,-0.00153,-0.1313,-0.0084
9493,94943,1300,-148,12016,-73,-187,-281,-0.013,-0.01051,0.99653,0.03664,-0.02443,-0.00076
9494,94953,1354,-138,12072,-75,-175,-280,-0.00969,-0.00989,0.99986,0.02137,0.06718,0.00687
9495,94963,1306,-180,12080,-75,-168,-274,-0.01264,-0.01247,1.00033,0.02137,0.12061,0.05267
9496,94973,1234,-160,12058,-71,-163,-278,-0.01705,-0.01124,0.99903,0.05191,0.15878,0.02214
9497,94983,1320,-144,12094,-65,-183,-270,-0.01178,-0.01026,1.00116,0.09771,0.00611,0.08321
9498,94993,1276,-126,12048,-72,-190,-271,-0.01448,-0.00916,0.99843,0.04427,-0.04733,0.07557
9499,95003,1306,-164,12020,-75,-183,-271,-0.01264,-0.01149,0.99677,0.02137,0.00611,0.07557
9500,95013,1246,-184,12080,-74,-198,-277,-0.01632,-0.01272,1.00033,0.02901,-0.1084,0.02977
9501,95023,1270,-174,12076,-79,-207,-275,-0.01484,-0.0121,1.0001,-0.00916,-0.1771,0.04504
9502,95033,1292,-148,12132,-81,-203,-276,-0.01349,-0.01051,1.00342,-0.02443,-0.14656,0.0374
9503,95043,1234,-120,12030,-75,-192,-275,-0.01705,-0.00879,0.99736,0.02137,-0.0626,0.04504
9504,95053,1300,-146,12022,-71,-180,-272,-0.013,-0.01038,0.99689,0.05191,0.02901,0.06794
9505,95063,1292,-164,12098,-63,-172,-273,-0.01349,-0.01149,1.0014,0.11298,0.09008,0.06031
9506,95073,1302,-182,12064,-65,-179,-270,-0.01288,-0.01259,0.99938,0.09771,0.03664,0.08321
9507,95083,1294,-170,12116,-67,-183,-269,-0.01337,-0.01186,1.00247,0.08244,0.00611,0.09084
9508,95093,1314,-204,12078,-74,-195,-275,-0.01214,-0.01394,1.00021,0.02901,-0.0855,0.04504
9509,95103,1278,-158,12068,-80,-197,-279,-0.01435,-0.01112,0.99962,-0.01679,-0.10076,0.0145
9510,95113,1312,-136,12100,-78,-185,-277,-0.01227,-0.00977,1.00152,-0.00153,-0.00916,0.02977
9511,95123,1274,-156,12048,-76,-176,-275,-0.0146,-0.011,0.99843,0.01374,0.05954,0.04504
9512,95133,1324,-160,12074,-72,-190,-282,-0.01153,-0.01124,0.99998,0.04427,-0.04733,-0.0084
9513,95143,1278,-158,12056,-79,-196,-285,-0.01435,-0.01112,0.99891,-0.00916,-0.09313,-0.0313
9514,95153,1296,-154,12078,-71,-185,-280,-0.01325,-0.01088,1.00021,0.05191,-0.00916,0.00687
9515,95163,1272,-164,12112,-69,-183,-273,-0.01472,-0.01149,1.00223,0.06718,0.00611,0.06031
9516,95173,1258,-196,12188,-66,-187,-269,-0.01558,-0.01345,1.00675,0.09008,-0.02443,0.09084
9517,95183,1284,-154,12070,-68,-185,-268,-0.01399,-0.01088,0.99974,0.07481,-0.00916,0.09847
9518,95193,1240,-122,11992,-71,-185,-274,-0.01669,-0.00891,0.9951,0.05191,-0.00916,0.05267
9519,95203,1272,-164,12042,-74,-195,-274,-0.01472,-0.01149,0.99807,0.02901,-0.0855,0.05267
9520,95213,1282,-178,12076,-84,-207,-271,-0.01411,-0.01235,1.0001,-0.04733,-0.1771,0.07557
9521,95223,1234,-176,12112,-86,-207,-273,-0.01705,-0.01223,1.00223,-0.0626,-0.1771,0.06031
9522,95233,1312,-134,12048,-84,-207,-274,-0.01227,-0.00965,0.99843,-0.04733,-0.1771,0.05267
9523,95243,1312,-160,12088,-75,-200,-276,-0.01227,-0.01124,1.00081,0.02137,-0.12366,0.0374
9524,95253,1326,-162,12056,-73,-195,-278,-0.01141,-0.01137,0.99891,0.03664,-0.0855,0.02214
9525,95263,1308,-134,12044,-62,-192,-270,-0.01251,-0.00965,0.99819,0.12061,-0.0626,0.08321
9526,95273,1328,-178,12156,-58,-187,-267,-0.01129,-0.01235,1.00485,0.15115,-0.02443,0.10611
9527,95283,1292,-162,12066,-60,-176,-271,-0.01349,-0.01137,0.9995,0.13588,0.05954,0.07557
9528,95293,1290,-164,12098,-64,-169,-272,-0.01362,-0.01149,1.0014,0.10534,0.11298,0.06794
9529,95303,1280,-136,12096,-71,-181,-270,-0.01423,-0.00977,1.00128,0.05191,0.02137,0.08321
9530,95313,1308,-186,12116,-69,-177,-268,-0.01251,-0.01284,1.00247,0.06718,0.05191,0.09847
9531,95323,1320,-172,12024,-68,-193,-265,-0.01178,-0.01198,0.99701,0.07481,-0.07023,0.12137
9532,95333,1270,-188,12064,-72,-191,-269,-0.01484,-0.01296,0.99938,0.04427,-0.05496,0.09084
9533,95343,1272,-188,12140,-74,-197,-278,-0.01472,-0.01296,1.0039,0.02901,-0.10076,0.02214
9534,95353,1282,-196,12076,-92,-210,-281,-0.01411,-0.01345,1.0001,-0.1084,-0.2,-0.00076
9535,95363,1278,-210,12116,-83,-200,-279,-0.01435,-0.01431,1.00247,-0.03969,-0.12366,0.0145
9536,95373,1268,-140,12014,-74,-189,-273,-0.01497,-0.01002,0.99641,0.02901,-0.03969,0.06031
9537,95383,1260,-148,12076,-72,-199,-270,-0.01546,-0.01051,1.0001,0.04427,-0.11603,0.08321
9538,95393,1234,-142,12086,-70,-194,-273,-0.01705,-0.01014,1.00069,0.05954,-0.07786,0.06031
9539,95403,1280,-170,12122,-71,-190,-268,-0.01423,-0.01186,1.00283,0.05191,-0.04733,0.09847
9540,95413,1328,-184,12046,-74,-177,-267,-0.01129,-0.01272,0.99831,0.02901,0.05191,0.10611
9541,95423,1310,-164,12060,-72,-180,-277,-0.01239,-0.01149,0.99914,0.04427,0.02901,0.02977
9542,95433,1300,-178,12068,-81,-176,-273,-0.013,-0.01235,0.99962,-0.02443,0.05954,0.06031
9543,95443,1280,-178,12110,-77,-182,-265,-0.01423,-0.01235,1.00212,0.00611,0.01374,0.12137
9544,95453,1290,-166,12054,-80,-189,-264,-0.01362,-0.01161,0.99879,-0.01679,-0.03969,0.12901
9545,95463,1258,-156,12056,-78,-181,-262,-0.01558,-0.011,0.99891,-0.00153,0.02137,0.14427
9546,95473,1272,-194,12038,-73,-192,-266,-0.01472,-0.01333,0.99784,0.03664,-0.0626,0.11374
9547,95483,1276,-184,12096,-70,-194,-271,-0.01448,-0.01272,1.00128,0.05954,-0.07786,0.07557
9548,95493,1246,-142,12060,-75,-206,-278,-0.01632,-0.01014,0.99914,0.02137,-0.16947,0.02214
9549,95503,1276,-158,12022,-76,-205,-282,-0.01448,-0.01112,0.99689,0.01374,-0.16183,-0.0084
9550,95513,1262,-146,12058,-84,-202,-287,-0.01534,-0.01038,0.99903,-0.04733,-0.13893,-0.04656
9551,95523,1278,-180,12080,-87,-203,-279,-0.01435,-0.01247,1.00033,-0.07023,-0.14656,0.0145
9552,95533,1290,-184,12090,-85,-213,-278,-0.01362,-0.01272,1.00093,-0.05496,-0.2229,0.02214
9553,95543,1262,-186,12054,-82,-210,-275,-0.01534,-0.01284,0.99879,-0.03206,-0.2,0.04504
9554,95553,1278,-118,11988,-74,-189,-275,-0.01435,-0.00867,0.99487,0.02901,-0.03969,0.04504
9555,95563,1284,-160,12022,-64,-191,-269,-0.01399,-0.01124,0.99689,0.10534,-0.05496,0.09084
9556,95573,1292,-196,11996,-65,-191,-279,-0.01349,-0.01345,0.99534,0.09771,-0.05496,0.0145
9557,95583,1292,-172,12104,-77,-189,-282,-0.01349,-0.01198,1.00176,0.00611,-0.03969,-0.0084
9558,95593,1276,-146,12062,-81,-186,-279,-0.01448,-0.01038,0.99926,-0.02443,-0.01679,0.0145
9559,95603,1260,-192,12096,-78,-183,-282,-0.01546,-0.01321,1.00128,-0.00153,0.00611,-0.0084
9560,95613,1262,-158,12056,-83,-194,-279,-0.01534,-0.01112,0.99891,-0.03969,-0.07786,0.0145
9561,95623,1322,-134,12022,-83,-197,-281,-0.01165,-0.00965,0.99689,-0.03969,-0.10076,-0.00076
9562,95633,1328,-160,12070,-79,-214,-281,-0.01129,-0.01124,0.99974,-0.00916,-0.23053,-0.00076
9563,95643,1282,-150,12016,-82,-210,-279,-0.01411,-0.01063,0.99653,-0.03206,-0.2,0.0145
9564,95653,1278,-182,12076,-77,-197,-276,-0.01435,-0.01259,1.0001,0.00611,-0.10076,0.0374
9565,95663,1308,-144,12134,-77,-187,-274,-0.01251,-0.01026,1.00354,0.00611,-0.02443,0.05267
9566,95673,1270,-156,12124,-78,-187,-279,-0.01484,-0.011,1.00295,-0.00153,-0.02443,0.0145
9567,95683,1272,-172,12046,-78,-186,-275,-0.01472,-0.01198,0.99831,-0.00153,-0.01679,0.04504
9568,95693,1276,-170,12012,-86,-187,-274,-0.01448,-0.01186,0.99629,-0.0626,-0.02443,0.05267
9569,95703,1276,-196,12088,-83,-188,-275,-0.01448,-0.01345,1.00081,-0.03969,-0.03206,0.04504
9570,95713,1248,-148,12030,-85,-187,-279,-0.01619,-0.01051,0.99736,-0.05496,-0.02443,0.0145
9571,95723,1294,-158,12026,-72,-188,-277,-0.01337,-0.01112,0.99712,0.04427,-0.03206,0.02977
9572,95733,1306,-180,12062,-72,-193,-271,-0.01264,-0.01247,0.99926,0.04427,-0.07023,0.07557
9573,95743,1328,-188,12052,-64,-194,-266,-0.01129,-0.01296,0.99867,0.10534,-0.07786,0.11374
9574,95753,1292,-158,12088,-67,-187,-276,-0.01349,-0.01112,1.00081,0.08244,-0.02443,0.0374
9575,95763,1282,-162,12068,-71,-188,-277,-0.01411,-0.01137,0.99962,0.05191,-0.03206,0.02977
9576,95773,1272,-152,12142,-66,-190,-275,-0.01472,-0.01075,1.00402,0.09008,-0.04733,0.04504
9577,95783,1278,-138,12102,-63,-207,-276,-0.01435,-0.00989,1.00164,0.11298,-0.1771,0.0374
9578,95793,1272,-150,12096,-64,-193,-279,-0.01472,-0.01063,1.00128,0.10534,-0.07023,0.0145
9579,95803,1250,-152,12116,-76,-183,-277,-0.01607,-0.01075,1.00247,0.01374,0.00611,0.02977
9580,95813,1296,-158,12060,-79,-180,-281,-0.01325,-0.01112,0.99914,-0.00916,0.02901,-0.00076
9581,95823,1272,-170,12070,-82,-185,-278,-0.01472,-0.01186,0.99974,-0.03206,-0.00916,0.02214
9582,95833,1278,-172,12118,-77,-187,-278,-0.01435,-0.01198,1.00259,0.00611,-0.02443,0.02214
9583,95843,1286,-162,12076,-76,-194,-275,-0.01386,-0.01137,1.0001,0.01374,-0.07786,0.04504
9584,95853,1282,-144,12132,-82,-201,-280,-0.01411,-0.01026,1.00342,-0.03206,-0.1313,0.00687
9585,95863,1312,-188,12120,-83,-193,-281,-0.01227,-0.01296,1.00271,-0.03969,-0.07023,-0.00076
9586,95873,1352,-140,11996,-81,-196,-279,-0.00981,-0.01002,0.99534,-0.02443,-0.09313,0.0145
9587,95883,1258,-150,12030,-71,-195,-275,-0.01558,-0.01063,0.99736,0.05191,-0.0855,0.04504
9588,95893,1310,-196,12000,-73,-191,-272,-0.01239,-0.01345,0.99558,0.03664,-0.05496,0.06794
9589,95903,1282,-160,12034,-76,-191,-269,-0.01411,-0.01124,0.9976,0.01374,-0.05496,0.09084
9590,95913,1288,-180,12036,-76,-188,-273,-0.01374,-0.01247,0.99772,0.01374,-0.03206,0.06031
9591,95923,1318,-128,12092,-78,-199,-275,-0.0119,-0.00928,1.00105,-0.00153,-0.11603,0.04504
9592,95933,1286,-190,12066,-75,-191,-279,-0.01386,-0.01308,0.9995,0.02137,-0.05496,0.0145
9593,95943,1288,-176,12106,-73,-193,-277,-0.01374,-0.01223,1.00188,0.03664,-0.07023,0.02977
9594,95953,1300,-130,12064,-65,-195,-276,-0.013,-0.0094,0.99938,0.09771,-0.0855,0.0374
9595,95963,1304,-148,12096,-66,-186,-281,-0.01276,-0.01051,1.00128,0.09008,-0.01679,-0.00076
9596,95973,1254,-170,12046,-62,-176,-278,-0.01583,-0.01186,0.99831,0.12061,0.05954,0.02214
9597,95983,1322,-162,12130,-68,-168,-279,-0.01165,-0.01137,1.0033,0.07481,0.12061,0.0145
9598,95993,1266,-154,12076,-72,-164,-280,-0.01509,-0.01088,1.0001,0.04427,0.15115,0.00687
9599,96003,1294,-128,12062,-78,-170,-283,-0.01337,-0.00928,0.99926,-0.00153,0.10534,-0.01603
9600,96013,1256,-194,12084,-85,-185,-278,-0.0157,-0.01333,1.00057,-0.05496,-0.00916,0.02214
9601,96023,1310,-142,12086,-84,-194,-279,-0.01239,-0.01014,1.00069,-0.04733,-0.07786,0.0145
9602,96033,1296,-194,12170,-81,-192,-278,-0.01325,-0.01333,1.00568,-0.02443,-0.0626,0.02214
9603,96043,1284,-178,12100,-80,-184,-278,-0.01399,-0.01235,1.00152,-0.01679,-0.00153,0.02214
9604,96053,1322,-160,12038,-91,-198,-286,-0.01165,-0.01124,0.99784,-0.10076,-0.1084,-0.03893
9605,96063,1272,-142,12076,-95,-198,-288,-0.01472,-0.01014,1.0001,-0.1313,-0.1084,-0.0542
9606,96073,1222,-138,12100,-93,-207,-282,-0.01779,-0.00989,1.00152,-0.11603,-0.1771,-0.0084
9607,96083,1276,-126,12066,-77,-195,-284,-0.01448,-0.00916,0.9995,0.00611,-0.0855,-0.02366
9608,96093,1262,-140,12134,-77,-192,-279,-0.01534,-0.01002,1.00354,0.00611,-0.0626,0.0145
9609,96103,1280,-158,12094,-73,-183,-275,-0.01423,-0.01112,1.00116,0.03664,0.00611,0.04504
9610,96113,1294,-136,12126,-68,-189,-282,-0.01337,-0.00977,1.00307,0.07481,-0.03969,-0.0084
9611,96123,1296,-166,12052,-72,-207,-286,-0.01325,-0.01161,0.99867,0.04427,-0.1771,-0.03893
9612,96133,1298,-150,12072,-75,-201,-286,-0.01313,-0.01063,0.99986,0.02137,-0.1313,-0.03893
9613,96143,1260,-156,12094,-86,-204,-287,-0.01546,-0.011,1.00116,-0.0626,-0.1542,-0.04656
9614,96153,1252,-150,12044,-85,-208,-281,-0.01595,-0.01063,0.99819,-0.05496,-0.18473,-0.00076
9615,96163,1300,-144,12034,-80,-196,-275,-0.013,-0.01026,0.9976,-0.01679,-0.09313,0.04504
9616,96173,1274,-164,12118,-78,-203,-276,-0.0146,-0.01149,1.00259,-0.00153,-0.14656,0.0374
9617,96183,1252,-154,12100,-69,-204,-275,-0.01595,-0.01088,1.00152,0.06718,-0.1542,0.04504
9618,96193,1288,-184,12118,-67,-201,-279,-0.01374,-0.01272,1.00259,0.08244,-0.1313,0.0145
9619,96203,1258,-184,12018,-77,-189,-276,-0.01558,-0.01272,0.99665,0.00611,-0.03969,0.0374
9620,96213,1266,-172,12044,-80,-182,-273,-0.01509,-0.01198,0.99819,-0.01679,0.01374,0.06031
9621,96223,1326,-194,12054,-91,-185,-269,-0.01141,-0.01333,0.99879,-0.10076,-0.00916,0.09084
9622,96233,1264,-166,12034,-83,-171,-272,-0.01521,-0.01161,0.9976,-0.03969,0.09771,0.06794
9623,96243,1288,-180,12084,-85,-183,-269,-0.01374,-0.01247,1.00057,-0.05496,0.00611,0.09084
9624,96253,1300,-130,12052,-77,-205,-268,-0.013,-0.0094,0.99867,0.00611,-0.16183,0.09847
9625,96263,1286,-170,12056,-71,-216,-270,-0.01386,-0.01186,0.99891,0.05191,-0.2458,0.08321
9626,96273,1226,-164,12096,-78,-207,-277,-0.01754,-0.01149,1.00128,-0.00153,-0.1771,0.02977
9627,96283,1284,-144,12096,-78,-199,-277,-0.01399,-0.01026,1.00128,-0.00153,-0.11603,0.02977
9628,96293,1324,-162,12098,-73,-189,-276,-0.01153,-0.01137,1.0014,0.03664,-0.03969,0.0374
9629,96303,1300,-210,12074,-84,-184,-274,-0.013,-0.01431,0.99998,-0.04733,-0.00153,0.05267
9630,96313,1276,-140,12100,-83,-182,-277,-0.01448,-0.01002,1.00152,-0.03969,0.01374,0.02977
9631,96323,1268,-174,12040,-74,-182,-276,-0.01497,-0.0121,0.99796,0.02901,0.01374,0.0374
9632,96333,1266,-132,12068,-79,-178,-273,-0.01509,-0.00953,0.99962,-0.00916,0.04427,0.06031
9633,96343,1250,-116,12054,-93,-185,-275,-0.01607,-0.00854,0.99879,-0.11603,-0.00916,0.04504
9634,96353,1218,-176,12012,-86,-194,-274,-0.01804,-0.01223,0.99629,-0.0626,-0.07786,0.05267
9635,96363,1286,-162,12060,-88,-201,-275,-0.01386,-0.01137,0.99914,-0.07786,-0.1313,0.04504
9636,96373,1280,-176,12064,-86,-198,-278,-0.01423,-0.01223,0.99938,-0.0626,-0.1084,0.02214
9637,96383,1348,-166,12060,-75,-192,-279,-0.01006,-0.01161,0.99914,0.02137,-0.0626,0.0145
9638,96393,1328,-148,12070,-76,-192,-273,-0.01129,-0.01051,0.99974,0.01374,-0.0626,0.06031
9639,96403,1284,-162,12096,-74,-182,-272,-0.01399,-0.01137,1.00128,0.02901,0.01374,0.06794
9640,96413,1310,-158,12050,-80,-180,-279,-0.01239,-0.01112,0.99855,-0.01679,0.02901,0.0145
9641,96423,1276,-186,12048,-80,-179,-276,-0.01448,-0.01284,0.99843,-0.01679,0.03664,0.0374
9642,96433,1276,-122,12100,-78,-186,-277,-0.01448,-0.00891,1.00152,-0.00153,-0.01679,0.02977
9643,96443,1296,-162,12030,-74,-180,-272,-0.01325,-0.01137,0.99736,0.02901,0.02901,0.06794
9644,96453,1274,-148,12034,-82,-190,-271,-0.0146,-0.01051,0.9976,-0.03206,-0.04733,0.07557
9645,96463,1278,-186,12068,-75,-187,-273,-0.01435,-0.01284,0.99962,0.02137,-0.02443,0.06031
9646,96473,1268,-158,12034,-79,-194,-279,-0.01497,-0.01112,0.9976,-0.00916,-0.07786,0.0145
9647,96483,1220,-156,12044,-79,-189,-277,-0.01791,-0.011,0.99819,-0.00916,-0.03969,0.02977
9648,96493,1330,-154,12016,-85,-208,-284,-0.01116,-0.01088,0.99653,-0.05496,-0.18473,-0.02366
9649,96503,1280,-152,12032,-85,-209,-284,-0.01423,-0.01075,0.99748,-0.05496,-0.19237,-0.02366
9650,96513,1232,-168,12026,-79,-208,-291,-0.01718,-0.01173,0.99712,-0.00916,-0.18473,-0.0771
9651,96523,1296,-112,12060,-79,-202,-286,-0.01325,-0.0083,0.99914,-0.00916,-0.13893,-0.03893
9652,96533,1310,-148,12102,-82,-196,-284,-0.01239,-0.01051,1.00164,-0.03206,-0.09313,-0.02366
9653,96543,1330,-208,12042,-83,-190,-283,-0.01116,-0.01419,0.99807,-0.03969,-0.04733,-0.01603
9654,96553,1292,-164,12064,-82,-189,-286,-0.01349,-0.01149,0.99938,-0.03206,-0.03969,-0.03893
9655,96563,1320,-158,12044,-81,-190,-291,-0.01178,-0.01112,0.99819,-0.02443,-0.04733,-0.0771
9656,96573,1288,-190,12070,-84,-197,-291,-0.01374,-0.01308,0.99974,-0.04733,-0.10076,-0.0771
9657,96583,1292,-164,12052,-83,-186,-287,-0.01349,-0.01149,0.99867,-0.03969,-0.01679,-0.04656
9658,96593,1314,-178,12104,-83,-191,-287,-0.01214,-0.01235,1.00176,-0.03969,-0.05496,-0.04656
9659,96603,1280,-182,12070,-84,-205,-284,-0.01423,-0.01259,0.99974,-0.04733,-0.16183,-0.02366
9660,96613,1284,-158,12068,-77,-210,-295,-0.01399,-0.01112,0.99962,0.00611,-0.2,-0.10763
9661,96623,1216,-170,12062,-70,-206,-288,-0.01816,-0.01186,0.99926,0.05954,-0.16947,-0.0542
9662,96633,1268,-140,12056,-80,-204,-298,-0.01497,-0.01002,0.99891,-0.01679,-0.1542,-0.13053
9663,96643,1310,-172,12050,-76,-204,-291,-0.01239,-0.01198,0.99855,0.01374,-0.1542,-0.0771
9664,96653,1292,-136,12066,-83,-204,-292,-0.01349,-0.00977,0.9995,-0.03969,-0.1542,-0.08473
9665,96663,1304,-182,12052,-82,-192,-297,-0.01276,-0.01259,0.99867,-0.03206,-0.0626,-0.1229
9666,96673,1290,-182,12060,-79,-205,-289,-0.01362,-0.01259,0.99914,-0.00916,-0.16183,-0.06183
9667,96683,1296,-188,12086,-77,-190,-292,-0.01325,-0.01296,1.00069,0.00611,-0.04733,-0.08473
9668,96693,1296,-194,12138,-84,-185,-284,-0.01325,-0.01333,1.00378,-0.04733,-0.00916,-0.02366
9669,96703,1232,-148,12108,-85,-178,-279,-0.01718,-0.01051,1.002,-0.05496,0.04427,0.0145
9670,96713,1284,-160,12080,-84,-180,-279,-0.01399,-0.01124,1.00033,-0.04733,0.02901,0.0145
9671,96723,1312,-160,12072,-85,-187,-283,-0.01227,-0.01124,0.99986,-0.05496,-0.02443,-0.01603
9672,96733,1294,-192,12088,-80,-191,-280,-0.01337,-0.01321,1.00081,-0.01679,-0.05496,0.00687
9673,96743,1304,-144,12106,-81,-198,-286,-0.01276,-0.01026,1.00188,-0.02443,-0.1084,-0.03893
9674,96753,1306,-140,12128,-90,-202,-287,-0.01264,-0.01002,1.00318,-0.09313,-0.13893,-0.04656
9675,96763,1270,-184,12096,-86,-194,-285,-0.01484,-0.01272,1.00128,-0.0626,-0.07786,-0.0313
9676,96773,1290,-156,12070,-83,-192,-289,-0.01362,-0.011,0.99974,-0.03969,-0.0626,-0.06183
9677,96783,1316,-196,12132,-87,-184,-290,-0.01202,-0.01345,1.00342,-0.07023,-0.00153,-0.06947
9678,96793,1290,-204,12074,-80,-183,-284,-0.01362,-0.01394,0.99998,-0.01679,0.00611,-0.02366
9679,96803,1274,-160,12020,-78,-184,-288,-0.0146,-0.01124,0.99677,-0.00153,-0.00153,-0.0542
9680,96813,1260,-130,12050,-80,-192,-289,-0.01546,-0.0094,0.99855,-0.01679,-0.0626,-0.06183
9681,96823,1318,-120,12052,-83,-187,-288,-0.0119,-0.00879,0.99867,-0.03969,-0.02443,-0.0542
9682,96833,1264,-170,12072,-84,-191,-289,-0.01521,-0.01186,0.99986,-0.04733,-0.05496,-0.06183
9683,96843,1266,-168,12110,-87,-200,-290,-0.01509,-0.01173,1.00212,-0.07023,-0.12366,-0.06947
9684,96853,1260,-208,12088,-83,-210,-288,-0.01546,-0.01419,1.00081,-0.03969,-0.2,-0.0542
9685,96863,1254,-184,12046,-83,-212,-294,-0.01583,-0.01272,0.99831,-0.03969,-0.21527,-0.1
9686,96873,1272,-152,12018,-97,-195,-298,-0.01472,-0.01075,0.99665,-0.14656,-0.0855,-0.13053
9687,96883,1276,-166,12092,-86,-206,-292,-0.01448,-0.01161,1.00105,-0.0626,-0.16947,-0.08473
9688,96893,1262,-166,12074,-83,-207,-298,-0.01534,-0.01161,0.99998,-0.03969,-0.1771,-0.13053
9689,96903,1250,-136,12106,-76,-201,-290,-0.01607,-0.00977,1.00188,0.01374,-0.1313,-0.06947
9690,96913,1296,-190,12020,-80,-199,-292,-0.01325,-0.01308,0.99677,-0.01679,-0.11603,-0.08473
9691,96923,1284,-200,12046,-77,-190,-294,-0.01399,-0.0137,0.99831,0.00611,-0.04733,-0.1
9692,96933,1280,-174,12056,-79,-183,-292,-0.01423,-0.0121,0.99891,-0.00916,0.00611,-0.08473
9693,96943,1286,-112,12144,-85,-183,-294,-0.01386,-0.0083,1.00414,-0.05496,0.00611,-0.1
9694,96953,1310,-138,12096,-90,-184,-293,-0.01239,-0.00989,1.00128,-0.09313,-0.00153,-0.09237
9695,96963,1266,-176,12102,-90,-199,-297,-0.01509,-0.01223,1.00164,-0.09313,-0.11603,-0.1229
9696,96973,1292,-182,12096,-87,-200,-297,-0.01349,-0.01259,1.00128,-0.07023,-0.12366,-0.1229
9697,96983,1272,-158,12094,-78,-188,-296,-0.01472,-0.01112,1.00116,-0.00153,-0.03206,-0.11527
9698,96993,1324,-162,12076,-82,-190,-299,-0.01153,-0.01137,1.0001,-0.03206,-0.04733,-0.13817
9699,97003,1314,-176,12052,-75,-200,-300,-0.01214,-0.01223,0.99867,0.02137,-0.12366,-0.1458
9700,97013,1266,-168,11978,-79,-197,-302,-0.01509,-0.01173,0.99427,-0.00916,-0.10076,-0.16107
9701,97023,1306,-164,12042,-89,-185,-306,-0.01264,-0.01149,0.99807,-0.0855,-0.00916,-0.1916
9702,97033,1284,-154,12058,-90,-187,-296,-0.01399,-0.01088,0.99903,-0.09313,-0.02443,-0.11527
9703,97043,1296,-148,12052,-81,-187,-291,-0.01325,-0.01051,0.99867,-0.02443,-0.02443,-0.0771
9704,97053,1318,-172,11992,-80,-183,-294,-0.0119,-0.01198,0.9951,-0.01679,0.00611,-0.1
9705,97063,1244,-176,12028,-72,-195,-296,-0.01644,-0.01223,0.99724,0.04427,-0.0855,-0.11527
9706,97073,1260,-178,12024,-80,-189,-296,-0.01546,-0.01235,0.99701,-0.01679,-0.03969,-0.11527
9707,97083,1292,-132,12056,-68,-179,-292,-0.01349,-0.00953,0.99891,0.07481,0.03664,-0.08473
9708,97093,1240,-170,12042,-76,-181,-297,-0.01669,-0.01186,0.99807,0.01374,0.02137,-0.1229
9709,97103,1286,-154,12032,-82,-184,-302,-0.01386,-0.01088,0.99748,-0.03206,-0.00153,-0.16107
9710,97113,1250,-148,12094,-90,-193,-299,-0.01607,-0.01051,1.00116,-0.09313,-0.07023,-0.13817
9711,97123,1274,-142,12118,-93,-192,-295,-0.0146,-0.01014,1.00259,-0.11603,-0.0626,-0.10763
9712,97133,1302,-176,12054,-84,-192,-297,-0.01288,-0.01223,0.99879,-0.04733,-0.0626,-0.1229
9713,97143,1280,-158,12024,-86,-202,-291,-0.01423,-0.01112,0.99701,-0.0626,-0.13893,-0.0771
9714,97153,1270,-118,12058,-83,-191,-288,-0.01484,-0.00867,0.99903,-0.03969,-0.05496,-0.0542
9715,97163,1248,-140,12068,-79,-187,-289,-0.01619,-0.01002,0.99962,-0.00916,-0.02443,-0.06183
9716,97173,1242,-126,12092,-73,-189,-297,-0.01656,-0.00916,1.00105,0.03664,-0.03969,-0.1229
9717,97183,1286,-130,12098,-76,-189,-297,-0.01386,-0.0094,1.0014,0.01374,-0.03969,-0.1229
9718,97193,1324,-120,12038,-81,-192,-299,-0.01153,-0.00879,0.99784,-0.02443,-0.0626,-0.13817
9719,97203,1298,-178,12088,-79,-200,-302,-0.01313,-0.01235,1.00081,-0.00916,-0.12366,-0.16107
9720,97213,1320,-170,12038,-88,-195,-303,-0.01178,-0.01186,0.99784,-0.07786,-0.0855,-0.1687
9721,97223,1286,-188,12006,-90,-192,-300,-0.01386,-0.01296,0.99594,-0.09313,-0.0626,-0.1458
9722,97233,1278,-162,12094,-91,-197,-300,-0.01435,-0.01137,1.00116,-0.10076,-0.10076,-0.1458
9723,97243,1310,-160,12102,-94,-200,-294,-0.01239,-0.01124,1.00164,-0.12366,-0.12366,-0.1
9724,97253,1320,-152,12006,-81,-199,-294,-0.01178,-0.01075,0.99594,-0.02443,-0.11603,-0.1
9725,97263,1326,-160,12074,-82,-198,-297,-0.01141,-0.01124,0.99998,-0.03206,-0.1084,-0.1229
9726,97273,1294,-188,12018,-86,-196,-294,-0.01337,-0.01296,0.99665,-0.0626,-0.09313,-0.1
9727,97283,1270,-176,12162,-87,-190,-298,-0.01484,-0.01223,1.00521,-0.07023,-0.04733,-0.13053
9728,97293,1314,-122,12022,-90,-189,-301,-0.01214,-0.00891,0.99689,-0.09313,-0.03969,-0.15344
9729,97303,1314,-184,12076,-89,-196,-294,-0.01214,-0.01272,1.0001,-0.0855,-0.09313,-0.1
9730,97313,1326,-158,12068,-90,-186,-290,-0.01141,-0.01112,0.99962,-0.09313,-0.01679,-0.06947
9731,97323,1272,-160,12062,-80,-184,-289,-0.01472,-0.01124,0.99926,-0.01679,-0.00153,-0.06183
9732,97333,1280,-154,12050,-82,-186,-293,-0.01423,-0.01088,0.99855,-0.03206,-0.01679,-0.09237
9733,97343,1236,-176,12104,-81,-174,-291,-0.01693,-0.01223,1.00176,-0.02443,0.07481,-0.0771
9734,97353,1248,-178,12064,-78,-176,-296,-0.01619,-0.01235,0.99938,-0.00153,0.05954,-0.11527
9735,97363,1304,-166,12050,-75,-178,-301,-0.01276,-0.01161,0.99855,0.02137,0.04427,-0.15344
9736,97373,1274,-162,12034,-78,-193,-291,-0.0146,-0.01137,0.9976,-0.00153,-0.07023,-0.0771
9737,97383,1278,-158,12116,-90,-204,-293,-0.01435,-0.01112,1.00247,-0.09313,-0.1542,-0.09237
9738,97393,1260,-156,12084,-86,-198,-292,-0.01546,-0.011,1.00057,-0.0626,-0.1084,-0.08473
9739,97403,1318,-194,12082,-89,-201,-299,-0.0119,-0.01333,1.00045,-0.0855,-0.1313,-0.13817
9740,97413,1298,-168,12050,-89,-204,-298,-0.01313,-0.01173,0.99855,-0.0855,-0.1542,-0.13053
9741,97423,1250,-160,12074,-87,-202,-298,-0.01607,-0.01124,0.99998,-0.07023,-0.13893,-0.13053
9742,97433,1302,-148,12008,-89,-192,-298,-0.01288,-0.01051,0.99605,-0.0855,-0.0626,-0.13053
9743,97443,1278,-154,12034,-81,-177,-304,-0.01435,-0.01088,0.9976,-0.02443,0.05191,-0.17634
9744,97453,1274,-192,12098,-70,-184,-294,-0.0146,-0.01321,1.0014,0.05954,-0.00153,-0.1
9745,97463,1290,-216,12076,-79,-192,-292,-0.01362,-0.01468,1.0001,-0.00916,-0.0626,-0.08473
9746,97473,1302,-196,12038,-71,-202,-291,-0.01288,-0.01345,0.99784,0.05191,-0.13893,-0.0771
9747,97483,1262,-182,12048,-78,-199,-298,-0.01534,-0.01259,0.99843,-0.00153,-0.11603,-0.13053
9748,97493,1290,-132,12038,-82,-206,-303,-0.01362,-0.00953,0.99784,-0.03206,-0.16947,-0.1687
9749,97503,1308,-166,12012,-85,-201,-301,-0.01251,-0.01161,0.99629,-0.05496,-0.1313,-0.15344
9750,97513,1318,-148,12072,-83,-196,-300,-0.0119,-0.01051,0.99986,-0.03969,-0.09313,-0.1458
9751,97523,1292,-132,12096,-83,-194,-294,-0.01349,-0.00953,1.00128,-0.03969,-0.07786,-0.1
9752,97533,1286,-184,12090,-87,-194,-298,-0.01386,-0.01272,1.00093,-0.07023,-0.07786,-0.13053
9753,97543,1270,-188,12048,-90,-190,-294,-0.01484,-0.01296,0.99843,-0.09313,-0.04733,-0.1
9754,97553,1268,-198,12056,-87,-179,-295,-0.01497,-0.01357,0.99891,-0.07023,0.03664,-0.10763
9755,97563,1272,-178,12100,-81,-193,-297,-0.01472,-0.01235,1.00152,-0.02443,-0.07023,-0.1229
9756,97573,1234,-190,12112,-67,-201,-294,-0.01705,-0.01308,1.00223,0.08244,-0.1313,-0.1
9757,97583,1246,-118,12092,-73,-192,-295,-0.01632,-0.00867,1.00105,0.03664,-0.0626,-0.10763
9758,97593,1220,-158,12104,-83,-179,-295,-0.01791,-0.01112,1.00176,-0.03969,0.03664,-0.10763
9759,97603,1284,-164,12094,-79,-190,-291,-0.01399,-0.01149,1.00116,-0.00916,-0.04733,-0.0771
9760,97613,1340,-156,12060,-82,-192,-294,-0.01055,-0.011,0.99914,-0.03206,-0.0626,-0.1
9761,97623,1308,-212,12084,-88,-198,-295,-0.01251,-0.01443,1.00057,-0.07786,-0.1084,-0.10763
9762,97633,1328,-146,12046,-93,-205,-301,-0.01129,-0.01038,0.99831,-0.11603,-0.16183,-0.15344
9763,97643,1278,-158,12088,-91,-194,-291,-0.01435,-0.01112,1.00081,-0.10076,-0.07786,-0.0771
9764,97653,1264,-164,12064,-85,-189,-286,-0.01521,-0.01149,0.99938,-0.05496,-0.03969,-0.03893
9765,97663,1266,-208,12124,-76,-187,-295,-0.01509,-0.01419,1.00295,0.01374,-0.02443,-0.10763
9766,97673,1272,-184,12092,-73,-187,-283,-0.01472,-0.01272,1.00105,0.03664,-0.02443,-0.01603
9767,97683,1284,-184,12074,-68,-193,-281,-0.01399,-0.01272,0.99998,0.07481,-0.07023,-0.00076
9768,97693,1256,-198,12050,-79,-201,-282,-0.0157,-0.01357,0.99855,-0.00916,-0.1313,-0.0084
9769,97703,1302,-190,12066,-84,-190,-277,-0.01288,-0.01308,0.9995,-0.04733,-0.04733,0.02977
9770,97713,1304,-184,12088,-77,-191,-283,-0.01276,-0.01272,1.00081,0.00611,-0.05496,-0.01603
9771,97723,1334,-140,12040,-88,-194,-289,-0.01092,-0.01002,0.99796,-0.07786,-0.07786,-0.06183
9772,97733,1326,-124,12068,-82,-189,-285,-0.01141,-0.00904,0.99962,-0.03206,-0.03969,-0.0313
9773,97743,1310,-172,12032,-86,-192,-287,-0.01239,-0.01198,0.99748,-0.0626,-0.0626,-0.04656
9774,97753,1318,-186,12036,-91,-192,-289,-0.0119,-0.01284,0.99772,-0.10076,-0.0626,-0.06183
9775,97763,1306,-230,12046,-86,-193,-295,-0.01264,-0.01554,0.99831,-0.0626,-0.07023,-0.10763
9776,97773,1272,-166,12034,-93,-195,-296,-0.01472,-0.01161,0.9976,-0.11603,-0.0855,-0.11527
9777,97783,1274,-162,12074,-85,-194,-289,-0.0146,-0.01137,0.99998,-0.05496,-0.07786,-0.06183
9778,97793,1276,-164,12050,-80,-197,-285,-0.01448,-0.01149,0.99855,-0.01679,-0.10076,-0.0313
9779,97803,1228,-172,12100,-83,-197,-285,-0.01742,-0.01198,1.00152,-0.03969,-0.10076,-0.0313
9780,97813,1266,-132,12090,-78,-191,-279,-0.01509,-0.00953,1.00093,-0.00153,-0.05496,0.0145
9781,97823,1318,-140,12074,-81,-179,-282,-0.0119,-0.01002,0.99998,-0.02443,0.03664,-0.0084
9782,97833,1240,-210,12048,-83,-186,-278,-0.01669,-0.01431,0.99843,-0.03969,-0.01679,0.02214
9783,97843,1320,-132,12022,-82,-192,-274,-0.01178,-0.00953,0.99689,-0.03206,-0.0626,0.05267
9784,97853,1286,-134,12080,-85,-188,-282,-0.01386,-0.00965,1.00033,-0.05496,-0.03206,-0.0084
9785,97863,1294,-146,12098,-89,-194,-284,-0.01337,-0.01038,1.0014,-0.0855,-0.07786,-0.02366
9786,97873,1308,-142,12132,-82,-198,-290,-0.01251,-0.01014,1.00342,-0.03206,-0.1084,-0.06947
9787,97883,1294,-168,12088,-81,-200,-286,-0.01337,-0.01173,1.00081,-0.02443,-0.12366,-0.03893
9788,97893,1242,-162,12112,-84,-203,-292,-0.01656,-0.01137,1.00223,-0.04733,-0.14656,-0.08473
9789,97903,1300,-158,12052,-84,-213,-291,-0.013,-0.01112,0.99867,-0.04733,-0.2229,-0.0771
9790,97913,1324,-140,12068,-79,-207,-291,-0.01153,-0.01002,0.99962,-0.00916,-0.1771,-0.0771
9791,97923,1298,-166,12050,-80,-200,-293,-0.01313,-0.01161,0.99855,-0.01679,-0.12366,-0.09237
9792,97933,1298,-176,11974,-83,-191,-285,-0.01313,-0.01223,0.99403,-0.03969,-0.05496,-0.0313
9793,97943,1282,-196,12054,-90,-183,-284,-0.01411,-0.01345,0.99879,-0.09313,0.00611,-0.02366
9794,97953,1258,-176,12008,-84,-185,-283,-0.01558,-0.01223,0.99605,-0.04733,-0.00916,-0.01603
9795,97963,1292,-182,12018,-83,-185,-277,-0.01349,-0.01259,0.99665,-0.03969,-0.00916,0.02977
9796,97973,1276,-168,11990,-76,-187,-279,-0.01448,-0.01173,0.99498,0.01374,-0.02443,0.0145
9797,97983,1300,-144,12066,-73,-188,-276,-0.013,-0.01026,0.9995,0.03664,-0.03206,0.0374
9798,97993,1280,-150,12156,-78,-188,-283,-0.01423,-0.01063,1.00485,-0.00153,-0.03206,-0.01603
9799,98003,1278,-156,12050,-85,-194,-286,-0.01435,-0.011,0.99855,-0.05496,-0.07786,-0.03893
9800,98013,1312,-164,12092,-79,-196,-285,-0.01227,-0.01149,1.00105,-0.00916,-0.09313,-0.0313
9801,98023,1220,-192,12024,-82,-204,-282,-0.01791,-0.01321,0.99701,-0.03206,-0.1542,-0.0084
9802,98033,1298,-218,12056,-84,-197,-287,-0.01313,-0.0148,0.99891,-0.04733,-0.10076,-0.04656
9803,98043,1280,-180,12038,-92,-195,-290,-0.01423,-0.01247,0.99784,-0.1084,-0.0855,-0.06947
9804,98053,1250,-162,12058,-88,-196,-292,-0.01607,-0.01137,0.99903,-0.07786,-0.09313,-0.08473
9805,98063,1278,-146,12048,-89,-196,-294,-0.01435,-0.01038,0.99843,-0.0855,-0.09313,-0.1
9806,98073,1280,-156,12082,-81,-196,-292,-0.01423,-0.011,1.00045,-0.02443,-0.09313,-0.08473
9807,98083,1278,-154,12118,-86,-199,-286,-0.01435,-0.01088,1.00259,-0.0626,-0.11603,-0.03893
9808,98093,1292,-160,12072,-92,-197,-284,-0.01349,-0.01124,0.99986,-0.1084,-0.10076,-0.02366
9809,98103,1324,-136,12098,-85,-188,-285,-0.01153,-0.00977,1.0014,-0.05496,-0.03206,-0.0313
9810,98113,1350,-178,12082,-90,-188,-277,-0.00994,-0.01235,1.00045,-0.09313,-0.03206,0.02977
9811,98123,1296,-130,12064,-95,-176,-271,-0.01325,-0.0094,0.99938,-0.1313,0.05954,0.07557
9812,98133,1282,-140,12072,-91,-191,-263,-0.01411,-0.01002,0.99986,-0.10076,-0.05496,0.13664
9813,98143,1278,-158,12068,-94,-190,-278,-0.01435,-0.01112,0.99962,-0.12366,-0.04733,0.02214
9814,98153,1258,-172,12094,-86,-195,-289,-0.01558,-0.01198,1.00116,-0.0626,-0.0855,-0.06183
9815,98163,1298,-144,12140,-88,-197,-297,-0.01313,-0.01026,1.0039,-0.07786,-0.10076,-0.1229
9816,98173,1298,-160,12034,-83,-204,-299,-0.01313,-0.01124,0.9976,-0.03969,-0.1542,-0.13817
9817,98183,1308,-156,12106,-77,-200,-291,-0.01251,-0.011,1.00188,0.00611,-0.12366,-0.0771
9818,98193,1288,-164,12056,-75,-199,-288,-0.01374,-0.01149,0.99891,0.02137,-0.11603,-0.0542
9819,98203,1264,-114,12104,-77,-199,-289,-0.01521,-0.00842,1.00176,0.00611,-0.11603,-0.06183
9820,98213,1266,-158,12048,-75,-204,-293,-0.01509,-0.01112,0.99843,0.02137,-0.1542,-0.09237
9821,98223,1244,-182,12068,-75,-191,-290,-0.01644,-0.01259,0.99962,0.02137,-0.05496,-0.06947
9822,98233,1246,-166,12098,-80,-193,-291,-0.01632,-0.01161,1.0014,-0.01679,-0.07023,-0.0771
9823,98243,1282,-154,12018,-83,-182,-291,-0.01411,-0.01088,0.99665,-0.03969,0.01374,-0.0771
9824,98253,1316,-138,12072,-91,-174,-279,-0.01202,-0.00989,0.99986,-0.10076,0.07481,0.0145
9825,98263,1316,-146,12048,-85,-184,-274,-0.01202,-0.01038,0.99843,-0.05496,-0.00153,0.05267
9826,98273,1258,-170,12040,-81,-181,-277,-0.01558,-0.01186,0.99796,-0.02443,0.02137,0.02977
9827,98283,1294,-220,12068,-78,-181,-280,-0.01337,-0.01492,0.99962,-0.00153,0.02137,0.00687
9828,98293,1276,-174,12092,-81,-189,-284,-0.01448,-0.0121,1.00105,-0.02443,-0.03969,-0.02366
9829,98303,1270,-156,12052,-86,-196,-285,-0.01484,-0.011,0.99867,-0.0626,-0.09313,-0.0313
9830,98313,1300,-152,12044,-86,-215,-290,-0.013,-0.01075,0.99819,-0.0626,-0.23817,-0.06947
9831,98323,1280,-164,12104,-79,-209,-292,-0.01423,-0.01149,1.00176,-0.00916,-0.19237,-0.08473
9832,98333,1298,-190,12066,-80,-203,-288,-0.01313,-0.01308,0.9995,-0.01679,-0.14656,-0.0542
9833,98343,1304,-112,12018,-76,-198,-287,-0.01276,-0.0083,0.99665,0.01374,-0.1084,-0.04656
9834,98353,1304,-162,12068,-79,-192,-289,-0.01276,-0.01137,0.99962,-0.00916,-0.0626,-0.06183
9835,98363,1278,-154,12152,-81,-184,-291,-0.01435,-0.01088,1.00461,-0.02443,-0.00153,-0.0771
9836,98373,1290,-146,12156,-82,-192,-283,-0.01362,-0.01038,1.00485,-0.03206,-0.0626,-0.01603
9837,98383,1278,-178,12046,-80,-193,-280,-0.01435,-0.01235,0.99831,-0.01679,-0.07023,0.00687
9838,98393,1300,-186,12066,-82,-198,-283,-0.013,-0.01284,0.9995,-0.03206,-0.1084,-0.01603
9839,98403,1310,-180,12074,-80,-185,-286,-0.01239,-0.01247,0.99998,-0.01679,-0.00916,-0.03893
9840,98413,1312,-206,12092,-88,-177,-286,-0.01227,-0.01407,1.00105,-0.07786,0.05191,-0.03893
9841,98423,1276,-214,12042,-84,-182,-288,-0.01448,-0.01456,0.99807,-0.04733,0.01374,-0.0542
9842,98433,1268,-144,12016,-86,-187,-288,-0.01497,-0.01026,0.99653,-0.0626,-0.02443,-0.0542
9843,98443,1284,-172,12082,-89,-181,-287,-0.01399,-0.01198,1.00045,-0.0855,0.02137,-0.04656
9844,98453,1342,-140,12136,-84,-192,-287,-0.01043,-0.01002,1.00366,-0.04733,-0.0626,-0.04656
9845,98463,1274,-190,12116,-85,-205,-297,-0.0146,-0.01308,1.00247,-0.05496,-0.16183,-0.1229
9846,98473,1322,-154,12086,-86,-203,-292,-0.01165,-0.01088,1.00069,-0.0626,-0.14656,-0.08473
9847,98483,1264,-190,12068,-83,-198,-285,-0.01521,-0.01308,0.99962,-0.03969,-0.1084,-0.0313
9848,98493,1292,-134,12040,-75,-205,-296,-0.01349,-0.00965,0.99796,0.02137,-0.16183,-0.11527
9849,98503,1276,-162,11992,-82,-200,-296,-0.01448,-0.01137,0.9951,-0.03206,-0.12366,-0.11527
9850,98513,1310,-176,12020,-83,-202,-297,-0.01239,-0.01223,0.99677,-0.03969,-0.13893,-0.1229
9851,98523,1304,-200,12020,-78,-185,-298,-0.01276,-0.0137,0.99677,-0.00153,-0.00916,-0.13053
9852,98533,1286,-204,12058,-75,-186,-290,-0.01386,-0.01394,0.99903,0.02137,-0.01679,-0.06947
9853,98543,1268,-168,12100,-75,-193,-290,-0.01497,-0.01173,1.00152,0.02137,-0.07023,-0.06947
9854,98553,1318,-206,12060,-75,-191,-294,-0.0119,-0.01407,0.99914,0.02137,-0.05496,-0.1
9855,98563,1296,-170,12016,-89,-186,-293,-0.01325,-0.01186,0.99653,-0.0855,-0.01679,-0.09237
9856,98573,1288,-156,12042,-90,-195,-292,-0.01374,-0.011,0.99807,-0.09313,-0.0855,-0.08473
9857,98583,1278,-176,12108,-89,-193,-291,-0.01435,-0.01223,1.002,-0.0855,-0.07023,-0.0771
9858,98593,1294,-176,12032,-91,-209,-289,-0.01337,-0.01223,0.99748,-0.10076,-0.19237,-0.06183
9859,98603,1284,-168,12084,-86,-209,-294,-0.01399,-0.01173,1.00057,-0.0626,-0.19237,-0.1
9860,98613,1304,-152,12112,-82,-198,-296,-0.01276,-0.01075,1.00223,-0.03206,-0.1084,-0.11527
9861,98623,1322,-146,12060,-83,-188,-296,-0.01165,-0.01038,0.99914,-0.03969,-0.03206,-0.11527
9862,98633,1288,-170,12066,-78,-184,-299,-0.01374,-0.01186,0.9995,-0.00153,-0.00153,-0.13817
9863,98643,1296,-168,12024,-80,-169,-295,-0.01325,-0.01173,0.99701,-0.01679,0.11298,-0.10763
9864,98653,1300,-150,12072,-75,-189,-290,-0.013,-0.01063,0.99986,0.02137,-0.03969,-0.06947
9865,98663,1308,-170,12038,-76,-189,-288,-0.01251,-0.01186,0.99784,0.01374,-0.03969,-0.0542
9866,98673,1272,-166,12022,-87,-192,-298,-0.01472,-0.01161,0.99689,-0.07023,-0.0626,-0.13053
9867,98683,1240,-206,12094,-89,-195,-300,-0.01669,-0.01407,1.00116,-0.0855,-0.0855,-0.1458
9868,98693,1324,-182,12082,-87,-207,-301,-0.01153,-0.01259,1.00045,-0.07023,-0.1771,-0.15344
9869,98703,1304,-160,12044,-72,-213,-300,-0.01276,-0.01124,0.99819,0.04427,-0.2229,-0.1458
9870,98713,1316,-178,12072,-74,-212,-297,-0.01202,-0.01235,0.99986,0.02901,-0.21527,-0.1229
9871,98723,1248,-142,12058,-77,-199,-294,-0.01619,-0.01014,0.99903,0.00611,-0.11603,-0.1
9872,98733,1344,-166,12034,-82,-190,-293,-0.0103,-0.01161,0.9976,-0.03206,-0.04733,-0.09237
9873,98743,1324,-146,12050,-86,-185,-295,-0.01153,-0.01038,0.99855,-0.0626,-0.00916,-0.10763
9874,98753,1316,-164,12056,-86,-180,-292,-0.01202,-0.01149,0.99891,-0.0626,0.02901,-0.08473
9875,98763,1262,-168,12052,-87,-191,-292,-0.01534,-0.01173,0.99867,-0.07023,-0.05496,-0.08473
9876,98773,1258,-178,12034,-85,-201,-290,-0.01558,-0.01235,0.9976,-0.05496,-0.1313,-0.06947
9877,98783,1274,-170,12122,-78,-198,-289,-0.0146,-0.01186,1.00283,-0.00153,-0.1084,-0.06183
9878,98793,1338,-160,12052,-68,-205,-293,-0.01067,-0.01124,0.99867,0.07481,-0.16183,-0.09237
9879,98803,1298,-166,12030,-69,-201,-289,-0.01313,-0.01161,0.99736,0.06718,-0.1313,-0.06183
9880,98813,1306,-182,12104,-72,-193,-285,-0.01264,-0.01259,1.00176,0.04427,-0.07023,-0.0313
9881,98823,1304,-166,12082,-76,-188,-293,-0.01276,-0.01161,1.00045,0.01374,-0.03206,-0.09237
9882,98833,1356,-126,12054,-85,-196,-295,-0.00957,-0.00916,0.99879,-0.05496,-0.09313,-0.10763
9883,98843,1294,-142,12058,-92,-200,-299,-0.01337,-0.01014,0.99903,-0.1084,-0.12366,-0.13817
9884,98853,1330,-230,12078,-83,-200,-293,-0.01116,-0.01554,1.00021,-0.03969,-0.12366,-0.09237
9885,98863,1294,-170,11992,-93,-211,-298,-0.01337,-0.01186,0.9951,-0.11603,-0.20763,-0.13053
9886,98873,1288,-156,12060,-94,-216,-307,-0.01374,-0.011,0.99914,-0.12366,-0.2458,-0.19924
9887,98883,1272,-174,12056,-87,-209,-298,-0.01472,-0.0121,0.99891,-0.07023,-0.19237,-0.13053
9888,98893,1260,-138,12056,-79,-212,-297,-0.01546,-0.00989,0.99891,-0.00916,-0.21527,-0.1229
9889,98903,1330,-194,12032,-82,-211,-296,-0.01116,-0.01333,0.99748,-0.03206,-0.20763,-0.11527
9890,98913,1310,-154,12088,-76,-204,-293,-0.01239,-0.01088,1.00081,0.01374,-0.1542,-0.09237
9891,98923,1288,-170,12014,-65,-201,-291,-0.01374,-0.01186,0.99641,0.09771,-0.1313,-0.0771
9892,98933,1304,-196,12038,-77,-203,-287,-0.01276,-0.01345,0.99784,0.00611,-0.14656,-0.04656
9893,98943,1348,-198,12020,-71,-192,-287,-0.01006,-0.01357,0.99677,0.05191,-0.0626,-0.04656
9894,98953,1318,-206,12022,-69,-190,-290,-0.0119,-0.01407,0.99689,0.06718,-0.04733,-0.06947
9895,98963,1256,-160,12092,-72,-201,-294,-0.0157,-0.01124,1.00105,0.04427,-0.1313,-0.1
9896,98973,1278,-186,12054,-75,-199,-292,-0.01435,-0.01284,0.99879,0.02137,-0.11603,-0.08473
9897,98983,1314,-150,12014,-89,-195,-294,-0.01214,-0.01063,0.99641,-0.0855,-0.0855,-0.1
9898,98993,1306,-132,12066,-86,-197,-298,-0.01264,-0.00953,0.9995,-0.0626,-0.10076,-0.13053
9899,99003,1318,-156,12048,-86,-206,-299,-0.0119,-0.011,0.99843,-0.0626,-0.16947,-0.13817
9900,99013,1340,-166,12042,-84,-205,-294,-0.01055,-0.01161,0.99807,-0.04733,-0.16183,-0.1
9901,99023,1310,-182,11960,-84,-196,-293,-0.01239,-0.01259,0.9932,-0.04733,-0.09313,-0.09237
9902,99033,1316,-220,12132,-79,-189,-294,-0.01202,-0.01492,1.00342,-0.00916,-0.03969,-0.1
9903,99043,1348,-162,12060,-75,-193,-296,-0.01006,-0.01137,0.99914,0.02137,-0.07023,-0.11527
9904,99053,1304,-194,12042,-71,-192,-290,-0.01276,-0.01333,0.99807,0.05191,-0.0626,-0.06947
9905,99063,1276,-174,12072,-74,-202,-289,-0.01448,-0.0121,0.99986,0.02901,-0.13893,-0.06183
9906,99073,1298,-200,12042,-83,-194,-293,-0.01313,-0.0137,0.99807,-0.03969,-0.07786,-0.09237
9907,99083,1288,-156,12076,-78,-199,-298,-0.01374,-0.011,1.0001,-0.00153,-0.11603,-0.13053
9908,99093,1320,-174,12020,-71,-191,-296,-0.01178,-0.0121,0.99677,0.05191,-0.05496,-0.11527
9909,99103,1306,-178,12062,-73,-186,-290,-0.01264,-0.01235,0.99926,0.03664,-0.01679,-0.06947
9910,99113,1274,-174,12074,-82,-186,-296,-0.0146,-0.0121,0.99998,-0.03206,-0.01679,-0.11527
9911,99123,1300,-176,12058,-82,-203,-298,-0.013,-0.01223,0.99903,-0.03206,-0.14656,-0.13053
9912,99133,1358,-158,12002,-86,-200,-295,-0.00944,-0.01112,0.9957,-0.0626,-0.12366,-0.10763
9913,99143,1332,-150,12038,-88,-204,-303,-0.01104,-0.01063,0.99784,-0.07786,-0.1542,-0.1687
9914,99153,1322,-138,12060,-86,-198,-300,-0.01165,-0.00989,0.99914,-0.0626,-0.1084,-0.1458
9915,99163,1348,-182,12068,-74,-198,-295,-0.01006,-0.01259,0.99962,0.02901,-0.1084,-0.10763
9916,99173,1342,-204,12138,-75,-194,-292,-0.01043,-0.01394,1.00378,0.02137,-0.07786,-0.08473
9917,99183,1320,-202,12002,-71,-180,-293,-0.01178,-0.01382,0.9957,0.05191,0.02901,-0.09237
9918,99193,1334,-124,12056,-82,-185,-299,-0.01092,-0.00904,0.99891,-0.03206,-0.00916,-0.13817
9919,99203,1324,-152,12068,-80,-190,-295,-0.01153,-0.01075,0.99962,-0.01679,-0.04733,-0.10763
9920,99213,1328,-176,12054,-74,-199,-292,-0.01129,-0.01223,0.99879,0.02901,-0.11603,-0.08473
9921,99223,1274,-176,12014,-74,-190,-298,-0.0146,-0.01223,0.99641,0.02901,-0.04733,-0.13053
9922,99233,1290,-168,12118,-72,-198,-292,-0.01362,-0.01173,1.00259,0.04427,-0.1084,-0.08473
9923,99243,1308,-164,12094,-73,-195,-289,-0.01251,-0.01149,1.00116,0.03664,-0.0855,-0.06183
9924,99253,1316,-132,12058,-72,-190,-282,-0.01202,-0.00953,0.99903,0.04427,-0.04733,-0.0084
9925,99263,1354,-170,12112,-78,-191,-285,-0.00969,-0.01186,1.00223,-0.00153,-0.05496,-0.0313
9926,99273,1290,-180,12028,-73,-195,-296,-0.01362,-0.01247,0.99724,0.03664,-0.0855,-0.11527
9927,99283,1296,-172,12084,-76,-204,-292,-0.01325,-0.01198,1.00057,0.01374,-0.1542,-0.08473
9928,99293,1322,-184,12078,-83,-203,-295,-0.01165,-0.01272,1.00021,-0.03969,-0.14656,-0.10763
9929,99303,1290,-158,12088,-84,-188,-300,-0.01362,-0.01112,1.00081,-0.04733,-0.03206,-0.1458
9930,99313,1322,-200,12140,-85,-205,-291,-0.01165,-0.0137,1.0039,-0.05496,-0.16183,-0.0771
9931,99323,1308,-180,12036,-84,-195,-292,-0.01251,-0.01247,0.99772,-0.04733,-0.0855,-0.08473
9932,99333,1308,-210,12048,-78,-200,-297,-0.01251,-0.01431,0.99843,-0.00153,-0.12366,-0.1229
9933,99343,1346,-192,12062,-83,-189,-294,-0.01018,-0.01321,0.99926,-0.03969,-0.03969,-0.1
9934,99353,1330,-212,12056,-79,-190,-298,-0.01116,-0.01443,0.99891,-0.00916,-0.04733,-0.13053
9935,99363,1336,-134,12036,-77,-186,-294,-0.01079,-0.00965,0.99772,0.00611,-0.01679,-0.1
9936,99373,1350,-188,12116,-86,-194,-291,-0.00994,-0.01296,1.00247,-0.0626,-0.07786,-0.0771
9937,99383,1300,-176,12022,-82,-198,-291,-0.013,-0.01223,0.99689,-0.03206,-0.1084,-0.0771
9938,99393,1338,-190,12004,-81,-209,-291,-0.01067,-0.01308,0.99582,-0.02443,-0.19237,-0.0771
9939,99403,1316,-182,12024,-83,-217,-301,-0.01202,-0.01259,0.99701,-0.03969,-0.25344,-0.15344
9940,99413,1352,-172,12036,-79,-219,-298,-0.00981,-0.01198,0.99772,-0.00916,-0.2687,-0.13053
9941,99423,1308,-142,11994,-84,-206,-292,-0.01251,-0.01014,0.99522,-0.04733,-0.16947,-0.08473
9942,99433,1310,-184,12122,-78,-202,-289,-0.01239,-0.01272,1.00283,-0.00153,-0.13893,-0.06183
9943,99443,1348,-184,12098,-72,-197,-286,-0.01006,-0.01272,1.0014,0.04427,-0.10076,-0.03893
9944,99453,1342,-178,12078,-71,-205,-282,-0.01043,-0.01235,1.00021,0.05191,-0.16183,-0.0084
9945,99463,1326,-152,12028,-69,-208,-283,-0.01141,-0.01075,0.99724,0.06718,-0.18473,-0.01603
9946,99473,1380,-182,12014,-71,-202,-287,-0.00809,-0.01259,0.99641,0.05191,-0.13893,-0.04656
9947,99483,1304,-170,12056,-77,-189,-286,-0.01276,-0.01186,0.99891,0.00611,-0.03969,-0.03893
9948,99493,1356,-156,12068,-80,-188,-286,-0.00957,-0.011,0.99962,-0.01679,-0.03206,-0.03893
9949,99503,1368,-150,12064,-73,-187,-292,-0.00883,-0.01063,0.99938,0.03664,-0.02443,-0.08473
9950,99513,1324,-172,12116,-74,-194,-289,-0.01153,-0.01198,1.00247,0.02901,-0.07786,-0.06183
9951,99523,1360,-228,12108,-70,-205,-290,-0.00932,-0.01541,1.002,0.05954,-0.16183,-0.06947
9952,99533,1338,-204,12064,-71,-210,-290,-0.01067,-0.01394,0.99938,0.05191,-0.2,-0.06947
9953,99543,1368,-182,12030,-71,-205,-293,-0.00883,-0.01259,0.99736,0.05191,-0.16183,-0.09237
9954,99553,1370,-198,12108,-79,-198,-291,-0.00871,-0.01357,1.002,-0.00916,-0.1084,-0.0771
9955,99563,1346,-204,12018,-80,-193,-288,-0.01018,-0.01394,0.99665,-0.01679,-0.07023,-0.0542
9956,99573,1322,-170,12098,-73,-196,-290,-0.01165,-0.01186,1.0014,0.03664,-0.09313,-0.06947
9957,99583,1284,-172,12106,-73,-197,-281,-0.01399,-0.01198,1.00188,0.03664,-0.10076,-0.00076
9958,99593,1338,-156,12054,-65,-194,-281,-0.01067,-0.011,0.99879,0.09771,-0.07786,-0.00076
9959,99603,1288,-184,12038,-70,-198,-283,-0.01374,-0.01272,0.99784,0.05954,-0.1084,-0.01603
9960,99613,1326,-188,12014,-69,-202,-283,-0.01141,-0.01296,0.99641,0.06718,-0.13893,-0.01603
9961,99623,1330,-178,12152,-74,-200,-287,-0.01116,-0.01235,1.00461,0.02901,-0.12366,-0.04656
9962,99633,1310,-234,12002,-74,-193,-280,-0.01239,-0.01578,0.9957,0.02901,-0.07023,0.00687
9963,99643,1342,-178,12048,-64,-197,-289,-0.01043,-0.01235,0.99843,0.10534,-0.10076,-0.06183
9964,99653,1338,-178,12046,-65,-193,-290,-0.01067,-0.01235,0.99831,0.09771,-0.07023,-0.06947
9965,99663,1286,-166,12132,-72,-191,-290,-0.01386,-0.01161,1.00342,0.04427,-0.05496,-0.06947
9966,99673,1298,-212,12060,-70,-188,-294,-0.01313,-0.01443,0.99914,0.05954,-0.03206,-0.1
9967,99683,1318,-204,12062,-78,-193,-289,-0.0119,-0.01394,0.99926,-0.00153,-0.07023,-0.06183
9968,99693,1350,-192,12046,-78,-201,-287,-0.00994,-0.01321,0.99831,-0.00153,-0.1313,-0.04656
9969,99703,1314,-120,12058,-78,-195,-283,-0.01214,-0.00879,0.99903,-0.00153,-0.0855,-0.01603
9970,99713,1312,-200,11974,-72,-196,-281,-0.01227,-0.0137,0.99403,0.04427,-0.09313,-0.00076
9971,99723,1322,-232,12062,-66,-187,-281,-0.01165,-0.01566,0.99926,0.09008,-0.02443,-0.00076
9972,99733,1308,-182,12062,-69,-178,-282,-0.01251,-0.01259,0.99926,0.06718,0.04427,-0.0084
9973,99743,1274,-206,12102,-71,-181,-284,-0.0146,-0.01407,1.00164,0.05191,0.02137,-0.02366
9974,99753,1296,-182,12078,-72,-186,-288,-0.01325,-0.01259,1.00021,0.04427,-0.01679,-0.0542
9975,99763,1318,-200,12050,-81,-194,-285,-0.0119,-0.0137,0.99855,-0.02443,-0.07786,-0.0313
9976,99773,1312,-162,12012,-78,-202,-284,-0.01227,-0.01137,0.99629,-0.00153,-0.13893,-0.02366
9977,99783,1320,-202,12092,-68,-193,-281,-0.01178,-0.01382,1.00105,0.07481,-0.07023,-0.00076
9978,99793,1348,-186,11990,-64,-193,-283,-0.01006,-0.01284,0.99498,0.10534,-0.07023,-0.01603
9979,99803,1336,-178,12040,-75,-190,-282,-0.01079,-0.01235,0.99796,0.02137,-0.04733,-0.0084
9980,99813,1318,-156,12086,-74,-189,-282,-0.0119,-0.011,1.00069,0.02901,-0.03969,-0.0084
9981,99823,1358,-178,12070,-74,-200,-284,-0.00944,-0.01235,0.99974,0.02901,-0.12366,-0.02366
9982,99833,1342,-158,12032,-79,-201,-281,-0.01043,-0.01112,0.99748,-0.00916,-0.1313,-0.00076
9983,99843,1318,-176,12008,-70,-205,-281,-0.0119,-0.01223,0.99605,0.05954,-0.16183,-0.00076
9984,99853,1316,-162,12010,-77,-196,-281,-0.01202,-0.01137,0.99617,0.00611,-0.09313,-0.00076
9985,99863,1308,-158,12072,-73,-181,-283,-0.01251,-0.01112,0.99986,0.03664,0.02137,-0.01603
9986,99873,1352,-228,12088,-73,-186,-281,-0.00981,-0.01541,1.00081,0.03664,-0.01679,-0.00076
9987,99883,1356,-186,12042,-66,-181,-279,-0.00957,-0.01284,0.99807,0.09008,0.02137,0.0145
9988,99893,1320,-184,12092,-71,-181,-280,-0.01178,-0.01272,1.00105,0.05191,0.02137,0.00687
9989,99903,1320,-178,12054,-74,-193,-276,-0.01178,-0.01235,0.99879,0.02901,-0.07023,0.0374
9990,99913,1322,-162,12034,-79,-203,-279,-0.01165,-0.01137,0.9976,-0.00916,-0.14656,0.0145
9991,99923,1280,-166,12034,-82,-209,-286,-0.01423,-0.01161,0.9976,-0.03206,-0.19237,-0.03893
9992,99933,1348,-202,12046,-82,-226,-287,-0.01006,-0.01382,0.99831,-0.03206,-0.32214,-0.04656
9993,99943,1304,-180,12060,-80,-217,-288,-0.01276,-0.01247,0.99914,-0.01679,-0.25344,-0.0542
9994,99953,1330,-166,12068,-77,-213,-280,-0.01116,-0.01161,0.99962,0.00611,-0.2229,0.00687
9995,99963,1344,-162,11990,-59,-206,-280,-0.0103,-0.01137,0.99498,0.14351,-0.16947,0.00687
9996,99973,1308,-198,12056,-48,-187,-277,-0.01251,-0.01357,0.99891,0.22748,-0.02443,0.02977
9997,99983,1328,-154,12068,-60,-198,-277,-0.01129,-0.01088,0.99962,0.13588,-0.1084,0.02977
9998,99993,1308,-194,12040,-54,-181,-274,-0.01251,-0.01333,0.99796,0.18168,0.02137,0.05267
9999,100003,1354,-154,12072,-52,-180,-272,-0.00969,-0.01088,0.99986,0.19695,0.02901,0.06794
10000,100013,1314,-204,12122,-58,-169,-269,-0.01214,-0.01394,1.00283,0.15115,0.11298,0.09084
10001,100023,1304,-198,12072,-69,-179,-267,-0.01276,-0.01357,0.99986,0.06718,0.03664,0.10611
10002,100033,1326,-204,12028,-69,-179,-269,-0.01141,-0.01394,0.99724,0.06718,0.03664,0.09084
10003,100043,1324,-174,12018,-71,-188,-271,-0.01153,-0.0121,0.99665,0.05191,-0.03206,0.07557
10004,100053,1320,-126,12060,-66,-187,-276,-0.01178,-0.00916,0.99914,0.09008,-0.02443,0.0374
10005,100063,1332,-212,12036,-67,-201,-277,-0.01104,-0.01443,0.99772,0.08244,-0.1313,0.02977
10006,100073,1356,-166,12046,-76,-197,-280,-0.00957,-0.01161,0.99831,0.01374,-0.10076,0.00687
10007,100083,1310,-198,12070,-91,-200,-280,-0.01239,-0.01357,0.99974,-0.10076,-0.12366,0.00687
10008,100093,1328,-154,12016,-81,-201,-277,-0.01129,-0.01088,0.99653,-0.02443,-0.1313,0.02977
10009,100103,1328,-168,12074,-77,-213,-278,-0.01129,-0.01173,0.99998,0.00611,-0.2229,0.02214
10010,100113,1364,-152,12062,-66,-217,-272,-0.00908,-0.01075,0.99926,0.09008,-0.25344,0.06794
10011,100123,1308,-196,12084,-61,-207,-273,-0.01251,-0.01345,1.00057,0.12824,-0.1771,0.06031
10012,100133,1312,-174,12078,-67,-203,-272,-0.01227,-0.0121,1.00021,0.08244,-0.14656,0.06794
10013,100143,1354,-164,12032,-56,-186,-272,-0.00969,-0.01149,0.99748,0.16641,-0.01679,0.06794
10014,100153,1342,-170,12122,-59,-188,-270,-0.01043,-0.01186,1.00283,0.14351,-0.03206,0.08321
10015,100163,1336,-186,12056,-61,-184,-266,-0.01079,-0.01284,0.99891,0.12824,-0.00153,0.11374
10016,100173,1288,-182,12104,-64,-193,-273,-0.01374,-0.01259,1.00176,0.10534,-0.07023,0.06031
10017,100183,1314,-184,12112,-68,-195,-273,-0.01214,-0.01272,1.00223,0.07481,-0.0855,0.06031
10018,100193,1334,-208,12124,-76,-201,-267,-0.01092,-0.01419,1.00295,0.01374,-0.1313,0.10611
10019,100203,1354,-204,11996,-66,-206,-271,-0.00969,-0.01394,0.99534,0.09008,-0.16947,0.07557
10020,100213,1352,-170,11992,-71,-201,-268,-0.00981,-0.01186,0.9951,0.05191,-0.1313,0.09847
10021,100223,1316,-210,12006,-75,-194,-278,-0.01202,-0.01431,0.99594,0.02137,-0.07786,0.02214
10022,100233,1362,-150,12014,-77,-190,-275,-0.0092,-0.01063,0.99641,0.00611,-0.04733,0.04504
10023,100243,1374,-246,12092,-79,-185,-275,-0.00846,-0.01652,1.00105,-0.00916,-0.00916,0.04504
10024,100253,1332,-182,11996,-68,-183,-281,-0.01104,-0.01259,0.99534,0.07481,0.00611,-0.00076
10025,100263,1350,-178,12098,-65,-177,-283,-0.00994,-0.01235,1.0014,0.09771,0.05191,-0.01603
10026,100273,1320,-182,12104,-70,-184,-285,-0.01178,-0.01259,1.00176,0.05954,-0.00153,-0.0313
10027,100283,1338,-194,12046,-73,-192,-277,-0.01067,-0.01333,0.99831,0.03664,-0.0626,0.02977
10028,100293,1338,-176,12066,-67,-198,-279,-0.01067,-0.01223,0.9995,0.08244,-0.1084,0.0145
10029,100303,1346,-176,12092,-68,-198,-276,-0.01018,-0.01223,1.00105,0.07481,-0.1084,0.0374
10030,100313,1296,-160,12068,-74,-186,-270,-0.01325,-0.01124,0.99962,0.02901,-0.01679,0.08321
10031,100323,1306,-144,12074,-75,-186,-275,-0.01264,-0.01026,0.99998,0.02137,-0.01679,0.04504
10032,100333,1290,-150,12102,-77,-199,-280,-0.01362,-0.01063,1.00164,0.00611,-0.11603,0.00687
10033,100343,1316,-190,12114,-82,-193,-284,-0.01202,-0.01308,1.00235,-0.03206,-0.07023,-0.02366
10034,100353,1340,-188,12054,-80,-198,-282,-0.01055,-0.01296,0.99879,-0.01679,-0.1084,-0.0084
10035,100363,1322,-154,12064,-73,-196,-278,-0.01165,-0.01088,0.99938,0.03664,-0.09313,0.02214
10036,100373,1312,-130,12020,-58,-187,-272,-0.01227,-0.0094,0.99677,0.15115,-0.02443,0.06794
10037,100383,1352,-124,12070,-46,-188,-275,-0.00981,-0.00904,0.99974,0.24275,-0.03206,0.04504
10038,100393,1338,-168,12108,-49,-190,-274,-0.01067,-0.01173,1.002,0.21985,-0.04733,0.05267
10039,100403,1384,-188,12098,-55,-189,-274,-0.00785,-0.01296,1.0014,0.17405,-0.03969,0.05267
10040,100413,1344,-174,12026,-58,-192,-275,-0.0103,-0.0121,0.99712,0.15115,-0.0626,0.04504
10041,100423,1376,-156,12096,-70,-194,-274,-0.00834,-0.011,1.00128,0.05954,-0.07786,0.05267
10042,100433,1322,-172,12058,-73,-195,-275,-0.01165,-0.01198,0.99903,0.03664,-0.0855,0.04504
10043,100443,1348,-206,12090,-76,-190,-277,-0.01006,-0.01407,1.00093,0.01374,-0.04733,0.02977
10044,100453,1332,-162,12046,-73,-175,-278,-0.01104,-0.01137,0.99831,0.03664,0.06718,0.02214
10045,100463,1366,-178,11982,-68,-176,-272,-0.00895,-0.01235,0.99451,0.07481,0.05954,0.06794
10046,100473,1326,-170,12134,-71,-191,-276,-0.01141,-0.01186,1.00354,0.05191,-0.05496,0.0374
10047,100483,1342,-170,12068,-76,-191,-281,-0.01043,-0.01186,0.99962,0.01374,-0.05496,-0.00076
10048,100493,1354,-226,12052,-78,-193,-287,-0.00969,-0.01529,0.99867,-0.00153,-0.07023,-0.04656
10049,100503,1352,-178,12022,-79,-204,-282,-0.00981,-0.01235,0.99689,-0.00916,-0.1542,-0.0084
10050,100513,1346,-154,12038,-76,-211,-279,-0.01018,-0.01088,0.99784,0.01374,-0.20763,0.0145
10051,100523,1336,-160,12044,-66,-205,-283,-0.01079,-0.01124,0.99819,0.09008,-0.16183,-0.01603
10052,100533,1314,-188,12080,-70,-188,-282,-0.01214,-0.01296,1.00033,0.05954,-0.03206,-0.0084
10053,100543,1332,-174,12044,-66,-189,-285,-0.01104,-0.0121,0.99819,0.09008,-0.03969,-0.0313
10054,100553,1316,-174,12064,-75,-196,-279,-0.01202,-0.0121,0.99938,0.02137,-0.09313,0.0145
10055,100563,1356,-158,12096,-77,-190,-277,-0.00957,-0.01112,1.00128,0.00611,-0.04733,0.02977
10056,100573,1358,-170,11988,-71,-198,-279,-0.00944,-0.01186,0.99487,0.05191,-0.1084,0.0145
10057,100583,1320,-170,11996,-63,-183,-275,-0.01178,-0.01186,0.99534,0.11298,0.00611,0.04504
10058,100593,1338,-186,12022,-59,-184,-280,-0.01067,-0.01284,0.99689,0.14351,-0.00153,0.00687
10059,100603,1366,-142,12090,-64,-187,-279,-0.00895,-0.01014,1.00093,0.10534,-0.02443,0.0145
10060,100613,1316,-150,12020,-71,-183,-284,-0.01202,-0.01063,0.99677,0.05191,0.00611,-0.02366
10061,100623,1332,-240,12104,-69,-182,-276,-0.01104,-0.01615,1.00176,0.06718,0.01374,0.0374
10062,100633,1376,-190,12046,-65,-185,-280,-0.00834,-0.01308,0.99831,0.09771,-0.00916,0.00687
10063,100643,1324,-172,12080,-71,-191,-285,-0.01153,-0.01198,1.00033,0.05191,-0.05496,-0.0313
10064,100653,1378,-192,12018,-69,-190,-280,-0.00822,-0.01321,0.99665,0.06718,-0.04733,0.00687
10065,100663,1296,-176,12012,-71,-197,-283,-0.01325,-0.01223,0.99629,0.05191,-0.10076,-0.01603
10066,100673,1332,-204,12126,-63,-198,-280,-0.01104,-0.01394,1.00307,0.11298,-0.1084,0.00687
10067,100683,1354,-180,12122,-60,-184,-279,-0.00969,-0.01247,1.00283,0.13588,-0.00153,0.0145
10068,100693,1296,-174,12106,-73,-185,-279,-0.01325,-0.0121,1.00188,0.03664,-0.00916,0.0145
10069,100703,1318,-212,12082,-68,-192,-281,-0.0119,-0.01443,1.00045,0.07481,-0.0626,-0.00076
10070,100713,1326,-142,12100,-66,-200,-277,-0.01141,-0.01014,1.00152,0.09008,-0.12366,0.02977
10071,100723,1344,-176,12090,-61,-203,-280,-0.0103,-0.01223,1.00093,0.12824,-0.14656,0.00687
10072,100733,1360,-134,12028,-58,-192,-281,-0.00932,-0.00965,0.99724,0.15115,-0.0626,-0.00076
10073,100743,1318,-180,12036,-67,-187,-285,-0.0119,-0.01247,0.99772,0.08244,-0.02443,-0.0313
10074,100753,1288,-152,12148,-68,-190,-284,-0.01374,-0.01075,1.00437,0.07481,-0.04733,-0.02366
10075,100763,1344,-192,12034,-67,-188,-281,-0.0103,-0.01321,0.9976,0.08244,-0.03206,-0.00076
10076,100773,1328,-168,12072,-70,-183,-287,-0.01129,-0.01173,0.99986,0.05954,0.00611,-0.04656
10077,100783,1340,-148,12054,-81,-187,-281,-0.01055,-0.01051,0.99879,-0.02443,-0.02443,-0.00076
10078,100793,1352,-208,12028,-78,-195,-280,-0.00981,-0.01419,0.99724,-0.00153,-0.0855,0.00687
10079,100803,1352,-208,12006,-66,-195,-284,-0.00981,-0.01419,0.99594,0.09008,-0.0855,-0.02366
10080,100813,1328,-186,12076,-62,-186,-279,-0.01129,-0.01284,1.0001,0.12061,-0.01679,0.0145
10081,100823,1372,-186,12038,-64,-183,-277,-0.00859,-0.01284,0.99784,0.10534,0.00611,0.02977
10082,100833,1334,-150,12026,-64,-178,-273,-0.01092,-0.01063,0.99712,0.10534,0.04427,0.06031
10083,100843,1346,-164,12062,-70,-177,-273,-0.01018,-0.01149,0.99926,0.05954,0.05191,0.06031
10084,100853,1314,-164,12030,-72,-179,-277,-0.01214,-0.01149,0.99736,0.04427,0.03664,0.02977
10085,100863,1334,-174,12056,-72,-191,-282,-0.01092,-0.0121,0.99891,0.04427,-0.05496,-0.0084
10086,100873,1326,-170,12054,-69,-190,-286,-0.01141,-0.01186,0.99879,0.06718,-0.04733,-0.03893
10087,100883,1330,-172,12056,-76,-205,-286,-0.01116,-0.01198,0.99891,0.01374,-0.16183,-0.03893
10088,100893,1350,-152,12046,-76,-204,-285,-0.00994,-0.01075,0.99831,0.01374,-0.1542,-0.0313
10089,100903,1402,-128,12064,-86,-209,-286,-0.00674,-0.00928,0.99938,-0.0626,-0.19237,-0.03893
10090,100913,1326,-182,12056,-89,-197,-279,-0.01141,-0.01259,0.99891,-0.0855,-0.10076,0.0145
10091,100923,1296,-174,12052,-86,-179,-280,-0.01325,-0.0121,0.99867,-0.0626,0.03664,0.00687
10092,100933,1342,-178,12100,-76,-174,-282,-0.01043,-0.01235,1.00152,0.01374,0.07481,-0.0084
10093,100943,1310,-110,12096,-80,-170,-276,-0.01239,-0.00818,1.00128,-0.01679,0.10534,0.0374
10094,100953,1334,-124,12046,-82,-163,-276,-0.01092,-0.00904,0.99831,-0.03206,0.15878,0.0374
10095,100963,1290,-184,12098,-71,-164,-274,-0.01362,-0.01272,1.0014,0.05191,0.15115,0.05267
10096,100973,1300,-150,12030,-70,-166,-279,-0.013,-0.01063,0.99736,0.05954,0.13588,0.0145
10097,100983,1330,-132,12064,-71,-164,-286,-0.01116,-0.00953,0.99938,0.05191,0.15115,-0.03893
10098,100993,1342,-192,12126,-67,-176,-284,-0.01043,-0.01321,1.00307,0.08244,0.05954,-0.02366
10099,101003,1342,-172,12100,-86,-189,-290,-0.01043,-0.01198,1.00152,-0.0626,-0.03969,-0.06947
10100,101013,1328,-180,12050,-89,-201,-293,-0.01129,-0.01247,0.99855,-0.0855,-0.1313,-0.09237
10101,101023,1358,-150,12060,-85,-202,-290,-0.00944,-0.01063,0.99914,-0.05496,-0.13893,-0.06947
10102,101033,1326,-158,12030,-82,-196,-290,-0.01141,-0.01112,0.99736,-0.03206,-0.09313,-0.06947
10103,101043,1330,-192,12046,-68,-199,-279,-0.01116,-0.01321,0.99831,0.07481,-0.11603,0.0145
10104,101053,1334,-198,12028,-66,-196,-281,-0.01092,-0.01357,0.99724,0.09008,-0.09313,-0.00076
10105,101063,1366,-200,12094,-71,-199,-281,-0.00895,-0.0137,1.00116,0.05191,-0.11603,-0.00076
10106,101073,1306,-178,12050,-69,-195,-286,-0.01264,-0.01235,0.99855,0.06718,-0.0855,-0.03893
10107,101083,1328,-168,12130,-73,-196,-281,-0.01129,-0.01173,1.0033,0.03664,-0.09313,-0.00076
10108,101093,1338,-154,12100,-71,-193,-276,-0.01067,-0.01088,1.00152,0.05191,-0.07023,0.0374
10109,101103,1296,-156,12154,-72,-188,-275,-0.01325,-0.011,1.00473,0.04427,-0.03206,0.04504
10110,101113,1300,-164,12104,-77,-192,-271,-0.013,-0.01149,1.00176,0.00611,-0.0626,0.07557
10111,101123,1320,-216,12070,-75,-188,-275,-0.01178,-0.01468,0.99974,0.02137,-0.03206,0.04504
10112,101133,1310,-146,12106,-67,-189,-274,-0.01239,-0.01038,1.00188,0.08244,-0.03969,0.05267
10113,101143,1362,-154,12070,-62,-187,-272,-0.0092,-0.01088,0.99974,0.12061,-0.02443,0.06794
10114,101153,1304,-186,12026,-54,-176,-277,-0.01276,-0.01284,0.99712,0.18168,0.05954,0.02977
10115,101163,1386,-190,12064,-48,-187,-277,-0.00773,-0.01308,0.99938,0.22748,-0.02443,0.02977
10116,101173,1330,-134,12020,-59,-186,-277,-0.01116,-0.00965,0.99677,0.14351,-0.01679,0.02977
10117,101183,1316,-194,12082,-64,-186,-278,-0.01202,-0.01333,1.00045,0.10534,-0.01679,0.02214
10118,101193,1278,-198,12056,-70,-183,-275,-0.01435,-0.01357,0.99891,0.05954,0.00611,0.04504
10119,101203,1364,-212,12072,-78,-191,-282,-0.00908,-0.01443,0.99986,-0.00153,-0.05496,-0.0084
10120,101213,1320,-142,12088,-70,-192,-279,-0.01178,-0.01014,1.00081,0.05954,-0.0626,0.0145
10121,101223,1300,-208,12068,-66,-199,-274,-0.013,-0.01419,0.99962,0.09008,-0.11603,0.05267
10122,101233,1352,-172,12026,-64,-205,-273,-0.00981,-0.01198,0.99712,0.10534,-0.16183,0.06031
10123,101243,1296,-194,12078,-63,-191,-280,-0.01325,-0.01333,1.00021,0.11298,-0.05496,0.00687
10124,101253,1300,-184,12146,-81,-199,-280,-0.013,-0.01272,1.00425,-0.02443,-0.11603,0.00687
10125,101263,1308,-208,12068,-85,-200,-271,-0.01251,-0.01419,0.99962,-0.05496,-0.12366,0.07557
10126,101273,1322,-192,12106,-86,-206,-272,-0.01165,-0.01321,1.00188,-0.0626,-0.16947,0.06794
10127,101283,1400,-154,12090,-76,-209,-266,-0.00687,-0.01088,1.00093,0.01374,-0.19237,0.11374
10128,101293,1294,-210,12042,-71,-195,-265,-0.01337,-0.01431,0.99807,0.05191,-0.0855,0.12137
10129,101303,1352,-176,12074,-76,-202,-267,-0.00981,-0.01223,0.99998,0.01374,-0.13893,0.10611
10130,101313,1356,-154,12016,-74,-209,-268,-0.00957,-0.01088,0.99653,0.02901,-0.19237,0.09847
10131,101323,1324,-170,12072,-73,-212,-266,-0.01153,-0.01186,0.99986,0.03664,-0.21527,0.11374
10132,101333,1330,-194,12076,-69,-216,-260,-0.01116,-0.01333,1.0001,0.06718,-0.2458,0.15954
10133,101343,1342,-172,12062,-75,-220,-263,-0.01043,-0.01198,0.99926,0.02137,-0.27634,0.13664
10134,101353,1384,-212,12036,-67,-215,-268,-0.00785,-0.01443,0.99772,0.08244,-0.23817,0.09847
10135,101363,1350,-164,12046,-57,-205,-261,-0.00994,-0.01149,0.99831,0.15878,-0.16183,0.15191
10136,101373,1390,-162,12090,-60,-207,-256,-0.00748,-0.01137,1.00093,0.13588,-0.1771,0.19008
10137,101383,1350,-164,12114,-58,-210,-251,-0.00994,-0.01149,1.00235,0.15115,-0.2,0.22824
10138,101393,1354,-208,12078,-53,-218,-253,-0.00969,-0.01419,1.00021,0.18931,-0.26107,0.21298
10139,101403,1386,-186,12078,-51,-220,-251,-0.00773,-0.01284,1.00021,0.20458,-0.27634,0.22824
10140,101413,1356,-166,12042,-46,-211,-253,-0.00957,-0.01161,0.99807,0.24275,-0.20763,0.21298
10141,101423,1326,-156,12040,-53,-199,-246,-0.01141,-0.011,0.99796,0.18931,-0.11603,0.26641
10142,101433,1342,-150,12084,-60,-209,-251,-0.01043,-0.01063,1.00057,0.13588,-0.19237,0.22824
10143,101443,1342,-206,12150,-53,-200,-254,-0.01043,-0.01407,1.00449,0.18931,-0.12366,0.20534
10144,101453,1378,-204,12068,-57,-211,-248,-0.00822,-0.01394,0.99962,0.15878,-0.20763,0.25115
10145,101463,1370,-184,12052,-54,-196,-238,-0.00871,-0.01272,0.99867,0.18168,-0.09313,0.32748
10146,101473,1362,-224,12008,-56,-205,-241,-0.0092,-0.01517,0.99605,0.16641,-0.16183,0.30458
10147,101483,1396,-218,12122,-59,-208,-232,-0.00711,-0.0148,1.00283,0.14351,-0.18473,0.37328
10148,101493,1380,-174,12020,-60,-217,-236,-0.00809,-0.0121,0.99677,0.13588,-0.25344,0.34275
10149,101503,1378,-206,12058,-56,-227,-230,-0.00822,-0.01407,0.99903,0.16641,-0.32977,0.38855
10150,101513,1380,-236,12088,-53,-228,-227,-0.00809,-0.01591,1.00081,0.18931,-0.3374,0.41145
10151,101523,1390,-202,12068,-55,-215,-227,-0.00748,-0.01382,0.99962,0.17405,-0.23817,0.41145
10152,101533,1430,-208,12086,-47,-187,-226,-0.00503,-0.01419,1.00069,0.23511,-0.02443,0.41908
10153,101543,1374,-200,12086,-48,-178,-221,-0.00846,-0.0137,1.00069,0.22748,0.04427,0.45725
10154,101553,1330,-172,12030,-48,-189,-222,-0.01116,-0.01198,0.99736,0.22748,-0.03969,0.44962
10155,101563,1382,-170,12118,-44,-189,-223,-0.00797,-0.01186,1.00259,0.25802,-0.03969,0.44198
10156,101573,1388,-236,12056,-40,-188,-220,-0.0076,-0.01591,0.99891,0.28855,-0.03206,0.46489
10157,101583,1364,-200,12004,-41,-193,-221,-0.00908,-0.0137,0.99582,0.28092,-0.07023,0.45725
10158,101593,1406,-202,12148,-37,-185,-221,-0.0065,-0.01382,1.00437,0.31145,-0.00916,0.45725
10159,101603,1358,-198,12030,-42,-185,-223,-0.00944,-0.01357,0.99736,0.27328,-0.00916,0.44198
10160,101613,1362,-224,12072,-41,-184,-220,-0.0092,-0.01517,0.99986,0.28092,-0.00153,0.46489
10161,101623,1414,-218,12018,-45,-179,-226,-0.00601,-0.0148,0.99665,0.25038,0.03664,0.41908
10162,101633,1350,-212,11990,-46,-174,-225,-0.00994,-0.01443,0.99498,0.24275,0.07481,0.42672
10163,101643,1378,-200,12062,-53,-181,-222,-0.00822,-0.0137,0.99926,0.18931,0.02137,0.44962
10164,101653,1428,-184,12072,-50,-192,-222,-0.00515,-0.01272,0.99986,0.21221,-0.0626,0.44962
10165,101663,1372,-192,12114,-52,-207,-221,-0.00859,-0.01321,1.00235,0.19695,-0.1771,0.45725
10166,101673,1372,-200,12088,-47,-207,-220,-0.00859,-0.0137,1.00081,0.23511,-0.1771,0.46489
10167,101683,1390,-200,12116,-47,-202,-221,-0.00748,-0.0137,1.00247,0.23511,-0.13893,0.45725
10168,101693,1366,-220,12054,-56,-196,-223,-0.00895,-0.01492,0.99879,0.16641,-0.09313,0.44198
10169,101703,1340,-190,12060,-43,-186,-221,-0.01055,-0.01308,0.99914,0.26565,-0.01679,0.45725
10170,101713,1360,-210,12100,-44,-203,-218,-0.00932,-0.01431,1.00152,0.25802,-0.14656,0.48015
10171,101723,1438,-208,12022,-47,-198,-210,-0.00453,-0.01419,0.99689,0.23511,-0.1084,0.54122
10172,101733,1378,-228,12066,-37,-200,-211,-0.00822,-0.01541,0.9995,0.31145,-0.12366,0.53359
10173,101743,1406,-204,12030,-33,-190,-210,-0.0065,-0.01394,0.99736,0.34198,-0.04733,0.54122
10174,101753,1386,-214,12098,-29,-176,-212,-0.00773,-0.01456,1.0014,0.37252,0.05954,0.52595
10175,101763,1378,-202,12046,-30,-177,-218,-0.00822,-0.01382,0.99831,0.36489,0.05191,0.48015
10176,101773,1410,-210,12066,-24,-179,-219,-0.00625,-0.01431,0.9995,0.41069,0.03664,0.47252
10177,101783,1358,-180,12132,-28,-180,-216,-0.00944,-0.01247,1.00342,0.38015,0.02901,0.49542
10178,101793,1402,-190,12060,-34,-176,-212,-0.00674,-0.01308,0.99914,0.33435,0.05954,0.52595
10179,101803,1400,-174,12050,-33,-176,-221,-0.00687,-0.0121,0.99855,0.34198,0.05954,0.45725
10180,101813,1366,-192,12070,-37,-177,-227,-0.00895,-0.01321,0.99974,0.31145,0.05191,0.41145
10181,101823,1400,-194,12018,-38,-175,-226,-0.00687,-0.01333,0.99665,0.30382,0.06718,0.41908
10182,101833,1398,-158,12054,-49,-172,-226,-0.00699,-0.01112,0.99879,0.21985,0.09008,0.41908
10183,101843,1370,-200,12086,-41,-172,-225,-0.00871,-0.0137,1.00069,0.28092,0.09008,0.42672
10184,101853,1386,-188,12082,-44,-176,-226,-0.00773,-0.01296,1.00045,0.25802,0.05954,0.41908
10185,101863,1354,-222,12094,-46,-175,-226,-0.00969,-0.01505,1.00116,0.24275,0.06718,0.41908
10186,101873,1346,-176,12056,-45,-187,-219,-0.01018,-0.01223,0.99891,0.25038,-0.02443,0.47252
10187,101883,1360,-220,12056,-37,-178,-222,-0.00932,-0.01492,0.99891,0.31145,0.04427,0.44962
10188,101893,1400,-208,12072,-37,-186,-219,-0.00687,-0.01419,0.99986,0.31145,-0.01679,0.47252
10189,101903,1358,-200,12084,-37,-185,-222,-0.00944,-0.0137,1.00057,0.31145,-0.00916,0.44962
10190,101913,1386,-208,12098,-39,-184,-219,-0.00773,-0.01419,1.0014,0.29618,-0.00153,0.47252
10191,101923,1392,-214,12078,-35,-187,-218,-0.00736,-0.01456,1.00021,0.32672,-0.02443,0.48015
10192,101933,1416,-224,12086,-43,-186,-223,-0.00588,-0.01517,1.00069,0.26565,-0.01679,0.44198
10193,101943,1402,-224,12078,-44,-192,-225,-0.00674,-0.01517,1.00021,0.25802,-0.0626,0.42672
10194,101953,1350,-184,12038,-49,-189,-228,-0.00994,-0.01272,0.99784,0.21985,-0.03969,0.40382
10195,101963,1394,-206,12106,-45,-181,-230,-0.00724,-0.01407,1.00188,0.25038,0.02137,0.38855
10196,101973,1364,-216,12102,-50,-181,-228,-0.00908,-0.01468,1.00164,0.21221,0.02137,0.40382
10197,101983,1388,-186,12004,-48,-182,-232,-0.0076,-0.01284,0.99582,0.22748,0.01374,0.37328
10198,101993,1362,-186,12118,-48,-188,-230,-0.0092,-0.01284,1.00259,0.22748,-0.03206,0.38855
10199,102003,1336,-178,12084,-49,-197,-227,-0.01079,-0.01235,1.00057,0.21985,-0.10076,0.41145
10200,102013,1358,-178,12008,-54,-200,-222,-0.00944,-0.01235,0.99605,0.18168,-0.12366,0.44962
10201,102023,1386,-192,12102,-46,-200,-227,-0.00773,-0.01321,1.00164,0.24275,-0.12366,0.41145
10202,102033,1330,-230,12066,-37,-193,-225,-0.01116,-0.01554,0.9995,0.31145,-0.07023,0.42672
10203,102043,1396,-156,12068,-32,-193,-222,-0.00711,-0.011,0.99962,0.34962,-0.07023,0.44962
10204,102053,1376,-178,12096,-33,-186,-218,-0.00834,-0.01235,1.00128,0.34198,-0.01679,0.48015
10205,102063,1344,-176,12074,-41,-175,-222,-0.0103,-0.01223,0.99998,0.28092,0.06718,0.44962
10206,102073,1336,-202,12106,-46,-177,-221,-0.01079,-0.01382,1.00188,0.24275,0.05191,0.45725
10207,102083,1374,-192,12056,-56,-200,-224,-0.00846,-0.01321,0.99891,0.16641,-0.12366,0.43435
10208,102093,1408,-216,12082,-46,-197,-221,-0.00638,-0.01468,1.00045,0.24275,-0.10076,0.45725
10209,102103,1404,-160,12084,-74,-229,-221,-0.00662,-0.01124,1.00057,0.02901,-0.34504,0.45725
10210,102113,1386,-190,12034,-54,-202,-220,-0.00773,-0.01308,0.9976,0.18168,-0.13893,0.46489
10211,102123,1384,-202,12088,-39,-177,-217,-0.00785,-0.01382,1.00081,0.29618,0.05191,0.48779
10212,102133,1390,-130,11998,-38,-201,-215,-0.00748,-0.0094,0.99546,0.30382,-0.1313,0.50305
10213,102143,1376,-222,11994,-29,-210,-211,-0.00834,-0.01505,0.99522,0.37252,-0.2,0.53359
10214,102153,1376,-182,12092,-20,-203,-211,-0.00834,-0.01259,1.00105,0.44122,-0.14656,0.53359
10215,102163,1360,-200,12104,-26,-200,-212,-0.00932,-0.0137,1.00176,0.39542,-0.12366,0.52595
10216,102173,1390,-212,12100,-37,-197,-217,-0.00748,-0.01443,1.00152,0.31145,-0.10076,0.48779
10217,102183,1414,-210,12122,-37,-189,-218,-0.00601,-0.01431,1.00283,0.31145,-0.03969,0.48015
10218,102193,1422,-186,12050,-40,-202,-221,-0.00552,-0.01284,0.99855,0.28855,-0.13893,0.45725
10219,102203,1442,-186,12056,-44,-194,-215,-0.00429,-0.01284,0.99891,0.25802,-0.07786,0.50305
10220,102213,1390,-194,12042,-49,-197,-213,-0.00748,-0.01333,0.99807,0.21985,-0.10076,0.51832
10221,102223,1350,-172,12104,-40,-194,-215,-0.00994,-0.01198,1.00176,0.28855,-0.07786,0.50305
10222,102233,1366,-252,12012,-33,-206,-225,-0.00895,-0.01689,0.99629,0.34198,-0.16947,0.42672
10223,102243,1356,-240,12166,-35,-223,-225,-0.00957,-0.01615,1.00544,0.32672,-0.29924,0.42672
10224,102253,1358,-206,12106,-27,-300,-229,-0.00944,-0.01407,1.00188,0.38779,-0.88702,0.39618
10225,102263,1442,-208,12044,-38,-260,-243,-0.00429,-0.01419,0.99819,0.30382,-0.58168,0.28931
10226,102273,1406,-202,12038,-38,-244,-262,-0.0065,-0.01382,0.99784,0.30382,-0.45954,0.14427
10227,102283,1396,-188,12066,-23,-228,-281,-0.00711,-0.01296,0.9995,0.41832,-0.3374,-0.00076
10228,102293,1416,-226,12032,-22,-212,-289,-0.00588,-0.01529,0.99748,0.42595,-0.21527,-0.06183
10229,102303,1416,-156,12050,-29,-199,-285,-0.00588,-0.011,0.99855,0.37252,-0.11603,-0.0313
10230,102313,1422,-202,12118,-24,-243,-293,-0.00552,-0.01382,1.00259,0.41069,-0.45191,-0.09237
10231,102323,1398,-212,12042,-7,-283,-312,-0.00699,-0.01443,0.99807,0.54046,-0.75725,-0.2374
10232,102333,1396,-218,12036,-6,-304,-362,-0.00711,-0.0148,0.99772,0.54809,-0.91756,-0.61908
10233,102343,1414,-250,12026,10,-378,-509,-0.00601,-0.01676,0.99712,0.67023,-1.48244,-1.74122
10234,102353,1360,-174,12036,9,-419,-733,-0.00932,-0.0121,0.99772,0.6626,-1.79542,-3.45115
10235,102363,1444,-182,11972,5,-438,-744,-0.00417,-0.01259,0.99392,0.63206,-1.94046,-3.53511
10236,102373,1442,-160,12018,-27,-342,-681,-0.00429,-0.01124,0.99665,0.38779,-1.20763,-3.0542
10237,102383,1408,-200,12020,-46,-224,-566,-0.00638,-0.0137,0.99677,0.24275,-0.30687,-2.17634
10238,102393,1402,-182,12100,-71,-127,-476,-0.00674,-0.01259,1.00152,0.05191,0.43359,-1.48931
10239,102403,1436,-204,12122,-54,-171,-473,-0.00466,-0.01394,1.00283,0.18168,0.09771,-1.46641
10240,102413,1466,-290,12118,-37,-229,-576,-0.00282,-0.01922,1.00259,0.31145,-0.34504,-2.25267
10241,102423,1478,-246,12096,-7,-347,-838,-0.00208,-0.01652,1.00128,0.54046,-1.2458,-4.25267
10242,102433,1450,-252,12082,18,-475,-1125,-0.0038,-0.01689,1.00045,0.7313,-2.2229,-6.44351
10243,102443,1504,-454,12138,11,-561,-1540,-0.00048,-0.02928,1.00378,0.67786,-2.87939,-9.61145
10244,102453,1576,-628,12216,9,-630,-2368,0.00393,-0.03995,1.00841,0.6626,-3.40611,-15.93206
10245,102463,878,446,13488,223,-1447,-2999,-0.0389,0.02593,1.084,2.29618,-9.64275,-20.74886
10246,102473,1830,-296,11250,555,-5219,-563,0.01952,-0.01959,0.95101,4.83053,-38.43664,-2.15344
10247,102483,1668,-230,11986,-75,-3449,-850,0.00958,-0.01554,0.99475,0.02137,-24.92519,-4.34427
10248,102493,1708,-222,12060,-123,-2961,-1076,0.01203,-0.01505,0.99914,-0.34504,-21.2,-6.06947
10249,102503,1750,-218,12112,-207,-3373,-1149,0.01461,-0.0148,1.00223,-0.98626,-24.34504,-6.62672
10250,102513,1880,-134,11980,-202,-3815,-1235,0.02259,-0.00965,0.99439,-0.94809,-27.71908,-7.28321
10251,102523,1978,-124,12008,-178,-3721,-1226,0.0286,-0.00904,0.99605,-0.76489,-27.00153,-7.2145
10252,102533,2064,-220,11840,-156,-3473,-1174,0.03388,-0.01492,0.98607,-0.59695,-25.1084,-6.81756
10253,102543,2086,-178,11988,-141,-2590,-1177,0.03523,-0.01235,0.99487,-0.48244,-18.36794,-6.84046
10254,102553,2056,-150,12088,-113,-2045,-1146,0.03339,-0.01063,1.00081,-0.2687,-14.20763,-6.60382
10255,102563,1898,-8,12638,-97,-2112,-994,0.02369,-0.00192,1.03349,-0.14656,-14.71908,-5.44351
10256,102573,2078,-60,12320,23,-3784,-522,0.03474,-0.00511,1.01459,0.76947,-27.48244,-1.84046
10257,102583,2174,30,12186,82,-5838,-92,0.04063,0.00041,1.00663,1.21985,-43.16183,1.44198
10258,102593,2428,-140,12138,171,-7352,789,0.05622,-0.01002,1.00378,1.89924,-54.71909,8.16718
10259,102603,2614,-152,12032,195,-8079,1042,0.06763,-0.01075,0.99748,2.08244,-60.2687,10.09847
10260,102613,2838,-286,11862,161,-8341,837,0.08138,-0.01897,0.98738,1.8229,-62.2687,8.53359
10261,102623,2956,-276,12120,85,-8183,518,0.08862,-0.01836,1.00271,1.24275,-61.0626,6.09847
10262,102633,3206,-214,11970,20,-8858,98,0.10396,-0.01456,0.9938,0.74656,-66.21527,2.89237
10263,102643,3366,-180,12270,-13,-9510,-215,0.11378,-0.01247,1.01162,0.49466,-71.19237,0.50305
10264,102653,3648,-162,11888,12,-10771,-359,0.13108,-0.01137,0.98892,0.6855,-80.81832,-0.59618
10265,102663,3980,-176,11372,-24,-10953,-484,0.15146,-0.01223,0.95826,0.41069,-82.20763,-1.55038
10266,102673,4098,-196,11634,-94,-9309,-540,0.1587,-0.01345,0.97383,-0.12366,-69.65802,-1.97786
10267,102683,4192,-202,11682,-91,-8365,-577,0.16447,-0.01382,0.97668,-0.10076,-62.45191,-2.26031
10268,102693,4422,-202,11324,-76,-7816,-587,0.17858,-0.01382,0.95541,0.01374,-58.26107,-2.33664
10269,102703,4576,-144,11274,-92,-6532,-604,0.18803,-0.01026,0.95244,-0.1084,-48.45955,-2.46641
10270,102713,4524,-186,11956,-114,-5339,-660,0.18484,-0.01284,0.99296,-0.27634,-39.35267,-2.89389
10271,102723,4724,-156,12388,-69,-7696,-839,0.19711,-0.011,1.01863,0.06718,-57.34504,-4.2603
10272,102733,4970,-118,11700,-31,-10367,-949,0.21221,-0.00867,0.97775,0.35725,-77.73435,-5.1
10273,102743,5298,-86,11450,-84,-11503,-955,0.23234,-0.0067,0.9629,-0.04733,-86.40611,-5.1458
10274,102753,5586,-78,11146,-167,-11145,-871,0.25001,-0.00621,0.94483,-0.68092,-83.67329,-4.50458
10275,102763,5778,-96,10892,-242,-9648,-727,0.26179,-0.00732,0.92974,-1.25344,-72.2458,-3.40534
10276,102773,5872,-84,11094,-234,-7338,-562,0.26756,-0.00658,0.94175,-1.19237,-54.61222,-2.1458
10277,102783,6062,-116,11094,-182,-6223,-485,0.27922,-0.00854,0.94175,-0.79542,-46.10077,-1.55802
10278,102793,6180,-128,10872,-162,-5096,-447,0.28646,-0.00928,0.92855,-0.64275,-37.49771,-1.26794
10279,102803,6242,-160,11256,-150,-3467,-404,0.29027,-0.01124,0.95137,-0.55115,-25.0626,-0.93969
10280,102813,6276,-218,11198,-137,-2933,-397,0.29235,-0.0148,0.94792,-0.45191,-20.98626,-0.88626
10281,102823,6258,-188,11370,-139,-2511,-403,0.29125,-0.01296,0.95814,-0.46718,-17.76488,-0.93206
10282,102833,6308,-214,11572,-109,-3021,-416,0.29432,-0.01456,0.97015,-0.23817,-21.65801,-1.0313
10283,102843,6416,-184,11350,-102,-4599,-455,0.30094,-0.01272,0.95696,-0.18473,-33.70382,-1.32901
10284,102853,6524,-164,11268,-118,-5439,-483,0.30757,-0.01149,0.95208,-0.30687,-40.11603,-1.54275
10285,102863,6628,-160,11356,-103,-5720,-491,0.31395,-0.01124,0.95731,-0.19237,-42.26107,-1.60382
10286,102873,6748,-142,11236,-98,-6280,-498,0.32132,-0.01014,0.95018,-0.1542,-46.53588,-1.65725
10287,102883,6918,-124,11010,-86,-6898,-520,0.33175,-0.00904,0.93675,-0.0626,-51.25344,-1.82519
10288,102893,7070,-128,10798,-80,-7004,-500,0.34108,-0.00928,0.92416,-0.01679,-52.0626,-1.67252
10289,102903,7204,-160,10848,-127,-6307,-475,0.3493,-0.01124,0.92713,-0.37557,-46.74199,-1.48168
10290,102913,7352,-142,10516,-142,-5355,-455,0.35838,-0.01014,0.9074,-0.49008,-39.47481,-1.32901
10291,102923,7342,-112,10736,-134,-3816,-423,0.35777,-0.0083,0.92047,-0.42901,-27.72672,-1.08473
10292,102933,7412,-120,10536,-133,-2771,-392,0.36206,-0.00879,0.90859,-0.42137,-19.74962,-0.84809
10293,102943,7340,-170,11038,-124,-1562,-373,0.35765,-0.01186,0.93842,-0.35267,-10.52061,-0.70305
10294,102953,7450,-178,10774,-72,-1593,-386,0.3644,-0.01235,0.92273,0.04427,-10.75725,-0.80229
10295,102963,7492,-210,10786,-57,-1472,-403,0.36697,-0.01431,0.92344,0.15878,-9.83359,-0.93206
10296,102973,7490,-178,10850,-51,-1274,-419,0.36685,-0.01235,0.92725,0.20458,-8.32214,-1.0542
10297,102983,7486,-180,10922,-44,-1201,-420,0.36661,-0.01247,0.93152,0.25802,-7.76489,-1.06183
10298,102993,7480,-174,11106,-76,-1476,-415,0.36624,-0.0121,0.94246,0.01374,-9.86412,-1.02366
10299,103003,7628,-158,10776,-118,-2438,-424,0.37532,-0.01112,0.92285,-0.30687,-17.20763,-1.09237
10300,103013,7650,-176,10884,-129,-2546,-433,0.37667,-0.01223,0.92927,-0.39084,-18.03206,-1.16107
10301,103023,7670,-212,10826,-163,-2988,-461,0.3779,-0.01443,0.92582,-0.65038,-21.40611,-1.37481
10302,103033,7712,-218,10758,-156,-3488,-489,0.38047,-0.0148,0.92178,-0.59695,-25.2229,-1.58855
10303,103043,7866,-168,10612,-119,-3764,-500,0.38992,-0.01173,0.9131,-0.3145,-27.32977,-1.67252
10304,103053,7852,-130,10740,-103,-3491,-516,0.38907,-0.0094,0.92071,-0.19237,-25.2458,-1.79466
10305,103063,8004,-160,10526,-72,-3660,-542,0.39839,-0.01124,0.90799,0.04427,-26.53588,-1.99313
10306,103073,8076,-124,10316,-70,-3099,-536,0.40281,-0.00904,0.89552,0.05954,-22.25344,-1.94733
10307,103083,7998,-134,10566,-74,-1877,-496,0.39803,-0.00965,0.91037,0.02901,-12.92519,-1.64198
10308,103093,8022,-118,10818,-103,-1658,-462,0.3995,-0.00867,0.92535,-0.19237,-11.25344,-1.38244
10309,103103,8094,-174,10480,-105,-2248,-444,0.40392,-0.0121,0.90526,-0.20763,-15.75725,-1.24504
10310,103113,8120,-126,10578,-105,-1995,-402,0.40551,-0.00916,0.91108,-0.20763,-13.82595,-0.92443
10311,103123,8204,-142,10672,-105,-1705,-376,0.41067,-0.01014,0.91667,-0.20763,-11.61221,-0.72595
10312,103133,8236,-140,10492,-72,-2023,-383,0.41263,-0.01002,0.90597,0.04427,-14.03969,-0.77939
10313,103143,8300,-176,10358,-55,-1882,-389,0.41656,-0.01223,0.89801,0.17405,-12.96336,-0.82519
10314,103153,8308,-172,10400,-44,-1287,-382,0.41705,-0.01198,0.90051,0.25802,-8.42137,-0.77176
10315,103163,8352,-208,10290,-24,-938,-374,0.41975,-0.01419,0.89397,0.41069,-5.75725,-0.71069
10316,103173,8332,-162,10324,-55,-254,-367,0.41852,-0.01137,0.89599,0.17405,-0.53588,-0.65725
10317,103183,8236,-192,10546,-86,423,-347,0.41263,-0.01321,0.90918,-0.0626,4.63206,-0.50458
10318,103193,8262,-136,10452,-148,360,-350,0.41423,-0.00977,0.9036,-0.53588,4.15114,-0.52748
10319,103203,8188,-158,10660,-134,215,-357,0.40968,-0.01112,0.91596,-0.42901,3.04427,-0.58092
10320,103213,8208,-180,10582,-97,-370,-369,0.41091,-0.01247,0.91132,-0.14656,-1.42137,-0.67252
10321,103223,8206,-138,10646,-83,-551,-372,0.41079,-0.00989,0.91513,-0.03969,-2.80305,-0.69542
10322,103233,8248,-182,10530,-36,-1085,-378,0.41337,-0.01259,0.90823,0.31908,-6.87939,-0.74122
10323,103243,8256,-156,10476,-32,-1204,-381,0.41386,-0.011,0.90502,0.34962,-7.78779,-0.76412
10324,103253,8250,-96,10548,-30,-1408,-386,0.41349,-0.00732,0.9093,0.36489,-9.34504,-0.80229
10325,103263,8350,-112,10442,-53,-2061,-402,0.41963,-0.0083,0.903,0.18931,-14.32977,-0.92443
10326,103273,8296,-136,10620,-61,-2105,-399,0.41631,-0.00977,0.91358,0.12824,-14.66565,-0.90153
10327,103283,8448,-108,10428,-66,-2549,-414,0.42564,-0.00805,0.90217,0.09008,-18.05496,-1.01603
10328,103293,8448,-168,10190,-97,-2324,-429,0.42564,-0.01173,0.88803,-0.14656,-16.3374,-1.13053
10329,103303,8550,-148,10122,-115,-1595,-425,0.4319,-0.01051,0.88399,-0.28397,-10.77252,-1.1
10330,103313,8548,-194,10252,-135,-495,-401,0.43178,-0.01333,0.89171,-0.43664,-2.37557,-0.91679
10331,103323,8532,-172,10256,-132,345,-391,0.43079,-0.01198,0.89195,-0.41374,4.03664,-0.84046
10332,103333,8502,-172,10284,-123,897,-372,0.42895,-0.01198,0.89362,-0.34504,8.25038,-0.69542
10333,103343,8426,-140,10294,-113,1270,-364,0.42429,-0.01002,0.89421,-0.2687,11.09771,-0.63435
10334,103353,8434,-132,10244,-111,1699,-374,0.42478,-0.00953,0.89124,-0.25344,14.37252,-0.71069
10335,103363,8346,-178,10616,-120,2153,-365,0.41938,-0.01235,0.91334,-0.32214,17.83817,-0.64198
10336,103373,8284,-156,10572,-135,690,-396,0.41558,-0.011,0.91073,-0.43664,6.67023,-0.87863
10337,103383,8198,-168,10876,-116,85,-405,0.4103,-0.01173,0.92879,-0.2916,2.05191,-0.94733
10338,103393,8338,-116,10398,-75,-1177,-417,0.41889,-0.00854,0.90039,0.02137,-7.58168,-1.03893
10339,103403,8310,-132,10438,-65,-1287,-413,0.41717,-0.00953,0.90277,0.09771,-8.42137,-1.0084
10340,103413,8402,-150,10422,-70,-991,-400,0.42282,-0.01063,0.90182,0.05954,-6.16183,-0.90916
10341,103423,8348,-108,10316,-75,-623,-381,0.4195,-0.00805,0.89552,0.02137,-3.35267,-0.76412
10342,103433,8348,-178,10304,-71,-268,-368,0.4195,-0.01235,0.8948,0.05191,-0.64275,-0.66489
10343,103443,8378,-182,10398,-85,229,-351,0.42134,-0.01259,0.90039,-0.05496,3.15114,-0.53511
10344,103453,8362,-138,10420,-93,692,-350,0.42036,-0.00989,0.9017,-0.11603,6.6855,-0.52748
10345,103463,8300,-152,10654,-119,951,-352,0.41656,-0.01075,0.9156,-0.3145,8.6626,-0.54275
10346,103473,8300,-168,10626,-114,860,-375,0.41656,-0.01173,0.91394,-0.27634,7.96794,-0.71832
10347,103483,8284,-136,10452,-103,632,-392,0.41558,-0.00977,0.9036,-0.19237,6.22748,-0.84809
10348,103493,8314,-154,10490,-110,492,-403,0.41742,-0.01088,0.90586,-0.2458,5.15878,-0.93206
10349,103503,8248,-144,10442,-116,489,-411,0.41337,-0.01026,0.903,-0.2916,5.13588,-0.99313
10350,103513,8234,-168,10482,-106,480,-399,0.41251,-0.01173,0.90538,-0.21527,5.06718,-0.90153
10351,103523,8228,-200,10360,-94,621,-381,0.41214,-0.0137,0.89813,-0.12366,6.14351,-0.76412
10352,103533,8220,-144,10426,-73,1117,-362,0.41165,-0.01026,0.90205,0.03664,9.92977,-0.61908
10353,103543,8150,-138,10508,-82,1506,-335,0.40735,-0.00989,0.90693,-0.03206,12.89924,-0.41298
10354,103553,8096,-152,10598,-90,1556,-331,0.40404,-0.01075,0.91227,-0.09313,13.28092,-0.38244
10355,103563,8120,-154,10582,-87,1236,-333,0.40551,-0.01088,0.91132,-0.07023,10.83817,-0.39771
10356,103573,8058,-136,10864,-89,1013,-337,0.40171,-0.00977,0.92808,-0.0855,9.13588,-0.42824
10357,103583,8054,-204,10700,-86,251,-340,0.40146,-0.01394,0.91833,-0.0626,3.31908,-0.45115
10358,103593,8042,-148,10574,-60,-261,-355,0.40073,-0.01051,0.91085,0.13588,-0.58931,-0.56565
10359,103603,8032,-150,10652,-58,-354,-362,0.40011,-0.01063,0.91548,0.15115,-1.29924,-0.61908
10360,103613,8124,-156,10550,-72,-457,-374,0.40576,-0.011,0.90942,0.04427,-2.0855,-0.71069
10361,103623,8120,-132,10474,-91,-292,-370,0.40551,-0.00953,0.90491,-0.10076,-0.82595,-0.68015
10362,103633,8102,-126,10468,-99,210,-359,0.40441,-0.00916,0.90455,-0.16183,3.00611,-0.59618
10363,103643,8094,-146,10558,-98,694,-341,0.40392,-0.01038,0.9099,-0.1542,6.70076,-0.45878
10364,103653,7992,-134,10642,-88,826,-337,0.39766,-0.00965,0.91489,-0.07786,7.7084,-0.42824
10365,103663,7994,-202,10640,-75,799,-333,0.39778,-0.01382,0.91477,0.02137,7.50229,-0.39771
10366,103673,7972,-168,10726,-78,380,-351,0.39643,-0.01173,0.91988,-0.00153,4.30382,-0.53511
10367,103683,7946,-188,10786,-81,-113,-368,0.39483,-0.01296,0.92344,-0.02443,0.54046,-0.66489
10368,103693,8004,-138,10664,-72,-664,-381,0.39839,-0.00989,0.91619,0.04427,-3.66565,-0.76412
10369,103703,8048,-138,10578,-74,-1006,-391,0.40109,-0.00989,0.91108,0.02901,-6.27634,-0.84046
10370,103713,8088,-126,10502,-81,-716,-395,0.40355,-0.00916,0.90657,-0.02443,-4.0626,-0.87099
10371,103723,8002,-152,10654,-90,-198,-379,0.39827,-0.01075,0.9156,-0.09313,-0.1084,-0.74885
10372,103733,8040,-154,10660,-92,-236,-376,0.4006,-0.01088,0.91596,-0.1084,-0.39847,-0.72595
10373,103743,8060,-158,10654,-88,-402,-377,0.40183,-0.01112,0.9156,-0.07786,-1.66565,-0.73359
10374,103753,8070,-178,10626,-93,-275,-383,0.40244,-0.01235,0.91394,-0.11603,-0.69618,-0.77939
10375,103763,8044,-194,10474,-87,-90,-387,0.40085,-0.01333,0.90491,-0.07023,0.71603,-0.80992
10376,103773,8022,-90,10588,-94,92,-378,0.3995,-0.00695,0.91168,-0.12366,2.10534,-0.74122
10377,103783,8010,-154,10610,-111,207,-378,0.39876,-0.01088,0.91299,-0.25344,2.98321,-0.74122
10378,103793,8002,-158,10628,-116,173,-383,0.39827,-0.01112,0.91406,-0.2916,2.72366,-0.77939
10379,103803,7982,-114,10542,-104,72,-383,0.39704,-0.00842,0.90895,-0.2,1.95267,-0.77939
10380,103813,8010,-122,10572,-95,118,-383,0.39876,-0.00891,0.91073,-0.1313,2.30382,-0.77939
10381,103823,8042,-164,10588,-97,240,-367,0.40073,-0.01149,0.91168,-0.14656,3.23511,-0.65725
10382,103833,8030,-134,10564,-90,375,-343,0.39999,-0.00965,0.91025,-0.09313,4.26565,-0.47405
10383,103843,7992,-154,10622,-79,487,-333,0.39766,-0.01088,0.9137,-0.00916,5.12061,-0.39771
10384,103853,7968,-126,10594,-70,530,-340,0.39618,-0.00916,0.91204,0.05954,5.44885,-0.45115
10385,103863,7944,-124,10710,-71,560,-334,0.39471,-0.00904,0.91893,0.05191,5.67786,-0.40534
10386,103873,7964,-188,10634,-71,287,-347,0.39594,-0.01296,0.91441,0.05191,3.59389,-0.50458
10387,103883,7924,-204,10666,-85,98,-355,0.39348,-0.01394,0.91631,-0.05496,2.15114,-0.56565
10388,103893,7910,-182,10762,-90,98,-371,0.39263,-0.01259,0.92202,-0.09313,2.15114,-0.68779
10389,103903,7932,-112,10542,-101,-36,-400,0.39398,-0.0083,0.90895,-0.1771,1.12824,-0.90916
10390,103913,7898,-158,10718,-95,273,-398,0.39189,-0.01112,0.9194,-0.1313,3.48702,-0.89389
10391,103923,7868,-140,10770,-94,244,-391,0.39005,-0.01002,0.92249,-0.12366,3.26565,-0.84046
10392,103933,7932,-154,10626,-105,-59,-394,0.39398,-0.01088,0.91394,-0.20763,0.95267,-0.86336
10393,103943,7926,-102,10602,-99,-28,-380,0.39361,-0.00769,0.91251,-0.16183,1.18931,-0.75649
10394,103953,7898,-154,10596,-92,208,-365,0.39189,-0.01088,0.91215,-0.1084,2.99084,-0.64198
10395,103963,7886,-176,10632,-79,387,-354,0.39115,-0.01223,0.91429,-0.00916,4.35725,-0.55802
10396,103973,7834,-158,10670,-72,418,-335,0.38796,-0.01112,0.91655,0.04427,4.59389,-0.41298
10397,103983,7882,-178,10736,-63,506,-330,0.39091,-0.01235,0.92047,0.11298,5.26565,-0.37481
10398,103993,7824,-214,10772,-83,322,-329,0.38735,-0.01456,0.92261,-0.03969,3.86107,-0.36718
10399,104003,7848,-148,10726,-122,-333,-356,0.38882,-0.01051,0.91988,-0.3374,-1.13893,-0.57328
10400,104013,7824,-172,10668,-114,-491,-364,0.38735,-0.01198,0.91643,-0.27634,-2.34504,-0.63435
10401,104023,7854,-146,10558,-97,-406,-364,0.38919,-0.01038,0.9099,-0.14656,-1.69618,-0.63435
10402,104033,7878,-158,10596,-89,-78,-370,0.39066,-0.01112,0.91215,-0.0855,0.80763,-0.68015
10403,104043,7872,-164,10606,-81,315,-367,0.39029,-0.01149,0.91275,-0.02443,3.80763,-0.65725
10404,104053,7844,-154,10624,-79,688,-360,0.38857,-0.01088,0.91382,-0.00916,6.65496,-0.60382
10405,104063,7796,-170,10774,-79,1035,-347,0.38563,-0.01186,0.92273,-0.00916,9.30382,-0.50458
10406,104073,7698,-152,10816,-95,791,-346,0.37962,-0.01075,0.92523,-0.1313,7.44122,-0.49695
10407,104083,7746,-172,10806,-91,249,-351,0.38256,-0.01198,0.92463,-0.10076,3.30382,-0.53511
10408,104093,7766,-132,10768,-97,-200,-364,0.38379,-0.00953,0.92237,-0.14656,-0.12366,-0.63435
10409,104103,7850,-194,10654,-101,-389,-368,0.38894,-0.01333,0.9156,-0.1771,-1.56641,-0.66489
10410,104113,7778,-152,10700,-98,-195,-368,0.38452,-0.01075,0.91833,-0.1542,-0.0855,-0.66489
10411,104123,7796,-152,10660,-97,-101,-358,0.38563,-0.01075,0.91596,-0.14656,0.63206,-0.58855
10412,104133,7756,-172,10764,-85,240,-345,0.38317,-0.01198,0.92214,-0.05496,3.23511,-0.48931
10413,104143,7738,-170,10702,-90,146,-356,0.38207,-0.01186,0.91845,-0.09313,2.51756,-0.57328
10414,104153,7766,-194,10772,-100,-100,-367,0.38379,-0.01333,0.92261,-0.16947,0.63969,-0.65725
10415,104163,7736,-196,10682,-91,-444,-378,0.38195,-0.01345,0.91726,-0.10076,-1.98626,-0.74122
10416,104173,7820,-170,10670,-87,-285,-394,0.3871,-0.01186,0.91655,-0.07023,-0.77252,-0.86336
10417,104183,7742,-170,10712,-88,24,-383,0.38232,-0.01186,0.91905,-0.07786,1.58626,-0.77939
10418,104193,7728,-176,10738,-84,70,-369,0.38146,-0.01223,0.92059,-0.04733,1.9374,-0.67252
10419,104203,7748,-170,10686,-82,45,-363,0.38268,-0.01186,0.9175,-0.03206,1.74656,-0.62672
10420,104213,7720,-134,10750,-86,40,-356,0.38097,-0.00965,0.9213,-0.0626,1.7084,-0.57328
10421,104223,7788,-172,10664,-101,-303,-360,0.38514,-0.01198,0.91619,-0.1771,-0.90992,-0.60382
10422,104233,7830,-144,10680,-100,-225,-351,0.38772,-0.01026,0.91715,-0.16947,-0.3145,-0.53511
10423,104243,7766,-150,10594,-89,111,-342,0.38379,-0.01063,0.91204,-0.0855,2.25038,-0.46641
10424,104253,7688,-128,10846,-87,482,-336,0.379,-0.00928,0.92701,-0.07023,5.08244,-0.42061
10425,104263,7690,-182,10816,-91,250,-347,0.37912,-0.01259,0.92523,-0.10076,3.31145,-0.50458
10426,104273,7676,-146,10822,-78,-65,-364,0.37827,-0.01038,0.92558,-0.00153,0.90687,-0.63435
10427,104283,7722,-126,10774,-85,-534,-389,0.38109,-0.00916,0.92273,-0.05496,-2.67328,-0.82519
10428,104293,7762,-186,10678,-96,-761,-401,0.38354,-0.01284,0.91703,-0.13893,-4.40611,-0.91679
10429,104303,7738,-114,10658,-93,-547,-402,0.38207,-0.00842,0.91584,-0.11603,-2.77252,-0.92443
10430,104313,7716,-158,10714,-82,-256,-388,0.38072,-0.01112,0.91917,-0.03206,-0.55115,-0.81756
10431,104323,7704,-178,10686,-82,-240,-382,0.37998,-0.01235,0.9175,-0.03206,-0.42901,-0.77176
10432,104333,7778,-172,10654,-97,-254,-388,0.38452,-0.01198,0.9156,-0.14656,-0.53588,-0.81756
10433,104343,7728,-150,10728,-94,18,-381,0.38146,-0.01063,0.92,-0.12366,1.54046,-0.76412
10434,104353,7698,-116,10900,-87,235,-367,0.37962,-0.00854,0.93022,-0.07023,3.19695,-0.65725
10435,104363,7750,-160,10780,-98,-109,-368,0.38281,-0.01124,0.92309,-0.1542,0.57099,-0.66489
10436,104373,7754,-174,10732,-106,-396,-375,0.38305,-0.0121,0.92024,-0.21527,-1.61985,-0.71832
10437,104383,7720,-160,10634,-112,-216,-379,0.38097,-0.01124,0.91441,-0.26107,-0.2458,-0.74885
10438,104393,7716,-152,10756,-121,-3,-375,0.38072,-0.01075,0.92166,-0.32977,1.38015,-0.71832
10439,104403,7712,-146,10746,-110,94,-370,0.38047,-0.01038,0.92107,-0.2458,2.12061,-0.68015
10440,104413,7712,-130,10722,-92,242,-363,0.38047,-0.0094,0.91964,-0.1084,3.25038,-0.62672
10441,104423,7698,-152,10802,-78,415,-358,0.37962,-0.01075,0.92439,-0.00153,4.57099,-0.58855
10442,104433,7708,-158,10880,-82,503,-363,0.38023,-0.01112,0.92903,-0.03206,5.24275,-0.62672
10443,104443,7666,-184,10782,-98,167,-372,0.37765,-0.01272,0.92321,-0.1542,2.67786,-0.69542
10444,104453,7690,-122,10752,-108,40,-368,0.37912,-0.00891,0.92142,-0.23053,1.7084,-0.66489
10445,104463,7656,-114,10796,-106,-105,-361,0.37704,-0.00842,0.92404,-0.21527,0.60153,-0.61145
10446,104473,7608,-150,10750,-97,-226,-364,0.37409,-0.01063,0.9213,-0.14656,-0.32214,-0.63435
10447,104483,7646,-168,10698,-90,-244,-364,0.37642,-0.01173,0.91822,-0.09313,-0.45954,-0.63435
10448,104493,7690,-102,10742,-84,-86,-379,0.37912,-0.00769,0.92083,-0.04733,0.74656,-0.74885
10449,104503,7674,-144,10818,-85,-32,-393,0.37814,-0.01026,0.92535,-0.05496,1.15878,-0.85573
10450,104513,7684,-174,10734,-90,-92,-388,0.37876,-0.0121,0.92035,-0.09313,0.70076,-0.81756
10451,104523,7704,-104,10710,-93,-37,-385,0.37998,-0.00781,0.91893,-0.11603,1.12061,-0.79466
10452,104533,7680,-160,10784,-101,62,-380,0.37851,-0.01124,0.92333,-0.1771,1.87634,-0.75649
10453,104543,7606,-124,10826,-112,184,-376,0.37397,-0.00904,0.92582,-0.26107,2.80763,-0.72595
10454,104553,7622,-126,10766,-105,148,-381,0.37495,-0.00916,0.92226,-0.20763,2.53282,-0.76412
10455,104563,7620,-126,10790,-105,65,-384,0.37483,-0.00916,0.92368,-0.20763,1.89924,-0.78702
10456,104573,7620,-174,10826,-111,-172,-385,0.37483,-0.0121,0.92582,-0.25344,0.09008,-0.79466
10457,104583,7670,-158,10748,-105,-510,-376,0.3779,-0.01112,0.92119,-0.20763,-2.49008,-0.72595
10458,104593,7672,-142,10744,-91,-435,-375,0.37802,-0.01014,0.92095,-0.10076,-1.91756,-0.71832
10459,104603,7638,-158,10778,-81,-204,-366,0.37593,-0.01112,0.92297,-0.02443,-0.1542,-0.64962
10460,104613,7626,-142,10632,-83,-50,-356,0.3752,-0.01014,0.91429,-0.03969,1.02137,-0.57328
10461,104623,7632,-138,10820,-83,144,-357,0.37557,-0.00989,0.92546,-0.03969,2.50229,-0.58092
10462,104633,7628,-132,10740,-79,340,-351,0.37532,-0.00953,0.92071,-0.00916,3.99847,-0.53511
10463,104643,7590,-166,10812,-92,389,-353,0.37299,-0.01161,0.92499,-0.1084,4.37252,-0.55038
10464,104653,7632,-146,10706,-117,-142,-368,0.37557,-0.01038,0.91869,-0.29924,0.31908,-0.66489
10465,104663,7614,-186,10698,-112,-84,-373,0.37446,-0.01284,0.91822,-0.26107,0.76183,-0.70305
10466,104673,7578,-162,10804,-101,186,-352,0.37225,-0.01137,0.92451,-0.1771,2.8229,-0.54275
10467,104683,7562,-172,10794,-84,265,-348,0.37127,-0.01198,0.92392,-0.04733,3.42595,-0.51221
10468,104693,7540,-118,10820,-76,177,-346,0.36992,-0.00867,0.92546,0.01374,2.7542,-0.49695
10469,104703,7546,-172,10780,-91,58,-350,0.37029,-0.01198,0.92309,-0.10076,1.8458,-0.52748
10470,104713,7582,-112,10792,-90,-123,-361,0.3725,-0.0083,0.9238,-0.09313,0.46412,-0.61145
10471,104723,7544,-146,10890,-96,-230,-373,0.37017,-0.01038,0.92962,-0.13893,-0.35267,-0.70305
10472,104733,7608,-122,10774,-93,-571,-378,0.37409,-0.00891,0.92273,-0.11603,-2.95573,-0.74122
10473,104743,7582,-164,10738,-82,-618,-377,0.3725,-0.01149,0.92059,-0.03206,-3.3145,-0.73359
10474,104753,7600,-150,10676,-78,-441,-366,0.3736,-0.01063,0.91691,-0.00153,-1.96336,-0.64962
10475,104763,7614,-166,10716,-75,-28,-358,0.37446,-0.01161,0.91928,0.02137,1.18931,-0.58855
10476,104773,7626,-174,10894,-87,342,-352,0.3752,-0.0121,0.92986,-0.07023,4.01374,-0.54275
10477,104783,7610,-182,10842,-95,249,-348,0.37422,-0.01259,0.92677,-0.1313,3.30382,-0.51221
10478,104793,7556,-136,10816,-92,276,-345,0.3709,-0.00977,0.92523,-0.1084,3.50992,-0.48931
10479,104803,7568,-136,10828,-92,372,-349,0.37164,-0.00977,0.92594,-0.1084,4.24275,-0.51985
10480,104813,7472,-126,10838,-96,204,-355,0.36575,-0.00916,0.92653,-0.13893,2.96031,-0.56565
10481,104823,7534,-200,10856,-108,-223,-367,0.36955,-0.0137,0.9276,-0.23053,-0.29924,-0.65725
10482,104833,7554,-138,10732,-99,-471,-370,0.37078,-0.00989,0.92024,-0.16183,-2.19237,-0.68015
10483,104843,7594,-142,10694,-93,-445,-371,0.37323,-0.01014,0.91798,-0.11603,-1.99389,-0.68779
10484,104853,7572,-154,10696,-85,-82,-354,0.37188,-0.01088,0.9181,-0.05496,0.7771,-0.55802
10485,104863,7572,-138,10818,-86,140,-345,0.37188,-0.00989,0.92535,-0.0626,2.47176,-0.48931
10486,104873,7580,-166,10750,-84,199,-352,0.37237,-0.01161,0.9213,-0.04733,2.92214,-0.54275
10487,104883,7542,-178,10856,-93,331,-357,0.37004,-0.01235,0.9276,-0.11603,3.92977,-0.58092
10488,104893,7512,-146,10828,-91,486,-352,0.3682,-0.01038,0.92594,-0.10076,5.11298,-0.54275
10489,104903,7510,-150,10880,-95,426,-349,0.36808,-0.01063,0.92903,-0.1313,4.65496,-0.51985
10490,104913,7464,-150,10842,-97,123,-362,0.36526,-0.01063,0.92677,-0.14656,2.34198,-0.61908
10491,104923,7492,-142,10842,-93,61,-361,0.36697,-0.01014,0.92677,-0.11603,1.8687,-0.61145
10492,104933,7468,-164,10822,-91,99,-353,0.3655,-0.01149,0.92558,-0.10076,2.15878,-0.55038
10493,104943,7450,-118,10886,-93,131,-354,0.3644,-0.00867,0.92939,-0.11603,2.40305,-0.55802
10494,104953,7498,-164,10872,-92,23,-352,0.36734,-0.01149,0.92855,-0.1084,1.57863,-0.54275
10495,104963,7478,-142,10774,-91,-103,-355,0.36612,-0.01014,0.92273,-0.10076,0.61679,-0.56565
10496,104973,7438,-130,10836,-87,-203,-362,0.36366,-0.0094,0.92641,-0.07023,-0.14656,-0.61908
10497,104983,7488,-142,10802,-98,-211,-364,0.36673,-0.01014,0.92439,-0.1542,-0.20763,-0.63435
10498,104993,7470,-174,10744,-96,-33,-363,0.36562,-0.0121,0.92095,-0.13893,1.15115,-0.62672
10499,105003,7484,-124,10814,-94,161,-364,0.36648,-0.00904,0.92511,-0.12366,2.63206,-0.63435
10500,105013,7486,-120,10800,-96,264,-361,0.36661,-0.00879,0.92428,-0.13893,3.41832,-0.61145
10501,105023,7430,-150,10818,-101,381,-356,0.36317,-0.01063,0.92535,-0.1771,4.31145,-0.57328
10502,105033,7384,-158,10828,-90,390,-352,0.36035,-0.01112,0.92594,-0.09313,4.38015,-0.54275
10503,105043,7426,-126,10742,-84,447,-342,0.36292,-0.00916,0.92083,-0.04733,4.81527,-0.46641
10504,105053,7368,-138,10956,-85,627,-340,0.35936,-0.00989,0.93355,-0.05496,6.18931,-0.45115
10505,105063,7450,-162,10794,-89,414,-343,0.3644,-0.01137,0.92392,-0.0855,4.56336,-0.47405
10506,105073,7326,-166,10892,-89,559,-338,0.35679,-0.01161,0.92974,-0.0855,5.67023,-0.43588
10507,105083,7374,-138,10938,-87,529,-349,0.35973,-0.00989,0.93248,-0.07023,5.44122,-0.51985
10508,105093,7334,-138,11048,-81,386,-356,0.35728,-0.00989,0.93901,-0.02443,4.34962,-0.57328
10509,105103,7348,-134,10994,-92,-108,-365,0.35814,-0.00965,0.9358,-0.1084,0.57863,-0.64198
10510,105113,7346,-196,10884,-98,-410,-376,0.35801,-0.01345,0.92927,-0.1542,-1.72672,-0.72595
10511,105123,7356,-144,10836,-93,-448,-378,0.35863,-0.01026,0.92641,-0.11603,-2.01679,-0.74122
10512,105133,7378,-160,10866,-89,-273,-364,0.35998,-0.01124,0.9282,-0.0855,-0.68092,-0.63435
10513,105143,7356,-166,10866,-88,-93,-356,0.35863,-0.01161,0.9282,-0.07786,0.69313,-0.57328
10514,105153,7348,-132,10872,-88,-70,-348,0.35814,-0.00953,0.92855,-0.07786,0.8687,-0.51221
10515,105163,7364,-168,10858,-83,7,-340,0.35912,-0.01173,0.92772,-0.03969,1.45649,-0.45115
10516,105173,7346,-166,10832,-76,186,-339,0.35801,-0.01161,0.92618,0.01374,2.8229,-0.44351
10517,105183,7374,-144,10876,-69,430,-347,0.35973,-0.01026,0.92879,0.06718,4.6855,-0.50458
10518,105193,7286,-198,10932,-74,747,-348,0.35433,-0.01357,0.93212,0.02901,7.10534,-0.51221
10519,105203,7250,-168,10904,-86,783,-348,0.35212,-0.01173,0.93046,-0.0626,7.38015,-0.51221
10520,105213,7234,-154,11004,-88,607,-351,0.35114,-0.01088,0.9364,-0.07786,6.03664,-0.53511
10521,105223,7232,-148,11000,-103,257,-360,0.35102,-0.01051,0.93616,-0.19237,3.36489,-0.60382
10522,105233,7238,-166,10962,-107,-150,-377,0.35139,-0.01161,0.9339,-0.2229,0.25802,-0.73359
10523,105243,7250,-144,10980,-90,-423,-381,0.35212,-0.01026,0.93497,-0.09313,-1.82595,-0.76412
10524,105253,7268,-136,10970,-83,-725,-388,0.35323,-0.00977,0.93438,-0.03969,-4.1313,-0.81756
10525,105263,7296,-158,10806,-85,-839,-391,0.35495,-0.01112,0.92463,-0.05496,-5.00153,-0.84046
10526,105273,7278,-182,10878,-82,-497,-395,0.35384,-0.01259,0.92891,-0.03206,-2.39084,-0.87099
10527,105283,7334,-148,10910,-92,-273,-380,0.35728,-0.01051,0.93081,-0.1084,-0.68092,-0.75649
10528,105293,7254,-144,10880,-106,-94,-362,0.35237,-0.01026,0.92903,-0.21527,0.6855,-0.61908
10529,105303,7276,-132,10952,-118,-239,-355,0.35372,-0.00953,0.93331,-0.30687,-0.42137,-0.56565
10530,105313,7312,-190,10864,-118,-462,-359,0.35593,-0.01308,0.92808,-0.30687,-2.12366,-0.59618
10531,105323,7360,-152,10910,-112,-418,-358,0.35887,-0.01075,0.93081,-0.26107,-1.78779,-0.58855
10532,105333,7300,-160,10974,-97,-304,-356,0.35519,-0.01124,0.93461,-0.14656,-0.91756,-0.57328
10533,105343,7288,-158,10778,-92,-377,-355,0.35446,-0.01112,0.92297,-0.1084,-1.47481,-0.56565
10534,105353,7332,-202,10808,-82,-129,-355,0.35716,-0.01382,0.92475,-0.03206,0.41832,-0.56565
10535,105363,7324,-166,10898,-79,261,-343,0.35666,-0.01161,0.9301,-0.00916,3.39542,-0.47405
10536,105373,7312,-134,11000,-81,308,-342,0.35593,-0.00965,0.93616,-0.02443,3.7542,-0.46641
10537,105383,7278,-128,10908,-104,-121,-363,0.35384,-0.00928,0.93069,-0.2,0.47939,-0.62672
10538,105393,7418,-144,10876,-116,-423,-378,0.36243,-0.01026,0.92879,-0.2916,-1.82595,-0.74122
10539,105403,7338,-204,10860,-103,-419,-384,0.35752,-0.01394,0.92784,-0.19237,-1.79542,-0.78702
10540,105413,7302,-148,10882,-98,-295,-387,0.35531,-0.01051,0.92915,-0.1542,-0.84885,-0.80992
10541,105423,7264,-112,10826,-94,-118,-379,0.35298,-0.0083,0.92582,-0.12366,0.50229,-0.74885
10542,105433,7308,-148,10944,-89,-28,-372,0.35568,-0.01051,0.93283,-0.0855,1.18931,-0.69542
10543,105443,7266,-94,10922,-87,-87,-374,0.35311,-0.0072,0.93152,-0.07023,0.73893,-0.71069
10544,105453,7294,-140,10910,-86,-29,-371,0.35482,-0.01002,0.93081,-0.0626,1.18168,-0.68779
10545,105463,7250,-112,10960,-86,-73,-364,0.35212,-0.0083,0.93378,-0.0626,0.8458,-0.63435
10546,105473,7276,-136,10908,-94,-285,-362,0.35372,-0.00977,0.93069,-0.12366,-0.77252,-0.61908
10547,105483,7288,-160,10980,-101,-386,-362,0.35446,-0.01124,0.93497,-0.1771,-1.54351,-0.61908
10548,105493,7304,-150,10824,-101,-543,-362,0.35544,-0.01063,0.9257,-0.1771,-2.74198,-0.61908
10549,105503,7318,-142,10858,-105,-520,-366,0.3563,-0.01014,0.92772,-0.20763,-2.56641,-0.64962
10550,105513,7374,-134,10896,-102,-518,-372,0.35973,-0.00965,0.92998,-0.18473,-2.55115,-0.69542
10551,105523,7288,-156,10840,-108,-403,-382,0.35446,-0.011,0.92665,-0.23053,-1.67328,-0.77176
10552,105533,7340,-180,10768,-99,-232,-380,0.35765,-0.01247,0.92237,-0.16183,-0.36794,-0.75649
10553,105543,7332,-156,10860,-95,-66,-371,0.35716,-0.011,0.92784,-0.1313,0.89924,-0.68779
10554,105553,7330,-158,10956,-100,-2,-373,0.35703,-0.01112,0.93355,-0.16947,1.38779,-0.70305
10555,105563,7270,-166,10986,-90,-80,-373,0.35335,-0.01161,0.93533,-0.09313,0.79237,-0.70305
10556,105573,7296,-166,11010,-88,-349,-367,0.35495,-0.01161,0.93675,-0.07786,-1.26107,-0.65725
10557,105583,7304,-154,11036,-88,-734,-371,0.35544,-0.01088,0.9383,-0.07786,-4.2,-0.68779
10558,105593,7368,-138,10854,-90,-1026,-377,0.35936,-0.00989,0.92748,-0.09313,-6.42901,-0.73359
10559,105603,7380,-180,10786,-89,-851,-374,0.3601,-0.01247,0.92344,-0.0855,-5.09313,-0.71069
10560,105613,7380,-160,10816,-89,-491,-378,0.3601,-0.01124,0.92523,-0.0855,-2.34504,-0.74122
10561,105623,7350,-148,10758,-95,-187,-378,0.35826,-0.01051,0.92178,-0.1313,-0.02443,-0.74122
10562,105633,7344,-184,10938,-90,151,-365,0.35789,-0.01272,0.93248,-0.09313,2.55573,-0.64198
10563,105643,7338,-84,10946,-88,16,-351,0.35752,-0.00658,0.93295,-0.07786,1.52519,-0.53511
10564,105653,7372,-120,10908,-96,-266,-370,0.35961,-0.00879,0.93069,-0.13893,-0.62748,-0.68015
10565,105663,7382,-140,10734,-94,-466,-385,0.36022,-0.01002,0.92035,-0.12366,-2.1542,-0.79466
10566,105673,7406,-150,10884,-89,-418,-391,0.3617,-0.01063,0.92927,-0.0855,-1.78779,-0.84046
10567,105683,7380,-176,10800,-86,-386,-391,0.3601,-0.01223,0.92428,-0.0626,-1.54351,-0.84046
10568,105693,7386,-146,10790,-92,-145,-383,0.36047,-0.01038,0.92368,-0.1084,0.29618,-0.77939
10569,105703,7406,-168,10750,-99,201,-362,0.3617,-0.01173,0.9213,-0.16183,2.9374,-0.61908
10570,105713,7326,-122,10804,-107,542,-345,0.35679,-0.00891,0.92451,-0.2229,5.54046,-0.48931
10571,105723,7308,-198,11002,-95,608,-327,0.35568,-0.01357,0.93628,-0.1313,6.04427,-0.35191
10572,105733,7288,-128,10968,-91,182,-334,0.35446,-0.00928,0.93426,-0.10076,2.79237,-0.40534
10573,105743,7334,-140,10958,-98,-128,-344,0.35728,-0.01002,0.93366,-0.1542,0.42595,-0.48168
10574,105753,7274,-176,11062,-95,-373,-355,0.3536,-0.01223,0.93984,-0.1313,-1.44427,-0.56565
10575,105763,7294,-180,10962,-85,-704,-373,0.35482,-0.01247,0.9339,-0.05496,-3.97099,-0.70305
10576,105773,7368,-180,10868,-82,-916,-385,0.35936,-0.01247,0.92832,-0.03206,-5.58931,-0.79466
10577,105783,7366,-176,10784,-87,-895,-402,0.35924,-0.01223,0.92333,-0.07023,-5.42901,-0.92443
10578,105793,7378,-138,10840,-95,-500,-402,0.35998,-0.00989,0.92665,-0.1313,-2.41374,-0.92443
10579,105803,7372,-142,10826,-92,-196,-400,0.35961,-0.01014,0.92582,-0.1084,-0.09313,-0.90916
10580,105813,7390,-168,10790,-96,20,-390,0.36071,-0.01173,0.92368,-0.13893,1.55573,-0.83282
10581,105823,7348,-200,10844,-104,210,-365,0.35814,-0.0137,0.92689,-0.2,3.00611,-0.64198
10582,105833,7336,-172,10864,-106,248,-354,0.3574,-0.01198,0.92808,-0.21527,3.29618,-0.55802
10583,105843,7268,-146,10934,-101,177,-352,0.35323,-0.01038,0.93224,-0.1771,2.7542,-0.54275
10584,105853,7328,-146,10952,-88,18,-351,0.35691,-0.01038,0.93331,-0.07786,1.54046,-0.53511
10585,105863,7352,-160,10942,-82,-117,-352,0.35838,-0.01124,0.93271,-0.03206,0.50992,-0.54275
10586,105873,7342,-166,10916,-83,-254,-362,0.35777,-0.01161,0.93117,-0.03969,-0.53588,-0.61908
10587,105883,7322,-186,10906,-84,-422,-376,0.35654,-0.01284,0.93057,-0.04733,-1.81832,-0.72595
10588,105893,7370,-164,10928,-88,-624,-387,0.35949,-0.01149,0.93188,-0.07786,-3.36031,-0.80992
10589,105903,7416,-202,10832,-90,-835,-390,0.36231,-0.01382,0.92618,-0.09313,-4.97099,-0.83282
10590,105913,7384,-144,10906,-88,-713,-382,0.36035,-0.01026,0.93057,-0.07786,-4.03969,-0.77176
10591,105923,7344,-150,10806,-90,-490,-375,0.35789,-0.01063,0.92463,-0.09313,-2.3374,-0.71832
10592,105933,7392,-140,10892,-92,-157,-367,0.36084,-0.01002,0.92974,-0.1084,0.20458,-0.65725
10593,105943,7358,-164,10974,-92,363,-352,0.35875,-0.01149,0.93461,-0.1084,4.17405,-0.54275
10594,105953,7358,-150,10906,-92,343,-351,0.35875,-0.01063,0.93057,-0.1084,4.02137,-0.53511
10595,105963,7280,-96,10996,-98,115,-361,0.35396,-0.00732,0.93592,-0.1542,2.28092,-0.61145
10596,105973,7342,-140,10998,-91,-265,-379,0.35777,-0.01002,0.93604,-0.10076,-0.61985,-0.74885
10597,105983,7396,-164,10924,-73,-660,-379,0.36108,-0.01149,0.93164,0.03664,-3.63511,-0.74885
10598,105993,7346,-150,10862,-68,-863,-382,0.35801,-0.01063,0.92796,0.07481,-5.18473,-0.77176
10599,106003,7402,-172,10802,-70,-830,-379,0.36145,-0.01198,0.92439,0.05954,-4.93282,-0.74885
10600,106013,7390,-154,10852,-89,-772,-369,0.36071,-0.01088,0.92737,-0.0855,-4.49008,-0.67252
10601,106023,7412,-152,10828,-83,-729,-360,0.36206,-0.01075,0.92594,-0.03969,-4.16183,-0.60382
10602,106033,7398,-146,10762,-69,-429,-359,0.36121,-0.01038,0.92202,0.06718,-1.87176,-0.59618
10603,106043,7426,-182,10856,-76,-21,-360,0.36292,-0.01259,0.9276,0.01374,1.24275,-0.60382
10604,106053,7406,-168,10906,-92,110,-354,0.3617,-0.01173,0.93057,-0.1084,2.24275,-0.55802
10605,106063,7338,-190,10926,-93,109,-351,0.35752,-0.01308,0.93176,-0.11603,2.23511,-0.53511
10606,106073,7382,-142,10920,-75,4,-360,0.36022,-0.01014,0.93141,0.02137,1.43359,-0.60382
10607,106083,7368,-138,10948,-83,-153,-365,0.35936,-0.00989,0.93307,-0.03969,0.23511,-0.64198
10608,106093,7406,-166,10814,-95,-342,-373,0.3617,-0.01161,0.92511,-0.1313,-1.20763,-0.70305
10609,106103,7414,-168,10816,-108,-218,-384,0.36219,-0.01173,0.92523,-0.23053,-0.26107,-0.78702
10610,106113,7392,-132,10806,-115,-74,-386,0.36084,-0.00953,0.92463,-0.28397,0.83817,-0.80229
10611,106123,7412,-120,10910,-107,28,-379,0.36206,-0.00879,0.93081,-0.2229,1.61679,-0.74885
10612,106133,7332,-158,10908,-101,63,-373,0.35716,-0.01112,0.93069,-0.1771,1.88397,-0.70305
10613,106143,7358,-142,10946,-76,31,-363,0.35875,-0.01014,0.93295,0.01374,1.63969,-0.62672
10614,106153,7386,-164,10810,-80,-15,-357,0.36047,-0.01149,0.92487,-0.01679,1.28855,-0.58092
10615,106163,7334,-162,10942,-77,85,-344,0.35728,-0.01137,0.93271,0.00611,2.05191,-0.48168
10616,106173,7310,-172,10958,-88,-128,-349,0.35581,-0.01198,0.93366,-0.07786,0.42595,-0.51985
10617,106183,7356,-138,10986,-92,-391,-353,0.35863,-0.00989,0.93533,-0.1084,-1.58168,-0.55038
10618,106193,7340,-138,10842,-89,-487,-361,0.35765,-0.00989,0.92677,-0.0855,-2.3145,-0.61145
10619,106203,7428,-166,10812,-98,-299,-375,0.36305,-0.01161,0.92499,-0.1542,-0.87939,-0.71832
10620,106213,7358,-150,10860,-95,3,-382,0.35875,-0.01063,0.92784,-0.1313,1.42595,-0.77176
10621,106223,7352,-198,10800,-84,203,-385,0.35838,-0.01357,0.92428,-0.04733,2.95267,-0.79466
10622,106233,7366,-168,10836,-85,337,-377,0.35924,-0.01173,0.92641,-0.05496,3.97557,-0.73359
10623,106243,7332,-132,10856,-96,384,-371,0.35716,-0.00953,0.9276,-0.13893,4.33435,-0.68779
10624,106253,7314,-174,10948,-95,372,-372,0.35605,-0.0121,0.93307,-0.1313,4.24275,-0.69542
10625,106263,7290,-150,10944,-103,199,-374,0.35458,-0.01063,0.93283,-0.19237,2.92214,-0.71069
10626,106273,7290,-158,10858,-100,0,-377,0.35458,-0.01112,0.92772,-0.16947,1.40305,-0.73359
10627,106283,7318,-138,10958,-94,-59,-375,0.3563,-0.00989,0.93366,-0.12366,0.95267,-0.71832
10628,106293,7310,-166,10958,-92,-107,-374,0.35581,-0.01161,0.93366,-0.1084,0.58626,-0.71069
10629,106303,7322,-158,10910,-78,-168,-364,0.35654,-0.01112,0.93081,-0.00153,0.12061,-0.63435
10630,106313,7292,-90,10894,-76,-214,-356,0.3547,-0.00695,0.92986,0.01374,-0.23053,-0.57328
10631,106323,7302,-146,10884,-78,-174,-349,0.35531,-0.01038,0.92927,-0.00153,0.07481,-0.51985
10632,106333,7284,-136,10900,-87,-183,-354,0.35421,-0.00977,0.93022,-0.07023,0.00611,-0.55802
10633,106343,7292,-148,10908,-85,-108,-360,0.3547,-0.01051,0.93069,-0.05496,0.57863,-0.60382
10634,106353,7270,-146,10972,-103,-95,-376,0.35335,-0.01038,0.9345,-0.19237,0.67786,-0.72595
10635,106363,7304,-140,10950,-115,-193,-378,0.35544,-0.01002,0.93319,-0.28397,-0.07023,-0.74122
10636,106373,7316,-148,10912,-109,-315,-384,0.35617,-0.01051,0.93093,-0.23817,-1.00153,-0.78702
10637,106383,7326,-162,10860,-95,-173,-383,0.35679,-0.01137,0.92784,-0.1313,0.08244,-0.77939
10638,106393,7336,-148,10884,-86,-20,-377,0.3574,-0.01051,0.92927,-0.0626,1.25038,-0.73359
10639,106403,7274,-172,10824,-85,35,-369,0.3536,-0.01198,0.9257,-0.05496,1.67023,-0.67252
10640,106413,7252,-158,11056,-86,1,-365,0.35225,-0.01112,0.93949,-0.0626,1.41069,-0.64198
10641,106423,7292,-158,10926,-86,-389,-368,0.3547,-0.01112,0.93176,-0.0626,-1.56641,-0.66489
10642,106433,7284,-164,10916,-91,-629,-372,0.35421,-0.01149,0.93117,-0.10076,-3.39847,-0.69542
10643,106443,7294,-134,10958,-94,-672,-378,0.35482,-0.00965,0.93366,-0.12366,-3.72672,-0.74122
10644,106453,7374,-104,10836,-91,-820,-386,0.35973,-0.00781,0.92641,-0.10076,-4.85649,-0.80229
10645,106463,7352,-150,10876,-93,-682,-386,0.35838,-0.01063,0.92879,-0.11603,-3.80305,-0.80229
10646,106473,7350,-158,10966,-90,-589,-385,0.35826,-0.01112,0.93414,-0.09313,-3.09313,-0.79466
10647,106483,7354,-168,10792,-94,-520,-389,0.35851,-0.01173,0.9238,-0.12366,-2.56641,-0.82519
10648,106493,7286,-148,10930,-100,-265,-389,0.35433,-0.01051,0.932,-0.16947,-0.61985,-0.82519
10649,106503,7314,-132,10962,-103,-231,-381,0.35605,-0.00953,0.9339,-0.19237,-0.36031,-0.76412
10650,106513,7382,-154,10880,-89,-328,-375,0.36022,-0.01088,0.92903,-0.0855,-1.10076,-0.71832
10651,106523,7372,-128,10966,-96,-332,-382,0.35961,-0.00928,0.93414,-0.13893,-1.1313,-0.77176
10652,106533,7408,-148,10894,-97,-395,-385,0.36182,-0.01051,0.92986,-0.14656,-1.61221,-0.79466
10653,106543,7362,-154,10908,-91,-333,-378,0.359,-0.01088,0.93069,-0.10076,-1.13893,-0.74122
10654,106553,7394,-206,10872,-86,-316,-373,0.36096,-0.01407,0.92855,-0.0626,-1.00916,-0.70305
10655,106563,7350,-176,10882,-95,-280,-360,0.35826,-0.01223,0.92915,-0.1313,-0.73435,-0.60382
10656,106573,7378,-142,10942,-91,21,-351,0.35998,-0.01014,0.93271,-0.10076,1.56336,-0.53511
10657,106583,7360,-130,10814,-95,-162,-353,0.35887,-0.0094,0.92511,-0.1313,0.16641,-0.55038
10658,106593,7358,-182,10864,-92,-220,-355,0.35875,-0.01259,0.92808,-0.1084,-0.27634,-0.56565
10659,106603,7396,-156,10894,-85,-283,-362,0.36108,-0.011,0.92986,-0.05496,-0.75725,-0.61908
10660,106613,7370,-144,10892,-86,-375,-373,0.35949,-0.01026,0.92974,-0.0626,-1.45954,-0.70305
10661,106623,7286,-138,11010,-92,-486,-381,0.35433,-0.00989,0.93675,-0.1084,-2.30687,-0.76412
10662,106633,7408,-154,10778,-109,-840,-411,0.36182,-0.01088,0.92297,-0.23817,-5.00916,-0.99313
10663,106643,7386,-136,10848,-107,-579,-422,0.36047,-0.00977,0.92713,-0.2229,-3.01679,-1.0771
10664,106653,7400,-162,10770,-107,-196,-403,0.36133,-0.01137,0.92249,-0.2229,-0.09313,-0.93206
10665,106663,7402,-152,10798,-94,60,-383,0.36145,-0.01075,0.92416,-0.12366,1.86107,-0.77939
10666,106673,7414,-156,10844,-93,178,-365,0.36219,-0.011,0.92689,-0.11603,2.76183,-0.64198
10667,106683,7416,-182,10872,-88,295,-341,0.36231,-0.01259,0.92855,-0.07786,3.65496,-0.45878
10668,106693,7370,-138,10846,-79,411,-328,0.35949,-0.00989,0.92701,-0.00916,4.54046,-0.35954
10669,106703,7366,-172,10920,-78,481,-326,0.35924,-0.01198,0.93141,-0.00153,5.07481,-0.34427
10670,106713,7324,-190,11018,-80,488,-346,0.35666,-0.01308,0.93723,-0.01679,5.12824,-0.49695
10671,106723,7310,-182,10986,-106,-26,-373,0.35581,-0.01259,0.93533,-0.21527,1.20458,-0.70305
10672,106733,7310,-142,10926,-127,-510,-398,0.35581,-0.01014,0.93176,-0.37557,-2.49008,-0.89389
10673,106743,7362,-158,10856,-120,-615,-415,0.359,-0.01112,0.9276,-0.32214,-3.2916,-1.02366
10674,106753,7348,-176,10768,-119,-416,-407,0.35814,-0.01223,0.92237,-0.3145,-1.77252,-0.9626
10675,106763,7350,-160,10868,-102,-178,-390,0.35826,-0.01124,0.92832,-0.18473,0.04427,-0.83282
10676,106773,7342,-150,10932,-87,-128,-386,0.35777,-0.01063,0.93212,-0.07023,0.42595,-0.80229
10677,106783,7370,-160,10940,-74,-197,-377,0.35949,-0.01124,0.93259,0.02901,-0.10076,-0.73359
10678,106793,7330,-118,10860,-71,-165,-369,0.35703,-0.00867,0.92784,0.05191,0.14351,-0.67252
10679,106803,7316,-144,10882,-82,-267,-363,0.35617,-0.01026,0.92915,-0.03206,-0.63511,-0.62672
10680,106813,7358,-144,10838,-93,-521,-376,0.35875,-0.01026,0.92653,-0.11603,-2.57405,-0.72595
10681,106823,7398,-152,10740,-113,-438,-387,0.36121,-0.01075,0.92071,-0.2687,-1.94046,-0.80992
10682,106833,7356,-126,10904,-115,-205,-379,0.35863,-0.00916,0.93046,-0.28397,-0.16183,-0.74885
10683,106843,7322,-146,10894,-106,-112,-368,0.35654,-0.01038,0.92986,-0.21527,0.54809,-0.66489
10684,106853,7362,-144,10904,-104,-23,-371,0.359,-0.01026,0.93046,-0.2,1.22748,-0.68779
10685,106863,7334,-162,10840,-95,36,-367,0.35728,-0.01137,0.92665,-0.1313,1.67786,-0.65725
10686,106873,7386,-146,10916,-95,37,-364,0.36047,-0.01038,0.93117,-0.1313,1.6855,-0.63435
10687,106883,7342,-162,10912,-91,18,-362,0.35777,-0.01137,0.93093,-0.10076,1.54046,-0.61908
10688,106893,7336,-190,10898,-91,-194,-371,0.3574,-0.01308,0.9301,-0.10076,-0.07786,-0.68779
10689,106903,7350,-152,10894,-95,-178,-381,0.35826,-0.01075,0.92986,-0.1313,0.04427,-0.76412
10690,106913,7354,-166,10816,-89,-102,-388,0.35851,-0.01161,0.92523,-0.0855,0.62443,-0.81756
10691,106923,7306,-142,10918,-94,5,-381,0.35556,-0.01014,0.93129,-0.12366,1.44122,-0.76412
10692,106933,7366,-152,10976,-87,-112,-376,0.35924,-0.01075,0.93473,-0.07023,0.54809,-0.72595
10693,106943,7316,-132,10808,-86,-242,-373,0.35617,-0.00953,0.92475,-0.0626,-0.44427,-0.70305
10694,106953,7376,-118,10800,-80,-142,-379,0.35986,-0.00867,0.92428,-0.01679,0.31908,-0.74885
10695,106963,7316,-160,10844,-86,35,-368,0.35617,-0.01124,0.92689,-0.0626,1.67023,-0.66489
10696,106973,7310,-134,10876,-101,107,-373,0.35581,-0.00965,0.92879,-0.1771,2.21985,-0.70305
10697,106983,7294,-170,10838,-93,82,-372,0.35482,-0.01186,0.92653,-0.11603,2.02901,-0.69542
10698,106993,7342,-190,10904,-97,238,-374,0.35777,-0.01308,0.93046,-0.14656,3.21985,-0.71069
10699,107003,7312,-128,10994,-98,196,-376,0.35593,-0.00928,0.9358,-0.1542,2.89924,-0.72595
10700,107013,7294,-128,10978,-90,-36,-382,0.35482,-0.00928,0.93485,-0.09313,1.12824,-0.77176
10701,107023,7330,-152,10902,-89,-270,-387,0.35703,-0.01075,0.93034,-0.0855,-0.65802,-0.80992
10702,107033,7340,-124,10896,-96,-362,-377,0.35765,-0.00904,0.92998,-0.13893,-1.36031,-0.73359
10703,107043,7288,-198,11000,-98,-291,-376,0.35446,-0.01357,0.93616,-0.1542,-0.81832,-0.72595
10704,107053,7286,-142,10890,-109,-385,-376,0.35433,-0.01014,0.92962,-0.23817,-1.53588,-0.72595
10705,107063,7316,-178,10820,-114,-329,-376,0.35617,-0.01235,0.92546,-0.27634,-1.1084,-0.72595
10706,107073,7280,-178,10896,-102,-175,-369,0.35396,-0.01235,0.92998,-0.18473,0.06718,-0.67252
10707,107083,7336,-148,10932,-90,-125,-369,0.3574,-0.01051,0.93212,-0.09313,0.44885,-0.67252
10708,107093,7314,-168,10896,-97,-221,-369,0.35605,-0.01173,0.92998,-0.14656,-0.28397,-0.67252
10709,107103,7346,-128,10894,-102,-362,-375,0.35801,-0.00928,0.92986,-0.18473,-1.36031,-0.71832
10710,107113,7300,-168,10934,-106,-329,-378,0.35519,-0.01173,0.93224,-0.21527,-1.1084,-0.74122
10711,107123,7298,-176,10942,-92,-353,-376,0.35507,-0.01223,0.93271,-0.1084,-1.2916,-0.72595
10712,107133,7322,-148,10850,-95,-343,-379,0.35654,-0.01051,0.92725,-0.1313,-1.21527,-0.74885
10713,107143,7340,-110,10904,-86,-310,-382,0.35765,-0.00818,0.93046,-0.0626,-0.96336,-0.77176
10714,107153,7322,-144,10882,-99,-282,-379,0.35654,-0.01026,0.92915,-0.16183,-0.74962,-0.74885
10715,107163,7364,-152,10886,-108,-274,-383,0.35912,-0.01075,0.92939,-0.23053,-0.68855,-0.77939
10716,107173,7354,-192,10790,-101,-137,-382,0.35851,-0.01321,0.92368,-0.1771,0.35725,-0.77176
10717,107183,7356,-180,10894,-89,-24,-373,0.35863,-0.01247,0.92986,-0.0855,1.21985,-0.70305
10718,107193,7330,-130,10994,-93,56,-378,0.35703,-0.0094,0.9358,-0.11603,1.83053,-0.74122
10719,107203,7300,-142,10900,-111,-422,-398,0.35519,-0.01014,0.93022,-0.25344,-1.81832,-0.89389
10720,107213,7336,-152,10862,-99,-528,-394,0.3574,-0.01075,0.92796,-0.16183,-2.62748,-0.86336
10721,107223,7314,-134,10962,-93,-532,-377,0.35605,-0.00965,0.9339,-0.11603,-2.65802,-0.73359
10722,107233,7404,-142,10644,-100,-862,-373,0.36157,-0.01014,0.91501,-0.16947,-5.1771,-0.70305
10723,107243,7346,-114,10894,-89,-420,-374,0.35801,-0.00842,0.92986,-0.0855,-1.80305,-0.71069
10724,107253,7336,-160,10972,-89,-119,-372,0.3574,-0.01124,0.9345,-0.0855,0.49466,-0.69542
10725,107263,7316,-184,10946,-106,-241,-369,0.35617,-0.01272,0.93295,-0.21527,-0.43664,-0.67252
10726,107273,7366,-200,10954,-119,-474,-377,0.35924,-0.0137,0.93343,-0.3145,-2.21527,-0.73359
10727,107283,7372,-164,10930,-104,-539,-370,0.35961,-0.01149,0.932,-0.2,-2.71145,-0.68015
10728,107293,7358,-112,10864,-94,-516,-376,0.35875,-0.0083,0.92808,-0.12366,-2.53588,-0.72595
10729,107303,7364,-142,10828,-81,-401,-371,0.35912,-0.01014,0.92594,-0.02443,-1.65802,-0.68779
10730,107313,7388,-172,10822,-77,-176,-362,0.36059,-0.01198,0.92558,0.00611,0.05954,-0.61908
10731,107323,7372,-140,10908,-77,-49,-356,0.35961,-0.01002,0.93069,0.00611,1.02901,-0.57328
10732,107333,7370,-134,10786,-84,-122,-360,0.35949,-0.00965,0.92344,-0.04733,0.47176,-0.60382
10733,107343,7328,-144,10980,-95,-51,-372,0.35691,-0.01026,0.93497,-0.1313,1.01374,-0.69542
10734,107353,7384,-210,10906,-105,-316,-374,0.36035,-0.01431,0.93057,-0.20763,-1.00916,-0.71069
10735,107363,7362,-160,10982,-112,-369,-381,0.359,-0.01124,0.93509,-0.26107,-1.41374,-0.76412
10736,107373,7366,-170,10884,-114,-609,-390,0.35924,-0.01186,0.92927,-0.27634,-3.2458,-0.83282
10737,107383,7376,-148,10778,-106,-671,-386,0.35986,-0.01051,0.92297,-0.21527,-3.71908,-0.80229
10738,107393,7418,-142,10838,-86,-585,-374,0.36243,-0.01014,0.92653,-0.0626,-3.0626,-0.71069
10739,107403,7438,-142,10886,-73,-505,-363,0.36366,-0.01014,0.92939,0.03664,-2.45191,-0.62672
10740,107413,7366,-132,10886,-82,-341,-349,0.35924,-0.00953,0.92939,-0.03206,-1.2,-0.51985
10741,107423,7410,-160,10736,-91,-384,-355,0.36194,-0.01124,0.92047,-0.10076,-1.52824,-0.56565
10742,107433,7386,-160,10872,-92,-141,-348,0.36047,-0.01124,0.92855,-0.1084,0.32672,-0.51221
10743,107443,7412,-184,10872,-89,-18,-348,0.36206,-0.01272,0.92855,-0.0855,1.26565,-0.51221
10744,107453,7412,-156,10804,-85,7,-349,0.36206,-0.011,0.92451,-0.05496,1.45649,-0.51985
10745,107463,7396,-142,10838,-76,78,-347,0.36108,-0.01014,0.92653,0.01374,1.99847,-0.50458
10746,107473,7408,-176,10890,-70,119,-351,0.36182,-0.01223,0.92962,0.05954,2.31145,-0.53511
10747,107483,7400,-182,10908,-73,19,-367,0.36133,-0.01259,0.93069,0.03664,1.54809,-0.65725
10748,107493,7432,-168,10888,-89,-172,-383,0.36329,-0.01173,0.9295,-0.0855,0.09008,-0.77939
10749,107503,7324,-162,10858,-97,-171,-386,0.35666,-0.01137,0.92772,-0.14656,0.09771,-0.80229
10750,107513,7342,-150,10958,-98,-197,-382,0.35777,-0.01063,0.93366,-0.1542,-0.10076,-0.77176
10751,107523,7358,-150,10850,-98,-302,-378,0.35875,-0.01063,0.92725,-0.1542,-0.90229,-0.74122
10752,107533,7360,-112,10912,-103,-372,-375,0.35887,-0.0083,0.93093,-0.19237,-1.43664,-0.71832
10753,107543,7426,-140,10802,-109,-489,-373,0.36292,-0.01002,0.92439,-0.23817,-2.32977,-0.70305
10754,107553,7436,-128,10730,-103,-283,-371,0.36354,-0.00928,0.92012,-0.19237,-0.75725,-0.68779
10755,107563,7434,-150,10852,-89,26,-357,0.36341,-0.01063,0.92737,-0.0855,1.60153,-0.58092
10756,107573,7406,-168,10944,-80,252,-351,0.3617,-0.01173,0.93283,-0.01679,3.32672,-0.53511
10757,107583,7392,-168,10920,-84,192,-360,0.36084,-0.01173,0.93141,-0.04733,2.8687,-0.60382
10758,107593,7384,-156,10908,-91,150,-370,0.36035,-0.011,0.93069,-0.10076,2.54809,-0.68015
10759,107603,7376,-144,10872,-104,-222,-382,0.35986,-0.01026,0.92855,-0.2,-0.2916,-0.77176
10760,107613,7356,-190,10840,-101,-443,-387,0.35863,-0.01308,0.92665,-0.1771,-1.97863,-0.80992
10761,107623,7386,-128,10896,-99,-488,-385,0.36047,-0.00928,0.92998,-0.16183,-2.32214,-0.79466
10762,107633,7374,-194,10790,-95,-498,-379,0.35973,-0.01333,0.92368,-0.1313,-2.39847,-0.74885
10763,107643,7384,-144,10806,-89,-271,-377,0.36035,-0.01026,0.92463,-0.0855,-0.66565,-0.73359
10764,107653,7386,-82,10890,-91,5,-376,0.36047,-0.00646,0.92962,-0.10076,1.44122,-0.72595
10765,107663,7370,-142,10904,-92,85,-372,0.35949,-0.01014,0.93046,-0.1084,2.05191,-0.69542
10766,107673,7340,-126,10972,-96,73,-377,0.35765,-0.00916,0.9345,-0.13893,1.96031,-0.73359
10767,107683,7426,-196,10874,-92,-199,-385,0.36292,-0.01345,0.92867,-0.1084,-0.11603,-0.79466
10768,107693,7312,-192,10976,-90,-383,-386,0.35593,-0.01321,0.93473,-0.09313,-1.52061,-0.80229
10769,107703,7386,-140,10852,-95,-751,-398,0.36047,-0.01002,0.92737,-0.1313,-4.32977,-0.89389
10770,107713,7394,-110,10822,-91,-954,-398,0.36096,-0.00818,0.92558,-0.10076,-5.87939,-0.89389
10771,107723,7406,-142,10754,-99,-848,-391,0.3617,-0.01014,0.92154,-0.16183,-5.07023,-0.84046
10772,107733,7406,-140,10768,-102,-522,-377,0.3617,-0.01002,0.92237,-0.18473,-2.58168,-0.73359
10773,107743,7438,-146,10836,-96,-95,-369,0.36366,-0.01038,0.92641,-0.13893,0.67786,-0.67252
10774,107753,7402,-138,10804,-99,196,-371,0.36145,-0.00989,0.92451,-0.16183,2.89924,-0.68779
10775,107763,7418,-196,10884,-103,387,-369,0.36243,-0.01345,0.92927,-0.19237,4.35725,-0.67252
10776,107773,7344,-138,10908,-106,221,-377,0.35789,-0.00989,0.93069,-0.21527,3.09008,-0.73359
10777,107783,7404,-140,10928,-96,-168,-387,0.36157,-0.01002,0.93188,-0.13893,0.12061,-0.80992
10778,107793,7386,-154,10906,-101,-408,-391,0.36047,-0.01088,0.93057,-0.1771,-1.71145,-0.84046
10779,107803,7442,-126,10864,-88,-577,-389,0.36391,-0.00916,0.92808,-0.07786,-3.00153,-0.82519
10780,107813,7422,-138,10802,-91,-466,-375,0.36268,-0.00989,0.92439,-0.10076,-2.1542,-0.71832
10781,107823,7426,-88,10770,-95,-304,-369,0.36292,-0.00683,0.92249,-0.1313,-0.91756,-0.67252
10782,107833,7474,-126,10822,-98,-205,-364,0.36587,-0.00916,0.92558,-0.1542,-0.16183,-0.63435
10783,107843,7468,-156,10888,-93,-128,-362,0.3655,-0.011,0.9295,-0.11603,0.42595,-0.61908
10784,107853,7402,-142,10984,-86,-191,-351,0.36145,-0.01014,0.93521,-0.0626,-0.05496,-0.53511
10785,107863,7428,-130,10832,-89,-389,-360,0.36305,-0.0094,0.92618,-0.0855,-1.56641,-0.60382
10786,107873,7452,-168,10876,-89,-469,-382,0.36452,-0.01173,0.92879,-0.0855,-2.1771,-0.77176
10787,107883,7418,-172,10812,-97,-430,-394,0.36243,-0.01198,0.92499,-0.14656,-1.87939,-0.86336
10788,107893,7410,-204,10840,-90,-355,-399,0.36194,-0.01394,0.92665,-0.09313,-1.30687,-0.90153
10789,107903,7448,-144,10954,-93,-462,-410,0.36427,-0.01026,0.93343,-0.11603,-2.12366,-0.9855
10790,107913,7438,-170,10846,-102,-710,-418,0.36366,-0.01186,0.92701,-0.18473,-4.01679,-1.04656
10791,107923,7460,-138,10848,-97,-559,-410,0.36501,-0.00989,0.92713,-0.14656,-2.86412,-0.9855
10792,107933,7454,-130,10796,-93,-464,-396,0.36464,-0.0094,0.92404,-0.11603,-2.13893,-0.87863
10793,107943,7490,-162,10808,-88,-477,-391,0.36685,-0.01137,0.92475,-0.07786,-2.23817,-0.84046
10794,107953,7480,-102,10774,-92,-296,-378,0.36624,-0.00769,0.92273,-0.1084,-0.85649,-0.74122
10795,107963,7410,-128,10866,-95,-33,-367,0.36194,-0.00928,0.9282,-0.1313,1.15115,-0.65725
10796,107973,7452,-148,10770,-91,62,-354,0.36452,-0.01051,0.92249,-0.10076,1.87634,-0.55802
10797,107983,7460,-152,10882,-102,239,-344,0.36501,-0.01075,0.92915,-0.18473,3.22748,-0.48168
10798,107993,7472,-190,10880,-103,108,-347,0.36575,-0.01308,0.92903,-0.19237,2.22748,-0.50458
10799,108003,7450,-174,10890,-109,-99,-353,0.3644,-0.0121,0.92962,-0.23817,0.64733,-0.55038
10800,108013,7422,-124,10886,-115,-221,-360,0.36268,-0.00904,0.92939,-0.28397,-0.28397,-0.60382
10801,108023,7488,-146,10834,-114,-262,-373,0.36673,-0.01038,0.9263,-0.27634,-0.59695,-0.70305
10802,108033,7434,-152,10866,-97,-177,-365,0.36341,-0.01075,0.9282,-0.14656,0.05191,-0.64198
10803,108043,7442,-154,10794,-99,-196,-371,0.36391,-0.01088,0.92392,-0.16183,-0.09313,-0.68779
10804,108053,7440,-124,10840,-92,-246,-378,0.36378,-0.00904,0.92665,-0.1084,-0.47481,-0.74122
10805,108063,7476,-142,10864,-91,-268,-379,0.36599,-0.01014,0.92808,-0.10076,-0.64275,-0.74885
10806,108073,7444,-130,10878,-97,-272,-382,0.36403,-0.0094,0.92891,-0.14656,-0.67328,-0.77176
10807,108083,7482,-140,10816,-98,-322,-388,0.36636,-0.01002,0.92523,-0.1542,-1.05496,-0.81756
10808,108093,7428,-140,10808,-101,-204,-381,0.36305,-0.01002,0.92475,-0.1771,-0.1542,-0.76412
10809,108103,7480,-104,10906,-100,-41,-375,0.36624,-0.00781,0.93057,-0.16947,1.09008,-0.71832
10810,108113,7494,-194,10838,-99,-104,-364,0.3671,-0.01333,0.92653,-0.16183,0.60916,-0.63435
10811,108123,7436,-140,10784,-98,-101,-355,0.36354,-0.01002,0.92333,-0.1542,0.63206,-0.56565
10812,108133,7448,-134,10850,-93,-149,-358,0.36427,-0.00965,0.92725,-0.11603,0.26565,-0.58855
10813,108143,7452,-160,10878,-89,-112,-371,0.36452,-0.01124,0.92891,-0.0855,0.54809,-0.68779
10814,108153,7454,-144,10832,-83,-31,-362,0.36464,-0.01026,0.92618,-0.03969,1.16641,-0.61908
10815,108163,7422,-134,10878,-96,151,-364,0.36268,-0.00965,0.92891,-0.13893,2.55573,-0.63435
10816,108173,7378,-200,10884,-97,109,-369,0.35998,-0.0137,0.92927,-0.14656,2.23511,-0.67252
10817,108183,7368,-180,10946,-88,124,-366,0.35936,-0.01247,0.93295,-0.07786,2.34962,-0.64962
10818,108193,7398,-136,10974,-80,-68,-359,0.36121,-0.00977,0.93461,-0.01679,0.88397,-0.59618
10819,108203,7402,-146,10842,-86,-304,-361,0.36145,-0.01038,0.92677,-0.0626,-0.91756,-0.61145
10820,108213,7412,-154,10874,-92,-285,-354,0.36206,-0.01088,0.92867,-0.1084,-0.77252,-0.55802
10821,108223,7444,-168,10806,-91,-294,-356,0.36403,-0.01173,0.92463,-0.10076,-0.84122,-0.57328
10822,108233,7388,-162,10868,-88,-109,-346,0.36059,-0.01137,0.92832,-0.07786,0.57099,-0.49695
10823,108243,7376,-146,10834,-72,60,-339,0.35986,-0.01038,0.9263,0.04427,1.86107,-0.44351
10824,108253,7428,-172,10840,-79,138,-342,0.36305,-0.01198,0.92665,-0.00916,2.45649,-0.46641
10825,108263,7412,-170,10898,-86,271,-347,0.36206,-0.01186,0.9301,-0.0626,3.47176,-0.50458
10826,108273,7364,-168,10972,-102,185,-362,0.35912,-0.01173,0.9345,-0.18473,2.81527,-0.61908
10827,108283,7334,-152,10938,-121,44,-379,0.35728,-0.01075,0.93248,-0.32977,1.73893,-0.74885
10828,108293,7392,-144,10864,-120,-103,-382,0.36084,-0.01026,0.92808,-0.32214,0.61679,-0.77176
10829,108303,7404,-182,10814,-117,-79,-379,0.36157,-0.01259,0.92511,-0.29924,0.8,-0.74885
10830,108313,7340,-160,10850,-103,78,-370,0.35765,-0.01124,0.92725,-0.19237,1.99847,-0.68015
10831,108323,7370,-154,10870,-97,68,-372,0.35949,-0.01088,0.92844,-0.14656,1.92214,-0.69542
10832,108333,7342,-178,10866,-98,-16,-366,0.35777,-0.01235,0.9282,-0.1542,1.28092,-0.64962
10833,108343,7364,-150,10916,-111,-61,-377,0.35912,-0.01063,0.93117,-0.25344,0.9374,-0.73359
10834,108353,7350,-182,10958,-106,-115,-373,0.35826,-0.01259,0.93366,-0.21527,0.52519,-0.70305
10835,108363,7372,-162,10924,-97,-254,-371,0.35961,-0.01137,0.93164,-0.14656,-0.53588,-0.68779
10836,108373,7364,-136,10894,-95,-364,-367,0.35912,-0.00977,0.92986,-0.1313,-1.37557,-0.65725
10837,108383,7348,-76,10860,-90,-332,-363,0.35814,-0.00609,0.92784,-0.09313,-1.1313,-0.62672
10838,108393,7324,-154,10896,-93,-290,-362,0.35666,-0.01088,0.92998,-0.11603,-0.81069,-0.61908
10839,108403,7352,-136,10872,-90,-360,-368,0.35838,-0.00977,0.92855,-0.09313,-1.34504,-0.66489
10840,108413,7348,-108,10846,-95,-301,-376,0.35814,-0.00805,0.92701,-0.1313,-0.89466,-0.72595
10841,108423,7378,-144,10874,-100,-300,-381,0.35998,-0.01026,0.92867,-0.16947,-0.88702,-0.76412
10842,108433,7382,-150,10802,-93,-167,-378,0.36022,-0.01063,0.92439,-0.11603,0.12824,-0.74122
10843,108443,7340,-134,10906,-93,-64,-367,0.35765,-0.00965,0.93057,-0.11603,0.9145,-0.65725
10844,108453,7320,-146,10890,-98,-114,-361,0.35642,-0.01038,0.92962,-0.1542,0.53282,-0.61145
10845,108463,7370,-200,10910,-98,-179,-351,0.35949,-0.0137,0.93081,-0.1542,0.03664,-0.53511
10846,108473,7354,-156,10962,-97,-253,-354,0.35851,-0.011,0.9339,-0.14656,-0.52824,-0.55802
10847,108483,7380,-154,10882,-105,-611,-362,0.3601,-0.01088,0.92915,-0.20763,-3.26107,-0.61908
10848,108493,7424,-156,10830,-103,-670,-379,0.3628,-0.011,0.92606,-0.19237,-3.71145,-0.74885
10849,108503,7398,-154,10868,-90,-540,-387,0.36121,-0.01088,0.92832,-0.09313,-2.71908,-0.80992
10850,108513,7386,-148,10810,-78,-599,-393,0.36047,-0.01051,0.92487,-0.00153,-3.16947,-0.85573
10851,108523,7380,-200,11006,-74,-489,-385,0.3601,-0.0137,0.93652,0.02901,-2.32977,-0.79466
10852,108533,7430,-124,10822,-71,-457,-381,0.36317,-0.00904,0.92558,0.05191,-2.0855,-0.76412
10853,108543,7420,-172,10834,-82,-300,-379,0.36256,-0.01198,0.9263,-0.03206,-0.88702,-0.74885
10854,108553,7380,-162,10858,-93,-77,-369,0.3601,-0.01137,0.92772,-0.11603,0.81527,-0.67252
10855,108563,7390,-184,10982,-101,-60,-369,0.36071,-0.01272,0.93509,-0.1771,0.94504,-0.67252
10856,108573,7394,-140,10818,-103,-325,-373,0.36096,-0.01002,0.92535,-0.19237,-1.07786,-0.70305
10857,108583,7438,-170,10878,-107,-188,-379,0.36366,-0.01186,0.92891,-0.2229,-0.03206,-0.74885
10858,108593,7438,-158,10860,-97,43,-368,0.36366,-0.01112,0.92784,-0.14656,1.7313,-0.66489
10859,108603,7380,-162,10924,-97,54,-361,0.3601,-0.01137,0.93164,-0.14656,1.81527,-0.61145
10860,108613,7406,-170,10880,-87,-139,-357,0.3617,-0.01186,0.92903,-0.07023,0.34198,-0.58092
10861,108623,7396,-162,10958,-99,-223,-359,0.36108,-0.01137,0.93366,-0.16183,-0.29924,-0.59618
10862,108633,7476,-144,10860,-106,-479,-372,0.36599,-0.01026,0.92784,-0.21527,-2.25344,-0.69542
10863,108643,7452,-148,10892,-96,-592,-384,0.36452,-0.01051,0.92974,-0.13893,-3.11603,-0.78702
10864,108653,7444,-122,10770,-92,-589,-395,0.36403,-0.00891,0.92249,-0.1084,-3.09313,-0.87099
10865,108663,7458,-116,10810,-81,-526,-397,0.36489,-0.00854,0.92487,-0.02443,-2.61221,-0.88626
10866,108673,7460,-120,10794,-73,-371,-383,0.36501,-0.00879,0.92392,0.03664,-1.42901,-0.77939
10867,108683,7476,-104,10710,-78,-51,-367,0.36599,-0.00781,0.91893,-0.00153,1.01374,-0.65725
10868,108693,7438,-148,10838,-96,288,-352,0.36366,-0.01051,0.92653,-0.13893,3.60153,-0.54275
10869,108703,7434,-118,10940,-104,71,-358,0.36341,-0.00867,0.93259,-0.2,1.94504,-0.58855
10870,108713,7472,-148,10844,-106,-112,-368,0.36575,-0.01051,0.92689,-0.21527,0.54809,-0.66489
10871,108723,7452,-152,10864,-112,40,-374,0.36452,-0.01075,0.92808,-0.26107,1.7084,-0.71069
10872,108733,7376,-166,10856,-108,56,-376,0.35986,-0.01161,0.9276,-0.23053,1.83053,-0.72595
10873,108743,7362,-118,10844,-96,220,-360,0.359,-0.00867,0.92689,-0.13893,3.08244,-0.60382
10874,108753,7406,-126,10728,-84,551,-369,0.3617,-0.00916,0.92,-0.04733,5.60916,-0.67252
10875,108763,7394,-196,10862,-90,868,-369,0.36096,-0.01345,0.92796,-0.09313,8.02901,-0.67252
10876,108773,7306,-160,10918,-96,838,-371,0.35556,-0.01124,0.93129,-0.13893,7.8,-0.68779
10877,108783,7358,-184,10892,-96,673,-359,0.35875,-0.01272,0.92974,-0.13893,6.54046,-0.59618
10878,108793,7274,-158,10898,-98,542,-346,0.3536,-0.01112,0.9301,-0.1542,5.54046,-0.49695
10879,108803,7250,-178,10964,-96,268,-339,0.35212,-0.01235,0.93402,-0.13893,3.44885,-0.44351
10880,108813,7290,-118,10992,-96,65,-346,0.35458,-0.00867,0.93568,-0.13893,1.89924,-0.49695
10881,108823,7298,-162,10890,-96,-128,-357,0.35507,-0.01137,0.92962,-0.13893,0.42595,-0.58092
10882,108833,7318,-144,10952,-97,-203,-362,0.3563,-0.01026,0.93331,-0.14656,-0.14656,-0.61908
10883,108843,7292,-168,10932,-101,-302,-365,0.3547,-0.01173,0.93212,-0.1771,-0.90229,-0.64198
10884,108853,7314,-172,10864,-101,-495,-380,0.35605,-0.01198,0.92808,-0.1771,-2.37557,-0.75649
10885,108863,7332,-142,10884,-89,-471,-375,0.35716,-0.01014,0.92927,-0.0855,-2.19237,-0.71832
10886,108873,7320,-144,10836,-94,-351,-383,0.35642,-0.01026,0.92641,-0.12366,-1.27634,-0.77939
10887,108883,7326,-178,10978,-98,-248,-394,0.35679,-0.01235,0.93485,-0.1542,-0.49008,-0.86336
10888,108893,7288,-170,10938,-96,-140,-400,0.35446,-0.01186,0.93248,-0.13893,0.33435,-0.90916
10889,108903,7306,-124,10888,-87,-142,-394,0.35556,-0.00904,0.9295,-0.07023,0.31908,-0.86336
10890,108913,7300,-150,10970,-97,-161,-386,0.35519,-0.01063,0.93438,-0.14656,0.17405,-0.80229
10891,108923,7284,-142,10866,-101,-320,-383,0.35421,-0.01014,0.9282,-0.1771,-1.03969,-0.77939
10892,108933,7344,-118,10930,-105,-465,-390,0.35789,-0.00867,0.932,-0.20763,-2.14656,-0.83282
10893,108943,7336,-156,10884,-103,-709,-396,0.3574,-0.011,0.92927,-0.19237,-4.00916,-0.87863
10894,108953,7354,-176,10906,-95,-765,-388,0.35851,-0.01223,0.93057,-0.1313,-4.43664,-0.81756
10895,108963,7400,-130,10838,-88,-747,-388,0.36133,-0.0094,0.92653,-0.07786,-4.29924,-0.81756
10896,108973,7378,-110,10808,-79,-406,-375,0.35998,-0.00818,0.92475,-0.00916,-1.69618,-0.71832
10897,108983,7314,-106,10800,-82,-75,-366,0.35605,-0.00793,0.92428,-0.03206,0.83053,-0.64962
10898,108993,7320,-148,10850,-92,204,-355,0.35642,-0.01051,0.92725,-0.1084,2.96031,-0.56565
10899,109003,7288,-170,10908,-98,306,-356,0.35446,-0.01186,0.93069,-0.1542,3.73893,-0.57328
10900,109013,7306,-170,10844,-112,263,-369,0.35556,-0.01186,0.92689,-0.26107,3.41069,-0.67252
10901,109023,7312,-154,10930,-116,320,-375,0.35593,-0.01088,0.932,-0.2916,3.8458,-0.71832
10902,109033,7302,-156,10906,-111,277,-379,0.35531,-0.011,0.93057,-0.25344,3.51756,-0.74885
10903,109043,7264,-128,10968,-104,282,-372,0.35298,-0.00928,0.93426,-0.2,3.55573,-0.69542
10904,109053,7298,-154,10892,-101,265,-378,0.35507,-0.01088,0.92974,-0.1771,3.42595,-0.74122
10905,109063,7284,-142,10900,-94,407,-366,0.35421,-0.01014,0.93022,-0.12366,4.50992,-0.64962
10906,109073,7224,-164,10946,-85,397,-361,0.35053,-0.01149,0.93295,-0.05496,4.43359,-0.61145
10907,109083,7232,-146,10928,-77,336,-357,0.35102,-0.01038,0.93188,0.00611,3.96794,-0.58092
10908,109093,7138,-170,10976,-92,118,-358,0.34525,-0.01186,0.93473,-0.1084,2.30382,-0.58855
10909,109103,7200,-124,10954,-85,-550,-369,0.34906,-0.00904,0.93343,-0.05496,-2.79542,-0.67252
10910,109113,7266,-194,10968,-88,-568,-380,0.35311,-0.01333,0.93426,-0.07786,-2.93282,-0.75649
10911,109123,7294,-144,10886,-84,-557,-388,0.35482,-0.01026,0.92939,-0.04733,-2.84886,-0.81756
10912,109133,7248,-144,10948,-91,-292,-390,0.352,-0.01026,0.93307,-0.10076,-0.82595,-0.83282
10913,109143,7286,-182,10844,-95,-249,-399,0.35433,-0.01259,0.92689,-0.1313,-0.49771,-0.90153
10914,109153,7258,-146,10998,-104,-172,-400,0.35261,-0.01038,0.93604,-0.2,0.09008,-0.90916
10915,109163,7292,-126,10854,-104,-311,-391,0.3547,-0.00916,0.92748,-0.2,-0.97099,-0.84046
10916,109173,7286,-96,10864,-103,-366,-386,0.35433,-0.00732,0.92808,-0.19237,-1.39084,-0.80229
10917,109183,7278,-168,10882,-95,-351,-378,0.35384,-0.01173,0.92915,-0.1313,-1.27634,-0.74122
10918,109193,7302,-146,10946,-82,-302,-369,0.35531,-0.01038,0.93295,-0.03206,-0.90229,-0.67252
10919,109203,7338,-176,10810,-83,-297,-366,0.35752,-0.01223,0.92487,-0.03969,-0.86412,-0.64962
10920,109213,7260,-172,10982,-79,-222,-368,0.35274,-0.01198,0.93509,-0.00916,-0.2916,-0.66489
10921,109223,7324,-142,10860,-99,-461,-378,0.35666,-0.01014,0.92784,-0.16183,-2.11603,-0.74122
10922,109233,7350,-124,10896,-111,-545,-380,0.35826,-0.00904,0.92998,-0.25344,-2.75725,-0.75649
10923,109243,7316,-160,10892,-116,-460,-377,0.35617,-0.01124,0.92974,-0.2916,-2.1084,-0.73359
10924,109253,7350,-134,10906,-107,-405,-366,0.35826,-0.00965,0.93057,-0.2229,-1.68855,-0.64962
10925,109263,7300,-194,10992,-94,-386,-362,0.35519,-0.01333,0.93568,-0.12366,-1.54351,-0.61908
10926,109273,7354,-156,10852,-86,-492,-368,0.35851,-0.011,0.92737,-0.0626,-2.35267,-0.66489
10927,109283,7346,-194,10934,-85,-359,-380,0.35801,-0.01333,0.93224,-0.05496,-1.3374,-0.75649
10928,109293,7314,-156,10938,-82,-363,-382,0.35605,-0.011,0.93248,-0.03206,-1.36794,-0.77176
10929,109303,7384,-118,10874,-71,-601,-394,0.36035,-0.00867,0.92867,0.05191,-3.18473,-0.86336
10930,109313,7362,-126,10970,-80,-577,-400,0.359,-0.00916,0.93438,-0.01679,-3.00153,-0.90916
10931,109323,7320,-112,10858,-79,-666,-400,0.35642,-0.0083,0.92772,-0.00916,-3.68092,-0.90916
10932,109333,7310,-116,10912,-82,-685,-398,0.35581,-0.00854,0.93093,-0.03206,-3.82595,-0.89389
10933,109343,7360,-166,10886,-97,-671,-393,0.35887,-0.01161,0.92939,-0.14656,-3.71908,-0.85573
10934,109353,7362,-156,11006,-108,-601,-388,0.359,-0.011,0.93652,-0.23053,-3.18473,-0.81756
10935,109363,7392,-228,10882,-112,-724,-385,0.36084,-0.01541,0.92915,-0.26107,-4.12366,-0.79466
10936,109373,7362,-186,10790,-107,-735,-373,0.359,-0.01284,0.92368,-0.2229,-4.20763,-0.70305
10937,109383,7384,-140,10782,-105,-546,-357,0.36035,-0.01002,0.92321,-0.20763,-2.76489,-0.58092
10938,109393,7454,-150,10794,-95,-423,-353,0.36464,-0.01063,0.92392,-0.1313,-1.82595,-0.55038
10939,109403,7368,-164,10810,-89,-217,-358,0.35936,-0.01149,0.92487,-0.0855,-0.25344,-0.58855
10940,109413,7378,-170,10828,-83,-126,-361,0.35998,-0.01186,0.92594,-0.03969,0.44122,-0.61145
10941,109423,7392,-134,10914,-87,-257,-359,0.36084,-0.00965,0.93105,-0.07023,-0.55878,-0.59618
10942,109433,7386,-186,10802,-92,-470,-369,0.36047,-0.01284,0.92439,-0.1084,-2.18473,-0.67252
10943,109443,7402,-162,10866,-95,-371,-376,0.36145,-0.01137,0.9282,-0.1313,-1.42901,-0.72595
10944,109453,7388,-120,10864,-86,-396,-378,0.36059,-0.00879,0.92808,-0.0626,-1.61985,-0.74122
10945,109463,7430,-122,10788,-86,-382,-379,0.36317,-0.00891,0.92356,-0.0626,-1.51298,-0.74885
10946,109473,7430,-130,10850,-84,-303,-375,0.36317,-0.0094,0.92725,-0.04733,-0.90992,-0.71832
10947,109483,7412,-130,10874,-99,-148,-373,0.36206,-0.0094,0.92867,-0.16183,0.27328,-0.70305
10948,109493,7408,-150,10920,-105,-110,-364,0.36182,-0.01063,0.93141,-0.20763,0.56336,-0.63435
10949,109503,7384,-122,10852,-105,-80,-359,0.36035,-0.00891,0.92737,-0.20763,0.79237,-0.59618
10950,109513,7428,-174,10832,-94,-102,-368,0.36305,-0.0121,0.92618,-0.12366,0.62443,-0.66489
10951,109523,7412,-156,10894,-89,-136,-369,0.36206,-0.011,0.92986,-0.0855,0.36489,-0.67252
10952,109533,7420,-200,10814,-93,-293,-374,0.36256,-0.0137,0.92511,-0.11603,-0.83359,-0.71069
10953,109543,7434,-178,10854,-90,-356,-373,0.36341,-0.01235,0.92748,-0.09313,-1.3145,-0.70305
10954,109553,7426,-164,10754,-78,-229,-372,0.36292,-0.01149,0.92154,-0.00153,-0.34504,-0.69542
10955,109563,7458,-128,10784,-75,-28,-367,0.36489,-0.00928,0.92333,0.02137,1.18931,-0.65725
10956,109573,7390,-114,10918,-89,159,-361,0.36071,-0.00842,0.93129,-0.0855,2.61679,-0.61145
10957,109583,7410,-122,10906,-108,27,-368,0.36194,-0.00891,0.93057,-0.23053,1.60916,-0.66489
10958,109593,7410,-162,10826,-107,-22,-369,0.36194,-0.01137,0.92582,-0.2229,1.23511,-0.67252
10959,109603,7390,-142,10864,-110,4,-362,0.36071,-0.01014,0.92808,-0.2458,1.43359,-0.61908
10960,109613,7412,-142,10826,-103,-134,-369,0.36206,-0.01014,0.92582,-0.19237,0.38015,-0.67252
10961,109623,7376,-150,10816,-96,-323,-371,0.35986,-0.01063,0.92523,-0.13893,-1.0626,-0.68779
10962,109633,7418,-184,10818,-92,-475,-373,0.36243,-0.01272,0.92535,-0.1084,-2.2229,-0.70305
10963,109643,7394,-182,10892,-97,-518,-381,0.36096,-0.01259,0.92974,-0.14656,-2.55115,-0.76412
10964,109653,7448,-172,10826,-93,-704,-390,0.36427,-0.01198,0.92582,-0.11603,-3.97099,-0.83282
10965,109663,7400,-186,10730,-100,-626,-392,0.36133,-0.01284,0.92012,-0.16947,-3.37557,-0.84809
10966,109673,7474,-98,10760,-96,-323,-375,0.36587,-0.00744,0.9219,-0.13893,-1.0626,-0.71832
10967,109683,7422,-186,10844,-91,-33,-357,0.36268,-0.01284,0.92689,-0.10076,1.15115,-0.58092
10968,109693,7440,-118,10910,-87,152,-348,0.36378,-0.00867,0.93081,-0.07023,2.56336,-0.51221
10969,109703,7422,-148,10942,-89,63,-343,0.36268,-0.01051,0.93271,-0.0855,1.88397,-0.47405
10970,109713,7482,-170,10862,-88,-168,-361,0.36636,-0.01186,0.92796,-0.07786,0.12061,-0.61145
10971,109723,7410,-166,10904,-96,-321,-374,0.36194,-0.01161,0.93046,-0.13893,-1.04733,-0.71069
10972,109733,7466,-174,10730,-100,-506,-382,0.36538,-0.0121,0.92012,-0.16947,-2.45954,-0.77176
10973,109743,7464,-128,10820,-99,-364,-393,0.36526,-0.00928,0.92546,-0.16183,-1.37557,-0.85573
10974,109753,7408,-146,10868,-94,-282,-397,0.36182,-0.01038,0.92832,-0.12366,-0.74962,-0.88626
10975,109763,7474,-210,10854,-97,-346,-390,0.36587,-0.01431,0.92748,-0.14656,-1.23817,-0.83282
10976,109773,7466,-126,10846,-92,-261,-384,0.36538,-0.00916,0.92701,-0.1084,-0.58931,-0.78702
10977,109783,7496,-156,10764,-90,-135,-376,0.36722,-0.011,0.92214,-0.09313,0.37252,-0.72595
10978,109793,7376,-154,10984,-93,79,-369,0.35986,-0.01088,0.93521,-0.11603,2.00611,-0.67252
10979,109803,7364,-164,10910,-98,-190,-371,0.35912,-0.01149,0.93081,-0.1542,-0.04733,-0.68779
10980,109813,7400,-154,10808,-95,-318,-367,0.36133,-0.01088,0.92475,-0.1313,-1.02443,-0.65725
10981,109823,7418,-178,10858,-88,-360,-369,0.36243,-0.01235,0.92772,-0.07786,-1.34504,-0.67252
10982,109833,7430,-154,10810,-103,-447,-372,0.36317,-0.01088,0.92487,-0.19237,-2.00916,-0.69542
10983,109843,7432,-146,10814,-102,-328,-363,0.36329,-0.01038,0.92511,-0.18473,-1.10076,-0.62672
10984,109853,7430,-184,10902,-103,-95,-355,0.36317,-0.01272,0.93034,-0.19237,0.67786,-0.56565
10985,109863,7476,-136,10844,-101,51,-350,0.36599,-0.00977,0.92689,-0.1771,1.79237,-0.52748
10986,109873,7396,-160,10938,-89,57,-349,0.36108,-0.01124,0.93248,-0.0855,1.83817,-0.51985
10987,109883,7360,-132,10992,-90,-116,-363,0.35887,-0.00953,0.93568,-0.09313,0.51756,-0.62672
10988,109893,7412,-156,10942,-99,-330,-373,0.36206,-0.011,0.93271,-0.16183,-1.11603,-0.70305
10989,109903,7452,-134,10822,-100,-475,-377,0.36452,-0.00965,0.92558,-0.16947,-2.2229,-0.73359
10990,109913,7484,-132,10758,-99,-546,-380,0.36648,-0.00953,0.92178,-0.16183,-2.76489,-0.75649
10991,109923,7436,-112,10786,-99,-425,-380,0.36354,-0.0083,0.92344,-0.16183,-1.84122,-0.75649
10992,109933,7444,-134,10814,-103,-172,-368,0.36403,-0.00965,0.92511,-0.19237,0.09008,-0.66489
10993,109943,7396,-190,10842,-99,34,-363,0.36108,-0.01308,0.92677,-0.16183,1.6626,-0.62672
10994,109953,7430,-138,10860,-94,123,-356,0.36317,-0.00989,0.92784,-0.12366,2.34198,-0.57328
10995,109963,7464,-116,10852,-91,136,-357,0.36526,-0.00854,0.92737,-0.10076,2.44122,-0.58092
10996,109973,7464,-162,10976,-79,99,-361,0.36526,-0.01137,0.93473,-0.00916,2.15878,-0.61145
10997,109983,7444,-150,10954,-82,-96,-372,0.36403,-0.01063,0.93343,-0.03206,0.67023,-0.69542
10998,109993,7440,-180,10870,-99,-449,-391,0.36378,-0.01247,0.92844,-0.16183,-2.02443,-0.84046
10999,110003,7408,-176,10922,-96,-652,-393,0.36182,-0.01223,0.93152,-0.13893,-3.57405,-0.85573
11000,110013,7470,-176,10780,-95,-757,-393,0.36562,-0.01223,0.92309,-0.1313,-4.37557,-0.85573
11001,110023,7500,-152,10766,-102,-559,-386,0.36747,-0.01075,0.92226,-0.18473,-2.86412,-0.80229
11002,110033,7496,-166,10846,-99,-239,-370,0.36722,-0.01161,0.92701,-0.16183,-0.42137,-0.68015
11003,110043,7488,-76,10794,-90,79,-355,0.36673,-0.00609,0.92392,-0.09313,2.00611,-0.56565
11004,110053,7376,-158,10888,-88,285,-349,0.35986,-0.01112,0.9295,-0.07786,3.57863,-0.51985
11005,110063,7380,-110,10998,-101,192,-344,0.3601,-0.00818,0.93604,-0.1771,2.8687,-0.48168
11006,110073,7440,-126,10906,-105,-145,-361,0.36378,-0.00916,0.93057,-0.20763,0.29618,-0.61145
11007,110083,7444,-202,10854,-96,-359,-366,0.36403,-0.01382,0.92748,-0.13893,-1.3374,-0.64962
11008,110093,7458,-220,10870,-102,-471,-370,0.36489,-0.01492,0.92844,-0.18473,-2.19237,-0.68015
11009,110103,7452,-122,10888,-97,-601,-372,0.36452,-0.00891,0.9295,-0.14656,-3.18473,-0.69542
11010,110113,7476,-162,10790,-99,-887,-377,0.36599,-0.01137,0.92368,-0.16183,-5.36794,-0.73359
11011,110123,7476,-160,10828,-102,-852,-378,0.36599,-0.01124,0.92594,-0.18473,-5.10076,-0.74122
11012,110133,7530,-166,10742,-100,-861,-378,0.36931,-0.01161,0.92083,-0.16947,-5.16947,-0.74122
11013,110143,7530,-162,10690,-94,-576,-369,0.36931,-0.01137,0.91774,-0.12366,-2.99389,-0.67252
11014,110153,7514,-172,10836,-77,-281,-361,0.36832,-0.01198,0.92641,0.00611,-0.74198,-0.61145
11015,110163,7480,-182,10858,-78,-231,-366,0.36624,-0.01259,0.92772,-0.00153,-0.36031,-0.64962
11016,110173,7486,-200,10846,-76,-332,-369,0.36661,-0.0137,0.92701,0.01374,-1.1313,-0.67252
11017,110183,7524,-144,10822,-80,-446,-374,0.36894,-0.01026,0.92558,-0.01679,-2.00153,-0.71069
11018,110193,7532,-150,10802,-82,-461,-371,0.36943,-0.01063,0.92439,-0.03206,-2.11603,-0.68779
11019,110203,7540,-170,10742,-84,-338,-373,0.36992,-0.01186,0.92083,-0.04733,-1.1771,-0.70305
11020,110213,7490,-148,10830,-91,-219,-369,0.36685,-0.01051,0.92606,-0.10076,-0.2687,-0.67252
11021,110223,7520,-154,10808,-86,-218,-367,0.36869,-0.01088,0.92475,-0.0626,-0.26107,-0.65725
11022,110233,7520,-154,10824,-89,-5,-359,0.36869,-0.01088,0.9257,-0.0855,1.36489,-0.59618
11023,110243,7476,-156,10972,-85,245,-357,0.36599,-0.011,0.9345,-0.05496,3.27328,-0.58092
11024,110253,7516,-108,10852,-92,29,-360,0.36845,-0.00805,0.92737,-0.1084,1.62443,-0.60382
11025,110263,7512,-136,10912,-95,-151,-356,0.3682,-0.00977,0.93093,-0.1313,0.25038,-0.57328
11026,110273,7492,-136,10850,-97,-396,-361,0.36697,-0.00977,0.92725,-0.14656,-1.61985,-0.61145
11027,110283,7486,-180,10850,-98,-519,-375,0.36661,-0.01247,0.92725,-0.1542,-2.55878,-0.71832
11028,110293,7572,-116,10736,-87,-612,-369,0.37188,-0.00854,0.92047,-0.07023,-3.2687,-0.67252
11029,110303,7540,-120,10784,-87,-520,-365,0.36992,-0.00879,0.92333,-0.07023,-2.56641,-0.64198
11030,110313,7560,-178,10814,-86,-407,-368,0.37115,-0.01235,0.92511,-0.0626,-1.70382,-0.66489
11031,110323,7564,-124,10768,-86,-258,-367,0.37139,-0.00904,0.92237,-0.0626,-0.56641,-0.65725
11032,110333,7532,-150,10764,-89,123,-358,0.36943,-0.01063,0.92214,-0.0855,2.34198,-0.58855
11033,110343,7534,-150,10812,-89,492,-353,0.36955,-0.01063,0.92499,-0.0855,5.15878,-0.55038
11034,110353,7466,-182,10856,-88,529,-352,0.36538,-0.01259,0.9276,-0.07786,5.44122,-0.54275
11035,110363,7482,-176,11014,-96,351,-348,0.36636,-0.01223,0.93699,-0.13893,4.08244,-0.51221
11036,110373,7494,-116,10818,-100,-179,-365,0.3671,-0.00854,0.92535,-0.16947,0.03664,-0.64198
11037,110383,7446,-192,10880,-86,-413,-370,0.36415,-0.01321,0.92903,-0.0626,-1.74962,-0.68015
11038,110393,7514,-158,10888,-88,-448,-374,0.36832,-0.01112,0.9295,-0.07786,-2.01679,-0.71069
11039,110403,7502,-144,10828,-88,-417,-379,0.36759,-0.01026,0.92594,-0.07786,-1.78015,-0.74885
11040,110413,7534,-150,10852,-92,-347,-379,0.36955,-0.01063,0.92737,-0.1084,-1.2458,-0.74885
11041,110423,7482,-128,10950,-87,-276,-374,0.36636,-0.00928,0.93319,-0.07023,-0.70382,-0.71069
11042,110433,7520,-186,10970,-96,-536,-370,0.36869,-0.01284,0.93438,-0.13893,-2.68855,-0.68015
11043,110443,7524,-130,10682,-96,-755,-370,0.36894,-0.0094,0.91726,-0.13893,-4.36031,-0.68015
11044,110453,7514,-144,10812,-90,-331,-361,0.36832,-0.01026,0.92499,-0.09313,-1.12366,-0.61145
11045,110463,7454,-178,10862,-85,-162,-362,0.36464,-0.01235,0.92796,-0.05496,0.16641,-0.61908
11046,110473,7488,-138,10808,-77,-142,-359,0.36673,-0.00989,0.92475,0.00611,0.31908,-0.59618
11047,110483,7496,-148,10802,-78,-170,-351,0.36722,-0.01051,0.92439,-0.00153,0.10534,-0.53511
11048,110493,7508,-144,10898,-81,-130,-356,0.36796,-0.01026,0.9301,-0.02443,0.41069,-0.57328
11049,110503,7526,-152,10840,-82,-175,-358,0.36906,-0.01075,0.92665,-0.03206,0.06718,-0.58855
11050,110513,7490,-144,10810,-97,-385,-361,0.36685,-0.01026,0.92487,-0.14656,-1.53588,-0.61145
11051,110523,7516,-136,10792,-104,-497,-367,0.36845,-0.00977,0.9238,-0.2,-2.39084,-0.65725
11052,110533,7494,-190,10768,-93,-419,-367,0.3671,-0.01308,0.92237,-0.11603,-1.79542,-0.65725
11053,110543,7518,-148,10784,-89,-242,-367,0.36857,-0.01051,0.92333,-0.0855,-0.44427,-0.65725
11054,110553,7470,-152,10978,-91,-135,-366,0.36562,-0.01075,0.93485,-0.10076,0.37252,-0.64962
11055,110563,7520,-156,10856,-100,-316,-377,0.36869,-0.011,0.9276,-0.16947,-1.00916,-0.73359
11056,110573,7554,-144,10774,-100,-424,-379,0.37078,-0.01026,0.92273,-0.16947,-1.83359,-0.74885
11057,110583,7546,-152,10814,-93,-407,-381,0.37029,-0.01075,0.92511,-0.11603,-1.70382,-0.76412
11058,110593,7558,-140,10788,-92,-376,-372,0.37102,-0.01002,0.92356,-0.1084,-1.46718,-0.69542
11059,110603,7556,-158,10750,-88,-408,-364,0.3709,-0.01112,0.9213,-0.07786,-1.71145,-0.63435
11060,110613,7580,-184,10740,-85,-150,-353,0.37237,-0.01272,0.92071,-0.05496,0.25802,-0.55038
11061,110623,7500,-156,10788,-89,-5,-350,0.36747,-0.011,0.92356,-0.0855,1.36489,-0.52748
11062,110633,7514,-178,10846,-90,-154,-357,0.36832,-0.01235,0.92701,-0.09313,0.22748,-0.58092
11063,110643,7502,-158,10838,-91,-184,-356,0.36759,-0.01112,0.92653,-0.10076,-0.00153,-0.57328
11064,110653,7522,-106,10884,-90,-243,-368,0.36882,-0.00793,0.92927,-0.09313,-0.45191,-0.66489
11065,110663,7486,-134,10778,-92,-378,-371,0.36661,-0.00965,0.92297,-0.1084,-1.48244,-0.68779
11066,110673,7540,-154,10760,-88,-319,-366,0.36992,-0.01088,0.9219,-0.07786,-1.03206,-0.64962
11067,110683,7498,-158,10822,-91,-286,-362,0.36734,-0.01112,0.92558,-0.10076,-0.78015,-0.61908
11068,110693,7564,-122,10816,-89,-442,-373,0.37139,-0.00891,0.92523,-0.0855,-1.97099,-0.70305
11069,110703,7538,-142,10758,-90,-367,-360,0.3698,-0.01014,0.92178,-0.09313,-1.39847,-0.60382
11070,110713,7504,-154,10782,-85,-324,-369,0.36771,-0.01088,0.92321,-0.05496,-1.07023,-0.67252
11071,110723,7542,-156,10800,-89,-329,-379,0.37004,-0.011,0.92428,-0.0855,-1.1084,-0.74885
11072,110733,7592,-170,10742,-89,-235,-374,0.37311,-0.01186,0.92083,-0.0855,-0.39084,-0.71069
11073,110743,7574,-152,10824,-79,-116,-372,0.37201,-0.01075,0.9257,-0.00916,0.51756,-0.69542
11074,110753,7534,-162,10796,-86,-167,-372,0.36955,-0.01137,0.92404,-0.0626,0.12824,-0.69542
11075,110763,7550,-110,10890,-88,-339,-376,0.37053,-0.00818,0.92962,-0.07786,-1.18473,-0.72595
11076,110773,7538,-172,10772,-93,-474,-380,0.3698,-0.01198,0.92261,-0.11603,-2.21527,-0.75649
11077,110783,7556,-144,10748,-95,-274,-366,0.3709,-0.01026,0.92119,-0.1313,-0.68855,-0.64962
11078,110793,7568,-112,10792,-100,12,-351,0.37164,-0.0083,0.9238,-0.16947,1.49466,-0.53511
11079,110803,7566,-150,10848,-101,117,-339,0.37152,-0.01063,0.92713,-0.1771,2.29618,-0.44351
11080,110813,7508,-158,10804,-98,-100,-338,0.36796,-0.01112,0.92451,-0.1542,0.63969,-0.43588
11081,110823,7522,-152,10842,-96,-189,-343,0.36882,-0.01075,0.92677,-0.13893,-0.03969,-0.47405
11082,110833,7540,-114,10856,-99,-286,-355,0.36992,-0.00842,0.9276,-0.16183,-0.78015,-0.56565
11083,110843,7548,-164,10772,-101,-462,-360,0.37041,-0.01149,0.92261,-0.1771,-2.12366,-0.60382
11084,110853,7606,-150,10740,-92,-603,-373,0.37397,-0.01063,0.92071,-0.1084,-3.2,-0.70305
11085,110863,7606,-136,10834,-88,-414,-370,0.37397,-0.00977,0.9263,-0.07786,-1.75725,-0.68015
11086,110873,7578,-134,10706,-87,-335,-375,0.37225,-0.00965,0.91869,-0.07023,-1.1542,-0.71832
11087,110883,7578,-134,10740,-106,-102,-362,0.37225,-0.00965,0.92071,-0.21527,0.62443,-0.61908
11088,110893,7572,-122,10794,-96,125,-356,0.37188,-0.00891,0.92392,-0.13893,2.35725,-0.57328
11089,110903,7544,-126,10878,-81,298,-342,0.37017,-0.00916,0.92891,-0.02443,3.67786,-0.46641
11090,110913,7600,-136,10872,-76,235,-336,0.3736,-0.00977,0.92855,0.01374,3.19695,-0.42061
11091,110923,7520,-156,10858,-84,176,-344,0.36869,-0.011,0.92772,-0.04733,2.74656,-0.48168
11092,110933,7598,-144,10700,-82,26,-344,0.37348,-0.01026,0.91833,-0.03206,1.60153,-0.48168
11093,110943,7504,-148,10972,-90,133,-354,0.36771,-0.01051,0.9345,-0.09313,2.41832,-0.55802
11094,110953,7518,-164,10930,-98,-212,-370,0.36857,-0.01149,0.932,-0.1542,-0.21527,-0.68015
11095,110963,7524,-86,10756,-82,-508,-383,0.36894,-0.0067,0.92166,-0.03206,-2.47481,-0.77939
11096,110973,7548,-164,10710,-83,-360,-381,0.37041,-0.01149,0.91893,-0.03969,-1.34504,-0.76412
11097,110983,7536,-128,10804,-85,-37,-376,0.36967,-0.00928,0.92451,-0.05496,1.12061,-0.72595
11098,110993,7524,-196,10920,-92,54,-362,0.36894,-0.01345,0.93141,-0.1084,1.81527,-0.61908
11099,111003,7550,-156,10782,-99,-287,-368,0.37053,-0.011,0.92321,-0.16183,-0.78779,-0.66489
11100,111013,7522,-158,10856,-104,-164,-364,0.36882,-0.01112,0.9276,-0.2,0.15115,-0.63435
11101,111023,7532,-58,10770,-113,-122,-358,0.36943,-0.00499,0.92249,-0.2687,0.47176,-0.58855
11102,111033,7508,-116,10818,-106,-131,-352,0.36796,-0.00854,0.92535,-0.21527,0.40305,-0.54275
11103,111043,7544,-146,10784,-99,-78,-345,0.37017,-0.01038,0.92333,-0.16183,0.80763,-0.48931
11104,111053,7548,-152,10826,-94,-138,-341,0.37041,-0.01075,0.92582,-0.12366,0.34962,-0.45878
11105,111063,7550,-118,10794,-98,-362,-342,0.37053,-0.00867,0.92392,-0.1542,-1.36031,-0.46641
11106,111073,7560,-180,10850,-91,-345,-347,0.37115,-0.01247,0.92725,-0.10076,-1.23053,-0.50458
11107,111083,7526,-134,10756,-79,-268,-344,0.36906,-0.00965,0.92166,-0.00916,-0.64275,-0.48168
11108,111093,7538,-120,10824,-89,-87,-346,0.3698,-0.00879,0.9257,-0.0855,0.73893,-0.49695
11109,111103,7538,-138,10836,-102,-112,-359,0.3698,-0.00989,0.92641,-0.18473,0.54809,-0.59618
11110,111113,7504,-154,10724,-99,-265,-366,0.36771,-0.01088,0.91976,-0.16183,-0.61985,-0.64962
11111,111123,7554,-150,10788,-88,-290,-365,0.37078,-0.01063,0.92356,-0.07786,-0.81069,-0.64198
11112,111133,7546,-150,10872,-84,-426,-364,0.37029,-0.01063,0.92855,-0.04733,-1.84885,-0.63435
11113,111143,7610,-124,10772,-88,-608,-360,0.37422,-0.00904,0.92261,-0.07786,-3.23817,-0.60382
11114,111153,7592,-146,10896,-89,-579,-365,0.37311,-0.01038,0.92998,-0.0855,-3.01679,-0.64198
11115,111163,7586,-166,10830,-90,-676,-372,0.37274,-0.01161,0.92606,-0.09313,-3.75725,-0.69542
11116,111173,7568,-152,10824,-78,-740,-373,0.37164,-0.01075,0.9257,-0.00153,-4.2458,-0.70305
11117,111183,7550,-190,10734,-73,-683,-381,0.37053,-0.01308,0.92035,0.03664,-3.81069,-0.76412
11118,111193,7618,-148,10768,-71,-559,-378,0.37471,-0.01051,0.92237,0.05191,-2.86412,-0.74122
11119,111203,7636,-144,10734,-93,-452,-384,0.37581,-0.01026,0.92035,-0.11603,-2.04733,-0.78702
11120,111213,7616,-138,10742,-93,-353,-382,0.37458,-0.00989,0.92083,-0.11603,-1.2916,-0.77176
11121,111223,7586,-164,10804,-86,-234,-364,0.37274,-0.01149,0.92451,-0.0626,-0.38321,-0.63435
11122,111233,7646,-140,10792,-96,-143,-364,0.37642,-0.01002,0.9238,-0.13893,0.31145,-0.63435
11123,111243,7600,-126,10812,-96,-190,-360,0.3736,-0.00916,0.92499,-0.13893,-0.04733,-0.60382
11124,111253,7602,-176,10728,-93,-173,-353,0.37372,-0.01223,0.92,-0.11603,0.08244,-0.55038
11125,111263,7556,-118,10888,-93,-168,-359,0.3709,-0.00867,0.9295,-0.11603,0.12061,-0.59618
11126,111273,7656,-124,10784,-99,-518,-375,0.37704,-0.00904,0.92333,-0.16183,-2.55115,-0.71832
11127,111283,7660,-184,10808,-100,-670,-369,0.37728,-0.01272,0.92475,-0.16947,-3.71145,-0.67252
11128,111293,7648,-162,10802,-92,-674,-373,0.37655,-0.01137,0.92439,-0.1084,-3.74198,-0.70305
11129,111303,7664,-172,10768,-92,-672,-379,0.37753,-0.01198,0.92237,-0.1084,-3.72672,-0.74885
11130,111313,7670,-138,10684,-96,-524,-373,0.3779,-0.00989,0.91738,-0.13893,-2.59695,-0.70305
11131,111323,7688,-146,10690,-87,-284,-360,0.379,-0.01038,0.91774,-0.07023,-0.76489,-0.60382
11132,111333,7672,-150,10716,-84,-41,-354,0.37802,-0.01063,0.91928,-0.04733,1.09008,-0.55802
11133,111343,7632,-144,10714,-90,99,-350,0.37557,-0.01026,0.91917,-0.09313,2.15878,-0.52748
11134,111353,7660,-148,10844,-97,106,-362,0.37728,-0.01051,0.92689,-0.14656,2.21221,-0.61908
11135,111363,7610,-136,10830,-90,-77,-368,0.37422,-0.00977,0.92606,-0.09313,0.81527,-0.66489
11136,111373,7612,-146,10778,-88,-266,-376,0.37434,-0.01038,0.92297,-0.07786,-0.62748,-0.72595
11137,111383,7624,-142,10822,-95,-323,-378,0.37507,-0.01014,0.92558,-0.1313,-1.0626,-0.74122
11138,111393,7654,-154,10776,-97,-546,-382,0.37692,-0.01088,0.92285,-0.14656,-2.76489,-0.77176
11139,111403,7674,-138,10724,-98,-575,-382,0.37814,-0.00989,0.91976,-0.1542,-2.98626,-0.77176
11140,111413,7692,-152,10802,-92,-466,-370,0.37925,-0.01075,0.92439,-0.1084,-2.1542,-0.68015
11141,111423,7682,-184,10682,-79,-326,-360,0.37863,-0.01272,0.91726,-0.00916,-1.0855,-0.60382
11142,111433,7660,-134,10676,-85,-57,-350,0.37728,-0.00965,0.91691,-0.05496,0.96794,-0.52748
11143,111443,7656,-132,10704,-86,102,-337,0.37704,-0.00953,0.91857,-0.0626,2.18168,-0.42824
11144,111453,7634,-174,10914,-89,72,-344,0.37569,-0.0121,0.93105,-0.0855,1.95267,-0.48168
11145,111463,7642,-174,10768,-100,-368,-355,0.37618,-0.0121,0.92237,-0.16947,-1.40611,-0.56565
11146,111473,7638,-136,10706,-96,-580,-371,0.37593,-0.00977,0.91869,-0.13893,-3.02443,-0.68779
11147,111483,7688,-162,10630,-91,-460,-368,0.379,-0.01137,0.91417,-0.10076,-2.1084,-0.66489
11148,111493,7654,-132,10744,-95,-212,-369,0.37692,-0.00953,0.92095,-0.1313,-0.21527,-0.67252
11149,111503,7678,-160,10734,-94,-138,-367,0.37839,-0.01124,0.92035,-0.12366,0.34962,-0.65725
11150,111513,7672,-158,10934,-73,-58,-356,0.37802,-0.01112,0.93224,0.03664,0.96031,-0.57328
11151,111523,7618,-158,10738,-74,-224,-366,0.37471,-0.01112,0.92059,0.02901,-0.30687,-0.64962
11152,111533,7666,-136,10820,-82,-227,-362,0.37765,-0.00977,0.92546,-0.03206,-0.32977,-0.61908
11153,111543,7666,-170,10838,-85,-528,-371,0.37765,-0.01186,0.92653,-0.05496,-2.62748,-0.68779
11154,111553,7678,-186,10698,-97,-792,-380,0.37839,-0.01284,0.91822,-0.14656,-4.64275,-0.75649
11155,111563,7774,-156,10670,-94,-744,-374,0.38428,-0.011,0.91655,-0.12366,-4.27634,-0.71069
11156,111573,7778,-150,10646,-94,-484,-360,0.38452,-0.01063,0.91513,-0.12366,-2.2916,-0.60382
11157,111583,7696,-178,10748,-87,-43,-341,0.37949,-0.01235,0.92119,-0.07023,1.07481,-0.45878
11158,111593,7730,-144,10700,-90,-44,-347,0.38158,-0.01026,0.91833,-0.09313,1.06718,-0.50458
11159,111603,7698,-164,10704,-86,215,-336,0.37962,-0.01149,0.91857,-0.0626,3.04427,-0.42061
11160,111613,7630,-158,10742,-81,454,-329,0.37544,-0.01112,0.92083,-0.02443,4.8687,-0.36718
11161,111623,7646,-186,11030,-92,273,-329,0.37642,-0.01284,0.93794,-0.1084,3.48702,-0.36718
11162,111633,7662,-162,10802,-92,-426,-356,0.37741,-0.01137,0.92439,-0.1084,-1.84885,-0.57328
11163,111643,7660,-142,10802,-81,-733,-368,0.37728,-0.01014,0.92439,-0.02443,-4.19237,-0.66489
11164,111653,7722,-128,10690,-83,-924,-394,0.38109,-0.00928,0.91774,-0.03969,-5.65038,-0.86336
11165,111663,7686,-132,10674,-92,-814,-398,0.37888,-0.00953,0.91679,-0.1084,-4.81069,-0.89389
11166,111673,7714,-144,10618,-86,-634,-396,0.3806,-0.01026,0.91346,-0.0626,-3.43664,-0.87863
11167,111683,7738,-142,10622,-87,-280,-390,0.38207,-0.01014,0.9137,-0.07023,-0.73435,-0.83282
11168,111693,7702,-134,10698,-77,68,-371,0.37986,-0.00965,0.91822,0.00611,1.92214,-0.68779
11169,111703,7710,-172,10768,-85,237,-361,0.38035,-0.01198,0.92237,-0.05496,3.21221,-0.61145
11170,111713,7728,-142,10784,-104,261,-340,0.38146,-0.01014,0.92333,-0.2,3.39542,-0.45115
11171,111723,7638,-146,10806,-111,141,-337,0.37593,-0.01038,0.92463,-0.25344,2.47939,-0.42824
11172,111733,7712,-148,10724,-114,-116,-333,0.38047,-0.01051,0.91976,-0.27634,0.51756,-0.39771
11173,111743,7660,-148,10724,-107,-185,-336,0.37728,-0.01051,0.91976,-0.2229,-0.00916,-0.42061
11174,111753,7744,-130,10752,-102,-189,-335,0.38244,-0.0094,0.92142,-0.18473,-0.03969,-0.41298
11175,111763,7662,-146,10798,-97,-75,-347,0.37741,-0.01038,0.92416,-0.14656,0.83053,-0.50458
11176,111773,7680,-182,10722,-98,-179,-367,0.37851,-0.01259,0.91964,-0.1542,0.03664,-0.65725
11177,111783,7678,-126,10700,-100,-275,-365,0.37839,-0.00916,0.91833,-0.16947,-0.69618,-0.64198
11178,111793,7674,-110,10748,-91,-232,-351,0.37814,-0.00818,0.92119,-0.10076,-0.36794,-0.53511
11179,111803,7652,-152,10918,-84,-182,-344,0.37679,-0.01075,0.93129,-0.04733,0.01374,-0.48168
11180,111813,7670,-122,10746,-83,-310,-353,0.3779,-0.00891,0.92107,-0.03969,-0.96336,-0.55038
11181,111823,7640,-148,10826,-85,-384,-366,0.37606,-0.01051,0.92582,-0.05496,-1.52824,-0.64962
11182,111833,7730,-184,10746,-89,-524,-367,0.38158,-0.01272,0.92107,-0.0855,-2.59695,-0.65725
11183,111843,7684,-140,10678,-86,-369,-360,0.37876,-0.01002,0.91703,-0.0626,-1.41374,-0.60382
11184,111853,7728,-154,10626,-92,-142,-359,0.38146,-0.01088,0.91394,-0.1084,0.31908,-0.59618
11185,111863,7726,-178,10794,-89,49,-359,0.38133,-0.01235,0.92392,-0.0855,1.7771,-0.59618
11186,111873,7684,-146,10746,-96,-3,-365,0.37876,-0.01038,0.92107,-0.13893,1.38015,-0.64198
11187,111883,7666,-132,10706,-92,-1,-362,0.37765,-0.00953,0.91869,-0.1084,1.39542,-0.61908
11188,111893,7662,-126,10774,-90,189,-354,0.37741,-0.00916,0.92273,-0.09313,2.8458,-0.55802
11189,111903,7592,-156,10838,-89,328,-346,0.37311,-0.011,0.92653,-0.0855,3.90687,-0.49695
11190,111913,7654,-144,10834,-105,30,-349,0.37692,-0.01026,0.9263,-0.20763,1.63206,-0.51985
11191,111923,7658,-170,10940,-102,-210,-359,0.37716,-0.01186,0.93259,-0.18473,-0.2,-0.59618
11192,111933,7672,-140,10758,-91,-386,-359,0.37802,-0.01002,0.92178,-0.10076,-1.54351,-0.59618
11193,111943,7682,-152,10756,-83,-456,-366,0.37863,-0.01075,0.92166,-0.03969,-2.07786,-0.64962
11194,111953,7662,-126,10740,-82,-338,-355,0.37741,-0.00916,0.92071,-0.03206,-1.1771,-0.56565
11195,111963,7698,-108,10786,-84,-237,-357,0.37962,-0.00805,0.92344,-0.04733,-0.40611,-0.58092
11196,111973,7678,-144,10686,-93,-152,-364,0.37839,-0.01026,0.9175,-0.11603,0.24275,-0.63435
11197,111983,7656,-120,10708,-90,-94,-363,0.37704,-0.00879,0.91881,-0.09313,0.6855,-0.62672
11198,111993,7648,-142,10796,-94,-84,-355,0.37655,-0.01014,0.92404,-0.12366,0.76183,-0.56565
11199,112003,7708,-102,10758,-93,-212,-347,0.38023,-0.00769,0.92178,-0.11603,-0.21527,-0.50458
11200,112013,7682,-150,10804,-97,-192,-342,0.37863,-0.01063,0.92451,-0.14656,-0.0626,-0.46641
11201,112023,7642,-130,10768,-104,-281,-335,0.37618,-0.0094,0.92237,-0.2,-0.74198,-0.41298
11202,112033,7666,-138,10850,-109,-316,-336,0.37765,-0.00989,0.92725,-0.23817,-1.00916,-0.42061
11203,112043,7684,-180,10706,-91,-232,-330,0.37876,-0.01247,0.91869,-0.10076,-0.36794,-0.37481
11204,112053,7622,-130,10774,-87,-48,-327,0.37495,-0.0094,0.92273,-0.07023,1.03664,-0.35191
11205,112063,7698,-174,10710,-81,140,-336,0.37962,-0.0121,0.91893,-0.02443,2.47176,-0.42061
11206,112073,7662,-160,10818,-85,194,-347,0.37741,-0.01124,0.92535,-0.05496,2.88397,-0.50458
11207,112083,7654,-168,10788,-94,-23,-360,0.37692,-0.01173,0.92356,-0.12366,1.22748,-0.60382
11208,112093,7634,-160,10768,-95,-106,-363,0.37569,-0.01124,0.92237,-0.1313,0.59389,-0.62672
11209,112103,7636,-186,10754,-107,-185,-362,0.37581,-0.01284,0.92154,-0.2229,-0.00916,-0.61908
11210,112113,7634,-168,10850,-96,-259,-362,0.37569,-0.01173,0.92725,-0.13893,-0.57405,-0.61908
11211,112123,7670,-148,10756,-100,-357,-361,0.3779,-0.01051,0.92166,-0.16947,-1.32214,-0.61145
11212,112133,7634,-148,10816,-96,-301,-354,0.37569,-0.01051,0.92523,-0.13893,-0.89466,-0.55802
11213,112143,7696,-116,10730,-88,-292,-360,0.37949,-0.00854,0.92012,-0.07786,-0.82595,-0.60382
11214,112153,7696,-140,10736,-89,-82,-357,0.37949,-0.01002,0.92047,-0.0855,0.7771,-0.58092
11215,112163,7630,-150,10718,-89,206,-346,0.37544,-0.01063,0.9194,-0.0855,2.97557,-0.49695
11216,112173,7636,-152,10796,-88,356,-335,0.37581,-0.01075,0.92404,-0.07786,4.12061,-0.41298
11217,112183,7618,-182,10770,-81,257,-337,0.37471,-0.01259,0.92249,-0.02443,3.36489,-0.42824
11218,112193,7600,-162,10896,-88,66,-325,0.3736,-0.01137,0.92998,-0.07786,1.90687,-0.33664
11219,112203,7620,-166,10730,-95,-105,-335,0.37483,-0.01161,0.92012,-0.1313,0.60153,-0.41298
11220,112213,7626,-146,10836,-94,-44,-345,0.3752,-0.01038,0.92641,-0.12366,1.06718,-0.48931
11221,112223,7582,-176,10782,-94,13,-342,0.3725,-0.01223,0.92321,-0.12366,1.50229,-0.46641
11222,112233,7640,-162,10712,-92,133,-349,0.37606,-0.01137,0.91905,-0.1084,2.41832,-0.51985
11223,112243,7612,-120,10708,-87,410,-353,0.37434,-0.00879,0.91881,-0.07023,4.53282,-0.55038
11224,112253,7608,-126,10858,-96,523,-351,0.37409,-0.00916,0.92772,-0.13893,5.39542,-0.53511
11225,112263,7612,-182,10752,-94,566,-339,0.37434,-0.01259,0.92142,-0.12366,5.72366,-0.44351
11226,112273,7564,-162,10880,-98,648,-336,0.37139,-0.01137,0.92903,-0.1542,6.34962,-0.42061
11227,112283,7568,-220,10892,-97,576,-333,0.37164,-0.01492,0.92974,-0.14656,5.8,-0.39771
11228,112293,7504,-198,10958,-103,254,-339,0.36771,-0.01357,0.93366,-0.19237,3.34198,-0.44351
11229,112303,7544,-180,10738,-91,-118,-348,0.37017,-0.01247,0.92059,-0.10076,0.50229,-0.51221
11230,112313,7514,-122,10728,-85,14,-344,0.36832,-0.00891,0.92,-0.05496,1.50992,-0.48168
11231,112323,7536,-162,10752,-84,303,-334,0.36967,-0.01137,0.92142,-0.04733,3.71603,-0.40534
11232,112333,7504,-146,10758,-83,758,-325,0.36771,-0.01038,0.92178,-0.03969,7.18931,-0.33664
11233,112343,7476,-182,10714,-83,1205,-313,0.36599,-0.01259,0.91917,-0.03969,10.60153,-0.24504
11234,112353,7432,-138,10786,-101,1750,-297,0.36329,-0.00989,0.92344,-0.1771,14.76183,-0.1229
11235,112363,7452,-160,10698,-106,2400,-279,0.36452,-0.01124,0.91822,-0.21527,19.72367,0.0145
11236,112373,7410,-150,10304,-110,3283,-245,0.36194,-0.01063,0.8948,-0.2458,26.46412,0.27405
11237,112383,7154,-154,11088,-135,5307,-205,0.34623,-0.01088,0.94139,-0.43664,41.9145,0.57939
11238,112393,7062,-204,10714,-129,6008,-206,0.34059,-0.01394,0.91917,-0.39084,47.26565,0.57176
11239,112403,6760,-178,11572,-123,6694,-192,0.32205,-0.01235,0.97015,-0.34504,52.50229,0.67863
11240,112413,6822,-174,11082,-77,5105,-207,0.32586,-0.0121,0.94103,0.00611,40.37252,0.56412
11241,112423,6708,-166,11008,-69,5144,-209,0.31886,-0.01161,0.93664,0.06718,40.67023,0.54885
11242,112433,6564,-128,11180,-86,5633,-201,0.31003,-0.00928,0.94686,-0.0626,44.40305,0.60992
11243,112443,6562,-106,10880,-67,5859,-180,0.3099,-0.00793,0.92903,0.08244,46.12824,0.77023
11244,112453,6370,-144,10940,-83,7002,-139,0.29812,-0.01026,0.93259,-0.03969,54.85344,1.08321
11245,112463,6186,-100,10894,-64,8681,-98,0.28683,-0.00756,0.92986,0.10534,67.67023,1.39618
11246,112473,5926,-168,10890,-26,10504,-54,0.27088,-0.01173,0.92962,0.39542,81.58626,1.73206
11247,112483,5774,-154,10434,6,12856,11,0.26155,-0.01088,0.90253,0.63969,99.54046,2.22824
11248,112493,5558,-114,9514,-9,17598,275,0.24829,-0.00842,0.84786,0.52519,135.73894,4.24351
11249,112503,3774,-940,8858,111,26631,1152,0.13882,-0.05909,0.80888,1.44122,204.69313,10.93817
11250,112513,3406,-366,14290,1221,32767,5852,0.11623,-0.02388,1.13165,9.9145,251.53284,46.81603
11251,112523,3652,-902,13278,1204,23801,5413,0.13133,-0.05676,1.07152,9.78473,183.09009,43.46489
11252,112533,2556,156,15782,882,15317,3712,0.06407,0.00814,1.2203,7.32672,118.32671,30.48015
11253,112543,3252,-312,11912,-325,4562,1635,0.10678,-0.02057,0.99035,-1.88702,36.22748,14.62519
11254,112553,2952,-512,11700,3,3419,625,0.08837,-0.03284,0.97775,0.61679,27.50229,6.91527
11255,112563,2890,-2538,11790,246,4671,976,0.08457,-0.15711,0.9831,2.47176,37.05954,9.59466
11256,112573,818,3686,12330,1608,6379,9131,-0.04258,0.22467,1.01519,12.8687,50.09771,71.84657
11257,112583,1960,568,11956,1640,6383,6576,0.0275,0.03341,0.99296,13.11298,50.12824,52.34275
11258,112593,2052,1230,15280,-1475,6659,70,0.03314,0.07402,1.19047,-10.66565,52.23511,2.67863
11259,112603,5740,2506,17188,-2490,8153,-5184,0.25946,0.15229,1.30385,-18.41374,63.63969,-37.42825
11260,112613,2652,294,9838,3433,15818,-4837,0.06996,0.0166,0.86711,26.8,122.15115,-34.77939
11261,112623,-326,-1106,19498,-4719,25053,-1351,-0.11278,-0.06927,1.44111,-35.42901,192.64734,-8.1687
11262,112633,1280,-280,12562,-1508,9875,180,-0.01423,-0.0186,1.02897,-10.91756,76.78473,3.51832
11263,112643,1582,-50,12016,264,1884,507,0.0043,-0.0045,0.99653,2.60916,15.78473,6.0145
11264,112653,3946,1928,12360,-405,-406,1871,0.14937,0.11684,1.01697,-2.49771,-1.69618,16.42672
11265,112663,5124,3612,14444,-3894,-2544,11964,0.22166,0.22013,1.1408,-29.1313,-18.01679,93.47252
11266,112673,1598,592,14364,-10675,-945,28943,0.00528,0.03488,1.13605,-80.89466,-5.81069,223.08321
11267,112683,-2488,-3032,14938,-18807,-2368,31497,-0.24546,-0.18741,1.17015,-142.97099,-16.67328,242.57939
11268,112693,-856,-2552,14616,-29685,477,19230,-0.14531,-0.15797,1.15102,-226.00916,5.04427,148.93817
11269,112703,788,-1728,15136,-32768,15808,4181,-0.04442,-0.10743,1.18192,-249.5435,122.07481,34.0603
11270,112713,2700,3630,5148,-16066,32767,-8123,0.07291,0.22124,0.58844,-122.04733,251.53284,-59.86336
11271,112723,1874,4350,2156,-5187,32767,-7426,0.02222,0.2654,0.41065,-39.00153,251.53284,-54.54275
11272,112733,2260,944,9176,-1452,-25261,2246,0.04591,0.05648,0.82778,-10.49008,-191.429,19.28931
11273,112743,2728,-1732,15952,11909,-29711,1600,0.07463,-0.10767,1.2304,91.50229,-225.39847,14.35802
11274,112753,816,-1310,13684,30363,28802,-13858,-0.0427,-0.08179,1.09564,232.37253,221.26566,-103.64198
11275,112763,-1948,232,8294,32767,32767,-27136,-0.21232,0.0128,0.77537,250.72366,251.53284,-205.00076
11276,112773,-3836,-324,9836,31695,32767,-23453,-0.32818,-0.0213,0.867,242.54047,251.53284,-176.88626
11277,112783,-3488,-668,17434,19836,-2331,-6752,-0.30682,-0.0424,1.31846,152.01375,-16.39084,-49.39771
11278,112793,-3204,-2430,14256,1583,-11134,541,-0.2894,-0.15049,1.12963,12.67786,-83.58932,6.27405
11279,112803,-5110,-2850,10830,-3504,13939,-4507,-0.40636,-0.17625,0.92606,-26.1542,107.80763,-32.26031
11280,112813,-4760,-3822,11556,-18562,-24255,2547,-0.38488,-0.23587,0.9692,-141.10075,-183.74962,21.58702
11281,112823,-2558,-4956,10416,-21294,-29251,8985,-0.24975,-0.30543,0.90146,-161.95572,-221.88702,70.73206
11282,112833,-2282,-5062,10070,-14498,-11510,5934,-0.23282,-0.31194,0.8809,-110.07787,-86.45954,47.44198
11283,112843,-1224,-4356,9790,-6955,-1593,195,-0.16789,-0.26863,0.86426,-52.49771,-10.75725,3.63282
11284,112853,-410,-3252,10448,-1159,-246,-248,-0.11794,-0.20091,0.90336,-8.25344,-0.47481,0.25115
11285,112863,-118,-1770,10484,4079,1476,993,-0.10002,-0.11,0.9055,31.7313,12.67023,9.72443
11286,112873,-2094,-1218,11364,10091,8612,-536,-0.22128,-0.07614,0.95779,77.62443,67.14351,-1.94733
11287,112883,-2714,-836,11896,13257,15165,-2634,-0.25933,-0.05271,0.9894,101.79237,117.16641,-17.9626
11288,112893,-2390,-814,12206,11905,13721,-3996,-0.23944,-0.05136,1.00782,91.47176,106.14351,-28.35954
11289,112903,-2036,-796,12334,7981,8326,-2946,-0.21772,-0.05026,1.01543,61.51756,64.9603,-20.34428
11290,112913,-2536,-508,12474,3298,3531,-487,-0.2484,-0.03259,1.02374,25.76947,28.35725,-1.57328
11291,112923,-2728,-466,12308,-1666,-1139,989,-0.26019,-0.03001,1.01388,-12.12366,-7.2916,9.69389
11292,112933,-2512,-744,12014,-5848,-4847,1356,-0.24693,-0.04707,0.99641,-44.04733,-35.59695,12.49542
11293,112943,-2380,-932,11692,-8334,-6706,1787,-0.23883,-0.0586,0.97728,-63.02443,-49.78779,15.7855
11294,112953,-2384,-1172,11148,-8960,-7399,2140,-0.23908,-0.07332,0.94495,-67.80305,-55.07787,18.48015
11295,112963,-2358,-1312,11050,-7361,-6578,1777,-0.23748,-0.08191,0.93913,-55.59695,-48.81069,15.70916
11296,112973,-2120,-1426,10862,-4268,-3313,761,-0.22287,-0.0889,0.92796,-31.98626,-23.88702,7.95344
11297,112983,-2206,-1426,10976,-75,1314,-186,-0.22815,-0.0889,0.93473,0.02137,11.43359,0.72443
11298,112993,-2306,-1264,11168,3276,4253,-932,-0.23429,-0.07896,0.94614,25.60153,33.8687,-4.97023
11299,113003,-2384,-1180,11468,5287,5470,-1499,-0.23908,-0.07381,0.96397,40.95267,43.15878,-9.29847
11300,113013,-2394,-1056,11610,6164,6583,-1790,-0.23969,-0.0662,0.97241,47.64733,51.65496,-11.51985
11301,113023,-2584,-932,11944,5754,6703,-1557,-0.25135,-0.0586,0.99225,44.51756,52.57099,-9.74122
11302,113033,-2662,-836,12002,3589,4207,-943,-0.25614,-0.05271,0.9957,27.99084,33.51756,-5.0542
11303,113043,-2674,-798,11950,739,902,-242,-0.25687,-0.05038,0.99261,6.23511,8.28855,0.29695
11304,113053,-2638,-776,11844,-1742,-1208,282,-0.25466,-0.04903,0.98631,-12.70382,-7.81832,4.29695
11305,113063,-2630,-866,11582,-3664,-2547,648,-0.25417,-0.05455,0.97074,-27.37557,-18.03969,7.09084
11306,113073,-2532,-1058,11422,-4678,-3828,924,-0.24816,-0.06633,0.96123,-35.11603,-27.81832,9.19771
11307,113083,-2552,-1130,11318,-4372,-3893,995,-0.24938,-0.07074,0.95506,-32.78016,-28.3145,9.73969
11308,113093,-2526,-1200,11196,-3108,-2274,600,-0.24779,-0.07504,0.94781,-23.1313,-15.95572,6.72443
11309,113103,-2526,-1248,11086,-1200,-277,-18,-0.24779,-0.07798,0.94127,-8.56641,-0.71145,2.00687
11310,113113,-2474,-1234,11222,851,1444,-499,-0.2446,-0.07712,0.94935,7.09008,12.42595,-1.66489
11311,113123,-2564,-1170,11328,2454,2853,-728,-0.25012,-0.0732,0.95565,19.32672,23.18168,-3.41298
11312,113133,-2960,-930,11462,3204,3654,-886,-0.27442,-0.05848,0.96361,25.05191,29.29618,-4.61908
11313,113143,-3004,-910,11404,3819,5392,-2378,-0.27712,-0.05725,0.96017,29.74656,42.56336,-16.0084
11314,113153,-5678,334,11406,4961,8851,-3660,-0.44121,0.01906,0.96028,38.46412,68.96793,-25.79466
11315,113163,-4724,484,11028,5380,7996,944,-0.38267,0.02826,0.93782,41.66259,62.44122,9.35038
11316,113173,-5524,924,11116,6223,10020,4134,-0.43176,0.05525,0.94305,48.09771,77.8916,33.70153
11317,113183,-3446,824,11208,9952,10654,2537,-0.30425,0.04912,0.94852,76.56335,82.73129,21.51069
11318,113193,-2368,-1150,13570,12869,14325,-1782,-0.23809,-0.07197,1.08887,98.83054,110.7542,-11.45878
11319,113203,-3776,-1884,9624,2796,-4332,1573,-0.3245,-0.117,0.8544,21.9374,-31.66565,14.15191
11320,113213,-750,-1050,13068,-515,-14054,7567,-0.1388,-0.06584,1.05904,-3.3374,-105.87939,59.90763
11321,113223,-2424,-1160,13682,-156,-2537,3218,-0.24153,-0.07258,1.09552,-0.59695,-17.96336,26.70916
11322,113233,-1708,-910,11548,-5503,-23,-804,-0.19759,-0.05725,0.96872,-41.41374,1.22748,-3.99313
11323,113243,-2452,-1036,9776,248,13375,-342,-0.24325,-0.06498,0.86343,2.48702,103.50229,-0.46641
11324,113253,-6056,580,8998,6774,19148,6,-0.46441,0.03415,0.8172,52.30381,147.571,2.19008
11325,113263,-4606,-54,9844,-3658,-14177,-87,-0.37543,-0.00474,0.86747,-27.32977,-106.81832,1.48015
11326,113273,-2978,1058,18300,882,-18647,234,-0.27553,0.06347,1.36992,7.32672,-140.94044,3.93053
11327,113283,-3220,524,13344,2974,15278,1167,-0.29038,0.03071,1.07544,23.29618,118.02901,11.05267
11328,113293,-7060,382,4700,552,29973,-1147,-0.52602,0.022,0.56182,4.80763,230.20459,-6.61145
11329,113303,-4570,-454,7612,-1383,-7013,-3192,-0.37322,-0.02928,0.73485,-9.96336,-52.1313,-22.22214
11330,113313,-1188,-620,15066,-5396,-32768,624,-0.16568,-0.03946,1.17776,-40.59695,-248.73434,6.90763
11331,113323,-2680,194,14132,666,-6527,3437,-0.25724,0.01047,1.12226,5.67786,-48.42138,28.38091
11332,113333,-5420,412,9132,4623,21974,623,-0.42538,0.02384,0.82516,35.88397,169.14352,6.9
11333,113343,-4724,4,9120,240,7513,-2732,-0.38267,-0.00118,0.82445,2.42595,58.7542,-18.71069
11334,113353,-1616,-952,12148,-3715,-16204,-1660,-0.19195,-0.05983,1.00437,-27.76488,-122.2916,-10.52748
11335,113363,-2806,-124,13060,-2384,-7604,2132,-0.26497,-0.00904,1.05856,-17.60458,-56.64275,18.41908
11336,113373,-4962,414,10358,-3586,3183,3517,-0.39728,0.02397,0.89801,-26.78015,25.70076,28.9916
11337,113383,-4358,56,10124,-6718,-7877,1741,-0.36021,0.00201,0.88411,-50.68855,-58.72672,15.43435
11338,113393,-1780,-824,12974,-9157,-20325,938,-0.20201,-0.05197,1.05345,-69.30687,-153.74962,9.30458
11339,113403,-1846,-818,13032,-10257,-13034,2356,-0.20606,-0.05161,1.0569,-77.70382,-98.09313,20.12901
11340,113413,-3276,-598,10524,-9739,-1411,2955,-0.29381,-0.03811,0.90788,-73.74962,-9.36794,24.70153
11341,113423,-3304,-896,9888,-8302,-3933,1839,-0.29553,-0.05639,0.87009,-62.78016,-28.61985,16.18244
11342,113433,-1768,-1310,12028,-4374,-8754,824,-0.20127,-0.08179,0.99724,-32.79542,-65.42138,8.43435
11343,113443,-2544,-1060,11124,271,3013,234,-0.24889,-0.06645,0.94353,2.6626,24.40305,3.93053
11344,113453,-2844,-1022,10726,3775,7364,-1174,-0.2673,-0.06412,0.91988,29.41069,57.61679,-6.81756
11345,113463,-2282,-1146,11334,4153,2619,-1819,-0.23282,-0.07173,0.95601,32.29618,21.39542,-11.74122
11346,113473,-2100,-1088,12054,3478,-1,-1037,-0.22165,-0.06817,0.99879,27.14351,1.39542,-5.77176
11347,113483,-2606,-786,12088,3154,2675,-176,-0.2527,-0.04964,1.00081,24.67023,21.8229,0.80076
11348,113493,-2772,-712,11692,1592,3172,-354,-0.26289,-0.0451,0.97728,12.74656,25.61679,-0.55802
11349,113503,-2508,-916,11582,-1069,-403,-510,-0.24668,-0.05762,0.97074,-7.56641,-1.67328,-1.74885
11350,113513,-2314,-1036,11678,-3073,-3257,153,-0.23478,-0.06498,0.97645,-22.86412,-23.45954,3.31221
11351,113523,-2474,-1062,11474,-3781,-3494,912,-0.2446,-0.06657,0.96432,-28.2687,-25.2687,9.10611
11352,113533,-2594,-1020,11298,-3349,-2566,860,-0.25196,-0.064,0.95387,-24.97099,-18.18473,8.70916
11353,113543,-2496,-1106,11278,-2315,-1662,188,-0.24595,-0.06927,0.95268,-17.07786,-11.28397,3.57939
11354,113553,-2374,-1192,11328,-861,-535,-328,-0.23846,-0.07455,0.95565,-5.97863,-2.68092,-0.35954
11355,113563,-2302,-1138,11364,599,657,-507,-0.23404,-0.07123,0.95779,5.16641,6.41832,-1.72595
11356,113573,-2430,-1110,11436,1832,1643,-519,-0.2419,-0.06952,0.96207,14.57863,13.94504,-1.81756
11357,113583,-2510,-936,11644,2282,1926,-578,-0.24681,-0.05884,0.97443,18.01374,16.10534,-2.26794
11358,113593,-2484,-944,11660,1842,1615,-701,-0.24521,-0.05933,0.97538,14.65496,13.7313,-3.20687
11359,113603,-2500,-994,11724,1161,1243,-651,-0.24619,-0.0624,0.97918,9.45649,10.8916,-2.82519
11360,113613,-2504,-1014,11604,190,462,-339,-0.24644,-0.06363,0.97205,2.04427,4.92977,-0.44351
11361,113623,-2550,-960,11632,-1006,-764,61,-0.24926,-0.06032,0.97371,-7.0855,-4.42901,2.60992
11362,113633,-2566,-1006,11520,-1814,-1667,262,-0.25024,-0.06314,0.96706,-13.25344,-11.32214,4.14428
11363,113643,-2490,-1034,11490,-1926,-1616,184,-0.24558,-0.06486,0.96528,-14.1084,-10.93282,3.54885
11364,113653,-2494,-1088,11434,-1539,-995,28,-0.24583,-0.06817,0.96195,-11.1542,-6.19237,2.35802
11365,113663,-2408,-1124,11312,-1008,-512,-67,-0.24055,-0.07038,0.9547,-7.10076,-2.50534,1.63282
11366,113673,-2522,-1124,11348,-158,-96,-138,-0.24754,-0.07038,0.95684,-0.61221,0.67023,1.09084
11367,113683,-2534,-1078,11466,593,349,-292,-0.24828,-0.06755,0.96385,5.12061,4.06718,-0.08473
11368,113693,-2450,-1032,11550,1026,985,-516,-0.24313,-0.06473,0.96884,8.42595,8.92214,-1.79466
11369,113703,-2462,-1040,11538,1209,1301,-560,-0.24386,-0.06522,0.96813,9.8229,11.33435,-2.13053
11370,113713,-2490,-1022,11558,791,852,-448,-0.24558,-0.06412,0.96932,6.63206,7.90687,-1.27557
11371,113723,-2564,-1024,11538,186,202,-268,-0.25012,-0.06424,0.96813,2.01374,2.94504,0.09847
11372,113733,-2538,-1006,11620,-390,-263,-135,-0.24853,-0.06314,0.973,-2.38321,-0.60458,1.11374
11373,113743,-2530,-1036,11530,-910,-641,-83,-0.24803,-0.06498,0.96765,-6.35267,-3.49008,1.51069
11374,113753,-2514,-1054,11458,-1065,-767,-34,-0.24705,-0.06608,0.96337,-7.53588,-4.45191,1.88473
11375,113763,-2530,-1114,11390,-920,-537,-52,-0.24803,-0.06976,0.95933,-6.42901,-2.69618,1.74733
11376,113773,-2526,-1094,11436,-602,-368,-106,-0.24779,-0.06854,0.96207,-4.00153,-1.40611,1.33511
11377,113783,-2556,-1148,11486,-223,-251,-168,-0.24963,-0.07185,0.96504,-1.1084,-0.51298,0.86183
11378,113793,-2540,-1090,11500,168,191,-284,-0.24865,-0.06829,0.96587,1.87634,2.86107,-0.02366
11379,113803,-2522,-1070,11518,558,681,-356,-0.24754,-0.06706,0.96694,4.85344,6.60153,-0.57328
11380,113813,-2562,-1072,11548,556,670,-401,-0.25,-0.06719,0.96872,4.83817,6.51756,-0.91679
11381,113823,-2642,-1064,11594,360,302,-341,-0.25491,-0.0667,0.97145,3.34198,3.7084,-0.45878
