sample_index,timestamp_ms,ax_raw,ay_raw,az_raw,gx_raw,gy_raw,gz_raw,ax_calibrated_g,ay_calibrated_g,az_calibrated_g,gx_dps,gy_dps,gz_dps
367237,3672383,1380,-270,11916,-96,-164,-500,-0.00809,-0.01799,0.99059,-0.13893,0.15115,-1.67252
367238,3672393,1400,-214,12070,-91,-180,-393,-0.00687,-0.01456,0.99974,-0.10076,0.02901,-0.85573
367239,3672403,1396,-194,12038,-101,-181,-371,-0.00711,-0.01333,0.99784,-0.1771,0.02137,-0.68779
367240,3672413,1392,-136,12044,-100,-179,-357,-0.00736,-0.00977,0.99819,-0.16947,0.03664,-0.58092
367241,3672423,1390,-186,12054,-99,-177,-355,-0.00748,-0.01284,0.99879,-0.16183,0.05191,-0.56565
367242,3672433,1380,-206,12028,-93,-161,-354,-0.00809,-0.01407,0.99724,-0.11603,0.17405,-0.55802
367243,3672443,1366,-250,12130,-102,-159,-349,-0.00895,-0.01676,1.0033,-0.18473,0.18931,-0.51985
367244,3672453,1330,-260,12098,-107,-168,-345,-0.01116,-0.01738,1.0014,-0.2229,0.12061,-0.48931
367245,3672463,1336,-254,12062,-110,-174,-346,-0.01079,-0.01701,0.99926,-0.2458,0.07481,-0.49695
367246,3672473,1396,-182,12042,-117,-198,-343,-0.00711,-0.01259,0.99807,-0.29924,-0.1084,-0.47405
367247,3672483,1416,-158,12024,-114,-193,-335,-0.00588,-0.01112,0.99701,-0.27634,-0.07023,-0.41298
367248,3672493,1418,-212,12046,-113,-206,-334,-0.00576,-0.01443,0.99831,-0.2687,-0.16947,-0.40534
367249,3672503,1398,-242,12070,-111,-204,-337,-0.00699,-0.01627,0.99974,-0.25344,-0.1542,-0.42824
367250,3672513,1408,-332,12056,-103,-190,-336,-0.00638,-0.02179,0.99891,-0.19237,-0.04733,-0.42061
367251,3672523,1376,-300,12006,-97,-180,-337,-0.00834,-0.01983,0.99594,-0.14656,0.02901,-0.42824
367252,3672533,1386,-274,12074,-97,-179,-336,-0.00773,-0.01824,0.99998,-0.14656,0.03664,-0.42061
367253,3672543,1356,-232,12118,-92,-186,-337,-0.00957,-0.01566,1.00259,-0.1084,-0.01679,-0.42824
367254,3672553,1360,-206,12090,-100,-175,-338,-0.00932,-0.01407,1.00093,-0.16947,0.06718,-0.43588
367255,3672563,1384,-212,12092,-109,-182,-377,-0.00785,-0.01443,1.00105,-0.23817,0.01374,-0.73359
367256,3672573,1758,-338,12062,-113,-184,-618,0.0151,-0.02216,0.99926,-0.2687,-0.00153,-2.57328
367257,3672583,1526,-284,12028,-104,-186,-1650,0.00087,-0.01885,0.99724,-0.2,-0.01679,-10.45115
367258,3672593,1228,-234,12062,-103,-223,-2156,-0.01742,-0.01578,0.99926,-0.19237,-0.29924,-14.31374
367259,3672603,1328,-228,12060,-111,-189,-1854,-0.01129,-0.01541,0.99914,-0.25344,-0.03969,-12.0084
367260,3672613,1266,-208,12016,-107,-199,-1622,-0.01509,-0.01419,0.99653,-0.2229,-0.11603,-10.2374
367261,3672623,1240,-186,12072,-116,-183,-1305,-0.01669,-0.01284,0.99986,-0.2916,0.00611,-7.81756
367262,3672633,1280,-230,12026,-106,-165,-916,-0.01423,-0.01554,0.99712,-0.21527,0.14351,-4.84809
367263,3672643,1372,-252,12032,-100,-165,-661,-0.00859,-0.01689,0.99748,-0.16947,0.14351,-2.90153
367264,3672653,1358,-276,12034,-102,-174,-507,-0.00944,-0.01836,0.9976,-0.18473,0.07481,-1.72595
367265,3672663,1336,-266,12050,-103,-188,-441,-0.01079,-0.01775,0.99855,-0.19237,-0.03206,-1.22214
367266,3672673,1388,-242,12032,-101,-191,-421,-0.0076,-0.01627,0.99748,-0.1771,-0.05496,-1.06947
367267,3672683,1424,-156,12088,-105,-187,-416,-0.00539,-0.011,1.00081,-0.20763,-0.02443,-1.0313
367268,3672693,1326,-210,12008,-109,-187,-420,-0.01141,-0.01431,0.99605,-0.23817,-0.02443,-1.06183
367269,3672703,1358,-234,12082,-112,-192,-470,-0.00944,-0.01578,1.00045,-0.26107,-0.0626,-1.44351
367270,3672713,1368,-232,12082,-114,-192,-604,-0.00883,-0.01566,1.00045,-0.27634,-0.0626,-2.46641
367271,3672723,1380,-254,12052,-106,-191,-851,-0.00809,-0.01701,0.99867,-0.21527,-0.05496,-4.35191
367272,3672733,1278,-254,12062,-103,-178,-1165,-0.01435,-0.01701,0.99926,-0.19237,0.04427,-6.74885
367273,3672743,1292,-188,12076,-104,-178,-1143,-0.01349,-0.01296,1.0001,-0.2,0.04427,-6.58092
367274,3672753,1408,-236,12052,-108,-178,-894,-0.00638,-0.01591,0.99867,-0.23053,0.04427,-4.68015
367275,3672763,1408,-236,12100,-110,-185,-757,-0.00638,-0.01591,1.00152,-0.2458,-0.00916,-3.63435
367276,3672773,1404,-230,12038,-106,-193,-696,-0.00662,-0.01554,0.99784,-0.21527,-0.07023,-3.1687
367277,3672783,1422,-290,12016,-113,-197,-762,-0.00552,-0.01922,0.99653,-0.2687,-0.10076,-3.67252
367278,3672793,1544,-286,12098,-106,-182,-959,0.00197,-0.01897,1.0014,-0.21527,0.01374,-5.17634
367279,3672803,1524,-272,12066,-99,-187,-1466,0.00074,-0.01811,0.9995,-0.16183,-0.02443,-9.04657
367280,3672813,1426,-236,12074,-109,-167,-1964,-0.00527,-0.01591,0.99998,-0.23817,0.12824,-12.84809
367281,3672823,1338,-226,12084,-117,-168,-2060,-0.01067,-0.01529,1.00057,-0.29924,0.12061,-13.58092
367282,3672833,1156,-280,12064,-115,-166,-1922,-0.02184,-0.0186,0.99938,-0.28397,0.13588,-12.52748
367283,3672843,1026,-166,12080,-126,-184,-1458,-0.02982,-0.01161,1.00033,-0.36794,-0.00153,-8.9855
367284,3672853,1208,-172,12064,-116,-183,-796,-0.01865,-0.01198,0.99938,-0.2916,0.00611,-3.93206
367285,3672863,1296,-186,12044,-125,-186,-461,-0.01325,-0.01284,0.99819,-0.36031,-0.01679,-1.37481
367286,3672873,1318,-204,12018,-121,-190,-356,-0.0119,-0.01394,0.99665,-0.32977,-0.04733,-0.57328
367287,3672883,1308,-194,12056,-115,-195,-342,-0.01251,-0.01333,0.99891,-0.28397,-0.0855,-0.46641
367288,3672893,1346,-210,12032,-124,-198,-343,-0.01018,-0.01431,0.99748,-0.35267,-0.1084,-0.47405
367289,3672903,1368,-256,12052,-122,-205,-338,-0.00883,-0.01713,0.99867,-0.3374,-0.16183,-0.43588
367290,3672913,1396,-268,12036,-113,-204,-337,-0.00711,-0.01787,0.99772,-0.2687,-0.1542,-0.42824
367291,3672923,1428,-284,12084,-111,-205,-333,-0.00515,-0.01885,1.00057,-0.25344,-0.16183,-0.39771
367292,3672933,1332,-262,12048,-104,-188,-333,-0.01104,-0.0175,0.99843,-0.2,-0.03206,-0.39771
367293,3672943,1422,-198,12052,-106,-183,-334,-0.00552,-0.01357,0.99867,-0.21527,0.00611,-0.40534
367294,3672953,1360,-300,12000,-103,-182,-332,-0.00932,-0.01983,0.99558,-0.19237,0.01374,-0.39008
367295,3672963,1350,-262,12046,-108,-178,-332,-0.00994,-0.0175,0.99831,-0.23053,0.04427,-0.39008
367296,3672973,1296,-250,12060,-101,-188,-322,-0.01325,-0.01676,0.99914,-0.1771,-0.03206,-0.31374
367297,3672983,1338,-248,12040,-107,-182,-312,-0.01067,-0.01664,0.99796,-0.2229,0.01374,-0.2374
367298,3672993,1346,-242,12120,-111,-180,-279,-0.01018,-0.01627,1.00271,-0.25344,0.02901,0.0145
367299,3673003,1376,-240,12036,-106,-182,-233,-0.00834,-0.01615,0.99772,-0.21527,0.01374,0.36565
367300,3673013,1386,-214,12098,-109,-178,-201,-0.00773,-0.01456,1.0014,-0.23817,0.04427,0.60992
367301,3673023,1352,-210,12080,-121,-174,-141,-0.00981,-0.01431,1.00033,-0.32977,0.07481,1.06794
367302,3673033,1382,-254,12060,-121,-179,-36,-0.00797,-0.01701,0.99914,-0.32977,0.03664,1.86947
367303,3673043,1366,-302,12062,-121,-179,112,-0.00895,-0.01995,0.99926,-0.32977,0.03664,2.99924
367304,3673053,1416,-304,12074,-114,-165,321,-0.00588,-0.02008,0.99998,-0.27634,0.14351,4.59466
367305,3673063,1298,-250,12026,-106,-157,520,-0.01313,-0.01676,0.99712,-0.21527,0.20458,6.11374
367306,3673073,1314,-220,12098,-117,-168,434,-0.01214,-0.01492,1.0014,-0.29924,0.12061,5.45725
367307,3673083,1276,-222,12066,-117,-167,162,-0.01448,-0.01505,0.9995,-0.29924,0.12824,3.38092
367308,3673093,1308,-196,12068,-118,-172,-69,-0.01251,-0.01345,0.99962,-0.30687,0.09008,1.61756
367309,3673103,1340,-222,12046,-122,-176,-161,-0.01055,-0.01505,0.99831,-0.3374,0.05954,0.91527
367310,3673113,1312,-232,12046,-115,-173,-203,-0.01227,-0.01566,0.99831,-0.28397,0.08244,0.59466
367311,3673123,1320,-270,12068,-115,-168,-228,-0.01178,-0.01799,0.99962,-0.28397,0.12061,0.40382
367312,3673133,1286,-260,11992,-117,-169,-257,-0.01386,-0.01738,0.9951,-0.29924,0.11298,0.18244
367313,3673143,1288,-222,12040,-120,-180,-271,-0.01374,-0.01505,0.99796,-0.32214,0.02901,0.07557
367314,3673153,1338,-188,12068,-133,-178,-269,-0.01067,-0.01296,0.99962,-0.42137,0.04427,0.09084
367315,3673163,1322,-238,12090,-138,-176,-280,-0.01165,-0.01603,1.00093,-0.45954,0.05954,0.00687
367316,3673173,1328,-262,12056,-135,-185,-295,-0.01129,-0.0175,0.99891,-0.43664,-0.00916,-0.10763
367317,3673183,1396,-238,12022,-129,-190,-306,-0.00711,-0.01603,0.99689,-0.39084,-0.04733,-0.1916
367318,3673193,1350,-256,12064,-130,-200,-311,-0.00994,-0.01713,0.99938,-0.39847,-0.12366,-0.22977
367319,3673203,1350,-230,12012,-132,-215,-303,-0.00994,-0.01554,0.99629,-0.41374,-0.23817,-0.1687
367320,3673213,1334,-194,12084,-126,-194,-301,-0.01092,-0.01333,1.00057,-0.36794,-0.07786,-0.15344
367321,3673223,1352,-258,11968,-119,-177,-303,-0.00981,-0.01726,0.99368,-0.3145,0.05191,-0.1687
367322,3673233,1356,-256,12094,-121,-188,-293,-0.00957,-0.01713,1.00116,-0.32977,-0.03206,-0.09237
367323,3673243,1340,-230,12106,-116,-189,-284,-0.01055,-0.01554,1.00188,-0.2916,-0.03969,-0.02366
367324,3673253,1346,-182,12022,-119,-178,-265,-0.01018,-0.01259,0.99689,-0.3145,0.04427,0.12137
367325,3673263,1340,-182,12072,-115,-175,-245,-0.01055,-0.01259,0.99986,-0.28397,0.06718,0.27405
367326,3673273,1322,-200,12062,-120,-179,-234,-0.01165,-0.0137,0.99926,-0.32214,0.03664,0.35802
367327,3673283,1292,-244,12044,-125,-185,-228,-0.01349,-0.0164,0.99819,-0.36031,-0.00916,0.40382
367328,3673293,1294,-198,12048,-125,-182,-255,-0.01337,-0.01357,0.99843,-0.36031,0.01374,0.19771
367329,3673303,1258,-274,11932,-124,-198,-293,-0.01558,-0.01824,0.99154,-0.35267,-0.1084,-0.09237
367330,3673313,1320,-222,12004,-122,-196,-322,-0.01178,-0.01505,0.99582,-0.3374,-0.09313,-0.31374
367331,3673323,1340,-222,12034,-128,-187,-328,-0.01055,-0.01505,0.9976,-0.38321,-0.02443,-0.35954
367332,3673333,1342,-234,12046,-128,-186,-321,-0.01043,-0.01578,0.99831,-0.38321,-0.01679,-0.30611
367333,3673343,1354,-274,12034,-119,-196,-305,-0.00969,-0.01824,0.9976,-0.3145,-0.09313,-0.18397
367334,3673353,1346,-332,12112,-117,-192,-250,-0.01018,-0.02179,1.00223,-0.29924,-0.0626,0.23588
367335,3673363,1342,-332,12026,-130,-174,-181,-0.01043,-0.02179,0.99712,-0.39847,0.07481,0.7626
367336,3673373,1346,-398,12056,-111,-174,-74,-0.01018,-0.02584,0.99891,-0.25344,0.07481,1.57939
367337,3673383,1310,-430,12072,-119,-155,150,-0.01239,-0.02781,0.99986,-0.3145,0.21985,3.28931
367338,3673393,1362,-252,12080,-131,-146,438,-0.0092,-0.01689,1.00033,-0.40611,0.28855,5.48779
367339,3673403,1364,32,12108,-163,-123,458,-0.00908,0.00053,1.002,-0.65038,0.46412,5.64046
367340,3673413,1252,-176,12034,-140,-164,133,-0.01595,-0.01223,0.9976,-0.47481,0.15115,3.15954
367341,3673423,1276,-174,12114,-136,-163,-28,-0.01448,-0.0121,1.00235,-0.44427,0.15878,1.93053
367342,3673433,1314,-202,12074,-129,-159,-155,-0.01214,-0.01382,0.99998,-0.39084,0.18931,0.96107
367343,3673443,1298,-168,12026,-134,-157,-274,-0.01313,-0.01173,0.99712,-0.42901,0.20458,0.05267
367344,3673453,1324,-190,12022,-122,-179,-317,-0.01153,-0.01308,0.99689,-0.3374,0.03664,-0.27557
367345,3673463,1282,-270,12076,-115,-183,-303,-0.01411,-0.01799,1.0001,-0.28397,0.00611,-0.1687
367346,3673473,1292,-298,12148,-126,-170,-295,-0.01349,-0.01971,1.00437,-0.36794,0.10534,-0.10763
367347,3673483,1360,-276,12040,-129,-178,-290,-0.00932,-0.01836,0.99796,-0.39084,0.04427,-0.06947
367348,3673493,1310,-290,11990,-125,-176,-275,-0.01239,-0.01922,0.99498,-0.36031,0.05954,0.04504
367349,3673503,1352,-210,12136,-121,-182,-243,-0.00981,-0.01431,1.00366,-0.32977,0.01374,0.28931
367350,3673513,1348,-202,12076,-125,-190,-248,-0.01006,-0.01382,1.0001,-0.36031,-0.04733,0.25115
367351,3673523,1376,-234,12038,-129,-190,-257,-0.00834,-0.01578,0.99784,-0.39084,-0.04733,0.18244
367352,3673533,1306,-276,12044,-135,-203,-263,-0.01264,-0.01836,0.99819,-0.43664,-0.14656,0.13664
367353,3673543,1280,-284,11960,-119,-192,-292,-0.01423,-0.01885,0.9932,-0.3145,-0.0626,-0.08473
367354,3673553,1294,-292,12060,-118,-194,-327,-0.01337,-0.01934,0.99914,-0.30687,-0.07786,-0.35191
367355,3673563,1328,-248,12074,-115,-182,-335,-0.01129,-0.01664,0.99998,-0.28397,0.01374,-0.41298
367356,3673573,1188,-662,12024,-100,-151,-360,-0.01988,-0.04204,0.99701,-0.16947,0.25038,-0.60382
367357,3673583,-200,-3686,12020,-114,-88,-432,-0.10505,-0.22753,0.99677,-0.27634,0.7313,-1.15344
367358,3673593,1404,-86,12070,-150,76,490,-0.00662,-0.0067,0.99974,-0.55115,1.98321,5.88473
367359,3673603,1916,572,11966,-200,186,1196,0.0248,0.03366,0.99356,-0.93282,2.8229,11.27405
367360,3673613,1332,-550,12000,-176,-52,1498,-0.01104,-0.03517,0.99558,-0.74962,1.00611,13.57939
367361,3673623,1500,510,12100,-290,-165,1041,-0.00073,0.02985,1.00152,-1.61985,0.14351,10.09084
367362,3673633,1394,-22,12030,-205,-172,845,-0.00724,-0.00278,0.99736,-0.97099,0.09008,8.59466
367363,3673643,1570,214,12106,-139,-180,819,0.00357,0.0117,1.00188,-0.46718,0.02901,8.39618
367364,3673653,1428,32,12188,-106,-213,474,-0.00515,0.00053,1.00675,-0.21527,-0.2229,5.7626
367365,3673663,1376,-88,12120,-90,-217,184,-0.00834,-0.00683,1.00271,-0.09313,-0.25344,3.54885
367366,3673673,1318,-194,12006,-94,-207,-41,-0.0119,-0.01333,0.99594,-0.12366,-0.1771,1.8313
367367,3673683,1306,-276,12032,-96,-210,-164,-0.01264,-0.01836,0.99748,-0.13893,-0.2,0.89237
367368,3673693,1230,-314,12106,-100,-205,-178,-0.0173,-0.02069,1.00188,-0.16947,-0.16183,0.7855
367369,3673703,1250,-264,12096,-94,-196,-148,-0.01607,-0.01762,1.00128,-0.12366,-0.09313,1.0145
367370,3673713,1306,-180,12122,-93,-194,-109,-0.01264,-0.01247,1.00283,-0.11603,-0.07786,1.31221
367371,3673723,1308,-190,12024,-96,-185,-108,-0.01251,-0.01308,0.99701,-0.13893,-0.00916,1.31985
367372,3673733,1308,-256,12080,-98,-175,-150,-0.01251,-0.01713,1.00033,-0.1542,0.06718,0.99924
367373,3673743,1250,-288,12076,-97,-185,-187,-0.01607,-0.0191,1.0001,-0.14656,-0.00916,0.71679
367374,3673753,1362,-338,12112,-102,-185,-208,-0.0092,-0.02216,1.00223,-0.18473,-0.00916,0.55649
367375,3673763,1312,-282,12038,-102,-178,-234,-0.01227,-0.01873,0.99784,-0.18473,0.04427,0.35802
367376,3673773,1324,-266,12022,-107,-182,-236,-0.01153,-0.01775,0.99689,-0.2229,0.01374,0.34275
367377,3673783,1288,-216,12024,-105,-177,-203,-0.01374,-0.01468,0.99701,-0.20763,0.05191,0.59466
367378,3673793,1276,-208,12044,-107,-182,-141,-0.01448,-0.01419,0.99819,-0.2229,0.01374,1.06794
367379,3673803,1290,-206,12076,-109,-177,-98,-0.01362,-0.01407,1.0001,-0.23817,0.05191,1.39618
367380,3673813,1178,-290,12016,-109,-174,-72,-0.02049,-0.01922,0.99653,-0.23817,0.07481,1.59466
367381,3673823,1314,-276,12004,-102,-164,229,-0.01214,-0.01836,0.99582,-0.18473,0.15115,3.89237
367382,3673833,1352,-226,12086,-109,-166,191,-0.00981,-0.01529,1.00069,-0.23817,0.13588,3.60229
367383,3673843,1314,-252,12096,-114,-182,-39,-0.01214,-0.01689,1.00128,-0.27634,0.01374,1.84656
367384,3673853,1312,-202,12026,-111,-191,-139,-0.01227,-0.01382,0.99712,-0.25344,-0.05496,1.08321
367385,3673863,1300,-278,12040,-114,-188,-184,-0.013,-0.01848,0.99796,-0.27634,-0.03206,0.73969
367386,3673873,1286,-270,12022,-105,-205,-215,-0.01386,-0.01799,0.99689,-0.20763,-0.16183,0.50305
367387,3673883,1302,-276,12062,-105,-200,-231,-0.01288,-0.01836,0.99926,-0.20763,-0.12366,0.38092
367388,3673893,1296,-274,12128,-109,-192,-252,-0.01325,-0.01824,1.00318,-0.23817,-0.0626,0.22061
367389,3673903,1356,-282,12026,-101,-167,-266,-0.00957,-0.01873,0.99712,-0.1771,0.12824,0.11374
367390,3673913,1302,-232,12056,-98,-152,-274,-0.01288,-0.01566,0.99891,-0.1542,0.24275,0.05267
367391,3673923,1308,-236,12078,-104,-161,-272,-0.01251,-0.01591,1.00021,-0.2,0.17405,0.06794
367392,3673933,1318,-230,12044,-113,-179,-275,-0.0119,-0.01554,0.99819,-0.2687,0.03664,0.04504
367393,3673943,1322,-232,12042,-113,-189,-275,-0.01165,-0.01566,0.99807,-0.2687,-0.03969,0.04504
367394,3673953,1324,-268,12068,-103,-182,-279,-0.01153,-0.01787,0.99962,-0.19237,0.01374,0.0145
367395,3673963,1306,-208,12000,-106,-183,-286,-0.01264,-0.01419,0.99558,-0.21527,0.00611,-0.03893
367396,3673973,1330,-204,12114,-111,-199,-281,-0.01116,-0.01394,1.00235,-0.25344,-0.11603,-0.00076
367397,3673983,1312,-226,12078,-107,-181,-278,-0.01227,-0.01529,1.00021,-0.2229,0.02137,0.02214
367398,3673993,1280,-200,12084,-111,-181,-281,-0.01423,-0.0137,1.00057,-0.25344,0.02137,-0.00076
367399,3674003,1264,-242,12100,-108,-168,-280,-0.01521,-0.01627,1.00152,-0.23053,0.12061,0.00687
367400,3674013,1320,-268,12028,-106,-173,-291,-0.01178,-0.01787,0.99724,-0.21527,0.08244,-0.0771
367401,3674023,1302,-298,12128,-109,-178,-296,-0.01288,-0.01971,1.00318,-0.23817,0.04427,-0.11527
367402,3674033,1330,-238,11924,-110,-183,-292,-0.01116,-0.01603,0.99106,-0.2458,0.00611,-0.08473
367403,3674043,1356,-270,12046,-112,-185,-296,-0.00957,-0.01799,0.99831,-0.26107,-0.00916,-0.11527
367404,3674053,1300,-258,12050,-109,-182,-295,-0.013,-0.01726,0.99855,-0.23817,0.01374,-0.10763
367405,3674063,1298,-270,12060,-114,-192,-291,-0.01313,-0.01799,0.99914,-0.27634,-0.0626,-0.0771
367406,3674073,1288,-288,12086,-106,-174,-293,-0.01374,-0.0191,1.00069,-0.21527,0.07481,-0.09237
367407,3674083,1284,-252,12084,-109,-165,-297,-0.01399,-0.01689,1.00057,-0.23817,0.14351,-0.1229
367408,3674093,1314,-266,12094,-109,-153,-295,-0.01214,-0.01775,1.00116,-0.23817,0.23511,-0.10763
367409,3674103,1306,-226,12092,-111,-127,-305,-0.01264,-0.01529,1.00105,-0.25344,0.43359,-0.18397
367410,3674113,1300,-248,12042,-115,-95,-310,-0.013,-0.01664,0.99807,-0.28397,0.67786,-0.22214
367411,3674123,1310,-244,12050,-126,-119,-316,-0.01239,-0.0164,0.99855,-0.36794,0.49466,-0.26794
367412,3674133,1302,-298,12040,-115,-129,-318,-0.01288,-0.01971,0.99796,-0.28397,0.41832,-0.28321
367413,3674143,1332,-304,12066,-102,-112,-317,-0.01104,-0.02008,0.9995,-0.18473,0.54809,-0.27557
367414,3674153,1262,-252,12054,-111,-93,-314,-0.01534,-0.01689,0.99879,-0.25344,0.69313,-0.25267
367415,3674163,1334,-228,12062,-121,-99,-323,-0.01092,-0.01541,0.99926,-0.32977,0.64733,-0.32137
367416,3674173,1320,-212,12050,-125,-110,-329,-0.01178,-0.01443,0.99855,-0.36031,0.56336,-0.36718
367417,3674183,1340,-244,12060,-133,-109,-329,-0.01055,-0.0164,0.99914,-0.42137,0.57099,-0.36718
367418,3674193,1376,-258,12078,-133,-108,-324,-0.00834,-0.01726,1.00021,-0.42137,0.57863,-0.32901
367419,3674203,1326,-312,11992,-130,-113,-325,-0.01141,-0.02057,0.9951,-0.39847,0.54046,-0.33664
367420,3674213,1338,-256,12066,-121,-99,-327,-0.01067,-0.01713,0.9995,-0.32977,0.64733,-0.35191
367421,3674223,1306,-250,12044,-117,-89,-330,-0.01264,-0.01676,0.99819,-0.29924,0.72366,-0.37481
367422,3674233,1296,-202,12096,-114,-61,-343,-0.01325,-0.01382,1.00128,-0.27634,0.9374,-0.47405
367423,3674243,1324,-202,12058,-119,-28,-367,-0.01153,-0.01382,0.99903,-0.3145,1.18931,-0.65725
367424,3674253,1324,-206,12026,-131,-48,-381,-0.01153,-0.01407,0.99712,-0.40611,1.03664,-0.76412
367425,3674263,1332,-284,12048,-142,-53,-390,-0.01104,-0.01885,0.99843,-0.49008,0.99847,-0.83282
367426,3674273,1290,-226,11980,-151,-86,-401,-0.01362,-0.01529,0.99439,-0.55878,0.74656,-0.91679
367427,3674283,1292,-222,12040,-159,-343,-519,-0.01349,-0.01505,0.99796,-0.61985,-1.21527,-1.81756
367428,3674293,1296,-232,12024,-165,-295,-598,-0.01325,-0.01566,0.99701,-0.66565,-0.84885,-2.42061
367429,3674303,1368,-242,12060,-154,-294,-528,-0.00883,-0.01627,0.99914,-0.58168,-0.84122,-1.88626
367430,3674313,1302,-260,11980,-137,-313,-527,-0.01288,-0.01738,0.99439,-0.45191,-0.98626,-1.87863
367431,3674323,1304,-292,12066,-125,-262,-558,-0.01276,-0.01934,0.9995,-0.36031,-0.59695,-2.11527
367432,3674333,1346,-280,11984,-127,-253,-603,-0.01018,-0.0186,0.99463,-0.37557,-0.52824,-2.45878
367433,3674343,1338,-312,12016,-141,-297,-563,-0.01067,-0.02057,0.99653,-0.48244,-0.86412,-2.15344
367434,3674353,1374,-252,11996,-133,-280,-488,-0.00846,-0.01689,0.99534,-0.42137,-0.73435,-1.58092
367435,3674363,1326,-184,12004,-125,-255,-451,-0.01141,-0.01272,0.99582,-0.36031,-0.54351,-1.29847
367436,3674373,1316,-256,12044,-125,-258,-432,-0.01202,-0.01713,0.99819,-0.36031,-0.56641,-1.15344
367437,3674383,1324,-232,11986,-120,-248,-422,-0.01153,-0.01566,0.99475,-0.32214,-0.49008,-1.0771
367438,3674393,1342,-256,12052,-116,-244,-399,-0.01043,-0.01713,0.99867,-0.2916,-0.45954,-0.90153
367439,3674403,1334,-242,12038,-125,-285,-372,-0.01092,-0.01627,0.99784,-0.36031,-0.77252,-0.69542
367440,3674413,1330,-228,11984,-132,-310,-361,-0.01116,-0.01541,0.99463,-0.41374,-0.96336,-0.61145
367441,3674423,1334,-242,12054,-137,-341,-355,-0.01092,-0.01627,0.99879,-0.45191,-1.2,-0.56565
367442,3674433,1376,-220,12078,-133,-357,-345,-0.00834,-0.01492,1.00021,-0.42137,-1.32214,-0.48931
367443,3674443,1364,-240,12022,-129,-366,-349,-0.00908,-0.01615,0.99689,-0.39084,-1.39084,-0.51985
367444,3674453,1352,-246,12038,-117,-383,-342,-0.00981,-0.01652,0.99784,-0.29924,-1.52061,-0.46641
367445,3674463,1276,-206,12040,-114,-397,-324,-0.01448,-0.01407,0.99796,-0.27634,-1.62748,-0.32901
367446,3674473,1394,-202,12070,-134,-471,-525,-0.00724,-0.01382,0.99974,-0.42901,-2.19237,-1.86336
367447,3674483,1374,-230,12056,-90,-421,-589,-0.00846,-0.01554,0.99891,-0.09313,-1.81069,-2.35191
367448,3674493,1386,-190,12058,-34,-275,-701,-0.00773,-0.01308,0.99903,0.33435,-0.69618,-3.20687
367449,3674503,1386,-272,12076,-33,-203,-651,-0.00773,-0.01811,1.0001,0.34198,-0.14656,-2.82519
367450,3674513,1460,-300,12034,-53,-178,-568,-0.00318,-0.01983,0.9976,0.18931,0.04427,-2.1916
367451,3674523,1444,-248,12044,-65,-170,-406,-0.00417,-0.01664,0.99819,0.09771,0.10534,-0.95496
367452,3674533,1454,-210,12112,-70,-185,-378,-0.00355,-0.01431,1.00223,0.05954,-0.00916,-0.74122
367453,3674543,1398,-224,12026,-71,-201,-363,-0.00699,-0.01517,0.99712,0.05191,-0.1313,-0.62672
367454,3674553,1358,-226,12082,-79,-198,-377,-0.00944,-0.01529,1.00045,-0.00916,-0.1084,-0.73359
367455,3674563,1360,-220,12106,-89,-191,-418,-0.00932,-0.01492,1.00188,-0.0855,-0.05496,-1.04656
367456,3674573,1368,-210,12084,-95,-170,-454,-0.00883,-0.01431,1.00057,-0.1313,0.10534,-1.32137
367457,3674583,1328,-236,12038,-100,-168,-485,-0.01129,-0.01591,0.99784,-0.16947,0.12061,-1.55802
367458,3674593,1318,-258,12096,-74,-133,-659,-0.0119,-0.01726,1.00128,0.02901,0.38779,-2.88626
367459,3674603,1486,-204,12080,-48,-55,-861,-0.00159,-0.01394,1.00033,0.22748,0.98321,-4.42824
367460,3674613,1460,-188,12096,-73,-138,-579,-0.00318,-0.01296,1.00128,0.03664,0.34962,-2.27557
367461,3674623,1448,-272,12082,-61,-120,-289,-0.00392,-0.01811,1.00045,0.12824,0.48702,-0.06183
367462,3674633,1434,-282,12048,-66,-132,-283,-0.00478,-0.01873,0.99843,0.09008,0.39542,-0.01603
367463,3674643,1438,-262,12058,-94,-174,-300,-0.00453,-0.0175,0.99903,-0.12366,0.07481,-0.1458
367464,3674653,1402,-232,12038,-99,-196,-308,-0.00674,-0.01566,0.99784,-0.16183,-0.09313,-0.20687
367465,3674663,1342,-218,11970,-98,-193,-324,-0.01043,-0.0148,0.9938,-0.1542,-0.07023,-0.32901
367466,3674673,1288,-230,12032,-82,-167,-458,-0.01374,-0.01554,0.99748,-0.03206,0.12824,-1.35191
367467,3674683,1370,-244,11972,-118,-202,-569,-0.00871,-0.0164,0.99392,-0.30687,-0.13893,-2.19924
367468,3674693,1410,-244,12036,-135,-230,-596,-0.00625,-0.0164,0.99772,-0.43664,-0.35267,-2.40534
367469,3674703,1452,-214,12038,-128,-236,-617,-0.00368,-0.01456,0.99784,-0.38321,-0.39847,-2.56565
367470,3674713,1476,-296,12044,-113,-250,-442,-0.0022,-0.01959,0.99819,-0.2687,-0.50534,-1.22977
367471,3674723,1452,-238,12024,-93,-246,-214,-0.00368,-0.01603,0.99701,-0.11603,-0.47481,0.51069
367472,3674733,1340,-238,12110,-85,-229,-59,-0.01055,-0.01603,1.00212,-0.05496,-0.34504,1.69389
367473,3674743,1396,-284,12098,-70,-198,-173,-0.00711,-0.01885,1.0014,0.05954,-0.1084,0.82366
367474,3674753,1390,-248,12042,-75,-187,-189,-0.00748,-0.01664,0.99807,0.02137,-0.02443,0.70153
367475,3674763,1392,-214,11978,-66,-180,-165,-0.00736,-0.01456,0.99427,0.09008,0.02901,0.88473
367476,3674773,1418,-254,12046,-69,-173,-140,-0.00576,-0.01701,0.99831,0.06718,0.08244,1.07557
367477,3674783,1358,-228,11992,-68,-155,-126,-0.00944,-0.01541,0.9951,0.07481,0.21985,1.18244
367478,3674793,1354,-222,11998,-76,-153,-158,-0.00969,-0.01505,0.99546,0.01374,0.23511,0.93817
367479,3674803,1392,-256,12008,-69,-154,-190,-0.00736,-0.01713,0.99605,0.06718,0.22748,0.69389
367480,3674813,1312,-272,12008,-86,-194,-139,-0.01227,-0.01811,0.99605,-0.0626,-0.07786,1.08321
367481,3674823,1350,-260,12120,-83,-217,-158,-0.00994,-0.01738,1.00271,-0.03969,-0.25344,0.93817
367482,3674833,1456,-180,12014,-39,-157,-343,-0.00343,-0.01247,0.99641,0.29618,0.20458,-0.47405
367483,3674843,1420,-174,12030,-71,-206,-310,-0.00564,-0.0121,0.99736,0.05191,-0.16947,-0.22214
367484,3674853,1452,-228,12030,-38,-159,-284,-0.00368,-0.01541,0.99736,0.30382,0.18931,-0.02366
367485,3674863,1418,-252,11976,-16,-122,-288,-0.00576,-0.01689,0.99415,0.47176,0.47176,-0.0542
367486,3674873,1422,-258,12074,-42,-146,-271,-0.00552,-0.01726,0.99998,0.27328,0.28855,0.07557
367487,3674883,1374,-254,12008,-47,-150,-211,-0.00846,-0.01701,0.99605,0.23511,0.25802,0.53359
367488,3674893,1370,-246,12028,-71,-189,-253,-0.00871,-0.01652,0.99724,0.05191,-0.03969,0.21298
367489,3674903,1374,-212,12090,-87,-206,-284,-0.00846,-0.01443,1.00093,-0.07023,-0.16947,-0.02366
367490,3674913,1386,-250,12046,-64,-193,-295,-0.00773,-0.01676,0.99831,0.10534,-0.07023,-0.10763
367491,3674923,1368,-212,12014,-55,-174,-321,-0.00883,-0.01443,0.99641,0.17405,0.07481,-0.30611
367492,3674933,1376,-244,12058,-62,-157,-355,-0.00834,-0.0164,0.99903,0.12061,0.20458,-0.56565
367493,3674943,1356,-240,12144,-65,-166,-395,-0.00957,-0.01615,1.00414,0.09771,0.13588,-0.87099
367494,3674953,1372,-246,12020,-71,-170,-378,-0.00859,-0.01652,0.99677,0.05191,0.10534,-0.74122
367495,3674963,1408,-190,12102,-60,-177,-328,-0.00638,-0.01308,1.00164,0.13588,0.05191,-0.35954
367496,3674973,1356,-234,12026,-71,-176,-303,-0.00957,-0.01578,0.99712,0.05191,0.05954,-0.1687
367497,3674983,1418,-252,12068,-82,-203,-289,-0.00576,-0.01689,0.99962,-0.03206,-0.14656,-0.06183
367498,3674993,1400,-242,12048,-69,-195,-279,-0.00687,-0.01627,0.99843,0.06718,-0.0855,0.0145
367499,3675003,1392,-280,12020,-73,-191,-275,-0.00736,-0.0186,0.99677,0.03664,-0.05496,0.04504
367500,3675013,1400,-210,12094,-67,-191,-286,-0.00687,-0.01431,1.00116,0.08244,-0.05496,-0.03893
367501,3675023,1388,-236,12052,-67,-185,-291,-0.0076,-0.01591,0.99867,0.08244,-0.00916,-0.0771
367502,3675033,1372,-232,12094,-71,-184,-292,-0.00859,-0.01566,1.00116,0.05191,-0.00153,-0.08473
367503,3675043,1350,-212,12080,-76,-190,-292,-0.00994,-0.01443,1.00033,0.01374,-0.04733,-0.08473
367504,3675053,1392,-246,12022,-74,-196,-289,-0.00736,-0.01652,0.99689,0.02901,-0.09313,-0.06183
367505,3675063,1364,-212,12018,-64,-182,-293,-0.00908,-0.01443,0.99665,0.10534,0.01374,-0.09237
367506,3675073,1390,-244,12092,-70,-176,-286,-0.00748,-0.0164,1.00105,0.05954,0.05954,-0.03893
367507,3675083,1400,-240,12098,-74,-190,-287,-0.00687,-0.01615,1.0014,0.02901,-0.04733,-0.04656
367508,3675093,1432,-220,12050,-60,-183,-300,-0.0049,-0.01492,0.99855,0.13588,0.00611,-0.1458
367509,3675103,1428,-228,12112,-62,-176,-322,-0.00515,-0.01541,1.00223,0.12061,0.05954,-0.31374
367510,3675113,1446,-256,12094,-69,-176,-331,-0.00404,-0.01713,1.00116,0.06718,0.05954,-0.38244
367511,3675123,1416,-264,12018,-65,-167,-311,-0.00588,-0.01762,0.99665,0.09771,0.12824,-0.22977
367512,3675133,1366,-224,11982,-73,-173,-304,-0.00895,-0.01517,0.99451,0.03664,0.08244,-0.17634
367513,3675143,1360,-228,12022,-74,-174,-303,-0.00932,-0.01541,0.99689,0.02901,0.07481,-0.1687
367514,3675153,1366,-230,12104,-82,-178,-304,-0.00895,-0.01554,1.00176,-0.03206,0.04427,-0.17634
367515,3675163,1332,-270,12080,-93,-187,-293,-0.01104,-0.01799,1.00033,-0.11603,-0.02443,-0.09237
367516,3675173,1366,-250,12072,-95,-200,-298,-0.00895,-0.01676,0.99986,-0.1313,-0.12366,-0.13053
367517,3675183,1346,-198,12086,-86,-195,-298,-0.01018,-0.01357,1.00069,-0.0626,-0.0855,-0.13053
367518,3675193,1402,-150,12054,-76,-187,-292,-0.00674,-0.01063,0.99879,0.01374,-0.02443,-0.08473
367519,3675203,1372,-218,12136,-78,-184,-288,-0.00859,-0.0148,1.00366,-0.00153,-0.00153,-0.0542
367520,3675213,1336,-248,12042,-75,-180,-290,-0.01079,-0.01664,0.99807,0.02137,0.02901,-0.06947
367521,3675223,1348,-230,12024,-76,-172,-291,-0.01006,-0.01554,0.99701,0.01374,0.09008,-0.0771
367522,3675233,1342,-240,12038,-82,-176,-294,-0.01043,-0.01615,0.99784,-0.03206,0.05954,-0.1
367523,3675243,1396,-248,12060,-87,-189,-291,-0.00711,-0.01664,0.99914,-0.07023,-0.03969,-0.0771
367524,3675253,1358,-178,12026,-81,-183,-293,-0.00944,-0.01235,0.99712,-0.02443,0.00611,-0.09237
367525,3675263,1396,-194,12026,-82,-176,-297,-0.00711,-0.01333,0.99712,-0.03206,0.05954,-0.1229
367526,3675273,1380,-226,12042,-89,-172,-286,-0.00809,-0.01529,0.99807,-0.0855,0.09008,-0.03893
367527,3675283,1402,-234,11982,-88,-184,-291,-0.00674,-0.01578,0.99451,-0.07786,-0.00153,-0.0771
367528,3675293,1366,-280,12062,-85,-191,-285,-0.00895,-0.0186,0.99926,-0.05496,-0.05496,-0.0313
367529,3675303,1346,-244,12036,-81,-188,-287,-0.01018,-0.0164,0.99772,-0.02443,-0.03206,-0.04656
367530,3675313,1360,-214,12024,-73,-188,-291,-0.00932,-0.01456,0.99701,0.03664,-0.03206,-0.0771
367531,3675323,1344,-198,12064,-72,-190,-289,-0.0103,-0.01357,0.99938,0.04427,-0.04733,-0.06183
367532,3675333,1352,-188,12002,-69,-191,-290,-0.00981,-0.01296,0.9957,0.06718,-0.05496,-0.06947
367533,3675343,1374,-180,12024,-69,-188,-288,-0.00846,-0.01247,0.99701,0.06718,-0.03206,-0.0542
367534,3675353,1394,-242,12074,-71,-184,-281,-0.00724,-0.01627,0.99998,0.05191,-0.00153,-0.00076
367535,3675363,1398,-288,12026,-64,-182,-286,-0.00699,-0.0191,0.99712,0.10534,0.01374,-0.03893
367536,3675373,1360,-232,12116,-62,-191,-292,-0.00932,-0.01566,1.00247,0.12061,-0.05496,-0.08473
367537,3675383,1352,-260,12002,-65,-196,-291,-0.00981,-0.01738,0.9957,0.09771,-0.09313,-0.0771
367538,3675393,1390,-242,12070,-52,-219,-280,-0.00748,-0.01627,0.99974,0.19695,-0.2687,0.00687
367539,3675403,1396,-258,12102,-40,-255,-293,-0.00711,-0.01726,1.00164,0.28855,-0.54351,-0.09237
367540,3675413,1422,-226,12068,-44,-256,-304,-0.00552,-0.01529,0.99962,0.25802,-0.55115,-0.17634
367541,3675423,1374,-200,12060,-50,-271,-309,-0.00846,-0.0137,0.99914,0.21221,-0.66565,-0.2145
367542,3675433,1394,-256,12042,-36,-316,-313,-0.00724,-0.01713,0.99807,0.31908,-1.00916,-0.24504
367543,3675443,1376,-270,12014,-82,-239,-320,-0.00834,-0.01799,0.99641,-0.03206,-0.42137,-0.29847
367544,3675453,1370,-210,12040,-88,-218,-325,-0.00871,-0.01431,0.99796,-0.07786,-0.26107,-0.33664
367545,3675463,1372,-228,12122,-97,-216,-331,-0.00859,-0.01541,1.00283,-0.14656,-0.2458,-0.38244
367546,3675473,1374,-194,12006,-100,-216,-326,-0.00846,-0.01333,0.99594,-0.16947,-0.2458,-0.34427
367547,3675483,1354,-202,12052,-103,-207,-321,-0.00969,-0.01382,0.99867,-0.19237,-0.1771,-0.30611
367548,3675493,1332,-198,11986,-107,-197,-321,-0.01104,-0.01357,0.99475,-0.2229,-0.10076,-0.30611
367549,3675503,1344,-238,12072,-120,-177,-327,-0.0103,-0.01603,0.99986,-0.32214,0.05191,-0.35191
367550,3675513,1374,-266,12100,-116,-176,-330,-0.00846,-0.01775,1.00152,-0.2916,0.05954,-0.37481
367551,3675523,1384,-242,12048,-115,-174,-323,-0.00785,-0.01627,0.99843,-0.28397,0.07481,-0.32137
367552,3675533,1384,-236,12108,-108,-185,-317,-0.00785,-0.01591,1.002,-0.23053,-0.00916,-0.27557
367553,3675543,1402,-222,12070,-104,-178,-318,-0.00674,-0.01505,0.99974,-0.2,0.04427,-0.28321
367554,3675553,1406,-204,12054,-99,-181,-314,-0.0065,-0.01394,0.99879,-0.16183,0.02137,-0.25267
367555,3675563,1350,-256,12094,-92,-174,-309,-0.00994,-0.01713,1.00116,-0.1084,0.07481,-0.2145
367556,3675573,1364,-258,12070,-93,-173,-306,-0.00908,-0.01726,0.99974,-0.11603,0.08244,-0.1916
367557,3675583,1420,-222,12120,-101,-170,-303,-0.00564,-0.01505,1.00271,-0.1771,0.10534,-0.1687
367558,3675593,1406,-262,12044,-93,-159,-307,-0.0065,-0.0175,0.99819,-0.11603,0.18931,-0.19924
367559,3675603,1368,-232,12128,-94,-159,-305,-0.00883,-0.01566,1.00318,-0.12366,0.18931,-0.18397
367560,3675613,1360,-186,12036,-99,-150,-303,-0.00932,-0.01284,0.99772,-0.16183,0.25802,-0.1687
367561,3675623,1372,-232,12036,-98,-168,-303,-0.00859,-0.01566,0.99772,-0.1542,0.12061,-0.1687
367562,3675633,1400,-228,12140,-91,-177,-298,-0.00687,-0.01541,1.0039,-0.10076,0.05191,-0.13053
367563,3675643,1364,-248,12056,-85,-169,-299,-0.00908,-0.01664,0.99891,-0.05496,0.11298,-0.13817
367564,3675653,1406,-232,12080,-83,-177,-296,-0.0065,-0.01566,1.00033,-0.03969,0.05191,-0.11527
367565,3675663,1394,-234,12082,-85,-179,-294,-0.00724,-0.01578,1.00045,-0.05496,0.03664,-0.1
367566,3675673,1392,-220,12102,-85,-193,-292,-0.00736,-0.01492,1.00164,-0.05496,-0.07023,-0.08473
367567,3675683,1386,-254,12052,-81,-184,-293,-0.00773,-0.01701,0.99867,-0.02443,-0.00153,-0.09237
367568,3675693,1392,-228,12148,-77,-174,-290,-0.00736,-0.01541,1.00437,0.00611,0.07481,-0.06947
367569,3675703,1400,-290,12060,-80,-173,-292,-0.00687,-0.01922,0.99914,-0.01679,0.08244,-0.08473
367570,3675713,1386,-264,12132,-83,-179,-286,-0.00773,-0.01762,1.00342,-0.03969,0.03664,-0.03893
367571,3675723,1406,-292,12044,-76,-174,-290,-0.0065,-0.01934,0.99819,0.01374,0.07481,-0.06947
367572,3675733,1390,-228,12072,-70,-169,-285,-0.00748,-0.01541,0.99986,0.05954,0.11298,-0.0313
367573,3675743,1372,-206,12118,-72,-177,-282,-0.00859,-0.01407,1.00259,0.04427,0.05191,-0.0084
367574,3675753,1384,-192,12088,-85,-186,-285,-0.00785,-0.01321,1.00081,-0.05496,-0.01679,-0.0313
367575,3675763,1398,-192,12096,-85,-195,-285,-0.00699,-0.01321,1.00128,-0.05496,-0.0855,-0.0313
367576,3675773,1414,-262,12108,-75,-175,-287,-0.00601,-0.0175,1.002,0.02137,0.06718,-0.04656
367577,3675783,1376,-278,12132,-78,-180,-283,-0.00834,-0.01848,1.00342,-0.00153,0.02901,-0.01603
367578,3675793,1328,-228,12034,-82,-187,-284,-0.01129,-0.01541,0.9976,-0.03206,-0.02443,-0.02366
367579,3675803,1398,-230,12034,-92,-183,-287,-0.00699,-0.01554,0.9976,-0.1084,0.00611,-0.04656
367580,3675813,1400,-218,12052,-88,-198,-285,-0.00687,-0.0148,0.99867,-0.07786,-0.1084,-0.0313
367581,3675823,1420,-220,12108,-96,-177,-285,-0.00564,-0.01492,1.002,-0.13893,0.05191,-0.0313
367582,3675833,1374,-222,12070,-83,-171,-284,-0.00846,-0.01505,0.99974,-0.03969,0.09771,-0.02366
367583,3675843,1328,-226,12008,-74,-161,-285,-0.01129,-0.01529,0.99605,0.02901,0.17405,-0.0313
367584,3675853,1360,-252,12058,-90,-162,-283,-0.00932,-0.01689,0.99903,-0.09313,0.16641,-0.01603
367585,3675863,1360,-226,12094,-85,-163,-289,-0.00932,-0.01529,1.00116,-0.05496,0.15878,-0.06183
367586,3675873,1362,-172,12082,-80,-161,-282,-0.0092,-0.01198,1.00045,-0.01679,0.17405,-0.0084
367587,3675883,1354,-248,12096,-79,-159,-280,-0.00969,-0.01664,1.00128,-0.00916,0.18931,0.00687
367588,3675893,1364,-216,12138,-80,-166,-276,-0.00908,-0.01468,1.00378,-0.01679,0.13588,0.0374
367589,3675903,1346,-244,12128,-76,-180,-269,-0.01018,-0.0164,1.00318,0.01374,0.02901,0.09084
367590,3675913,1330,-206,12096,-54,-205,-261,-0.01116,-0.01407,1.00128,0.18168,-0.16183,0.15191
367591,3675923,1342,-204,12130,-76,-184,-193,-0.01043,-0.01394,1.0033,0.01374,-0.00153,0.67099
367592,3675933,1418,-208,12106,-84,-158,-20,-0.00576,-0.01419,1.00188,-0.04733,0.19695,1.9916
367593,3675943,1448,-220,12072,-109,-122,-112,-0.00392,-0.01492,0.99986,-0.23817,0.47176,1.28931
367594,3675953,1396,-206,12100,-107,-122,-246,-0.00711,-0.01407,1.00152,-0.2229,0.47176,0.26641
367595,3675963,1414,-228,12082,-80,-149,-249,-0.00601,-0.01541,1.00045,-0.01679,0.26565,0.24351
367596,3675973,1366,-248,12154,-66,-151,-244,-0.00895,-0.01664,1.00473,0.09008,0.25038,0.28168
367597,3675983,1376,-234,12196,-47,-152,-236,-0.00834,-0.01578,1.00723,0.23511,0.24275,0.34275
367598,3675993,1360,-268,12166,-51,-157,-223,-0.00932,-0.01787,1.00544,0.20458,0.20458,0.44198
367599,3676003,1362,-206,12116,-58,-162,-209,-0.0092,-0.01407,1.00247,0.15115,0.16641,0.54885
367600,3676013,1350,-208,12114,-58,-172,-195,-0.00994,-0.01419,1.00235,0.15115,0.09008,0.65573
367601,3676023,1366,-234,12152,-39,-198,-166,-0.00895,-0.01578,1.00461,0.29618,-0.1084,0.8771
367602,3676033,1346,-210,12224,-37,-217,-113,-0.01018,-0.01431,1.00889,0.31145,-0.25344,1.28168
367603,3676043,1352,-224,12166,-45,-215,-64,-0.00981,-0.01517,1.00544,0.25038,-0.23817,1.65573
367604,3676053,1362,-236,12128,-48,-217,79,-0.0092,-0.01591,1.00318,0.22748,-0.25344,2.74733
367605,3676063,1444,-212,12112,-57,-171,507,-0.00417,-0.01443,1.00223,0.15878,0.09771,6.0145
367606,3676073,1434,-190,12100,-82,-166,712,-0.00478,-0.01308,1.00152,-0.03206,0.13588,7.57939
367607,3676083,1474,-226,12110,-79,-195,329,-0.00233,-0.01529,1.00212,-0.00916,-0.0855,4.65573
367608,3676093,1440,-222,12054,-72,-209,-61,-0.00441,-0.01505,0.99879,0.04427,-0.19237,1.67863
367609,3676103,1396,-282,12092,-69,-225,-248,-0.00711,-0.01873,1.00105,0.06718,-0.3145,0.25115
367610,3676113,1380,-228,12058,-84,-207,-279,-0.00809,-0.01541,0.99903,-0.04733,-0.1771,0.0145
367611,3676123,1396,-220,12022,-81,-206,-282,-0.00711,-0.01492,0.99689,-0.02443,-0.16947,-0.0084
367612,3676133,1354,-166,12088,-81,-194,-289,-0.00969,-0.01161,1.00081,-0.02443,-0.07786,-0.06183
367613,3676143,1392,-196,12118,-87,-178,-288,-0.00736,-0.01345,1.00259,-0.07023,0.04427,-0.0542
367614,3676153,1392,-224,12124,-89,-178,-291,-0.00736,-0.01517,1.00295,-0.0855,0.04427,-0.0771
367615,3676163,1364,-244,12146,-85,-209,-298,-0.00908,-0.0164,1.00425,-0.05496,-0.19237,-0.13053
367616,3676173,1350,-244,12178,-87,-231,-302,-0.00994,-0.0164,1.00616,-0.07023,-0.36031,-0.16107
367617,3676183,1370,-190,12206,-89,-223,-302,-0.00871,-0.01308,1.00782,-0.0855,-0.29924,-0.16107
367618,3676193,1410,-142,12204,-97,-206,-303,-0.00625,-0.01014,1.0077,-0.14656,-0.16947,-0.1687
367619,3676203,1398,-172,12220,-109,-200,-297,-0.00699,-0.01198,1.00865,-0.23817,-0.12366,-0.1229
367620,3676213,1380,-230,12262,-110,-181,-296,-0.00809,-0.01554,1.01115,-0.2458,0.02137,-0.11527
367621,3676223,1370,-212,12420,-110,-181,-302,-0.00871,-0.01443,1.02054,-0.2458,0.02137,-0.16107
367622,3676233,1394,-206,12388,-106,-179,-309,-0.00724,-0.01407,1.01863,-0.21527,0.03664,-0.2145
367623,3676243,1382,-244,12446,-105,-174,-307,-0.00797,-0.0164,1.02208,-0.20763,0.07481,-0.19924
367624,3676253,1382,-214,12476,-99,-159,-314,-0.00797,-0.01456,1.02386,-0.16183,0.18931,-0.25267
367625,3676263,1402,-222,12476,-94,-162,-322,-0.00674,-0.01505,1.02386,-0.12366,0.16641,-0.31374
367626,3676273,1378,-202,12456,-98,-158,-327,-0.00822,-0.01382,1.02267,-0.1542,0.19695,-0.35191
367627,3676283,1392,-176,12478,-91,-165,-334,-0.00736,-0.01223,1.02398,-0.10076,0.14351,-0.40534
367628,3676293,1390,-238,12442,-94,-166,-345,-0.00748,-0.01603,1.02184,-0.12366,0.13588,-0.48931
367629,3676303,1344,-270,12396,-97,-160,-377,-0.0103,-0.01799,1.01911,-0.14656,0.18168,-0.73359
367630,3676313,1414,-238,12470,-100,-173,-397,-0.00601,-0.01603,1.02351,-0.16947,0.08244,-0.88626
367631,3676323,1342,-228,12412,-101,-175,-389,-0.01043,-0.01541,1.02006,-0.1771,0.06718,-0.82519
367632,3676333,1400,-222,12448,-98,-166,-366,-0.00687,-0.01505,1.0222,-0.1542,0.13588,-0.64962
367633,3676343,1372,-236,12400,-97,-179,-362,-0.00859,-0.01591,1.01935,-0.14656,0.03664,-0.61908
367634,3676353,1432,-226,12424,-104,-194,-363,-0.0049,-0.01529,1.02077,-0.2,-0.07786,-0.62672
367635,3676363,1352,-252,12422,-98,-181,-380,-0.00981,-0.01689,1.02065,-0.1542,0.02137,-0.75649
367636,3676373,1404,-212,12446,-98,-182,-415,-0.00662,-0.01443,1.02208,-0.1542,0.01374,-1.02366
367637,3676383,1398,-248,12412,-119,-160,-455,-0.00699,-0.01664,1.02006,-0.3145,0.18168,-1.32901
367638,3676393,1402,-256,12408,-101,-164,-489,-0.00674,-0.01713,1.01982,-0.1771,0.15115,-1.58855
367639,3676403,1358,-264,12368,-97,-168,-513,-0.00944,-0.01762,1.01745,-0.14656,0.12061,-1.77176
367640,3676413,1370,-236,12414,-90,-196,-526,-0.00871,-0.01591,1.02018,-0.09313,-0.09313,-1.87099
367641,3676423,1348,-220,12388,-89,-195,-498,-0.01006,-0.01492,1.01863,-0.0855,-0.0855,-1.65725
367642,3676433,1352,-204,12384,-90,-179,-440,-0.00981,-0.01394,1.0184,-0.09313,0.03664,-1.2145
367643,3676443,1378,-246,12358,-99,-177,-415,-0.00822,-0.01652,1.01685,-0.16183,0.05191,-1.02366
367644,3676453,1380,-200,12350,-103,-181,-431,-0.00809,-0.0137,1.01638,-0.19237,0.02137,-1.1458
367645,3676463,1340,-212,12408,-105,-165,-440,-0.01055,-0.01443,1.01982,-0.20763,0.14351,-1.2145
367646,3676473,1406,-228,12332,-108,-162,-443,-0.0065,-0.01541,1.01531,-0.23053,0.16641,-1.2374
367647,3676483,1408,-186,12352,-109,-164,-411,-0.00638,-0.01284,1.01649,-0.23817,0.15115,-0.99313
367648,3676493,1408,-252,12316,-101,-160,-369,-0.00638,-0.01689,1.01436,-0.1771,0.18168,-0.67252
367649,3676503,1394,-190,12310,-102,-156,-337,-0.00724,-0.01308,1.014,-0.18473,0.21221,-0.42824
367650,3676513,1376,-228,12342,-106,-159,-308,-0.00834,-0.01541,1.0159,-0.21527,0.18931,-0.20687
367651,3676523,1388,-206,12298,-97,-161,-294,-0.0076,-0.01407,1.01329,-0.14656,0.17405,-0.1
367652,3676533,1334,-206,12340,-103,-159,-290,-0.01092,-0.01407,1.01578,-0.19237,0.18931,-0.06947
367653,3676543,1352,-288,12410,-101,-161,-288,-0.00981,-0.0191,1.01994,-0.1771,0.17405,-0.0542
367654,3676553,1388,-260,12280,-102,-159,-279,-0.0076,-0.01738,1.01222,-0.18473,0.18931,0.0145
367655,3676563,1392,-224,12308,-98,-150,-271,-0.00736,-0.01517,1.01388,-0.1542,0.25802,0.07557
367656,3676573,1396,-272,12306,-97,-135,-265,-0.00711,-0.01811,1.01376,-0.14656,0.37252,0.12137
367657,3676583,1332,-200,12372,-102,-127,-257,-0.01104,-0.0137,1.01768,-0.18473,0.43359,0.18244
367658,3676593,1338,-230,12370,-99,-134,-252,-0.01067,-0.01554,1.01756,-0.16183,0.38015,0.22061
367659,3676603,1338,-260,12276,-109,-125,-254,-0.01067,-0.01738,1.01198,-0.23817,0.44885,0.20534
367660,3676613,1354,-260,12368,-117,-124,-245,-0.00969,-0.01738,1.01745,-0.29924,0.45649,0.27405
367661,3676623,1352,-256,12296,-112,-148,-241,-0.00981,-0.01713,1.01317,-0.26107,0.27328,0.30458
367662,3676633,1400,-226,12270,-102,-163,-241,-0.00687,-0.01529,1.01162,-0.18473,0.15878,0.30458
367663,3676643,1390,-220,12308,-104,-157,-233,-0.00748,-0.01492,1.01388,-0.2,0.20458,0.36565
367664,3676653,1358,-226,12380,-103,-174,-237,-0.00944,-0.01529,1.01816,-0.19237,0.07481,0.33511
367665,3676663,1398,-256,12270,-105,-170,-235,-0.00699,-0.01713,1.01162,-0.20763,0.10534,0.35038
367666,3676673,1392,-246,12308,-103,-162,-240,-0.00736,-0.01652,1.01388,-0.19237,0.16641,0.31221
367667,3676683,1364,-208,12258,-101,-171,-233,-0.00908,-0.01419,1.01091,-0.1771,0.09771,0.36565
367668,3676693,1350,-190,12260,-99,-167,-236,-0.00994,-0.01308,1.01103,-0.16183,0.12824,0.34275
367669,3676703,1398,-184,12246,-99,-169,-232,-0.00699,-0.01272,1.0102,-0.16183,0.11298,0.37328
367670,3676713,1350,-208,12262,-108,-157,-228,-0.00994,-0.01419,1.01115,-0.23053,0.20458,0.40382
367671,3676723,1400,-222,12312,-112,-156,-230,-0.00687,-0.01505,1.01412,-0.26107,0.21221,0.38855
367672,3676733,1372,-218,12228,-112,-162,-231,-0.00859,-0.0148,1.00913,-0.26107,0.16641,0.38092
367673,3676743,1350,-210,12222,-110,-163,-234,-0.00994,-0.01431,1.00877,-0.2458,0.15878,0.35802
367674,3676753,1448,-242,12320,-108,-150,-230,-0.00392,-0.01627,1.01459,-0.23053,0.25802,0.38855
367675,3676763,1326,-226,12312,-107,-162,-232,-0.01141,-0.01529,1.01412,-0.2229,0.16641,0.37328
367676,3676773,1382,-190,12230,-94,-185,-233,-0.00797,-0.01308,1.00925,-0.12366,-0.00916,0.36565
367677,3676783,1400,-220,12292,-106,-181,-234,-0.00687,-0.01492,1.01293,-0.21527,0.02137,0.35802
367678,3676793,1348,-248,12300,-105,-213,-237,-0.01006,-0.01664,1.0134,-0.20763,-0.2229,0.33511
367679,3676803,1374,-242,12260,-103,-206,-243,-0.00846,-0.01627,1.01103,-0.19237,-0.16947,0.28931
367680,3676813,1374,-192,12292,-107,-215,-238,-0.00846,-0.01321,1.01293,-0.2229,-0.23817,0.32748
367681,3676823,1406,-190,12316,-109,-202,-243,-0.0065,-0.01308,1.01436,-0.23817,-0.13893,0.28931
367682,3676833,1404,-216,12310,-103,-193,-240,-0.00662,-0.01468,1.014,-0.19237,-0.07023,0.31221
367683,3676843,1384,-224,12240,-109,-182,-245,-0.00785,-0.01517,1.00984,-0.23817,0.01374,0.27405
367684,3676853,1346,-274,12270,-110,-181,-243,-0.01018,-0.01824,1.01162,-0.2458,0.02137,0.28931
367685,3676863,1390,-264,12290,-115,-168,-244,-0.00748,-0.01762,1.01281,-0.28397,0.12061,0.28168
367686,3676873,1412,-270,12312,-110,-171,-249,-0.00613,-0.01799,1.01412,-0.2458,0.09771,0.24351
367687,3676883,1368,-232,12276,-101,-165,-248,-0.00883,-0.01566,1.01198,-0.1771,0.14351,0.25115
367688,3676893,1368,-252,12246,-101,-172,-248,-0.00883,-0.01689,1.0102,-0.1771,0.09008,0.25115
367689,3676903,1422,-220,12298,-101,-165,-247,-0.00552,-0.01492,1.01329,-0.1771,0.14351,0.25878
367690,3676913,1358,-218,12336,-100,-158,-250,-0.00944,-0.0148,1.01554,-0.16947,0.19695,0.23588
367691,3676923,1370,-224,12266,-101,-157,-253,-0.00871,-0.01517,1.01138,-0.1771,0.20458,0.21298
367692,3676933,1376,-250,12336,-101,-171,-252,-0.00834,-0.01676,1.01554,-0.1771,0.09771,0.22061
367693,3676943,1426,-254,12214,-103,-174,-257,-0.00527,-0.01701,1.00829,-0.19237,0.07481,0.18244
367694,3676953,1354,-196,12232,-110,-183,-259,-0.00969,-0.01345,1.00936,-0.2458,0.00611,0.16718
367695,3676963,1334,-242,12210,-110,-173,-251,-0.01092,-0.01627,1.00806,-0.2458,0.08244,0.22824
367696,3676973,1328,-272,12244,-108,-169,-252,-0.01129,-0.01811,1.01008,-0.23053,0.11298,0.22061
367697,3676983,1390,-242,12248,-106,-167,-247,-0.00748,-0.01627,1.01032,-0.21527,0.12824,0.25878
367698,3676993,1322,-222,12168,-103,-176,-245,-0.01165,-0.01505,1.00556,-0.19237,0.05954,0.27405
367699,3677003,1396,-252,12248,-95,-175,-249,-0.00711,-0.01689,1.01032,-0.1313,0.06718,0.24351
367700,3677013,1410,-254,12180,-100,-172,-247,-0.00625,-0.01701,1.00627,-0.16947,0.09008,0.25878
367701,3677023,1340,-228,12248,-103,-181,-246,-0.01055,-0.01541,1.01032,-0.19237,0.02137,0.26641
367702,3677033,1390,-222,12294,-98,-172,-249,-0.00748,-0.01505,1.01305,-0.1542,0.09008,0.24351
367703,3677043,1382,-232,12286,-91,-175,-252,-0.00797,-0.01566,1.01257,-0.10076,0.06718,0.22061
367704,3677053,1356,-234,12248,-100,-170,-248,-0.00957,-0.01578,1.01032,-0.16947,0.10534,0.25115
367705,3677063,1400,-260,12206,-94,-170,-251,-0.00687,-0.01738,1.00782,-0.12366,0.10534,0.22824
367706,3677073,1450,-218,12236,-99,-172,-248,-0.0038,-0.0148,1.0096,-0.16183,0.09008,0.25115
367707,3677083,1412,-230,12226,-96,-176,-244,-0.00613,-0.01554,1.00901,-0.13893,0.05954,0.28168
367708,3677093,1414,-266,12232,-94,-164,-244,-0.00601,-0.01775,1.00936,-0.12366,0.15115,0.28168
367709,3677103,1374,-250,12258,-96,-171,-247,-0.00846,-0.01676,1.01091,-0.13893,0.09771,0.25878
367710,3677113,1372,-262,12258,-99,-178,-247,-0.00859,-0.0175,1.01091,-0.16183,0.04427,0.25878
367711,3677123,1356,-250,12294,-104,-183,-243,-0.00957,-0.01676,1.01305,-0.2,0.00611,0.28931
367712,3677133,1366,-202,12190,-100,-185,-249,-0.00895,-0.01382,1.00687,-0.16947,-0.00916,0.24351
367713,3677143,1400,-226,12222,-96,-179,-250,-0.00687,-0.01529,1.00877,-0.13893,0.03664,0.23588
367714,3677153,1394,-242,12258,-92,-181,-249,-0.00724,-0.01627,1.01091,-0.1084,0.02137,0.24351
367715,3677163,1406,-212,12228,-102,-182,-243,-0.0065,-0.01443,1.00913,-0.18473,0.01374,0.28931
367716,3677173,1410,-236,12234,-102,-181,-248,-0.00625,-0.01591,1.00948,-0.18473,0.02137,0.25115
367717,3677183,1352,-228,12220,-98,-164,-250,-0.00981,-0.01541,1.00865,-0.1542,0.15115,0.23588
367718,3677193,1372,-268,12236,-90,-159,-256,-0.00859,-0.01787,1.0096,-0.09313,0.18931,0.19008
367719,3677203,1362,-226,12288,-94,-157,-246,-0.0092,-0.01529,1.01269,-0.12366,0.20458,0.26641
367720,3677213,1336,-208,12258,-92,-167,-252,-0.01079,-0.01419,1.01091,-0.1084,0.12824,0.22061
367721,3677223,1406,-206,12236,-102,-169,-252,-0.0065,-0.01407,1.0096,-0.18473,0.11298,0.22061
367722,3677233,1370,-216,12186,-94,-175,-259,-0.00871,-0.01468,1.00663,-0.12366,0.06718,0.16718
367723,3677243,1378,-204,12262,-95,-173,-258,-0.00822,-0.01394,1.01115,-0.1313,0.08244,0.17481
367724,3677253,1374,-220,12176,-95,-165,-258,-0.00846,-0.01492,1.00604,-0.1313,0.14351,0.17481
367725,3677263,1380,-256,12194,-94,-161,-253,-0.00809,-0.01713,1.00711,-0.12366,0.17405,0.21298
367726,3677273,1378,-224,12238,-100,-164,-250,-0.00822,-0.01517,1.00972,-0.16947,0.15115,0.23588
367727,3677283,1398,-208,12174,-105,-174,-250,-0.00699,-0.01419,1.00592,-0.20763,0.07481,0.23588
367728,3677293,1372,-218,12172,-104,-174,-253,-0.00859,-0.0148,1.0058,-0.2,0.07481,0.21298
367729,3677303,1422,-178,12168,-93,-166,-259,-0.00552,-0.01235,1.00556,-0.11603,0.13588,0.16718
367730,3677313,1380,-228,12194,-96,-159,-259,-0.00809,-0.01541,1.00711,-0.13893,0.18931,0.16718
367731,3677323,1350,-212,12160,-105,-170,-265,-0.00994,-0.01443,1.00509,-0.20763,0.10534,0.12137
367732,3677333,1302,-202,12190,-109,-165,-260,-0.01288,-0.01382,1.00687,-0.23817,0.14351,0.15954
367733,3677343,1356,-192,12250,-102,-167,-263,-0.00957,-0.01321,1.01043,-0.18473,0.12824,0.13664
367734,3677353,1346,-224,12158,-104,-171,-265,-0.01018,-0.01517,1.00497,-0.2,0.09771,0.12137
367735,3677363,1394,-212,12214,-106,-165,-268,-0.00724,-0.01443,1.00829,-0.21527,0.14351,0.09847
367736,3677373,1354,-208,12172,-97,-157,-272,-0.00969,-0.01419,1.0058,-0.14656,0.20458,0.06794
367737,3677383,1356,-280,12212,-93,-152,-272,-0.00957,-0.0186,1.00818,-0.11603,0.24275,0.06794
367738,3677393,1406,-270,12194,-106,-160,-276,-0.0065,-0.01799,1.00711,-0.21527,0.18168,0.0374
367739,3677403,1378,-222,12176,-110,-165,-283,-0.00822,-0.01505,1.00604,-0.2458,0.14351,-0.01603
367740,3677413,1362,-182,12232,-111,-175,-276,-0.0092,-0.01259,1.00936,-0.25344,0.06718,0.0374
367741,3677423,1410,-212,12152,-110,-182,-276,-0.00625,-0.01443,1.00461,-0.2458,0.01374,0.0374
367742,3677433,1378,-222,12208,-116,-184,-279,-0.00822,-0.01505,1.00794,-0.2916,-0.00153,0.0145
367743,3677443,1358,-228,12206,-124,-194,-275,-0.00944,-0.01541,1.00782,-0.35267,-0.07786,0.04504
367744,3677453,1412,-222,12234,-117,-194,-272,-0.00613,-0.01505,1.00948,-0.29924,-0.07786,0.06794
367745,3677463,1426,-212,12266,-114,-202,-272,-0.00527,-0.01443,1.01138,-0.27634,-0.13893,0.06794
367746,3677473,1410,-226,12240,-101,-220,-267,-0.00625,-0.01529,1.00984,-0.1771,-0.27634,0.10611
367747,3677483,1368,-226,12214,-98,-222,-266,-0.00883,-0.01529,1.00829,-0.1542,-0.2916,0.11374
367748,3677493,1368,-206,12236,-85,-246,-264,-0.00883,-0.01407,1.0096,-0.05496,-0.47481,0.12901
367749,3677503,1340,-184,12264,-56,-267,-268,-0.01055,-0.01272,1.01127,0.16641,-0.63511,0.09847
367750,3677513,1304,-206,12206,-31,-282,-273,-0.01276,-0.01407,1.00782,0.35725,-0.74962,0.06031
367751,3677523,1410,-198,12266,-21,-293,-285,-0.00625,-0.01357,1.01138,0.43359,-0.83359,-0.0313
367752,3677533,1396,-204,12332,-16,-307,-312,-0.00711,-0.01394,1.01531,0.47176,-0.94046,-0.2374
367753,3677543,1456,-242,12222,-21,-327,-428,-0.00343,-0.01627,1.00877,0.43359,-1.09313,-1.1229
367754,3677553,1408,-216,12202,-34,-314,-624,-0.00638,-0.01468,1.00758,0.33435,-0.99389,-2.61908
367755,3677563,1424,-214,12148,-53,-296,-642,-0.00539,-0.01456,1.00437,0.18931,-0.85649,-2.75649
367756,3677573,1446,-186,12188,-68,-284,-600,-0.00404,-0.01284,1.00675,0.07481,-0.76489,-2.43588
367757,3677583,1424,-194,12180,-72,-264,-561,-0.00539,-0.01333,1.00627,0.04427,-0.61221,-2.13817
367758,3677593,1454,-222,12182,-76,-260,-561,-0.00355,-0.01505,1.00639,0.01374,-0.58168,-2.13817
367759,3677603,1458,-236,12178,-69,-245,-572,-0.00331,-0.01591,1.00616,0.06718,-0.46718,-2.22214
367760,3677613,1442,-264,12206,-80,-183,-1044,-0.00429,-0.01762,1.00782,-0.01679,0.00611,-5.82519
367761,3677623,1352,-216,12168,-85,-236,-1860,-0.00981,-0.01468,1.00556,-0.05496,-0.39847,-12.0542
367762,3677633,1296,-202,12134,-85,-198,-1548,-0.01325,-0.01382,1.00354,-0.05496,-0.1084,-9.67252
367763,3677643,1384,-160,12116,-80,-200,-1240,-0.00785,-0.01124,1.00247,-0.01679,-0.12366,-7.32137
367764,3677653,1348,-170,12122,-87,-167,-1065,-0.01006,-0.01186,1.00283,-0.07023,0.12824,-5.9855
367765,3677663,1366,-190,12110,-88,-122,-848,-0.00895,-0.01308,1.00212,-0.07786,0.47176,-4.32901
367766,3677673,1358,-240,12150,-104,-122,-457,-0.00944,-0.01615,1.00449,-0.2,0.47176,-1.34427
367767,3677683,1378,-202,12094,-98,-142,-376,-0.00822,-0.01382,1.00116,-0.1542,0.31908,-0.72595
367768,3677693,1420,-216,12076,-101,-162,-341,-0.00564,-0.01468,1.0001,-0.1771,0.16641,-0.45878
367769,3677703,1444,-188,12102,-98,-158,-326,-0.00417,-0.01296,1.00164,-0.1542,0.19695,-0.34427
367770,3677713,1422,-202,12062,-91,-150,-320,-0.00552,-0.01382,0.99926,-0.10076,0.25802,-0.29847
367771,3677723,1410,-270,12126,-85,-135,-314,-0.00625,-0.01799,1.00307,-0.05496,0.37252,-0.25267
367772,3677733,1356,-220,12004,-77,-166,-322,-0.00957,-0.01492,0.99582,0.00611,0.13588,-0.31374
367773,3677743,1392,-246,12062,-87,-188,-324,-0.00736,-0.01652,0.99926,-0.07023,-0.03206,-0.32901
367774,3677753,1346,-274,12016,-105,-174,-330,-0.01018,-0.01824,0.99653,-0.20763,0.07481,-0.37481
367775,3677763,1374,-176,12044,-117,-173,-337,-0.00846,-0.01223,0.99819,-0.29924,0.08244,-0.42824
367776,3677773,1386,-132,12062,-115,-190,-342,-0.00773,-0.00953,0.99926,-0.28397,-0.04733,-0.46641
367777,3677783,1370,-184,12128,-119,-163,-342,-0.00871,-0.01272,1.00318,-0.3145,0.15878,-0.46641
367778,3677793,1374,-166,12022,-121,-153,-333,-0.00846,-0.01161,0.99689,-0.32977,0.23511,-0.39771
367779,3677803,1410,-206,12078,-114,-198,-335,-0.00625,-0.01407,1.00021,-0.27634,-0.1084,-0.41298
367780,3677813,1378,-256,12088,-108,-231,-343,-0.00822,-0.01713,1.00081,-0.23053,-0.36031,-0.47405
367781,3677823,1362,-256,12060,-102,-244,-349,-0.0092,-0.01713,0.99914,-0.18473,-0.45954,-0.51985
367782,3677833,1386,-172,12058,-100,-266,-354,-0.00773,-0.01198,0.99903,-0.16947,-0.62748,-0.55802
367783,3677843,1408,-200,12044,-95,-260,-376,-0.00638,-0.0137,0.99819,-0.1313,-0.58168,-0.72595
367784,3677853,1434,-208,12102,-94,-242,-388,-0.00478,-0.01419,1.00164,-0.12366,-0.44427,-0.81756
367785,3677863,1390,-208,12048,-93,-272,-436,-0.00748,-0.01419,0.99843,-0.11603,-0.67328,-1.18397
367786,3677873,1510,-274,12042,-86,-305,-537,-0.00012,-0.01824,0.99807,-0.0626,-0.92519,-1.95496
367787,3677883,1496,-254,12080,-88,-304,-720,-0.00098,-0.01701,1.00033,-0.07786,-0.91756,-3.35191
367788,3677893,1608,-212,12036,-91,-414,-1075,0.0059,-0.01443,0.99772,-0.10076,-1.75725,-6.06183
367789,3677903,1624,-280,12114,-84,-422,-1587,0.00688,-0.0186,1.00235,-0.04733,-1.81832,-9.97023
367790,3677913,1600,-200,12102,-82,-384,-2268,0.00541,-0.0137,1.00164,-0.03206,-1.52824,-15.1687
367791,3677923,1472,-110,12106,-149,-311,-2500,-0.00245,-0.00818,1.00188,-0.54351,-0.97099,-16.9397
367792,3677933,1448,-244,12066,-205,-368,-1555,-0.00392,-0.0164,0.9995,-0.97099,-1.40611,-9.72595
367793,3677943,992,-246,12008,-175,-332,-1155,-0.0319,-0.01652,0.99605,-0.74198,-1.1313,-6.67252
367794,3677953,1166,-242,12020,-156,-150,-820,-0.02123,-0.01627,0.99677,-0.59695,0.25802,-4.11527
367795,3677963,1352,-292,12058,-154,-177,-545,-0.00981,-0.01934,0.99903,-0.58168,0.05191,-2.01603
367796,3677973,1368,-200,12064,-174,-302,-189,-0.00883,-0.0137,0.99938,-0.73435,-0.90229,0.70153
367797,3677983,1522,-192,12110,-186,-365,204,0.00062,-0.01321,1.00212,-0.82595,-1.38321,3.70153
367798,3677993,1922,-2,11880,-338,-548,436,0.02517,-0.00155,0.98845,-1.98626,-2.78015,5.47252
367799,3678003,1172,-170,12010,-554,-759,1031,-0.02086,-0.01186,0.99617,-3.63511,-4.39084,10.0145
367800,3678013,1582,-242,12006,-603,-812,-648,0.0043,-0.01627,0.99594,-4.00916,-4.79542,-2.80229
367801,3678023,1490,-352,12050,-244,-443,-398,-0.00134,-0.02302,0.99855,-1.2687,-1.97863,-0.89389
367802,3678033,1440,-286,12026,-68,-252,-368,-0.00441,-0.01897,0.99712,0.07481,-0.52061,-0.66489
367803,3678043,1470,-254,12124,-116,-345,-512,-0.00257,-0.01701,1.00295,-0.2916,-1.23053,-1.76412
367804,3678053,1478,-186,12086,-138,-341,-483,-0.00208,-0.01284,1.00069,-0.45954,-1.2,-1.54275
367805,3678063,1492,-176,12014,-65,-191,-360,-0.00122,-0.01223,0.99641,0.09771,-0.05496,-0.60382
367806,3678073,1424,-220,12128,-20,-122,-299,-0.00539,-0.01492,1.00318,0.44122,0.47176,-0.13817
367807,3678083,1456,-180,12032,331,245,-83,-0.00343,-0.01247,0.99748,3.12061,3.27328,1.51069
367808,3678093,1422,-158,12410,664,640,502,-0.00552,-0.01112,1.01994,5.6626,6.28855,5.97634
367809,3678103,1444,-244,12076,307,333,907,-0.00417,-0.0164,1.0001,2.9374,3.94504,9.06794
367810,3678113,1492,-170,12030,-24,-24,883,-0.00122,-0.01186,0.99736,0.41069,1.21985,8.88473
367811,3678123,1536,-238,12102,-54,-78,1003,0.00148,-0.01603,1.00164,0.18168,0.80763,9.80076
367812,3678133,1506,-236,12002,-51,-77,1042,-0.00036,-0.01591,0.9957,0.20458,0.81527,10.09847
367813,3678143,1498,-348,11964,-41,-79,937,-0.00085,-0.02278,0.99344,0.28092,0.8,9.29695
367814,3678153,1452,-378,12046,-42,-100,628,-0.00368,-0.02462,0.99831,0.27328,0.63969,6.93817
367815,3678163,1506,-324,11958,-44,-134,207,-0.00036,-0.0213,0.99308,0.25802,0.38015,3.72443
367816,3678173,1430,-228,12034,-49,-145,-59,-0.00503,-0.01541,0.9976,0.21985,0.29618,1.69389
367817,3678183,1454,-190,11988,-48,-138,-162,-0.00355,-0.01308,0.99487,0.22748,0.34962,0.90763
367818,3678193,1412,-168,12054,-45,-130,-168,-0.00613,-0.01173,0.99879,0.25038,0.41069,0.86183
367819,3678203,1436,-152,12148,-44,-134,-145,-0.00466,-0.01075,1.00437,0.25802,0.38015,1.0374
367820,3678213,1430,-196,12082,-44,-151,-125,-0.00503,-0.01345,1.00045,0.25802,0.25038,1.19008
367821,3678223,1346,-220,12072,-55,-164,-129,-0.01018,-0.01492,0.99986,0.17405,0.15115,1.15954
367822,3678233,1394,-218,12096,-68,-191,-151,-0.00724,-0.0148,1.00128,0.07481,-0.05496,0.9916
367823,3678243,1364,-222,12070,-71,-211,-208,-0.00908,-0.01505,0.99974,0.05191,-0.20763,0.55649
367824,3678253,1256,-220,12112,-85,-202,-86,-0.0157,-0.01492,1.00223,-0.05496,-0.13893,1.48779
367825,3678263,1234,-314,12056,-104,-109,401,-0.01705,-0.02069,0.99891,-0.2,0.57099,5.20534
367826,3678273,1356,-358,12056,-117,-48,964,-0.00957,-0.02339,0.99891,-0.29924,1.03664,9.50305
367827,3678283,1566,-218,11954,-68,-194,888,0.00332,-0.0148,0.99285,0.07481,-0.07786,8.9229
367828,3678293,1604,-192,12038,-56,-171,607,0.00565,-0.01321,0.99784,0.16641,0.09771,6.77786
367829,3678303,1578,-204,12114,-51,-168,257,0.00406,-0.01394,1.00235,0.20458,0.12061,4.10611
367830,3678313,1506,-190,12014,-52,-192,-116,-0.00036,-0.01308,0.99641,0.19695,-0.0626,1.25878
367831,3678323,1452,-200,12060,-48,-212,-265,-0.00368,-0.0137,0.99914,0.22748,-0.21527,0.12137
367832,3678333,1406,-198,12072,-59,-198,-286,-0.0065,-0.01357,0.99986,0.14351,-0.1084,-0.03893
367833,3678343,1464,-194,12004,-63,-194,-290,-0.00294,-0.01333,0.99582,0.11298,-0.07786,-0.06947
367834,3678353,1408,-196,12032,-70,-223,-298,-0.00638,-0.01345,0.99748,0.05954,-0.29924,-0.13053
367835,3678363,1392,-242,12132,-69,-230,-316,-0.00736,-0.01627,1.00342,0.06718,-0.35267,-0.26794
367836,3678373,1428,-204,12098,-69,-231,-352,-0.00515,-0.01394,1.0014,0.06718,-0.36031,-0.54275
367837,3678383,1428,-190,12072,-70,-253,-368,-0.00515,-0.01308,0.99986,0.05954,-0.52824,-0.66489
367838,3678393,1460,-220,12022,-83,-255,-381,-0.00318,-0.01492,0.99689,-0.03969,-0.54351,-0.76412
367839,3678403,1464,-252,12058,-82,-245,-372,-0.00294,-0.01689,0.99903,-0.03206,-0.46718,-0.69542
367840,3678413,1468,-246,12052,-81,-248,-388,-0.00269,-0.01652,0.99867,-0.02443,-0.49008,-0.81756
367841,3678423,1480,-222,12060,-63,-223,-459,-0.00196,-0.01505,0.99914,0.11298,-0.29924,-1.35954
367842,3678433,1494,-270,12092,-56,-224,-584,-0.0011,-0.01799,1.00105,0.16641,-0.30687,-2.31374
367843,3678443,1522,-222,11976,-39,-202,-694,0.00062,-0.01505,0.99415,0.29618,-0.13893,-3.15344
367844,3678453,1494,-180,12042,-41,-175,-795,-0.0011,-0.01247,0.99807,0.28092,0.06718,-3.92443
367845,3678463,1530,-192,12082,-36,-156,-932,0.00111,-0.01321,1.00045,0.31908,0.21221,-4.97023
367846,3678473,1452,-184,12050,-40,-149,-1032,-0.00368,-0.01272,0.99855,0.28855,0.26565,-5.73359
367847,3678483,1452,-84,12130,-38,-144,-1007,-0.00368,-0.00658,1.0033,0.30382,0.30382,-5.54275
367848,3678493,1410,-162,12062,-52,-147,-882,-0.00625,-0.01137,0.99926,0.19695,0.28092,-4.58855
367849,3678503,1308,-266,12046,-70,-165,-686,-0.01251,-0.01775,0.99831,0.05954,0.14351,-3.09237
367850,3678513,1378,-300,12020,-87,-182,-390,-0.00822,-0.01983,0.99677,-0.07023,0.01374,-0.83282
367851,3678523,1340,-270,12070,-100,-182,-222,-0.01055,-0.01799,0.99974,-0.16947,0.01374,0.44962
367852,3678533,1336,-284,11966,-88,-167,-172,-0.01079,-0.01885,0.99356,-0.07786,0.12824,0.8313
367853,3678543,1476,-266,12014,-80,-160,-191,-0.0022,-0.01775,0.99641,-0.01679,0.18168,0.68626
367854,3678553,1462,-244,12144,-81,-141,-225,-0.00306,-0.0164,1.00414,-0.02443,0.32672,0.42672
367855,3678563,1510,-210,12092,-87,-120,-234,-0.00012,-0.01431,1.00105,-0.07023,0.48702,0.35802
367856,3678573,1468,-198,11982,-93,-92,-208,-0.00269,-0.01357,0.99451,-0.11603,0.70076,0.55649
367857,3678583,1454,-240,11970,-82,-86,-140,-0.00355,-0.01615,0.9938,-0.03206,0.74656,1.07557
367858,3678593,1456,-248,12028,-81,-110,-106,-0.00343,-0.01664,0.99724,-0.02443,0.56336,1.33511
367859,3678603,1414,-256,12054,-79,-114,-76,-0.00601,-0.01713,0.99879,-0.00916,0.53282,1.56412
367860,3678613,1442,-258,12072,-85,-117,-28,-0.00429,-0.01726,0.99986,-0.05496,0.50992,1.93053
367861,3678623,1408,-196,12014,-87,-121,26,-0.00638,-0.01345,0.99641,-0.07023,0.47939,2.34275
367862,3678633,1412,-156,12046,-92,-140,77,-0.00613,-0.011,0.99831,-0.1084,0.33435,2.73206
367863,3678643,1412,-178,12084,-91,-142,139,-0.00613,-0.01235,1.00057,-0.10076,0.31908,3.20534
367864,3678653,1360,-198,12086,-94,-154,165,-0.00932,-0.01357,1.00069,-0.12366,0.22748,3.40382
367865,3678663,1404,-244,12106,-101,-164,76,-0.00662,-0.0164,1.00188,-0.1771,0.15115,2.72443
367866,3678673,1448,-224,12074,-92,-187,-54,-0.00392,-0.01517,0.99998,-0.1084,-0.02443,1.73206
367867,3678683,1422,-224,12050,-83,-192,-138,-0.00552,-0.01517,0.99855,-0.03969,-0.0626,1.09084
367868,3678693,1416,-226,12090,-84,-173,-147,-0.00588,-0.01529,1.00093,-0.04733,0.08244,1.02214
367869,3678703,1460,-226,12022,-81,-151,-128,-0.00318,-0.01529,0.99689,-0.02443,0.25038,1.16718
367870,3678713,1486,-186,12044,-71,-146,-104,-0.00159,-0.01284,0.99819,0.05191,0.28855,1.35038
367871,3678723,1480,-200,12050,-75,-141,-52,-0.00196,-0.0137,0.99855,0.02137,0.32672,1.74733
367872,3678733,1468,-224,12022,-83,-142,45,-0.00269,-0.01517,0.99689,-0.03969,0.31908,2.48779
367873,3678743,1410,-242,12006,-76,-137,172,-0.00625,-0.01627,0.99594,0.01374,0.35725,3.45725
367874,3678753,1402,-260,12036,-74,-135,279,-0.00674,-0.01738,0.99772,0.02901,0.37252,4.27405
367875,3678763,1404,-228,12074,-77,-108,396,-0.00662,-0.01541,0.99998,0.00611,0.57863,5.16718
367876,3678773,1260,-268,12024,-84,-66,612,-0.01546,-0.01787,0.99701,-0.04733,0.89924,6.81603
367877,3678783,1338,-240,12056,-119,21,1355,-0.01067,-0.01615,0.99891,-0.3145,1.56336,12.48779
367878,3678793,1680,-112,12114,-107,-54,2740,0.01032,-0.0083,1.00235,-0.2229,0.99084,23.0603
367879,3678803,1148,-270,12016,-54,-148,4469,-0.02233,-0.01799,0.99653,0.18168,0.27328,36.25878
367880,3678813,924,-192,12018,-41,-147,3814,-0.03608,-0.01321,0.99665,0.28092,0.28092,31.25878
367881,3678823,1230,-214,12058,-45,-182,3620,-0.0173,-0.01456,0.99903,0.25038,0.01374,29.77786
367882,3678833,2022,-146,12050,-76,-55,4511,0.0313,-0.01038,0.99855,0.01374,0.98321,36.57939
367883,3678843,1202,-246,12038,-60,-84,2956,-0.01902,-0.01652,0.99784,0.13588,0.76183,24.70916
367884,3678853,1156,-234,12068,-22,-186,2631,-0.02184,-0.01578,0.99962,0.42595,-0.01679,22.22824
367885,3678863,1176,-216,12064,-39,-189,3294,-0.02061,-0.01468,0.99938,0.29618,-0.03969,27.28931
367886,3678873,1408,-238,12100,-29,-220,3736,-0.00638,-0.01603,1.00152,0.37252,-0.27634,30.66336
367887,3678883,1560,-240,12024,-28,-122,3855,0.00295,-0.01615,0.99701,0.38015,0.47176,31.57175
367888,3678893,2002,-254,12000,-60,87,3993,0.03008,-0.01701,0.99558,0.13588,2.06718,32.62519
367889,3678903,1624,-172,12028,-84,-184,900,0.00688,-0.01198,0.99724,-0.04733,-0.00153,9.0145
367890,3678913,1504,350,12082,-98,-147,-31,-0.00048,0.02004,1.00045,-0.1542,0.28092,1.90763
367891,3678923,2544,4476,12136,-99,-196,-1415,0.06334,0.27313,1.00366,-0.16183,-0.09313,-8.65725
367892,3678933,1568,2904,12054,-42,-480,-5910,0.00344,0.1767,0.99879,0.27328,-2.26107,-42.97023
367893,3678943,1864,4834,12228,-132,-361,-5046,0.02161,0.29509,1.00913,-0.41374,-1.35267,-36.37481
367894,3678953,1386,4870,12072,165,-547,-7520,-0.00773,0.2973,0.99986,1.85344,-2.77252,-55.26031
367895,3678963,1290,4574,12390,242,88,-8163,-0.01362,0.27914,1.01875,2.44122,2.07481,-60.1687
367896,3678973,2378,3306,11846,222,-645,-7795,0.05315,0.20136,0.98643,2.28855,-3.52061,-57.35954
367897,3678983,1862,1730,12260,61,-216,-6729,0.02148,0.10469,1.01103,1.05954,-0.2458,-49.22214
367898,3678993,1540,4096,11748,413,-30,-7143,0.00172,0.24982,0.98061,3.74656,1.17405,-52.38244
367899,3679003,2794,1798,10900,632,-197,-5033,0.07868,0.10886,0.93022,5.41832,-0.10076,-36.27557
367900,3679013,3258,-1188,12484,-266,258,-2399,0.10715,-0.0743,1.02434,-1.43664,3.37252,-16.1687
367901,3679023,2698,-476,11494,-262,-861,-773,0.07279,-0.03063,0.96551,-1.40611,-5.16947,-3.75649
367902,3679033,2446,-3956,11590,-177,-338,1425,0.05732,-0.24409,0.97122,-0.75725,-1.1771,13.02214
367903,3679043,1852,-3212,11970,-433,-146,2574,0.02087,-0.19846,0.9938,-2.71145,0.28855,21.79313
367904,3679053,1016,-4222,12154,-589,-513,4521,-0.03043,-0.26041,1.00473,-3.90229,-2.51298,36.65572
367905,3679063,222,-4458,12124,-455,263,4833,-0.07916,-0.27489,1.00295,-2.87939,3.41069,39.0374
367906,3679073,-1350,-6890,12016,-277,200,3631,-0.17562,-0.42407,0.99653,-1.52061,2.92977,29.86183
367907,3679083,-706,-6266,11968,-311,-129,2569,-0.1361,-0.38579,0.99368,-1.78015,0.41832,21.75496
367908,3679093,562,-4128,12018,-105,-185,1931,-0.05829,-0.25464,0.99665,-0.20763,-0.00916,16.88473
367909,3679103,152,-1536,12024,-87,-115,344,-0.08345,-0.09565,0.99701,-0.07023,0.52519,4.77023
367910,3679113,-6454,-9814,11840,-136,257,-4573,-0.48883,-0.60343,0.98607,-0.44427,3.36489,-32.76412
367911,3679123,-2770,-4628,11884,20,-597,-2568,-0.26276,-0.28531,0.98869,0.74656,-3.1542,-17.45878
367912,3679133,-596,-4620,12082,135,-437,2334,-0.12935,-0.28482,1.00045,1.62443,-1.93282,19.96107
367913,3679143,-1966,-7708,11458,303,-247,4647,-0.21342,-0.47424,0.96337,2.90687,-0.48244,37.61756
367914,3679153,2810,-1722,12008,-160,93,5316,0.07966,-0.10706,0.99605,-0.62748,2.11298,42.72443
367915,3679163,988,-5032,11378,334,-459,3705,-0.03215,-0.3101,0.95862,3.14351,-2.10076,30.42672
367916,3679173,3316,-890,12044,384,-103,3866,0.11071,-0.05602,0.99819,3.52519,0.61679,31.65572
367917,3679183,4122,-438,12104,64,-120,4266,0.16017,-0.0283,1.00176,1.08244,0.48702,34.70916
367918,3679193,4964,-294,12610,-112,243,2797,0.21184,-0.01946,1.03183,-0.26107,3.25802,23.49542
367919,3679203,4730,2682,11700,335,-377,3191,0.19748,0.16309,0.97775,3.15114,-1.47481,26.50305
367920,3679213,5172,1148,11882,-448,-483,1975,0.22461,0.06899,0.98857,-2.82595,-2.28397,17.22061
367921,3679223,4268,1972,11598,-301,399,-430,0.16913,0.11953,0.97169,-1.70382,4.44885,-1.13817
367922,3679233,3500,2406,11900,-29,-387,-3706,0.122,0.14616,0.98964,0.37252,-1.55114,-26.1458
367923,3679243,1414,4540,12110,-93,-524,-5050,-0.00601,0.27706,1.00212,-0.11603,-2.59695,-36.40535
367924,3679253,4724,2314,12098,-76,-51,-4353,0.19711,0.14051,1.0014,0.01374,1.01374,-31.08473
367925,3679263,4494,2014,12018,-228,-389,-2766,0.183,0.12211,0.99665,-1.14656,-1.56641,-18.97023
367926,3679273,2634,2318,12018,65,-291,-1877,0.06886,0.14076,0.99665,1.09008,-0.81832,-12.18397
367927,3679283,-722,1688,12174,-59,-412,-1501,-0.13709,0.10211,1.00592,0.14351,-1.74198,-9.31374
367928,3679293,2758,2054,11976,-167,-272,-1932,0.07647,0.12456,0.99415,-0.68092,-0.67328,-12.60382
367929,3679303,-226,800,11834,-191,-313,-3184,-0.10665,0.04764,0.98572,-0.86412,-0.98626,-22.16107
367930,3679313,-408,-848,12056,-334,38,-1023,-0.11782,-0.05345,0.99891,-1.95573,1.69313,-5.66489
367931,3679323,-1878,-1600,12134,356,-166,241,-0.20802,-0.09957,1.00354,3.31145,0.13588,3.98397
367932,3679333,-1562,-2198,12104,234,-231,550,-0.18863,-0.13626,1.00176,2.38015,-0.36031,6.34275
367933,3679343,562,-880,12054,50,-322,182,-0.05829,-0.05541,0.99879,0.97557,-1.05496,3.53359
367934,3679353,464,-1754,12026,195,-326,834,-0.06431,-0.10902,0.99712,2.08244,-1.0855,8.51069
367935,3679363,380,-1834,12048,-91,-491,-829,-0.06946,-0.11393,0.99843,-0.10076,-2.34504,-4.18397
367936,3679373,824,-1316,12002,-326,-491,-312,-0.04221,-0.08215,0.9957,-1.89466,-2.34504,-0.2374
367937,3679383,932,-928,11932,-154,-224,-632,-0.03559,-0.05835,0.99154,-0.58168,-0.30687,-2.68015
367938,3679393,1396,-208,12002,-18,-121,-546,-0.00711,-0.01419,0.9957,0.45649,0.47939,-2.02366
367939,3679403,968,-1128,11972,29,-71,-617,-0.03338,-0.07062,0.99392,0.81527,0.86107,-2.56565
367940,3679413,856,-1216,11918,171,106,-3900,-0.04025,-0.07602,0.99071,1.89924,2.21221,-27.62672
367941,3679423,1378,-674,12024,216,432,-6643,-0.00822,-0.04277,0.99701,2.24275,4.70076,-48.56565
367942,3679433,968,-1348,12082,-13,472,-5938,-0.03338,-0.08412,1.00045,0.49466,5.00611,-43.18397
367943,3679443,838,-4430,11960,-499,-317,-2862,-0.04135,-0.27317,0.9932,-3.21527,-1.01679,-19.70305
367944,3679453,1594,-1308,11786,-480,-369,-1002,0.00504,-0.08166,0.98286,-3.07023,-1.41374,-5.50458
367945,3679463,1518,-1398,11996,-522,-176,-806,0.00037,-0.08718,0.99534,-3.39084,0.05954,-4.0084
367946,3679473,1132,-1932,12108,-248,186,-1787,-0.02331,-0.11994,1.002,-1.29924,2.8229,-11.49695
367947,3679483,1088,-2502,12288,-432,-315,-927,-0.02601,-0.1549,1.01269,-2.70382,-1.00153,-4.93206
367948,3679493,1818,1380,11814,101,-886,-657,0.01878,0.08322,0.98453,1.36489,-5.36031,-2.87099
367949,3679503,1424,-2074,11812,147,-525,-1000,-0.00539,-0.12865,0.98441,1.71603,-2.60458,-5.48931
367950,3679513,1640,-2700,12092,-69,314,-1840,0.00786,-0.16705,1.00105,0.06718,3.8,-11.90153
367951,3679523,1506,-1334,12002,-710,-129,-962,-0.00036,-0.08326,0.9957,-4.82595,0.41832,-5.19924
367952,3679533,2634,240,11832,159,-329,-1790,0.06886,0.01329,0.9856,1.80763,-1.1084,-11.51985
367953,3679543,2324,-5480,12284,-142,238,-1236,0.04984,-0.33758,1.01245,-0.49008,3.21985,-7.29084
367954,3679553,2126,-2394,11830,-507,401,-1368,0.03768,-0.14828,0.98548,-3.27634,4.46412,-8.29847
367955,3679563,1960,1062,11928,-331,-277,-767,0.0275,0.06371,0.9913,-1.93282,-0.71145,-3.71069
367956,3679573,1548,-1192,11992,-339,-5,-612,0.00222,-0.07455,0.9951,-1.99389,1.36489,-2.52748
367957,3679583,1544,-34,12054,-65,-253,-690,0.00197,-0.00351,0.99879,0.09771,-0.52824,-3.1229
367958,3679593,1132,-290,11922,-147,263,-1145,-0.02331,-0.01922,0.99094,-0.52824,3.41069,-6.59618
367959,3679603,700,2438,12084,-208,-136,-809,-0.04982,0.14812,1.00057,-0.99389,0.36489,-4.0313
367960,3679613,628,3458,12034,-73,-215,-1489,-0.05424,0.21069,0.9976,0.03664,-0.23817,-9.22214
367961,3679623,1074,988,12062,-62,-183,-658,-0.02687,0.05918,0.99926,0.12061,0.00611,-2.87863
367962,3679633,1970,982,12126,-98,-317,-282,0.02811,0.05881,1.00307,-0.1542,-1.01679,-0.0084
367963,3679643,3166,4748,12004,-121,-391,1580,0.10151,0.28982,0.99582,-0.32977,-1.58168,14.20534
367964,3679653,2674,4014,12096,-155,-607,5225,0.07131,0.24479,1.00128,-0.58931,-3.23053,42.02977
367965,3679663,2006,4532,12066,93,-430,-69,0.03032,0.27657,0.9995,1.30382,-1.87939,1.61756
367966,3679673,1364,724,12298,72,-251,-1851,-0.00908,0.04298,1.01329,1.14351,-0.51298,-11.9855
367967,3679683,1930,4104,12344,190,-220,-2367,0.02566,0.25031,1.01602,2.04427,-0.27634,-15.92443
367968,3679693,1080,-2394,12564,401,-220,-1071,-0.0265,-0.14828,1.02909,3.65496,-0.27634,-6.0313
367969,3679703,1468,2060,12118,-111,-324,-273,-0.00269,0.12493,1.00259,-0.25344,-1.07023,0.06031
367970,3679713,208,-66,12530,18,-395,515,-0.08001,-0.00548,1.02707,0.7313,-1.61221,6.07557
367971,3679723,1208,-1604,11562,592,-481,661,-0.01865,-0.09982,0.96955,5.11298,-2.2687,7.19008
367972,3679733,630,-3966,11894,-600,858,-57,-0.05412,-0.24471,0.98928,-3.98626,7.95267,1.70916
367973,3679743,1004,-6422,12152,37,-196,-783,-0.03117,-0.39536,1.00461,0.87634,-0.09313,-3.83282
367974,3679753,1160,-3876,12070,557,-567,-109,-0.02159,-0.23919,0.99974,4.8458,-2.92519,1.31221
367975,3679763,1370,-640,12102,57,-278,-8,-0.00871,-0.04069,1.00164,1.02901,-0.71908,2.08321
367976,3679773,786,-930,12056,-41,-155,-380,-0.04455,-0.05848,0.99891,0.28092,0.21985,-0.75649
367977,3679783,154,-1448,12088,-143,-3,-1895,-0.08333,-0.09025,1.00081,-0.49771,1.38015,-12.32137
367978,3679793,390,-96,11970,-505,198,-5171,-0.06885,-0.00732,0.9938,-3.26107,2.9145,-37.32901
367979,3679803,-5880,-2028,11920,-218,894,-5741,-0.45361,-0.12583,0.99083,-1.07023,8.22748,-41.68015
367980,3679813,-1876,1044,12056,-151,185,907,-0.2079,0.06261,0.99891,-0.55878,2.81527,9.06794
367981,3679823,-3310,1640,12140,-229,-527,1437,-0.2959,0.09917,1.0039,-1.1542,-2.61985,13.11374
367982,3679833,-3518,3216,12074,-141,-1049,912,-0.30866,0.19584,0.99998,-0.48244,-6.60458,9.10611
367983,3679843,-1994,2602,12084,-36,-682,-224,-0.21514,0.15818,1.00057,0.31908,-3.80305,0.43435
367984,3679853,1762,1544,12152,210,-239,-2535,0.01535,0.09328,1.00461,2.19695,-0.42137,-17.20687
367985,3679863,5908,94,12178,-133,-313,-3368,0.26977,0.00434,1.00616,-0.42137,-0.98626,-23.56565
367986,3679873,8076,-1646,12166,-770,-1058,-5305,0.40281,-0.1024,1.00544,-5.28397,-6.67328,-38.35191
367987,3679883,9260,-2196,12048,-20,-239,-5880,0.47547,-0.13613,0.99843,0.44122,-0.42137,-42.74122
367988,3679893,8432,-3252,11984,548,402,-4020,0.42466,-0.20091,0.99463,4.7771,4.47176,-28.54275
367989,3679903,2864,-810,11980,-3,-165,-880,0.08297,-0.05112,0.99439,0.57099,0.14351,-4.57328
367990,3679913,4036,418,11964,-67,-509,1039,0.15489,0.02421,0.99344,0.08244,-2.48244,10.07557
367991,3679923,16272,-3626,11998,-189,-792,5349,0.90577,-0.22385,0.99546,-0.84885,-4.64275,42.97633
367992,3679933,22724,-7182,11756,83,-219,8457,1.3017,-0.44198,0.98108,1.22748,-0.2687,66.70153
367993,3679943,8916,-3866,11174,10,146,7243,0.45436,-0.23857,0.9465,0.67023,2.51756,57.43435
367994,3679953,3538,140,11720,-347,-13,10531,0.12433,0.00716,0.97894,-2.05496,1.30382,82.53359
367995,3679963,-6992,2292,12132,-282,67,9419,-0.52185,0.13916,1.00342,-1.55878,1.9145,74.04504
367996,3679973,-10590,4942,11972,-200,231,8755,-0.74264,0.30172,0.99392,-0.93282,3.16641,68.97634
367997,3679983,-13120,4452,12098,-45,489,5356,-0.8979,0.27166,1.0014,0.25038,5.13588,43.02977
367998,3679993,-5068,168,12060,28,213,1795,-0.40378,0.00888,0.99914,0.80763,3.02901,15.84656
367999,3680003,-806,252,12100,-102,44,-192,-0.14224,0.01403,1.00152,-0.18473,1.73893,0.67863
368000,3680013,-4992,2618,12104,-38,70,-4082,-0.39912,0.15916,1.00176,0.30382,1.9374,-29.01603
368001,3680023,-16436,5448,11910,-103,-49,-13296,-1.10139,0.33275,0.99023,-0.19237,1.02901,-99.35191
368002,3680033,-6332,1718,12128,297,-1287,-18409,-0.48135,0.10395,1.00318,2.86107,-8.42137,-138.38245
368003,3680043,1730,-14,11970,320,-307,-14024,0.01338,-0.00229,0.9938,3.03664,-0.94046,-104.90916
368004,3680053,7862,-3632,12066,353,-87,-10632,0.38968,-0.22422,0.9995,3.28855,0.73893,-79.01603
368005,3680063,10666,-3504,11860,-515,-666,-9070,0.56175,-0.21637,0.98726,-3.3374,-3.68092,-67.09236
368006,3680073,10642,-1552,11880,-153,-122,-6659,0.56028,-0.09663,0.98845,-0.57405,0.47176,-48.68779
368007,3680083,5402,96,12020,39,68,-3573,0.23872,0.00446,0.99677,0.8916,1.92214,-25.13054
368008,3680093,5120,-5932,11960,94,-228,357,0.22141,-0.3653,0.9932,1.31145,-0.3374,4.86947
368009,3680103,7068,-5474,12134,-232,-530,16925,0.34095,-0.33721,1.00354,-1.1771,-2.64275,131.34276
368010,3680113,17872,-4002,11908,-228,-534,22878,1.00395,-0.24691,0.99011,-1.14656,-2.67328,176.78549
368011,3680123,4878,998,11882,-449,-350,16615,0.20656,0.05979,0.98857,-2.83359,-1.2687,128.97633
368012,3680133,-3182,3030,12058,-293,66,12375,-0.28805,0.18443,0.99903,-1.64275,1.90687,96.60992
368013,3680143,-8728,5968,12228,95,-493,8491,-0.62838,0.36465,1.00913,1.31908,-2.36031,66.96107
368014,3680153,-6186,2838,12054,-21,-337,3928,-0.47239,0.17266,0.99879,0.43359,-1.16947,32.12901
368015,3680163,-408,1900,12046,-225,240,755,-0.11782,0.11512,0.99831,-1.12366,3.23511,7.90763
368016,3680173,-9130,6880,12038,-218,1046,-3639,-0.65305,0.42059,0.99784,-1.07023,9.38779,-25.63435
368017,3680183,-15202,7178,11574,-17,86,-14064,-1.02566,0.43887,0.97027,0.46412,2.05954,-105.2145
368018,3680193,-7502,2748,12184,570,-967,-16620,-0.55315,0.16713,1.00651,4.94504,-5.97863,-124.72595
368019,3680203,556,-260,11676,-28,-792,-15034,-0.05866,-0.01738,0.97633,0.38015,-4.64275,-112.61908
368020,3680213,10044,-3946,11616,-194,490,-12086,0.52358,-0.24348,0.97276,-0.88702,5.14351,-90.11526
368021,3680223,10780,-3490,11884,-809,-545,-11183,0.56875,-0.21551,0.98869,-5.58168,-2.75725,-83.22214
368022,3680233,17522,-6214,12112,-343,-502,-8238,0.98247,-0.3826,1.00223,-2.02443,-2.42901,-60.74122
368023,3680243,7762,-1740,11996,-155,-354,-3685,0.38354,-0.10816,0.99534,-0.58931,-1.29924,-25.9855
368024,3680253,3414,-822,12034,16,-293,-791,0.11672,-0.05185,0.9976,0.71603,-0.83359,-3.89389
368025,3680263,4826,-754,12092,53,-396,696,0.20337,-0.04768,1.00105,0.99847,-1.61985,7.45725
368026,3680273,15408,-3952,12098,18,-264,10333,0.85275,-0.24385,1.0014,0.7313,-0.61221,81.02214
368027,3680283,12360,-2066,11890,38,-319,21128,0.6657,-0.12816,0.98904,0.88397,-1.03206,163.42673
368028,3680293,6974,-1170,12476,484,-747,12906,0.33519,-0.0732,1.02386,4.28855,-4.29924,100.66336
368029,3680303,-22,1966,11908,646,-207,8664,-0.09413,0.11917,0.99011,5.52519,-0.1771,68.28168
368030,3680313,668,-442,11760,37,-335,7270,-0.05179,-0.02854,0.98132,0.87634,-1.1542,57.64046
368031,3680323,-3786,926,12110,51,372,6085,-0.32511,0.05537,1.00212,0.98321,4.24275,48.59465
368032,3680333,-12614,6202,12092,-31,376,6600,-0.86685,0.37901,1.00105,0.35725,4.27328,52.52596
368033,3680343,-9604,4264,12082,-48,115,4863,-0.68214,0.26013,1.00045,0.22748,2.28092,39.26641
368034,3680353,-3044,1248,11990,-293,14,2767,-0.27958,0.07512,0.99498,-1.64275,1.50992,23.26641
368035,3680363,-1838,3764,12012,-273,-21,2703,-0.20557,0.22946,0.99629,-1.49008,1.24275,22.77786
368036,3680373,-11392,6132,11966,165,63,-2134,-0.79186,0.37471,0.99356,1.85344,1.88397,-14.1458
368037,3680383,-11362,5684,11616,-674,-426,-10626,-0.79002,0.34723,0.97276,-4.55115,-1.84885,-78.97022
368038,3680393,-8072,2728,11998,-207,-567,-12403,-0.58812,0.16591,0.99546,-0.98626,-2.92519,-92.53511
368039,3680403,116,-1588,12360,-95,-255,-9470,-0.08566,-0.09884,1.01697,-0.1313,-0.54351,-70.1458
368040,3680413,3758,-1464,11838,-187,-574,-8641,0.13783,-0.09123,0.98595,-0.83359,-2.97863,-63.81755
368041,3680423,4186,-208,12200,-627,-405,-7018,0.1641,-0.01419,1.00746,-4.19237,-1.68855,-51.42825
368042,3680433,9168,774,11738,-712,-346,-7231,0.46982,0.04605,0.98001,-4.84122,-1.23817,-53.0542
368043,3680443,11126,-2210,11834,-625,59,-6762,0.58998,-0.13699,0.98572,-4.1771,1.85344,-49.47404
368044,3680453,13528,-4882,12032,34,-281,-4605,0.73738,-0.30089,0.99748,0.85344,-0.74198,-33.0084
368045,3680463,7758,-2470,11932,-336,-303,475,0.3833,-0.15294,0.99154,-1.97099,-0.90992,5.77023
368046,3680473,4460,-1152,12102,-74,-585,4388,0.18091,-0.07209,1.00164,0.02901,-3.0626,35.64046
368047,3680483,4108,-256,11862,421,-986,8056,0.15931,-0.01713,0.98738,3.80763,-6.12366,63.64046
368048,3680493,6042,44,12090,105,-345,6120,0.27799,0.00127,1.00093,1.39542,-1.23053,48.86183
368049,3680503,4548,316,11838,-101,-124,4652,0.18631,0.01795,0.98595,-0.1771,0.45649,37.65572
368050,3680513,3238,112,11618,-235,-111,3951,0.10592,0.00544,0.97288,-1.2,0.55573,32.30458
368051,3680523,2156,1156,11502,-82,-247,2337,0.03953,0.06948,0.96599,-0.03206,-0.48244,19.98397
368052,3680533,-1500,-374,12206,-64,326,320,-0.18483,-0.02437,1.00782,0.10534,3.8916,4.58702
368053,3680543,2308,1606,11508,153,-342,-688,0.04885,0.09708,0.96634,1.76183,-1.20763,-3.10763
368054,3680553,-408,-526,12424,-301,151,-295,-0.11782,-0.03369,1.02077,-1.70382,2.55573,-0.10763
368055,3680563,-108,836,12232,-10,-373,-526,-0.09941,0.04985,1.00936,0.51756,-1.44427,-1.87099
368056,3680573,432,-884,12126,53,-257,-935,-0.06627,-0.05565,1.00307,0.99847,-0.55878,-4.99313
368057,3680583,1432,644,11912,-30,-175,-986,-0.0049,0.03807,0.99035,0.36489,0.06718,-5.38244
368058,3680593,1666,270,12156,-131,-192,-662,0.00946,0.01513,1.00485,-0.40611,-0.0626,-2.90916
368059,3680603,-154,-556,11990,-212,-244,-153,-0.10223,-0.03553,0.99498,-1.02443,-0.45954,0.97634
368060,3680613,282,-798,12116,-176,-109,-743,-0.07547,-0.05038,1.00247,-0.74962,0.57099,-3.52748
368061,3680623,1010,12,11934,-154,-427,-254,-0.0308,-0.00069,0.99166,-0.58168,-1.85649,0.20534
368062,3680633,1586,580,12022,-233,-374,-263,0.00455,0.03415,0.99689,-1.18473,-1.45191,0.13664
368063,3680643,1244,360,11978,16,-324,-646,-0.01644,0.02065,0.99427,0.71603,-1.07023,-2.78702
368064,3680653,1456,832,11808,-143,-440,-489,-0.00343,0.04961,0.98417,-0.49771,-1.95573,-1.58855
368065,3680663,1170,-1088,12044,-184,358,-402,-0.02098,-0.06817,0.99819,-0.81069,4.13588,-0.92443
368066,3680673,1898,-524,12006,-94,-8,-234,0.02369,-0.03357,0.99594,-0.12366,1.34198,0.35802
368067,3680683,1956,-636,12060,-98,-351,-560,0.02725,-0.04044,0.99914,-0.1542,-1.27634,-2.13053
368068,3680693,2442,720,11918,-139,113,360,0.05708,0.04274,0.99071,-0.46718,2.26565,4.89237
368069,3680703,1014,-1794,11884,-30,-341,-1255,-0.03055,-0.11147,0.98869,0.36489,-1.2,-7.43588
368070,3680713,1464,-1188,12188,-12,204,-1371,-0.00294,-0.0743,1.00675,0.50229,2.96031,-8.32137
368071,3680723,2258,404,11864,45,-631,-195,0.04579,0.02335,0.9875,0.9374,-3.41374,0.65573
368072,3680733,1194,-530,12088,82,-581,-420,-0.01951,-0.03394,1.00081,1.21985,-3.03206,-1.06183
368073,3680743,620,-638,12056,47,-567,394,-0.05473,-0.04056,0.99891,0.95267,-2.92519,5.15191
368074,3680753,-78,-1010,11960,-27,-206,658,-0.09757,-0.06338,0.9932,0.38779,-0.16947,7.16718
368075,3680763,330,-798,12066,-60,-11,699,-0.07253,-0.05038,0.9995,0.13588,1.31908,7.48015
368076,3680773,810,-608,11994,-115,-120,418,-0.04307,-0.03872,0.99522,-0.28397,0.48702,5.33511
368077,3680783,1302,-398,12004,-120,-159,15,-0.01288,-0.02584,0.99582,-0.32214,0.18931,2.25878
368078,3680793,1050,-262,11982,-130,-89,-365,-0.02834,-0.0175,0.99451,-0.39847,0.72366,-0.64198
368079,3680803,1138,-322,12098,-143,28,-1159,-0.02294,-0.02118,1.0014,-0.49771,1.61679,-6.70305
368080,3680813,656,-372,12084,-169,-1,-1872,-0.05252,-0.02425,1.00057,-0.69618,1.39542,-12.1458
368081,3680823,152,-392,12124,-145,123,-3484,-0.08345,-0.02547,1.00295,-0.51298,2.34198,-24.45115
368082,3680833,886,-194,12080,-147,149,-6076,-0.03841,-0.01333,1.00033,-0.52824,2.54046,-44.2374
368083,3680843,1290,-408,12038,-81,-56,-6431,-0.01362,-0.02646,0.99784,-0.02443,0.97557,-46.94733
368084,3680853,2586,-150,12022,-2,-280,-4798,0.06591,-0.01063,0.99689,0.57863,-0.73435,-34.48168
368085,3680863,2690,24,12070,-73,-140,-2609,0.0723,4e-05,0.99974,0.03664,0.33435,-17.77176
368086,3680873,2348,196,12058,-50,-147,-816,0.05131,0.01059,0.99903,0.21221,0.28092,-4.08473
368087,3680883,1852,-270,12084,-3,-280,-139,0.02087,-0.01799,1.00057,0.57099,-0.73435,1.08321
368088,3680893,2652,-838,11970,78,-566,579,0.06996,-0.05283,0.9938,1.18931,-2.91756,6.56412
368089,3680903,3870,-1142,12006,78,-655,4486,0.14471,-0.07148,0.99594,1.18931,-3.59695,36.38855
368090,3680913,8082,-2270,12030,-133,-241,8732,0.40318,-0.14067,0.99736,-0.42137,-0.43664,68.80077
368091,3680923,4336,-362,11962,-206,113,8825,0.1733,-0.02363,0.99332,-0.97863,2.26565,69.51069
368092,3680933,-914,1502,12094,-199,-601,6019,-0.14887,0.0907,1.00116,-0.92519,-3.18473,48.09084
368093,3680943,-668,1276,12188,-304,-238,4184,-0.13377,0.07684,1.00675,-1.72672,-0.41374,34.08321
368094,3680953,-2492,1226,12152,-146,105,2744,-0.2457,0.07377,1.00461,-0.52061,2.20458,23.09084
368095,3680963,-1710,708,12030,-73,-232,2217,-0.19771,0.042,0.99736,0.03664,-0.36794,19.06794
368096,3680973,-560,-46,12034,-70,-206,1127,-0.12714,-0.00425,0.9976,0.05954,-0.16947,10.74733
368097,3680983,456,-296,11978,-119,3,346,-0.0648,-0.01959,0.99427,-0.3145,1.42595,4.7855
368098,3680993,340,-56,12076,-140,117,-417,-0.07191,-0.00486,1.0001,-0.47481,2.29618,-1.03893
368099,3681003,-328,1020,12236,-154,612,-3279,-0.11291,0.06114,1.0096,-0.58168,6.07481,-22.88626
368100,3681013,-296,-434,12052,-47,222,-7537,-0.11094,-0.02805,0.99867,0.23511,3.09771,-55.39008
368101,3681023,-2394,72,12064,0,-163,-7819,-0.23969,0.00299,0.99938,0.59389,0.15878,-57.54275
368102,3681033,168,-922,12008,185,-668,-7376,-0.08247,-0.05799,0.99605,2.00611,-3.69618,-54.16107
368103,3681043,2502,-1518,11924,99,-418,-6157,0.06076,-0.09454,0.99106,1.34962,-1.78779,-44.85572
368104,3681053,4418,-1278,12024,-99,-405,-5092,0.17834,-0.07982,0.99701,-0.16183,-1.68855,-36.72596
368105,3681063,4522,-1132,12084,-273,19,-4151,0.18472,-0.07087,1.00057,-1.49008,1.54809,-29.54275
368106,3681073,3824,-638,12118,-118,-23,-3592,0.14188,-0.04056,1.00259,-0.30687,1.22748,-25.27557
368107,3681083,2820,154,12070,77,-469,-2956,0.08027,0.00802,0.99974,1.18168,-2.1771,-20.42061
368108,3681093,1748,24,12098,98,-412,-1454,0.01449,4e-05,1.0014,1.34198,-1.74198,-8.95496
368109,3681103,1668,-108,12096,58,-369,-682,0.00958,-0.00805,1.00128,1.03664,-1.41374,-3.06183
368110,3681113,1860,-220,12102,27,-367,-193,0.02136,-0.01492,1.00164,0.8,-1.39847,0.67099
368111,3681123,2200,-534,12038,-39,-339,1985,0.04223,-0.03419,0.99784,0.29618,-1.18473,17.29695
368112,3681133,3634,-532,11998,-87,-166,5501,0.13022,-0.03406,0.99546,-0.07023,0.13588,44.13664
368113,3681143,1216,292,11978,-126,-106,6702,-0.01816,0.01648,0.99427,-0.36794,0.59389,53.30458
368114,3681153,1168,480,12028,-138,-180,5151,-0.0211,0.02801,0.99724,-0.45954,0.02901,41.46489
368115,3681163,994,486,12054,-77,-66,4353,-0.03178,0.02838,0.99879,0.00611,0.89924,35.37328
368116,3681173,1194,588,12026,-109,-298,4008,-0.01951,0.03464,0.99712,-0.23817,-0.87176,32.73969
368117,3681183,704,184,12006,-12,-548,4005,-0.04958,0.00986,0.99594,0.50229,-2.78015,32.71679
368118,3681193,988,158,11958,-91,-120,3720,-0.03215,0.00826,0.99308,-0.10076,0.48702,30.54122
368119,3681203,1030,-20,11966,-95,-113,3234,-0.02957,-0.00266,0.99356,-0.1313,0.54046,26.8313
368120,3681213,1000,-316,12056,-155,277,2238,-0.03141,-0.02081,0.99891,-0.58931,3.51756,19.22824
368121,3681223,954,-852,12046,-104,173,1017,-0.03424,-0.05369,0.99831,-0.2,2.72366,9.90763
368122,3681233,1154,-618,12016,-46,-234,468,-0.02196,-0.03934,0.99653,0.24275,-0.38321,5.71679
368123,3681243,1308,-314,11996,-57,-270,144,-0.01251,-0.02069,0.99534,0.15878,-0.65802,3.24351
368124,3681253,1404,-202,12108,-75,-208,-151,-0.00662,-0.01382,1.002,0.02137,-0.18473,0.9916
368125,3681263,1364,-234,12068,-87,-136,-349,-0.00908,-0.01578,0.99962,-0.07023,0.36489,-0.51985
368126,3681273,1404,-356,12012,-95,-119,-412,-0.00662,-0.02327,0.99629,-0.1313,0.49466,-1.00076
368127,3681283,1470,-358,12004,-85,-143,-412,-0.00257,-0.02339,0.99582,-0.05496,0.31145,-1.00076
368128,3681293,1466,-274,11964,-63,-198,-373,-0.00282,-0.01824,0.99344,0.11298,-0.1084,-0.70305
368129,3681303,1442,-174,11970,-61,-223,-352,-0.00429,-0.0121,0.9938,0.12824,-0.29924,-0.54275
368130,3681313,1418,-114,12062,-72,-219,-370,-0.00576,-0.00842,0.99926,0.04427,-0.2687,-0.68015
368131,3681323,1446,-138,12058,-77,-201,-397,-0.00404,-0.00989,0.99903,0.00611,-0.1313,-0.88626
368132,3681333,1402,-176,12060,-83,-183,-448,-0.00674,-0.01223,0.99914,-0.03969,0.00611,-1.27557
368133,3681343,1418,-164,12054,-96,-158,-551,-0.00576,-0.01149,0.99879,-0.13893,0.19695,-2.06183
368134,3681353,1286,240,12072,-95,-156,-799,-0.01386,0.01329,0.99986,-0.1313,0.21221,-3.95496
368135,3681363,1274,1220,12024,-79,-141,-1824,-0.0146,0.07341,0.99701,-0.00916,0.32672,-11.77939
368136,3681373,1308,-116,12080,-96,-252,-3384,-0.01251,-0.00854,1.00033,-0.13893,-0.52061,-23.68779
368137,3681383,1604,-272,12036,-165,-492,-4429,0.00565,-0.01811,0.99772,-0.66565,-2.35267,-31.66489
368138,3681393,1524,782,12064,-311,-338,-3927,0.00074,0.04654,0.99938,-1.78015,-1.1771,-27.83282
368139,3681403,1552,1238,11992,-193,-242,-3177,0.00246,0.07451,0.9951,-0.87939,-0.44427,-22.10763
368140,3681413,1562,738,12070,-137,-260,-1839,0.00307,0.04384,0.99974,-0.45191,-0.58168,-11.89389
368141,3681423,1308,658,11906,-129,53,-2586,-0.01251,0.03893,0.98999,-0.39084,1.80763,-17.59618
368142,3681433,1424,-1258,12130,-22,63,-3076,-0.00539,-0.0786,1.0033,0.42595,1.88397,-21.33664
368143,3681443,1560,-54,11988,-153,-16,-3301,0.00295,-0.00474,0.99487,-0.57405,1.28092,-23.0542
368144,3681453,1204,134,12048,11,9,-3304,-0.01889,0.00679,0.99843,0.67786,1.47176,-23.0771
368145,3681463,1478,-1554,12054,69,-167,-2337,-0.00208,-0.09675,0.99879,1.12061,0.12824,-15.69542
368146,3681473,694,-384,12068,176,298,-1534,-0.05019,-0.02498,0.99962,1.9374,3.67786,-9.56565
368147,3681483,882,356,11984,1,-800,-1877,-0.03865,0.02041,0.99463,0.60153,-4.70382,-12.18397
368148,3681493,286,-358,11920,-88,-990,-1976,-0.07523,-0.02339,0.99083,-0.07786,-6.1542,-12.93969
368149,3681503,446,-722,12148,-413,247,-3018,-0.06541,-0.04572,1.00437,-2.55878,3.28855,-20.89389
368150,3681513,-768,-530,12070,-432,180,-3893,-0.13991,-0.03394,0.99974,-2.70382,2.7771,-27.57328
368151,3681523,-1584,-372,11926,69,-528,-4434,-0.18998,-0.02425,0.99118,1.12061,-2.62748,-31.70305
368152,3681533,-238,-534,12118,186,-771,-4364,-0.10738,-0.03419,1.00259,2.01374,-4.48244,-31.1687
368153,3681543,1524,-1434,11992,209,-781,-4241,0.00074,-0.08939,0.9951,2.18931,-4.55878,-30.22977
368154,3681553,1212,-1348,12110,37,-349,-3702,-0.0184,-0.08412,1.00212,0.87634,-1.26107,-26.11527
368155,3681563,1640,-846,12116,-81,-107,-2608,0.00786,-0.05332,1.00247,-0.02443,0.58626,-17.76412
368156,3681573,896,-452,12156,-133,-29,-2164,-0.0378,-0.02916,1.00485,-0.42137,1.18168,-14.37481
368157,3681583,2148,-238,12056,-223,118,-2178,0.03903,-0.01603,0.99891,-1.1084,2.30382,-14.48168
368158,3681593,1340,-750,12012,-174,265,-3121,-0.01055,-0.04743,0.99629,-0.73435,3.42595,-21.68015
368159,3681603,2880,-1206,12184,-78,127,-2934,0.08395,-0.07541,1.00651,-0.00153,2.37252,-20.25267
368160,3681613,2412,-636,12126,-90,20,-1986,0.05524,-0.04044,1.00307,-0.09313,1.55573,-13.01603
368161,3681623,1252,-566,12076,-44,64,-1914,-0.01595,-0.03615,1.0001,0.25802,1.8916,-12.46641
368162,3681633,1950,-838,12000,-77,-63,-914,0.02688,-0.05283,0.99558,0.00611,0.92214,-4.83282
368163,3681643,1962,-1346,12302,59,305,26,0.02762,-0.08399,1.01352,1.04427,3.7313,2.34275
368164,3681653,1470,-1828,11810,51,12,1368,-0.00257,-0.11356,0.98429,0.98321,1.49466,12.58702
368165,3681663,1466,-190,12150,-166,-550,972,-0.00282,-0.01308,1.00449,-0.67328,-2.79542,9.56412
368166,3681673,1166,-680,11938,-329,-751,388,-0.02123,-0.04314,0.9919,-1.91756,-4.32977,5.10611
368167,3681683,1498,-368,12258,-415,-187,42,-0.00085,-0.024,1.01091,-2.57405,-0.02443,2.46489
368168,3681693,1122,-1258,11942,-97,3,-83,-0.02393,-0.0786,0.99213,-0.14656,1.42595,1.51069
368169,3681703,1550,-238,12016,-1,-507,129,0.00234,-0.01603,0.99653,0.58626,-2.46718,3.12901
368170,3681713,1356,-1246,11746,204,-356,-1138,-0.00957,-0.07786,0.98049,2.15114,-1.3145,-6.54275
368171,3681723,1940,22,12222,-36,-272,-332,0.02627,-8e-05,1.00877,0.31908,-0.67328,-0.39008
368172,3681733,2814,176,12092,67,-180,-781,0.0799,0.00937,1.00105,1.10534,0.02901,-3.81756
368173,3681743,2554,720,12252,-53,121,-827,0.06395,0.04274,1.01055,0.18931,2.32672,-4.1687
368174,3681753,2182,1184,11656,574,5,-123,0.04112,0.0712,0.97514,4.97557,1.44122,1.20534
368175,3681763,1812,-1724,11884,-268,-245,599,0.01842,-0.10718,0.98869,-1.45191,-0.46718,6.71679
368176,3681773,2370,-234,11676,-94,-458,308,0.05266,-0.01578,0.97633,-0.12366,-2.09313,4.49542
368177,3681783,2796,-974,11990,-465,-56,1272,0.0788,-0.06118,0.99498,-2.95573,0.97557,11.8542
368178,3681793,3174,-90,12822,-379,-338,1282,0.102,-0.00695,1.04442,-2.29924,-1.1771,11.93053
368179,3681803,3500,-1858,11606,177,-190,1020,0.122,-0.1154,0.97217,1.94504,-0.04733,9.93053
368180,3681813,2968,-2176,12076,415,-107,178,0.08935,-0.13491,1.0001,3.76183,0.58626,3.50305
368181,3681823,3458,-1462,11582,718,-841,434,0.11942,-0.09111,0.97074,6.07481,-5.01679,5.45725
368182,3681833,3446,-456,12032,-389,508,1448,0.11869,-0.0294,0.99748,-2.37557,5.28092,13.19771
368183,3681843,3126,2480,12374,-606,106,2398,0.09905,0.1507,1.0178,-4.03206,2.21221,20.44962
368184,3681853,4350,394,11772,13,113,2252,0.17416,0.02274,0.98203,0.69313,2.26565,19.33511
368185,3681863,970,2076,12368,-686,-342,2991,-0.03325,0.12591,1.01745,-4.64275,-1.20763,24.97634
368186,3681873,2154,952,12182,-367,-342,2801,0.0394,0.05697,1.00639,-2.20763,-1.20763,23.52595
368187,3681883,2346,14,11740,359,-654,1760,0.05119,-0.00057,0.98013,3.33435,-3.58931,15.57939
368188,3681893,256,1536,12408,-24,89,568,-0.07707,0.09279,1.01982,0.41069,2.08244,6.48015
368189,3681903,1152,842,11858,351,-17,466,-0.02209,0.05022,0.98714,3.27328,1.27328,5.70153
368190,3681913,2458,-1542,12158,77,-492,-44,0.05806,-0.09602,1.00497,1.18168,-2.35267,1.8084
368191,3681923,128,658,11810,412,-20,-21,-0.08492,0.03893,0.98429,3.73893,1.25038,1.98397
368192,3681933,1266,-352,12074,-144,-284,130,-0.01509,-0.02302,0.99998,-0.50534,-0.76489,3.13664
368193,3681943,16,700,12164,87,-302,-573,-0.0918,0.04151,1.00532,1.25802,-0.90229,-2.22977
368194,3681953,-1314,1374,12032,-124,-615,503,-0.17341,0.08285,0.99748,-0.35267,-3.2916,5.98397
368195,3681963,474,640,11782,-49,-435,423,-0.06369,0.03783,0.98263,0.21985,-1.91756,5.37328
368196,3681973,944,226,11912,-122,-164,-73,-0.03485,0.01243,0.99035,-0.3374,0.15115,1.58702
368197,3681983,-1282,1438,12510,-190,256,255,-0.17145,0.08678,1.02588,-0.85649,3.35725,4.09084
368198,3681993,-514,290,12078,96,90,537,-0.12432,0.01636,1.00021,1.32672,2.09008,6.24351
368199,3682003,-830,1240,12066,-58,329,428,-0.14371,0.07463,0.9995,0.15115,3.9145,5.41145
368200,3682013,1356,-506,12048,-76,42,379,-0.00957,-0.03247,0.99843,0.01374,1.72366,5.0374
368201,3682023,1828,-686,11942,114,-438,160,0.0194,-0.04351,0.99213,1.46412,-1.94046,3.36565
368202,3682033,458,62,12054,132,-282,-637,-0.06467,0.00237,0.99879,1.60153,-0.74962,-2.71832
368203,3682043,2264,-1986,12144,177,-9,-1367,0.04615,-0.12325,1.00414,1.94504,1.33435,-8.29084
368204,3682053,802,144,12000,86,-198,-1057,-0.04356,0.0074,0.99558,1.25038,-0.1084,-5.92443
368205,3682063,462,1138,12382,-172,-531,-630,-0.06443,0.06838,1.01828,-0.71908,-2.65038,-2.66489
368206,3682073,1224,-926,12228,-204,-56,-726,-0.01767,-0.05823,1.00913,-0.96336,0.97557,-3.39771
368207,3682083,2780,-3182,12216,-192,-59,564,0.07782,-0.19662,1.00841,-0.87176,0.95267,6.44962
368208,3682093,1106,-1094,11832,693,-508,743,-0.02491,-0.06854,0.9856,5.88397,-2.47481,7.81603
368209,3682103,1618,-1280,12106,-609,1627,1578,0.00651,-0.07995,1.00188,-4.05496,13.8229,14.19008
368210,3682113,926,-1820,11904,-149,339,1414,-0.03595,-0.11307,0.98987,-0.54351,3.99084,12.93817
368211,3682123,332,108,11972,387,-850,1395,-0.07241,0.0052,0.99392,3.54809,-5.0855,12.79313
368212,3682133,132,-1100,12122,-586,-728,1599,-0.08468,-0.0689,1.00283,-3.87939,-4.1542,14.35038
368213,3682143,458,-314,12182,-836,574,2060,-0.06467,-0.02069,1.00639,-5.78779,5.78473,17.86946
368214,3682153,-110,-298,12130,-571,364,3179,-0.09953,-0.01971,1.0033,-3.76489,4.18168,26.41145
368215,3682163,1060,-1272,12038,180,-916,2431,-0.02773,-0.07945,0.99784,1.96794,-5.58931,20.70153
368216,3682173,324,-1434,11876,64,768,2946,-0.0729,-0.08939,0.98821,1.08244,7.26565,24.63282
368217,3682183,484,1146,12172,-329,213,2396,-0.06308,0.06887,1.0058,-1.91756,3.02901,20.43435
368218,3682193,74,-1940,12044,-156,266,774,-0.08824,-0.12043,0.99819,-0.59695,3.43359,8.05267
368219,3682203,104,-1124,11974,-309,-106,435,-0.0864,-0.07038,0.99403,-1.76489,0.59389,5.46489
368220,3682213,536,90,11790,-613,-755,-734,-0.05989,0.00409,0.9831,-4.0855,-4.36031,-3.45878
368221,3682223,1044,6,11968,-378,-888,-1106,-0.02871,-0.00106,0.99368,-2.2916,-5.37557,-6.29847
368222,3682233,516,-460,12078,-239,-174,-2262,-0.06111,-0.02965,1.00021,-1.23053,0.07481,-15.1229
368223,3682243,276,-452,12034,-8,56,-1872,-0.07584,-0.02916,0.9976,0.53282,1.83053,-12.1458
368224,3682253,390,98,12304,-22,661,-1199,-0.06885,0.00458,1.01364,0.42595,6.44885,-7.0084
368225,3682263,880,1482,12120,-117,-1003,-2045,-0.03878,0.08948,1.00271,-0.29924,-6.25344,-13.46641
368226,3682273,1190,118,12228,121,-292,-2584,-0.01975,0.00581,1.00913,1.51756,-0.82595,-17.58092
368227,3682283,1704,1088,12142,-272,363,-2266,0.01179,0.06531,1.00402,-1.48244,4.17405,-15.15343
368228,3682293,1578,-424,12076,-329,-48,-2114,0.00406,-0.02744,1.0001,-1.91756,1.03664,-13.99313
368229,3682303,2214,728,12214,-383,-624,-3136,0.04308,0.04323,1.00829,-2.32977,-3.36031,-21.79466
368230,3682313,3224,1792,12038,51,-1061,-4852,0.10506,0.10849,0.99784,0.98321,-6.69618,-34.89389
368231,3682323,2016,584,11932,28,-113,-5477,0.03093,0.03439,0.99154,0.80763,0.54046,-39.66489
368232,3682333,2568,-46,11934,-265,863,-3473,0.06481,-0.00425,0.99166,-1.42901,7.99084,-24.36718
368233,3682343,2722,710,12096,-457,-51,-1977,0.07426,0.04212,1.00128,-2.89466,1.01374,-12.94733
368234,3682353,2488,1158,12110,-208,-425,-1196,0.0599,0.0696,1.00212,-0.99389,-1.84122,-6.9855
368235,3682363,2444,244,12032,-121,-129,289,0.0572,0.01354,0.99748,-0.32977,0.41832,4.35038
368236,3682373,2546,336,12124,-82,-439,1363,0.06346,0.01918,1.00295,-0.03206,-1.94809,12.54885
368237,3682383,3292,-472,11966,-12,-320,2051,0.10924,-0.03038,0.99356,0.50229,-1.03969,17.80076
368238,3682393,5388,-838,12160,33,-268,4066,0.23786,-0.05283,1.00509,0.8458,-0.64275,33.18244
368239,3682403,6524,-1364,11852,88,-388,3181,0.30757,-0.0851,0.98679,1.26565,-1.55878,26.42672
368240,3682413,4924,-536,12022,-61,311,2134,0.20939,-0.03431,0.99689,0.12824,3.7771,18.43435
368241,3682423,3708,1280,12342,-214,-294,1830,0.13477,0.07709,1.0159,-1.03969,-0.84122,16.11374
368242,3682433,1682,368,12160,-182,-879,896,0.01044,0.02114,1.00509,-0.79542,-5.30687,8.98397
368243,3682443,-306,452,12116,-148,-766,2230,-0.11156,0.0263,1.00247,-0.53588,-4.44427,19.16718
368244,3682453,-1832,1544,12116,-1,-779,2626,-0.2052,0.09328,1.00247,0.58626,-4.54351,22.19007
368245,3682463,-3322,1622,11972,71,-184,810,-0.29664,0.09807,0.99392,1.13588,-0.00153,8.32748
368246,3682473,-2718,1372,12008,-9,95,551,-0.25957,0.08273,0.99605,0.52519,2.12824,6.35038
368247,3682483,-1624,686,12046,17,283,-313,-0.19244,0.04065,0.99831,0.72366,3.56336,-0.24504
368248,3682493,-1394,1238,12220,-107,518,-1953,-0.17832,0.07451,1.00865,-0.2229,5.35725,-12.76412
368249,3682503,-6276,3026,11912,-35,384,-5686,-0.47791,0.18419,0.99035,0.32672,4.33435,-41.26031
368250,3682513,-9106,3278,12096,-164,146,-8359,-0.65158,0.19965,1.00128,-0.65802,2.51756,-61.66489
368251,3682523,-5262,1602,11918,-124,54,-9410,-0.41569,0.09684,0.99071,-0.35267,1.81527,-69.68778
368252,3682533,-2170,-68,11876,-137,-558,-10272,-0.22594,-0.0056,0.98821,-0.45191,-2.85649,-76.26794
368253,3682543,-1288,-1304,12228,188,-1342,-10049,-0.17182,-0.08142,1.00913,2.02901,-8.84122,-74.56564
368254,3682553,2472,-490,12100,-192,-63,-7802,0.05892,-0.03149,1.00152,-0.87176,0.92214,-57.41298
368255,3682563,7364,-820,12036,72,-444,-7904,0.35912,-0.05173,0.99772,1.14351,-1.98626,-58.1916
368256,3682573,14588,-4556,12370,139,-916,-9455,0.80243,-0.2809,1.01756,1.65496,-5.58931,-70.0313
368257,3682583,14258,-4568,11994,65,-724,-6931,0.78218,-0.28163,0.99522,1.09008,-4.12366,-50.76412
368258,3682593,6006,-636,12054,-48,-517,-1844,0.27578,-0.04044,0.99879,0.22748,-2.54351,-11.93206
368259,3682603,5574,760,11992,-88,-396,4342,0.24927,0.04519,0.9951,-0.07786,-1.61985,35.28931
368260,3682613,20780,-3964,12070,-158,-117,10642,1.1824,-0.24458,0.99974,-0.61221,0.50992,83.38092
368261,3682623,15602,-4186,11952,34,-396,4358,0.86465,-0.2582,0.99273,0.85344,-1.61985,35.41145
368262,3682633,9100,-2922,11986,167,176,3478,0.46565,-0.18067,0.99475,1.8687,2.74656,28.69389
368263,3682643,4436,-18,11950,29,767,8347,0.17944,-0.00253,0.99261,0.81527,7.25802,65.86183
368264,3682653,-2642,2618,12104,-33,-69,8204,-0.25491,0.15916,1.00176,0.34198,0.87634,64.77023
368265,3682663,-18258,4476,12246,-140,415,5547,-1.2132,0.27313,1.0102,-0.47481,4.57099,44.48779
368266,3682673,-8844,342,12004,-145,154,2501,-0.6355,0.01955,0.99582,-0.51298,2.57863,21.23588
368267,3682683,-6338,5964,11988,-277,253,-1528,-0.48172,0.36441,0.99487,-1.52061,3.33435,-9.51985
368268,3682693,-23104,5636,12180,-98,-725,-14981,-1.51058,0.34429,1.00627,-0.1542,-4.1313,-112.2145
368269,3682703,-22860,8512,11464,168,-331,-21002,-1.4956,0.5207,0.96373,1.87634,-1.12366,-158.17633
368270,3682713,-9766,3214,12200,-397,-86,-19688,-0.69208,0.19572,1.00746,-2.43664,0.74656,-148.1458
368271,3682723,-6736,2698,11914,27,-999,-17037,-0.50614,0.16407,0.99047,0.8,-6.2229,-127.90916
368272,3682733,684,2286,12224,440,-1258,-13012,-0.0508,0.1388,1.00889,3.95267,-8.2,-97.18397
368273,3682743,9584,1992,12448,65,-734,-11714,0.49535,0.12076,1.0222,1.09008,-4.2,-87.27557
368274,3682753,20554,-4080,11934,-338,637,-10950,1.16854,-0.2517,0.99166,-1.98626,6.26565,-81.44351
368275,3682763,24260,-5008,11872,-146,135,-7204,1.39596,-0.30862,0.98797,-0.52061,2.43359,-52.84809
368276,3682773,26514,-7098,11998,-434,-224,-1437,1.53428,-0.43683,0.99546,-2.71908,-0.30687,-8.82519
368277,3682783,15192,-2708,12086,-320,-600,8665,0.83949,-0.16754,1.00069,-1.84885,-3.1771,68.28931
368278,3682793,14624,-198,12350,496,-265,24251,0.80464,-0.01357,1.01638,4.38015,-0.61985,187.26642
368279,3682803,28414,-4372,11908,181,-538,20252,1.65087,-0.26961,0.99011,1.97557,-2.70382,156.7397
368280,3682813,15248,-4304,12066,103,-592,12462,0.84293,-0.26544,0.9995,1.38015,-3.11603,97.27405
368281,3682823,9652,-356,12268,-217,428,18468,0.49952,-0.02327,1.0115,-1.0626,4.67023,143.12138
368282,3682833,1858,1118,12644,493,-239,16076,0.02124,0.06715,1.03385,4.35725,-0.42137,124.86183
368283,3682843,-11770,2006,12314,1076,38,9204,-0.81506,0.12162,1.01424,8.80763,1.69313,72.40382
368284,3682853,-21182,6654,11922,335,-1049,7583,-1.39263,0.40673,0.99094,3.15114,-6.60458,60.02977
368285,3682863,-20338,8460,12068,-198,-47,4559,-1.34084,0.51751,0.99962,-0.91756,1.04427,36.9458
368286,3682873,-11452,4644,12068,-326,291,-906,-0.79554,0.28344,0.99962,-1.89466,3.62443,-4.77176
368287,3682883,-13972,5324,11794,-608,24,-7914,-0.95018,0.32515,0.98334,-4.04733,1.58626,-58.26794
368288,3682893,-24860,4328,12500,-285,-109,-12955,-1.61833,0.26405,1.02529,-1.58168,0.57099,-96.74886
368289,3682903,-18696,6360,11216,197,-426,-10169,-1.24008,0.3887,0.94899,2.09771,-1.84885,-75.48167
368290,3682913,-7820,2306,12278,-863,-378,-11136,-0.57266,0.14002,1.0121,-5.99389,-1.48244,-82.86336
368291,3682923,-4964,2552,12398,-979,-356,-13563,-0.3974,0.15511,1.01923,-6.87939,-1.3145,-101.39008
368292,3682933,1998,1758,12492,470,-84,-12390,0.02983,0.10641,1.02481,4.18168,0.76183,-92.43587
368293,3682943,13120,1028,10814,-316,-49,-12279,0.71234,0.06163,0.92511,-1.81832,1.02901,-91.58855
368294,3682953,25052,-6790,12394,-125,-648,-12681,1.44456,-0.41793,1.01899,-0.36031,-3.54351,-94.65725
368295,3682963,28442,-9432,11670,-24,-220,-8289,1.65259,-0.57999,0.97597,0.41069,-0.27634,-61.13054
368296,3682973,15726,-4882,12074,176,-231,-746,0.87226,-0.30089,0.99998,1.9374,-0.36031,-3.55038
368297,3682983,10384,-360,11826,454,-319,10999,0.54444,-0.02351,0.98524,4.05954,-1.03206,86.10611
368298,3682993,26494,-5188,12262,-296,-209,15768,1.53305,-0.31966,1.01115,-1.66565,-0.19237,122.51069
368299,3683003,22088,-5352,12008,37,-520,11428,1.26267,-0.32972,0.99605,0.87634,-2.56641,89.38092
368300,3683013,15380,-3108,11502,336,-407,14012,0.85103,-0.19208,0.96599,3.15878,-1.70382,109.10611
368301,3683023,9456,-1382,11170,-85,14,17552,0.4875,-0.0862,0.94626,-0.05496,1.50992,136.12901
368302,3683033,734,2156,12622,-706,115,17642,-0.04774,0.13082,1.03254,-4.79542,2.28092,136.81604
368303,3683043,-3032,3790,11860,-319,-446,13613,-0.27884,0.23105,0.98726,-1.84122,-2.00153,106.06031
368304,3683053,-6920,3652,12192,-134,-18,7838,-0.51743,0.22259,1.00699,-0.42901,1.26565,61.97633
368305,3683063,-7286,2102,11492,72,95,6122,-0.53989,0.12751,0.96539,1.14351,2.12824,48.8771
368306,3683073,-10746,3714,11830,261,332,5444,-0.75222,0.22639,0.98548,2.58626,3.9374,43.70153
368307,3683083,-12094,3452,12188,154,-328,3668,-0.83494,0.21032,1.00675,1.76947,-1.10076,30.14427
368308,3683093,-9836,2498,12128,163,-275,2114,-0.69637,0.1518,1.00318,1.83817,-0.69618,18.28168
368309,3683103,-8892,572,12124,42,-470,202,-0.63844,0.03366,1.00295,0.9145,-2.18473,3.68626
368310,3683113,-4700,-100,11720,112,-78,-735,-0.3812,-0.00756,0.97894,1.44886,0.80763,-3.46641
368311,3683123,-4278,1086,12102,-290,743,-3851,-0.3553,0.06519,1.00164,-1.61985,7.07481,-27.25267
368312,3683133,-10992,1320,12170,-210,402,-7145,-0.76731,0.07954,1.00568,-1.00916,4.47176,-52.39771
368313,3683143,-10368,992,12160,-30,-116,-8220,-0.72902,0.05942,1.00509,0.36489,0.51756,-60.60382
368314,3683153,-4580,-420,12588,-484,-742,-7524,-0.37383,-0.02719,1.03052,-3.10076,-4.26107,-55.29084
368315,3683163,1686,-2750,12516,-584,-505,-6916,0.01068,-0.17012,1.02624,-3.86412,-2.45191,-50.64962
368316,3683173,3686,-1356,12248,-124,81,-7250,0.13342,-0.08461,1.01032,-0.35267,2.02137,-53.19924
368317,3683183,6344,-1394,11824,-177,-268,-8216,0.29653,-0.08694,0.98512,-0.75725,-0.64275,-60.57328
368318,3683193,8624,-2124,12106,-521,198,-7328,0.43644,-0.13172,1.00188,-3.38321,2.9145,-53.79466
368319,3683203,10716,-2832,12022,-87,-97,-5126,0.56482,-0.17515,0.99689,-0.07023,0.6626,-36.9855
368320,3683213,10584,-3086,11934,-168,-374,-2821,0.55672,-0.19073,0.99166,-0.68855,-1.45191,-19.39008
368321,3683223,3762,-594,11982,-110,-226,-19,0.13808,-0.03787,0.99451,-0.2458,-0.32214,1.99924
368322,3683233,2840,680,12032,-60,-200,2938,0.0815,0.04028,0.99748,0.13588,-0.12366,24.57175
368323,3683243,3230,-218,12068,-102,-201,6868,0.10543,-0.0148,0.99962,-0.18473,-0.1313,54.57175
368324,3683253,8944,-3632,11966,36,-285,9263,0.45608,-0.22422,0.99356,0.8687,-0.77252,72.8542
368325,3683263,10454,-1904,11878,-54,-31,12257,0.54874,-0.11822,0.98833,0.18168,1.16641,95.70916
368326,3683273,6982,-1618,11906,71,-138,9473,0.33568,-0.10068,0.98999,1.13588,0.34962,74.45725
368327,3683283,4162,-842,11950,258,-361,6667,0.16263,-0.05308,0.99261,2.56336,-1.35267,53.0374
368328,3683293,822,1206,12084,-10,-447,4335,-0.04234,0.07255,1.00057,0.51756,-2.00916,35.23588
368329,3683303,-2358,-450,11740,356,-1433,2310,-0.23748,-0.02903,0.98013,3.31145,-9.53588,19.77786
368330,3683313,-2706,498,11448,-62,-165,2498,-0.25884,0.02912,0.96278,0.12061,0.14351,21.21298
368331,3683323,-2906,1248,11840,-355,529,2331,-0.27111,0.07512,0.98607,-2.11603,5.44122,19.93817
368332,3683333,-4288,498,11936,-243,175,1356,-0.35592,0.02912,0.99178,-1.26107,2.73893,12.49542
368333,3683343,-3684,902,12028,-165,209,648,-0.31885,0.0539,0.99724,-0.66565,2.99847,7.09084
368334,3683353,-26,316,12072,-56,-25,-133,-0.09437,0.01795,0.99986,0.16641,1.21221,1.12901
368335,3683363,744,-914,12088,-103,-49,-649,-0.04712,-0.05749,1.00081,-0.19237,1.02901,-2.80992
368336,3683373,568,-1200,12046,-130,73,-3321,-0.05792,-0.07504,0.99831,-0.39847,1.96031,-23.20687
368337,3683383,772,-728,12086,-32,122,-6450,-0.0454,-0.04609,1.00069,0.34962,2.33435,-47.09237
368338,3683393,464,-1214,12070,-106,392,-8105,-0.06431,-0.0759,0.99974,-0.21527,4.39542,-59.72596
368339,3683403,-942,-2088,12166,-48,197,-9436,-0.15059,-0.12951,1.00544,0.22748,2.90687,-69.88625
368340,3683413,1184,42,12044,62,-548,-5363,-0.02012,0.00115,0.99819,1.06718,-2.78015,-38.79466
368341,3683423,1028,-1218,11932,94,-600,-2301,-0.02969,-0.07614,0.99154,1.31145,-3.1771,-15.42061
368342,3683433,1536,-18,12188,-100,-788,-827,0.00148,-0.00253,1.00675,-0.16947,-4.61221,-4.1687
368343,3683443,1440,-764,11954,196,42,337,-0.00441,-0.04829,0.99285,2.09008,1.72366,4.71679
368344,3683453,730,-2464,11402,216,-518,164,-0.04798,-0.15257,0.96005,2.24275,-2.55115,3.39618
368345,3683463,3348,-678,12060,-162,609,1348,0.11267,-0.04302,0.99914,-0.64275,6.05191,12.43435
368346,3683473,2528,-1036,11916,178,306,2160,0.06235,-0.06498,0.99059,1.95267,3.73893,18.63282
368347,3683483,3412,226,11894,-25,-272,3272,0.1166,0.01243,0.98928,0.40305,-0.67328,27.12137
368348,3683493,4084,1048,11972,-407,-368,3366,0.15784,0.06286,0.99392,-2.51298,-1.40611,27.83893
368349,3683503,3994,-1436,11382,116,-2,3546,0.15232,-0.08951,0.95886,1.47939,1.38779,29.21298
368350,3683513,5554,2374,12558,170,-451,5155,0.24805,0.14419,1.02874,1.8916,-2.03969,41.49542
368351,3683523,4158,846,12332,141,-328,4168,0.16238,0.05046,1.01531,1.67023,-1.10076,33.96107
368352,3683533,3050,-720,11842,424,-298,3529,0.09439,-0.04559,0.98619,3.83053,-0.87176,29.08321
368353,3683543,2000,-1482,12202,-136,-247,2246,0.02995,-0.09234,1.00758,-0.44427,-0.48244,19.28931
368354,3683553,298,1152,11978,-527,-768,1418,-0.07449,0.06924,0.99427,-3.42901,-4.45954,12.9687
368355,3683563,-732,1604,12150,-430,-223,1057,-0.1377,0.09696,1.00449,-2.68855,-0.29924,10.21298
368356,3683573,-1436,808,12016,-377,2,723,-0.1809,0.04813,0.99653,-2.28397,1.41832,7.66336
368357,3683583,-1492,2150,12222,-194,346,-9,-0.18434,0.13045,1.00877,-0.88702,4.04427,2.07557
368358,3683593,-534,1802,12046,-43,146,-2264,-0.12555,0.10911,0.99831,0.26565,2.51756,-15.13817
368359,3683603,-566,266,12038,-42,-78,-4864,-0.12751,0.01489,0.99784,0.27328,0.80763,-34.9855
368360,3683613,-3216,1182,12198,-91,-174,-5648,-0.29013,0.07108,1.00734,-0.10076,0.07481,-40.97023
368361,3683623,-1974,584,12122,-11,-604,-3242,-0.21392,0.03439,1.00283,0.50992,-3.20763,-22.60382
368362,3683633,296,-112,11906,2,-506,-3110,-0.07461,-0.0083,0.98999,0.60916,-2.45954,-21.59618
368363,3683643,3060,-1016,12016,-93,-396,-5036,0.095,-0.06375,0.99653,-0.11603,-1.61985,-36.29847
368364,3683653,4128,-1230,12078,-43,-299,-6918,0.16054,-0.07688,1.00021,0.26565,-0.87939,-50.66489
368365,3683663,3574,-1134,11996,-50,-289,-7799,0.12654,-0.07099,0.99534,0.21221,-0.80305,-57.39008
368366,3683673,2668,-940,12044,-96,-280,-7983,0.07095,-0.05909,0.99819,-0.13893,-0.73435,-58.79466
368367,3683683,1898,-1606,12136,-163,-45,-6381,0.02369,-0.09994,1.00366,-0.65038,1.05954,-46.56565
368368,3683693,3358,-1052,12130,-128,70,-3031,0.11329,-0.06596,1.0033,-0.38321,1.9374,-20.99313
368369,3683703,2984,-1698,12002,-112,-193,499,0.09034,-0.10559,0.9957,-0.26107,-0.07023,5.95344
368370,3683713,3294,604,12130,40,-232,3555,0.10936,0.03562,1.0033,0.89924,-0.36794,29.28168
368371,3683723,3832,-936,12184,19,-239,5897,0.14237,-0.05884,1.00651,0.73893,-0.42137,47.15954
368372,3683733,5416,-1418,12218,-99,-201,7173,0.23958,-0.08841,1.00853,-0.16183,-0.1313,56.9
368373,3683743,4516,-82,12274,131,-36,7583,0.18435,-0.00646,1.01186,1.59389,1.12824,60.02977
368374,3683753,4346,320,12152,-258,-408,6382,0.17392,0.0182,1.00461,-1.37557,-1.71145,50.86183
368375,3683763,4126,-732,11720,-227,-138,5312,0.16042,-0.04633,0.97894,-1.13893,0.34962,42.69389
368376,3683773,2474,-138,11932,-247,294,4917,0.05904,-0.00989,0.99154,-1.2916,3.64733,39.67863
368377,3683783,1130,1156,12022,-36,-264,5213,-0.02344,0.06948,0.99689,0.31908,-0.61221,41.93817
368378,3683793,-622,2036,11828,157,-615,4612,-0.13095,0.12346,0.98536,1.79237,-3.2916,37.35038
368379,3683803,6,1598,12094,45,-205,3266,-0.09241,0.09659,1.00116,0.9374,-0.16183,27.07557
368380,3683813,-566,1318,12200,14,-5,2118,-0.12751,0.07942,1.00746,0.70076,1.36489,18.31221
368381,3683823,-846,904,12022,29,-181,1483,-0.14469,0.05402,0.99689,0.81527,0.02137,13.46489
368382,3683833,-1210,1126,12162,-48,-258,1249,-0.16703,0.06764,1.00521,0.22748,-0.56641,11.67863
368383,3683843,-2146,120,12202,-77,-1,1231,-0.22447,0.00593,1.00758,0.00611,1.39542,11.54122
368384,3683853,-662,324,12024,-130,-100,2036,-0.1334,0.01845,0.99701,-0.39847,0.63969,17.68626
368385,3683863,232,376,12066,-190,69,1880,-0.07854,0.02163,0.9995,-0.85649,1.92977,16.49542
368386,3683873,-140,274,12002,-83,-247,371,-0.10137,0.01538,0.9957,-0.03969,-0.48244,4.97634
368387,3683883,-1214,972,12214,-159,-227,-2114,-0.16728,0.05819,1.00829,-0.61985,-0.32977,-13.99313
368388,3683893,-1942,1122,12014,-181,-161,-4564,-0.21195,0.06739,0.99641,-0.78779,0.17405,-32.69542
368389,3683903,-996,20,12110,-180,-33,-6208,-0.1539,-0.0002,1.00212,-0.78015,1.15115,-45.24504
368390,3683913,342,-288,12192,-176,343,-4729,-0.07179,-0.0191,1.00699,-0.74962,4.02137,-33.95496
368391,3683923,2210,-494,11948,58,64,-1920,0.04284,-0.03173,0.99249,1.03664,1.8916,-12.51221
368392,3683933,986,682,11994,89,231,-1735,-0.03227,0.04041,0.99522,1.27328,3.16641,-11.1
368393,3683943,2390,-1176,12382,46,-34,-1877,0.05389,-0.07357,1.01828,0.94504,1.14351,-12.18397
368394,3683953,3334,-1558,12052,67,-1061,-1736,0.11181,-0.097,0.99867,1.10534,-6.69618,-11.10763
368395,3683963,4384,-648,11960,137,-441,-908,0.17625,-0.04118,0.9932,1.63969,-1.96336,-4.78702
368396,3683973,4864,-2476,11986,49,-624,-283,0.2057,-0.15331,0.99475,0.96794,-3.36031,-0.01603
368397,3683983,3050,-446,11964,-77,-433,1654,0.09439,-0.02879,0.99344,0.00611,-1.90229,14.77023
368398,3683993,2320,-166,12018,-127,-184,3146,0.04959,-0.01161,0.99665,-0.37557,-0.00153,26.15954
368399,3684003,2204,-118,12122,-81,-218,4727,0.04247,-0.00867,1.00283,-0.02443,-0.26107,38.22824
368400,3684013,2610,278,12100,23,-203,5864,0.06739,0.01562,1.00152,0.76947,-0.14656,46.90763
368401,3684023,6472,4,11874,-50,-231,5901,0.30438,-0.00118,0.98809,0.21221,-0.36031,47.19007
368402,3684033,3908,-664,12066,-332,-117,2127,0.14704,-0.04216,0.9995,-1.94046,0.50992,18.38091
368403,3684043,3024,-742,12110,-378,6,2228,0.09279,-0.04694,1.00212,-2.2916,1.44886,19.15191
368404,3684053,1776,-186,12034,-271,-184,3055,0.01621,-0.01284,0.9976,-1.47481,-0.00153,25.46488
368405,3684063,-34,858,12138,-144,41,2534,-0.09487,0.0512,1.00378,-0.50534,1.71603,21.48779
368406,3684073,-1112,1080,12162,-135,130,2266,-0.16102,0.06482,1.00521,-0.43664,2.39542,19.44198
368407,3684083,-708,378,12158,-120,196,1920,-0.13623,0.02176,1.00497,-0.32214,2.89924,16.80076
368408,3684093,-204,-18,11902,-77,-128,1556,-0.1053,-0.00253,0.98976,0.00611,0.42595,14.02214
368409,3684103,-48,-284,12086,-68,-36,502,-0.09572,-0.01885,1.00069,0.07481,1.12824,5.97634
368410,3684113,294,2300,11956,-39,-329,140,-0.07474,0.13965,0.99296,0.29618,-1.1084,3.21298
368411,3684123,-742,1494,12176,-43,-181,-1862,-0.13831,0.09021,1.00604,0.26565,0.02137,-12.06947
368412,3684133,-1552,1184,11930,-7,-795,-3854,-0.18802,0.0712,0.99142,0.54046,-4.66565,-27.27557
368413,3684143,-2698,1446,11950,-74,-290,-5502,-0.25834,0.08727,0.99261,0.02901,-0.81069,-39.85572
368414,3684153,-340,900,11996,-52,-232,-5028,-0.11364,0.05378,0.99534,0.19695,-0.36794,-36.2374
368415,3684163,464,294,12048,259,318,-4191,-0.06431,0.0166,0.99843,2.57099,3.83053,-29.84809
368416,3684173,2510,104,12022,272,352,-2985,0.06125,0.00495,0.99689,2.67023,4.09008,-20.64198
368417,3684183,1876,-980,12288,124,-494,-2981,0.02234,-0.06154,1.01269,1.54046,-2.36794,-20.61145
368418,3684193,5740,-1900,12112,466,-493,-1507,0.25946,-0.11798,1.00223,4.15114,-2.36031,-9.35954
368419,3684203,4670,-1806,12248,-95,152,-1467,0.1938,-0.11221,1.01032,-0.1313,2.56336,-9.0542
368420,3684213,3364,-1208,11986,54,-127,-1197,0.11366,-0.07553,0.99475,1.00611,0.43359,-6.99313
368421,3684223,2554,-538,12156,-161,-77,-720,0.06395,-0.03443,1.00485,-0.63511,0.81527,-3.35191
368422,3684233,1672,-150,12030,-107,-160,-154,0.00982,-0.01063,0.99736,-0.2229,0.18168,0.9687
368423,3684243,1386,-152,12094,-61,-189,-157,-0.00773,-0.01075,1.00116,0.12824,-0.03969,0.9458
368424,3684253,1716,-176,12032,-44,-197,-69,0.01252,-0.01223,0.99748,0.25802,-0.10076,1.61756
368425,3684263,2078,-56,12070,-16,-321,571,0.03474,-0.00486,0.99974,0.47176,-1.04733,6.50305
368426,3684273,4906,-1546,11818,120,-144,3223,0.20828,-0.09626,0.98476,1.50992,0.30382,26.74733
368427,3684283,6610,-1958,12262,-152,-120,7739,0.31285,-0.12153,1.01115,-0.56641,0.48702,61.22061
368428,3684293,5762,-2704,11978,-256,-698,5568,0.26081,-0.16729,0.99427,-1.36031,-3.92519,44.64809
368429,3684303,3308,-938,11934,-316,-479,4090,0.11022,-0.05897,0.99166,-1.81832,-2.25344,33.36565
368430,3684313,236,44,11988,-681,-871,4320,-0.0783,0.00127,0.99487,-4.60458,-5.2458,35.12137
368431,3684323,-1200,1630,12140,-481,-265,3834,-0.16642,0.09856,1.0039,-3.07786,-0.61985,31.41145
368432,3684333,-1288,1858,12154,-259,80,2873,-0.17182,0.11254,1.00473,-1.38321,2.01374,24.07557
368433,3684343,-748,1286,12100,-174,296,2264,-0.13868,0.07745,1.00152,-0.73435,3.6626,19.42672
368434,3684353,-1308,1128,12166,8,81,1893,-0.17305,0.06776,1.00544,0.65496,2.02137,16.59466
368435,3684363,-586,756,12040,-86,-259,1351,-0.12874,0.04494,0.99796,-0.0626,-0.57405,12.45725
368436,3684373,602,616,12108,-99,-76,1224,-0.05584,0.03636,1.002,-0.16183,0.8229,11.48779
368437,3684383,500,1852,12008,-20,-89,151,-0.0621,0.11217,0.99605,0.44122,0.72366,3.29695
368438,3684393,-346,660,11930,175,-147,-3767,-0.11401,0.03906,0.99142,1.92977,0.28092,-26.61145
368439,3684403,-1668,1290,12130,110,158,-5162,-0.19514,0.0777,1.0033,1.43359,2.60916,-37.26031
368440,3684413,-3580,682,12046,61,-207,-5600,-0.31247,0.04041,0.99831,1.05954,-0.1771,-40.60382
368441,3684423,-2502,1836,11946,89,-269,-5198,-0.24632,0.11119,0.99237,1.27328,-0.65038,-37.53511
368442,3684433,-3856,2638,12178,719,-388,-4757,-0.32941,0.16039,1.00616,6.08244,-1.55878,-34.1687
368443,3684443,2066,-2104,12102,531,-1301,-3685,0.034,-0.13049,1.00164,4.64733,-8.52824,-25.9855
368444,3684453,38,618,11794,-458,-284,-3510,-0.09045,0.03648,0.98334,-2.90229,-0.76489,-24.64962
368445,3684463,1340,-358,12032,-347,530,-4008,-0.01055,-0.02339,0.99748,-2.05496,5.44885,-28.45115
368446,3684473,3670,-618,11900,-980,177,-4449,0.13243,-0.03934,0.98964,-6.88702,2.7542,-31.81756
368447,3684483,4650,-602,11916,-314,-171,-3733,0.19257,-0.03836,0.99059,-1.80305,0.09771,-26.35191
368448,3684493,6684,-884,12160,-365,-62,-3197,0.31739,-0.05565,1.00509,-2.19237,0.92977,-22.26031
368449,3684503,6238,-3158,12246,-397,-1022,-2263,0.29002,-0.19514,1.0102,-2.43664,-6.39847,-15.13053
368450,3684513,4708,-2066,12078,-95,-621,352,0.19613,-0.12816,1.00021,-0.1313,-3.3374,4.8313
368451,3684523,3650,-176,12014,27,-500,3206,0.13121,-0.01223,0.99641,0.8,-2.41374,26.61756
368452,3684533,8140,-158,12074,155,-561,5638,0.40674,-0.01112,0.99998,1.7771,-2.87939,45.18244
368453,3684543,5384,-2838,12152,142,-283,1214,0.23761,-0.17551,1.00461,1.67786,-0.75725,11.41145
368454,3684553,4968,-3032,11848,58,-309,2286,0.21209,-0.18741,0.98655,1.03664,-0.95573,19.59466
368455,3684563,3284,-1234,12324,-229,-41,3762,0.10875,-0.07712,1.01483,-1.1542,1.09008,30.86183
368456,3684573,-154,876,11850,-50,-214,4200,-0.10223,0.05231,0.98667,0.21221,-0.23053,34.20534
368457,3684583,-4940,2892,12126,38,-94,3767,-0.39593,0.17597,1.00307,0.88397,0.6855,30.9
368458,3684593,-5718,3080,12062,-58,217,2731,-0.44367,0.1875,0.99926,0.15115,3.05954,22.9916
368459,3684603,-4360,1142,12120,-17,-109,1267,-0.36033,0.06862,1.00271,0.46412,0.57099,11.81603
368460,3684613,-852,214,12046,-89,-160,359,-0.14506,0.0117,0.99831,-0.0855,0.18168,4.88473
368461,3684623,-1246,2370,12122,-108,-238,-1127,-0.16924,0.14395,1.00283,-0.23053,-0.41374,-6.45878
368462,3684633,-10436,4928,11878,81,64,-7961,-0.73319,0.30086,0.98833,1.21221,1.8916,-58.62672
368463,3684643,-14444,5032,11274,-67,348,-12651,-0.97915,0.30724,0.95244,0.08244,4.05954,-94.42824
368464,3684653,-9558,2428,12134,-378,465,-11966,-0.67931,0.14751,1.00354,-2.2916,4.95267,-89.19923
368465,3684663,-5032,1440,12442,-665,-1132,-11094,-0.40157,0.0869,1.02184,-4.48244,-7.23817,-82.54275
368466,3684673,-1156,450,12384,-685,-770,-10906,-0.16372,0.02617,1.0184,-4.63511,-4.47481,-81.10763
368467,3684683,2104,798,11720,-198,106,-9916,0.03633,0.04752,0.97894,-0.91756,2.21221,-73.55038
368468,3684693,6844,-1728,12406,-526,185,-9592,0.32721,-0.10743,1.0197,-3.42137,2.81527,-71.0771
368469,3684703,13410,-4762,11776,-20,-1673,-8536,0.73014,-0.29353,0.98227,0.44122,-11.36794,-63.01603
368470,3684713,21176,-7814,12088,355,-1001,-8770,1.2067,-0.48075,1.00081,3.30382,-6.23817,-64.80228
368471,3684723,15412,-4772,11942,44,-298,-7687,0.85299,-0.29415,0.99213,0.92977,-0.87176,-56.53511
368472,3684733,4440,-990,12042,101,-366,-2477,0.17969,-0.06216,0.99807,1.36489,-1.39084,-16.76412
368473,3684743,20352,-10126,11744,163,-450,1751,1.15614,-0.62256,0.98037,1.83817,-2.03206,15.51069
368474,3684753,25878,-10146,11788,-195,-92,11457,1.49525,-0.62379,0.98298,-0.89466,0.70076,89.60229
368475,3684763,16816,-7126,12124,-450,1152,13400,0.93915,-0.43854,1.00295,-2.84122,10.19695,104.43436
368476,3684773,4990,-1232,12036,-43,213,15297,0.21344,-0.077,0.99772,0.26565,3.02901,118.91527
368477,3684783,-346,1884,12108,148,-287,13162,-0.11401,0.11414,1.002,1.72366,-0.78779,102.61756
368478,3684793,-8698,1216,11798,812,-612,8656,-0.62654,0.07316,0.98358,6.79237,-3.2687,68.22061
368479,3684803,-16374,6282,12272,28,-40,7233,-1.09758,0.38391,1.01174,0.80763,1.09771,57.35801
368480,3684813,-15128,5798,12024,131,28,5000,-1.02112,0.35422,0.99701,1.59389,1.61679,40.31221
368481,3684823,-8082,6248,12348,551,43,-365,-0.58874,0.38183,1.01626,4.8,1.7313,-0.64198
368482,3684833,-7158,992,11808,155,158,-9135,-0.53204,0.05942,0.98417,1.7771,2.60916,-67.58855
368483,3684843,-15478,1860,11418,-7,57,-16959,-1.0426,0.11266,0.961,0.54046,1.83817,-127.31374
368484,3684853,-15972,5768,11466,-171,827,-16093,-1.07291,0.35238,0.96385,-0.71145,7.71603,-120.70305
368485,3684863,-8696,3094,13046,-1544,176,-12541,-0.62642,0.18836,1.05773,-11.19237,2.74656,-93.58855
368486,3684873,-2460,12,12206,-609,-807,-12216,-0.24374,-0.00069,1.00782,-4.05496,-4.75725,-91.10763
368487,3684883,4482,-1032,12008,-509,-53,-12628,0.18226,-0.06473,0.99605,-3.2916,0.99847,-94.25267
368488,3684893,12794,-1982,12368,-538,-870,-12731,0.69234,-0.12301,1.01745,-3.51298,-5.23817,-95.03893
368489,3684903,18102,-4434,11410,-33,-486,-11518,1.01807,-0.27341,0.96052,0.34198,-2.30687,-85.77939
368490,3684913,17080,-5244,11874,28,-856,-10424,0.95535,-0.3231,0.98809,0.80763,-5.1313,-77.42824
368491,3684923,10736,-4932,11808,450,-865,-6846,0.56604,-0.30396,0.98417,4.02901,-5.2,-50.11527
368492,3684933,11352,-3046,12044,216,-259,6843,0.60385,-0.18827,0.99819,2.24275,-0.57405,54.38092
368493,3684943,18426,-5730,11680,82,-192,17270,1.03795,-0.35291,0.97656,1.21985,-0.0626,133.97633
368494,3684953,21310,-5542,11406,-283,-112,18544,1.21493,-0.34138,0.96028,-1.56641,0.54809,143.70152
368495,3684963,14432,-7108,10940,1002,-507,14691,0.79285,-0.43744,0.93259,8.24275,-2.46718,114.28931
368496,3684973,-800,-1042,11560,424,-92,13224,-0.14187,-0.06535,0.96943,3.83053,0.70076,103.09084
368497,3684983,-6908,2194,11212,-106,613,14378,-0.51669,0.13315,0.94876,-0.21527,6.08244,111.9
368498,3684993,-9490,4098,11766,587,221,12823,-0.67514,0.24994,0.98168,5.07481,3.09008,100.02978
368499,3685003,-7286,2122,12090,19,589,9639,-0.53989,0.12874,1.00093,0.73893,5.89924,75.72443
368500,3685013,-10606,4524,11220,-991,-263,7955,-0.74363,0.27608,0.94923,-6.97099,-0.60458,62.86947
368501,3685023,-8534,3320,11842,51,-8,2937,-0.61648,0.20222,0.98619,0.98321,1.34198,24.56412
368502,3685033,-4972,5918,12394,-675,7,-4176,-0.39789,0.36158,1.01899,-4.55878,1.45649,-29.73359
368503,3685043,-5324,1376,12056,127,-996,-15726,-0.41949,0.08298,0.99891,1.56336,-6.2,-117.90153
368504,3685053,-9898,4400,12610,-390,390,-17354,-0.70018,0.26847,1.03183,-2.38321,4.38015,-130.32901
368505,3685063,-8650,4946,12060,86,985,-11262,-0.62359,0.30196,0.99914,1.25038,8.92214,-83.82519
368506,3685073,-4186,4386,11930,-429,624,-6260,-0.34966,0.26761,0.99142,-2.68092,6.16641,-45.64199
368507,3685083,4740,1606,11830,-10,-295,-3542,0.1981,0.09708,0.98548,0.51756,-0.84885,-24.89389
368508,3685093,10966,546,12058,-123,-241,-2939,0.58016,0.03206,0.99903,-0.34504,-0.43664,-20.29084
368509,3685103,17978,-2460,11976,-181,-1364,-525,1.01046,-0.15233,0.99415,-0.78779,-9.00916,-1.86336
368510,3685113,10644,-932,12022,-7,-1258,1671,0.5604,-0.0586,0.99689,0.54046,-8.2,14.9
368511,3685123,7704,1980,11984,-29,-840,9594,0.37998,0.12003,0.99463,0.37252,-5.00916,75.38092
368512,3685133,24270,-1402,11978,350,-126,22239,1.39657,-0.08743,0.99427,3.26565,0.44122,171.90764
368513,3685143,20320,-3950,11424,495,-295,14673,1.15418,-0.24372,0.96135,4.37252,-0.84885,114.15191
368514,3685153,1824,1912,11580,-223,519,11635,0.01915,0.11585,0.97062,-1.1084,5.36489,90.96107
368515,3685163,-3510,3430,12088,291,-1000,9676,-0.30817,0.20897,1.00081,2.81527,-6.23053,76.00687
368516,3685173,-10042,5146,12176,50,-318,6590,-0.70902,0.31423,1.00604,0.97557,-1.02443,52.44962
368517,3685183,-14162,2890,12926,-31,670,3230,-0.96184,0.17585,1.0506,0.35725,6.51756,26.80076
368518,3685193,-12288,5956,11556,9,-177,-309,-0.84684,0.36392,0.9692,0.6626,0.05191,-0.2145
368519,3685203,-13282,7610,11828,-553,-209,-4845,-0.90784,0.46537,0.98536,-3.62748,-0.19237,-34.84046
368520,3685213,-18408,5114,12004,-363,-363,-12028,-1.2224,0.31227,0.99582,-2.1771,-1.36794,-89.67252
368521,3685223,-18608,5136,12378,-475,115,-16214,-1.23468,0.31362,1.01804,-3.03206,2.28092,-121.62672
368522,3685233,-14624,2678,12088,-184,-494,-17958,-0.99019,0.16284,1.00081,-0.81069,-2.36794,-134.9397
368523,3685243,-6106,958,11970,203,-670,-18078,-0.46748,0.05734,0.9938,2.14351,-3.71145,-135.85573
368524,3685253,474,424,12252,87,27,-16023,-0.06369,0.02458,1.01055,1.25802,1.60916,-120.1687
368525,3685263,10014,-1364,12190,-1110,-2,-15237,0.52174,-0.0851,1.00687,-7.87939,1.38779,-114.1687
368526,3685273,18200,-4840,11874,-686,-1300,-15580,1.02408,-0.29832,0.98809,-4.64275,-8.52061,-116.78702
368527,3685283,25588,-9448,12046,200,-785,-11243,1.47745,-0.58098,0.99831,2.12061,-4.58931,-83.68015
368528,3685293,25232,-10572,11736,-229,-238,-5986,1.4556,-0.64992,0.97989,-1.1542,-0.41374,-43.55038
368529,3685303,11340,-1902,12120,-142,-293,2203,0.60311,-0.1181,1.00271,-0.49008,-0.83359,18.96107
368530,3685313,27834,-10900,12366,37,-396,14511,1.61528,-0.67004,1.01733,0.87634,-1.61985,112.91527
368531,3685323,30002,-12688,11974,293,-129,17190,1.74832,-0.77972,0.99403,2.83053,0.41832,133.36565
368532,3685333,11780,-6574,12296,273,-69,17061,0.63011,-0.40468,1.01317,2.67786,0.87634,132.38092
368533,3685343,7760,-688,11704,-135,711,21446,0.38342,-0.04363,0.97799,-0.43664,6.83053,165.8542
368534,3685353,-4692,6848,12158,641,-213,15510,-0.38071,0.41863,1.00497,5.48702,-0.2229,120.54122
368535,3685363,-11162,7882,12018,1379,690,13195,-0.77775,0.48206,0.99665,11.12061,6.67023,102.86947
368536,3685373,-14854,8248,12206,-1132,-484,10178,-1.00431,0.50451,1.00782,-8.04733,-2.2916,79.83894
368537,3685383,-17932,9164,12400,-274,153,5988,-1.19319,0.5607,1.01935,-1.49771,2.57099,47.8542
368538,3685393,-16096,5616,12102,415,-199,1786,-1.08052,0.34306,1.00164,3.76183,-0.11603,15.77786
368539,3685403,-3090,4084,12032,-135,222,-1043,-0.2824,0.24909,0.99748,-0.43664,3.09771,-5.81756
368540,3685413,-10692,4510,11976,-539,263,-11304,-0.7489,0.27522,0.99415,-3.52061,3.41069,-84.1458
368541,3685423,-23308,7332,11790,-336,-55,-19619,-1.5231,0.44832,0.9831,-1.97099,0.98321,-147.61908
368542,3685433,-9324,1366,12934,705,-599,-15008,-0.66495,0.08236,1.05108,5.97557,-3.16947,-112.42061
368543,3685443,-8572,2200,13202,374,-513,-12107,-0.61881,0.13352,1.067,3.44885,-2.51298,-90.27557
368544,3685453,-1630,2022,12228,-1525,-1149,-11543,-0.19281,0.1226,1.00913,-11.04733,-7.36794,-85.97022
368545,3685463,2636,-50,12416,-789,-300,-12621,0.06898,-0.0045,1.0203,-5.42901,-0.88702,-94.19923
368546,3685473,3202,1698,11456,-18,-297,-11829,0.10371,0.10273,0.96325,0.45649,-0.86412,-88.15343
368547,3685483,11054,-2252,12226,-499,-879,-10160,0.58556,-0.13957,1.00901,-3.21527,-5.30687,-75.41297
368548,3685493,14692,-3842,11942,-303,-822,-9801,0.80881,-0.2371,0.99213,-1.71908,-4.87176,-72.67252
368549,3685503,20574,-7012,11976,242,-193,-8115,1.16976,-0.43155,0.99415,2.44122,-0.07023,-59.80229
368550,3685513,22602,-7882,12106,-77,-368,-5565,1.29421,-0.48492,1.00188,0.00611,-1.40611,-40.33664
368551,3685523,8262,-502,12048,-210,-208,-895,0.41423,-0.03222,0.99843,-1.00916,-0.18473,-4.68779
368552,3685533,14558,-5720,11890,-87,-122,8125,0.80059,-0.3523,0.98904,-0.07023,0.47176,64.16718
368553,3685543,19536,-6446,11846,252,-372,18227,1.10606,-0.39683,0.98643,2.51756,-1.43664,141.28168
368554,3685553,14442,-5054,11900,346,358,17149,0.79347,-0.31144,0.98964,3.23511,4.13588,133.05267
368555,3685563,9198,-2282,11384,-375,-940,13794,0.47166,-0.14141,0.95898,-2.2687,-5.77252,107.44199
368556,3685573,448,-356,11570,-342,-156,11007,-0.06529,-0.02327,0.97003,-2.01679,0.21221,86.16718
368557,3685583,-1500,4754,12474,205,25,12033,-0.18483,0.29018,1.02374,2.15878,1.59389,93.99924
368558,3685593,294,1244,12080,204,189,6943,-0.07474,0.07488,1.00033,2.15114,2.8458,55.14428
368559,3685603,-1758,3438,10870,236,-378,4363,-0.20066,0.20946,0.92844,2.39542,-1.48244,35.44962
368560,3685613,-3180,2562,11590,271,-192,1814,-0.28792,0.15573,0.97122,2.6626,-0.0626,15.9916
368561,3685623,-5300,2546,12084,421,284,507,-0.41802,0.15474,1.00057,3.80763,3.57099,6.0145
368562,3685633,-4852,3056,11882,-97,79,276,-0.39053,0.18603,0.98857,-0.14656,2.00611,4.25115
368563,3685643,-4486,2072,12638,-812,626,837,-0.36807,0.12567,1.03349,-5.60458,6.18168,8.53359
368564,3685653,-4138,2346,12750,-72,-252,-1356,-0.34671,0.14248,1.04014,0.04427,-0.52061,-8.20687
368565,3685663,-3570,2746,11806,42,-474,-3099,-0.31186,0.16701,0.98405,0.9145,-2.21527,-21.51221
368566,3685673,-2554,1962,12622,-243,13,-5949,-0.24951,0.11892,1.03254,-1.26107,1.50229,-43.26794
368567,3685683,-1390,2164,11828,-85,-196,-8404,-0.17808,0.13131,0.98536,-0.05496,-0.09313,-62.0084
368568,3685693,-562,4,12512,-188,-413,-10763,-0.12727,-0.00118,1.026,-0.84122,-1.74962,-80.01603
368569,3685703,-574,390,12330,48,-419,-10862,-0.128,0.02249,1.01519,0.96031,-1.79542,-80.77175
368570,3685713,-74,642,11602,223,-527,-9661,-0.09732,0.03795,0.97193,2.29618,-2.61985,-71.60381
368571,3685723,-1060,-10,12672,-569,-120,-8830,-0.15783,-0.00204,1.03551,-3.74962,0.48702,-65.2603
368572,3685733,-504,258,12390,-228,-450,-8907,-0.12371,0.0144,1.01875,-1.14656,-2.03206,-65.84809
368573,3685743,706,-892,12008,-451,-475,-8424,-0.04945,-0.05615,0.99605,-2.84886,-2.2229,-62.16107
368574,3685753,1880,-3300,12018,-236,-123,-7530,0.02259,-0.20385,0.99665,-1.20763,0.46412,-55.33664
368575,3685763,1734,-890,11710,-407,-190,-6764,0.01363,-0.05602,0.97835,-2.51298,-0.04733,-49.48932
368576,3685773,4204,-2536,11982,-152,372,-2840,0.1652,-0.15699,0.99451,-0.56641,4.24275,-19.53512
368577,3685783,4572,-3316,12012,79,-254,-1373,0.18779,-0.20483,0.99629,1.19695,-0.53588,-8.33664
368578,3685793,2482,-1526,12020,-6,-128,166,0.05953,-0.09504,0.99677,0.54809,0.42595,3.41145
368579,3685803,1568,-564,12134,-41,-148,271,0.00344,-0.03603,1.00354,0.28092,0.27328,4.21298
368580,3685813,1496,-360,12070,-26,-167,37,-0.00098,-0.02351,0.99974,0.39542,0.12824,2.42672
368581,3685823,1446,-330,12002,-26,-188,-67,-0.00404,-0.02167,0.9957,0.39542,-0.03206,1.63282
368582,3685833,1472,-282,12080,-42,-200,-49,-0.00245,-0.01873,1.00033,0.27328,-0.12366,1.77023
368583,3685843,1494,-348,12106,-58,-167,69,-0.0011,-0.02278,1.00188,0.15115,0.12824,2.67099
368584,3685853,1502,-4508,12172,-50,-38,648,-0.00061,-0.27795,1.0058,0.21221,1.11298,7.09084
368585,3685863,2462,-1590,12106,-325,-223,5164,0.0583,-0.09896,1.00188,-1.88702,-0.29924,41.56412
368586,3685873,2648,-1652,12070,-143,-82,4750,0.06972,-0.10276,0.99974,-0.49771,0.7771,38.40382
368587,3685883,2104,-2134,11942,-121,-1010,3869,0.03633,-0.13233,0.99213,-0.32977,-6.30687,31.67863
368588,3685893,1522,-1618,12066,82,-337,3822,0.00062,-0.10068,0.9995,1.21985,-1.16947,31.31985
368589,3685903,1518,-1230,11924,159,156,4458,0.00037,-0.07688,0.99106,1.80763,2.59389,36.17481
368590,3685913,-614,188,12026,139,80,4199,-0.13046,0.0101,0.99712,1.65496,2.01374,34.19771
368591,3685923,-766,-200,11878,-31,74,3764,-0.13979,-0.0137,0.98833,0.35725,1.96794,30.8771
368592,3685933,-764,596,12380,-133,481,3099,-0.13966,0.03513,1.01816,-0.42137,5.07481,25.80076
368593,3685943,98,-184,10984,246,-548,2208,-0.08677,-0.01272,0.93521,2.47176,-2.78015,18.99924
368594,3685953,628,-1464,11810,-261,174,2746,-0.05424,-0.09123,0.98429,-1.39847,2.7313,23.10611
368595,3685963,1212,-1586,11498,135,-510,2370,-0.0184,-0.09872,0.96575,1.62443,-2.49008,20.23588
368596,3685973,1238,-330,12284,-204,697,1904,-0.01681,-0.02167,1.01245,-0.96336,6.72366,16.67863
368597,3685983,1804,-174,12066,36,342,278,0.01792,-0.0121,0.9995,0.8687,4.01374,4.26641
368598,3685993,1136,18,11732,-61,-797,-369,-0.02307,-0.00033,0.97965,0.12824,-4.68092,-0.67252
368599,3686003,1414,274,12228,115,-765,-816,-0.00601,0.01538,1.00913,1.47176,-4.43664,-4.08473
368600,3686013,1654,-1812,11996,550,387,-1108,0.00872,-0.11258,0.99534,4.79237,4.35725,-6.31374
368601,3686023,2664,-840,11034,68,-815,-930,0.0707,-0.05296,0.93818,1.11298,-4.81832,-4.95496
368602,3686033,4656,-1188,12208,-451,-777,-772,0.19294,-0.0743,1.00794,-2.84886,-4.52824,-3.74886
368603,3686043,5534,-1908,11300,514,-633,-1559,0.24682,-0.11847,0.95399,4.51756,-3.42901,-9.75649
368604,3686053,5698,-1230,11706,881,564,-164,0.25688,-0.07688,0.97811,7.31908,5.7084,0.89237
368605,3686063,8622,-1322,12156,140,297,784,0.43632,-0.08252,1.00485,1.6626,3.67023,8.12901
368606,3686073,6052,-3160,11946,-1301,-983,1874,0.27861,-0.19527,0.99237,-9.3374,-6.10076,16.44962
368607,3686083,2016,-176,12382,-803,89,6068,0.03093,-0.01223,1.01828,-5.53588,2.08244,48.46489
368608,3686093,3138,16,11680,-76,-138,7547,0.09979,-0.00045,0.97656,0.01374,0.34962,59.75496
368609,3686103,186,2932,11960,215,-335,7664,-0.08137,0.17842,0.9932,2.23511,-1.1542,60.64809
368610,3686113,-510,1356,12414,-84,338,6267,-0.12408,0.08175,1.02018,-0.04733,3.98321,49.98397
368611,3686123,-2712,3202,12634,-125,7,5661,-0.2592,0.19498,1.03325,-0.36031,1.45649,45.35801
368612,3686133,-2886,2024,11776,130,-495,4813,-0.26988,0.12272,0.98227,1.58626,-2.37557,38.88473
368613,3686143,-3396,484,12242,-221,-144,3313,-0.30118,0.02826,1.00996,-1.09313,0.30382,27.43435
368614,3686153,-2132,2352,12656,49,87,3368,-0.22361,0.14284,1.03456,0.96794,2.06718,27.8542
368615,3686163,-1462,1938,12060,43,31,1843,-0.1825,0.11745,0.99914,0.92214,1.63969,16.21298
368616,3686173,-1076,1512,12140,145,-426,596,-0.15881,0.09132,1.0039,1.70076,-1.84885,6.69389
368617,3686183,-1164,1334,12106,-132,-480,-1336,-0.16421,0.0804,1.00188,-0.41374,-2.26107,-8.0542
368618,3686193,-2930,1382,12110,-350,13,-3892,-0.27258,0.08334,1.00212,-2.07786,1.50229,-27.56565
368619,3686203,-5096,2648,12682,-333,117,-6906,-0.4055,0.161,1.0361,-1.94809,2.29618,-50.57328
368620,3686213,-8724,3840,12078,11,-121,-7513,-0.62814,0.23412,1.00021,0.67786,0.47939,-55.20687
368621,3686223,-6008,3616,11720,123,-80,-5528,-0.46147,0.22038,0.97894,1.53282,0.79237,-40.0542
368622,3686233,-4038,1434,12314,325,-100,-5517,-0.34057,0.08653,1.01424,3.07481,0.63969,-39.97023
368623,3686243,126,894,12354,-218,-924,-4089,-0.08505,0.05341,1.01661,-1.07023,-5.65038,-29.06947
368624,3686253,1216,-10,12000,-333,62,-4594,-0.01816,-0.00204,0.99558,-1.94809,1.87634,-32.92443
368625,3686263,4560,-466,12248,-504,73,-4577,0.18705,-0.03001,1.01032,-3.25344,1.96031,-32.79466
368626,3686273,5944,-1326,12562,-78,-297,-4331,0.27198,-0.08277,1.02897,-0.00153,-0.86412,-30.91679
368627,3686283,8210,-3170,11664,181,-897,-5062,0.41103,-0.19588,0.97561,1.97557,-5.44427,-36.49695
368628,3686293,11186,-3096,12124,-83,-361,-5129,0.59366,-0.19134,1.00295,-0.03969,-1.35267,-37.0084
368629,3686303,11714,-3172,11822,131,-1062,-4452,0.62606,-0.196,0.985,1.59389,-6.70382,-31.84046
368630,3686313,4194,-602,11982,-8,-498,-2347,0.16459,-0.03836,0.99451,0.53282,-2.39847,-15.77176
368631,3686323,3250,772,12056,13,-268,127,0.10666,0.04593,0.99891,0.69313,-0.64275,3.11374
368632,3686333,10096,-4792,11916,96,-265,5338,0.52677,-0.29537,0.99059,1.32672,-0.61985,42.89236
368633,3686343,12674,-3812,12126,-268,669,11968,0.68497,-0.23526,1.00307,-1.45191,6.50992,93.50306
368634,3686353,7330,-2504,11754,-144,338,11440,0.35703,-0.15503,0.98096,-0.50534,3.98321,89.47252
368635,3686363,6044,-2362,12206,-274,467,11014,0.27812,-0.14632,1.00782,-1.49771,4.96794,86.22061
368636,3686373,1160,106,12158,-139,29,11131,-0.02159,0.00507,1.00497,-0.46718,1.62443,87.11375
368637,3686383,-3402,3560,12262,27,-12,10041,-0.30155,0.21694,1.01115,0.8,1.31145,78.79313
368638,3686393,-4900,3748,12110,287,-904,6040,-0.39347,0.22848,1.00212,2.78473,-5.49771,48.25114
368639,3686403,-2760,3204,12366,-254,152,1671,-0.26215,0.19511,1.01733,-1.34504,2.56336,14.9
368640,3686413,-2718,1622,11868,68,-474,-256,-0.25957,0.09807,0.98774,1.11298,-2.21527,0.19008
368641,3686423,-2464,1672,12054,-220,127,-525,-0.24398,0.10113,0.99879,-1.0855,2.37252,-1.86336
368642,3686433,-2416,638,12152,-247,-118,-2166,-0.24104,0.03771,1.00461,-1.2916,0.50229,-14.39008
368643,3686443,-5004,4222,11962,-307,91,-2793,-0.39985,0.25755,0.99332,-1.74962,2.09771,-19.17634
368644,3686453,-7294,3232,12202,-108,-481,-5869,-0.54038,0.19682,1.00758,-0.23053,-2.2687,-42.65725
368645,3686463,-4788,2436,11834,101,-1158,-5930,-0.3866,0.148,0.98572,1.36489,-7.43664,-43.1229
368646,3686473,-3596,1626,12178,-387,498,-6344,-0.31345,0.09831,1.00616,-2.36031,5.20458,-46.28321
368647,3686483,-3170,1734,12108,488,-103,-6716,-0.28731,0.10494,1.002,4.31908,0.61679,-49.1229
368648,3686493,-412,598,11686,135,-605,-6523,-0.11806,0.03525,0.97692,1.62443,-3.21527,-47.64962
368649,3686503,1590,698,12428,-20,492,-6874,0.00479,0.04139,1.02101,0.44122,5.15878,-50.32901
368650,3686513,1272,2454,12032,-489,400,-7112,-0.01472,0.1491,0.99748,-3.13893,4.45649,-52.1458
368651,3686523,996,522,12276,-1147,-622,-8174,-0.03166,0.03059,1.01198,-8.16183,-3.34504,-60.25267
368652,3686533,6784,-2806,12134,-204,-1198,-6736,0.32353,-0.17355,1.00354,-0.96336,-7.74198,-49.27557
368653,3686543,7248,-3682,12082,-361,-156,-6876,0.352,-0.22729,1.00045,-2.16183,0.21221,-50.34428
368654,3686553,6420,-390,11232,413,-1345,-4645,0.30119,-0.02535,0.94995,3.74656,-8.86412,-33.31374
368655,3686563,7954,-1952,11476,-402,-229,-3555,0.39533,-0.12117,0.96444,-2.47481,-0.34504,-24.99313
368656,3686573,8322,-3148,12096,-552,-176,-1452,0.41791,-0.19453,1.00128,-3.61985,0.05954,-8.93969
368657,3686583,5316,-870,12098,-105,-597,2364,0.23344,-0.0548,1.0014,-0.20763,-3.1542,20.19007
368658,3686593,5434,-154,12000,-47,-257,6880,0.24068,-0.01088,0.99558,0.23511,-0.55878,54.66336
368659,3686603,10022,-3146,12054,77,-318,6972,0.52223,-0.19441,0.99879,1.18168,-1.02443,55.36565
368660,3686613,9614,-3726,11998,12,358,3062,0.49719,-0.22998,0.99546,0.6855,4.13588,25.51832
368661,3686623,6340,-3576,12296,37,144,4395,0.29628,-0.22078,1.01317,0.87634,2.50229,35.69389
368662,3686633,4996,-3012,11934,8,-257,6409,0.2138,-0.18619,0.99166,0.65496,-0.55878,51.06794
368663,3686643,-640,1316,11976,74,101,7595,-0.13205,0.0793,0.99415,1.15878,2.17405,60.12137
368664,3686653,-2268,2400,11984,172,-146,5581,-0.23196,0.14579,0.99463,1.90687,0.28855,44.74733
368665,3686663,-3774,2086,12094,189,-288,3020,-0.32437,0.12653,1.00116,2.03664,-0.79542,25.19771
368666,3686673,-2676,1142,11970,501,160,2101,-0.25699,0.06862,0.9938,4.41832,2.62443,18.18244
368667,3686683,-4252,1156,12222,102,-164,1375,-0.35371,0.06948,1.00877,1.37252,0.15115,12.64046
368668,3686693,-4666,1310,12124,80,20,505,-0.37911,0.07893,1.00295,1.20458,1.55573,5.99924
368669,3686703,-2204,282,11990,-162,-322,-919,-0.22803,0.01587,0.99498,-0.64275,-1.05496,-4.87099
368670,3686713,-532,942,12232,-532,9,-3226,-0.12543,0.05635,1.00936,-3.46718,1.47176,-22.48168
368671,3686723,-1638,-340,11866,-314,-169,-9114,-0.1933,-0.02229,0.98762,-1.80305,0.11298,-67.42824
368672,3686733,-8792,2924,12178,-373,-203,-11587,-0.63231,0.17793,1.00616,-2.25344,-0.14656,-86.30611
368673,3686743,-4034,1864,12076,-395,-601,-10374,-0.34033,0.11291,1.0001,-2.42137,-3.18473,-77.04656
368674,3686753,-522,506,11854,-276,-288,-8726,-0.12481,0.02961,0.9869,-1.51298,-0.79542,-64.46641
368675,3686763,1846,1240,11706,112,67,-6810,0.0205,0.07463,0.97811,1.44886,1.9145,-49.84046
368676,3686773,3208,-908,12010,-206,-336,-6939,0.10408,-0.05713,0.99617,-0.97863,-1.16183,-50.82519
368677,3686783,3764,-428,11802,-341,110,-5603,0.1382,-0.02768,0.98381,-2.00916,2.24275,-40.62672
368678,3686793,4346,46,12104,-239,294,-4191,0.17392,0.00139,1.00176,-1.23053,3.64733,-29.84809
368679,3686803,8110,-2064,11956,15,-369,-3056,0.4049,-0.12804,0.99296,0.7084,-1.41374,-21.18397
368680,3686813,7752,-2998,11974,-159,-282,-1316,0.38293,-0.18533,0.99403,-0.61985,-0.74962,-7.90153
368681,3686823,3206,56,11998,-140,-287,360,0.10396,0.00201,0.99546,-0.47481,-0.78779,4.89237
368682,3686833,3006,392,12090,-132,-44,3590,0.09169,0.02262,1.00093,-0.41374,1.06718,29.54885
368683,3686843,7926,-2244,12100,-167,103,8156,0.39361,-0.13908,1.00152,-0.68092,2.18931,64.40382
368684,3686853,8088,-2586,12208,32,-57,11153,0.40355,-0.16006,1.00794,0.83817,0.96794,87.28168
368685,3686863,4516,-754,12174,110,-158,9621,0.18435,-0.04768,1.00592,1.43359,0.19695,75.58703
368686,3686873,2034,808,12192,176,-332,6663,0.03204,0.04813,1.00699,1.9374,-1.1313,53.00687
368687,3686883,1740,204,12152,54,-315,5046,0.014,0.01108,1.00461,1.00611,-1.00153,40.66336
368688,3686893,2208,366,11726,48,-546,3666,0.04272,0.02102,0.9793,0.96031,-2.76489,30.12901
368689,3686903,1492,-464,11986,6,-149,3678,-0.00122,-0.02989,0.99475,0.63969,0.26565,30.22061
368690,3686913,-328,508,12124,255,-830,3347,-0.11291,0.02973,1.00295,2.54046,-4.93282,27.69389
368691,3686923,-1448,436,12148,8,-250,2856,-0.18164,0.02532,1.00437,0.65496,-0.50534,23.9458
368692,3686933,-1792,560,11920,9,126,3307,-0.20275,0.03292,0.99083,0.6626,2.36489,27.38855
368693,3686943,-2078,748,12012,-412,112,1887,-0.2203,0.04445,0.99629,-2.55115,2.25802,16.54885
368694,3686953,-2594,288,12034,-218,196,1145,-0.25196,0.01624,0.9976,-1.07023,2.89924,10.88473
368695,3686963,-1300,-472,12056,-76,-267,544,-0.17255,-0.03038,0.99891,0.01374,-0.63511,6.29695
368696,3686973,228,-856,12044,-150,-171,300,-0.07879,-0.05394,0.99819,-0.55115,0.09771,4.43435
368697,3686983,898,-274,12000,-108,-127,-385,-0.03767,-0.01824,0.99558,-0.23053,0.43359,-0.79466
368698,3686993,172,194,12026,-136,64,-1322,-0.08222,0.01047,0.99712,-0.44427,1.8916,-7.94733
368699,3687003,-1622,518,12106,-153,57,-5646,-0.19231,0.03035,1.00188,-0.57405,1.83817,-40.95496
368700,3687013,-2464,992,12088,-45,-71,-12266,-0.24398,0.05942,1.00081,0.25038,0.86107,-91.48931
368701,3687023,312,50,12138,-244,-128,-9876,-0.07363,0.00164,1.00378,-1.2687,0.42595,-73.24503
368702,3687033,3364,-1654,12112,-150,-232,-6775,0.11366,-0.10289,1.00223,-0.55115,-0.36794,-49.57328
368703,3687043,3916,-1428,11814,42,-413,-4866,0.14753,-0.08902,0.98453,0.9145,-1.74962,-35.00076
368704,3687053,3144,-764,11834,-87,-826,-5084,0.10016,-0.04829,0.98572,-0.07023,-4.90229,-36.66489
368705,3687063,2776,-968,12016,125,-756,-6111,0.07757,-0.06081,0.99653,1.54809,-4.36794,-44.50458
368706,3687073,4772,-818,12090,-101,-64,-5849,0.20006,-0.05161,1.00093,-0.1771,0.9145,-42.50458
368707,3687083,3736,-238,12058,-445,441,-5113,0.13648,-0.01603,0.99903,-2.80305,4.76947,-36.88626
368708,3687093,3828,-366,12050,0,-226,-4290,0.14213,-0.02388,0.99855,0.59389,-0.32214,-30.60382
368709,3687103,2518,-140,12104,-71,-273,-2230,0.06174,-0.01002,1.00176,0.05191,-0.68092,-14.87863
368710,3687113,1650,-218,12028,-37,-276,-768,0.00847,-0.0148,0.99724,0.31145,-0.70382,-3.71832
368711,3687123,1764,-106,11980,-26,-277,-292,0.01547,-0.00793,0.99439,0.39542,-0.71145,-0.08473
368712,3687133,1804,-130,12024,10,-372,235,0.01792,-0.0094,0.99701,0.67023,-1.43664,3.93817
368713,3687143,1990,284,12100,68,-373,1592,0.02934,0.01599,1.00152,1.11298,-1.44427,14.29695
368714,3687153,2556,-678,12012,-22,-319,3859,0.06407,-0.04302,0.99629,0.42595,-1.03206,31.60229
368715,3687163,2208,-290,12066,-139,-137,6152,0.04272,-0.01922,0.9995,-0.46718,0.35725,49.10611
368716,3687173,1498,390,12048,216,-451,5719,-0.00085,0.02249,0.99843,2.24275,-2.03969,45.80076
368717,3687183,1500,496,12128,0,-348,3905,-0.00073,0.029,1.00318,0.59389,-1.25344,31.95343
368718,3687193,1246,254,12022,73,-478,2464,-0.01632,0.01415,0.99689,1.15115,-2.2458,20.95343
368719,3687203,1192,364,12108,132,-575,1542,-0.01963,0.0209,1.002,1.60153,-2.98626,13.91527
368720,3687213,908,188,11910,27,-489,1110,-0.03706,0.0101,0.99023,0.8,-2.32977,10.61756
368721,3687223,686,-506,12140,-153,-63,1056,-0.05068,-0.03247,1.0039,-0.57405,0.92214,10.20534
368722,3687233,762,-178,12250,-75,-79,375,-0.04602,-0.01235,1.01043,0.02137,0.8,5.00687
368723,3687243,1078,-878,12078,-30,-183,-711,-0.02663,-0.05529,1.00021,0.36489,0.00611,-3.28321
368724,3687253,650,186,12058,-107,-236,-1296,-0.05289,0.00998,0.99903,-0.2229,-0.39847,-7.74885
368725,3687263,1188,-1088,12086,-103,-134,-3087,-0.01988,-0.06817,1.00069,-0.19237,0.38015,-21.42061
368726,3687273,134,-94,12008,-157,-80,-3938,-0.08456,-0.0072,0.99605,-0.60458,0.79237,-27.91679
368727,3687283,-1894,546,12080,-46,-8,-5344,-0.20901,0.03206,1.00033,0.24275,1.34198,-38.64962
368728,3687293,-1814,516,11842,-2,-451,-5366,-0.2041,0.03022,0.98619,0.57863,-2.03969,-38.81756
368729,3687303,-570,-548,12308,-371,-28,-4254,-0.12776,-0.03504,1.01388,-2.23817,1.18931,-30.32901
368730,3687313,142,-664,12498,-299,176,-3755,-0.08407,-0.04216,1.02517,-1.68855,2.74656,-26.51985
368731,3687323,-754,-1172,11862,238,-374,-3472,-0.13905,-0.07332,0.98738,2.41069,-1.45191,-24.35954
368732,3687333,1132,504,12250,57,-15,-2170,-0.02331,0.02949,1.01043,1.02901,1.28855,-14.42061
368733,3687343,2482,-1222,12172,74,950,-2603,0.05953,-0.07639,1.0058,1.15878,8.65496,-17.72595
368734,3687353,3986,-1838,12034,-461,605,-2871,0.15183,-0.11417,0.9976,-2.92519,6.02137,-19.77176
368735,3687363,5906,-1038,12096,-3,-299,-3056,0.26965,-0.0651,1.00128,0.57099,-0.87939,-21.18397
368736,3687373,4640,-1162,11926,121,-478,-2756,0.19196,-0.07271,0.99118,1.51756,-2.2458,-18.89389
368737,3687383,3082,-1188,11978,67,-527,-889,0.09635,-0.0743,0.99427,1.10534,-2.61985,-4.64198
368738,3687393,3200,-972,12040,128,-418,3898,0.10359,-0.06105,0.99796,1.57099,-1.78779,31.9
368739,3687403,2888,-3330,11972,61,-489,9898,0.08445,-0.20569,0.99392,1.05954,-2.32977,77.70153
368740,3687413,7292,-2592,11748,-237,-702,16010,0.3547,-0.16042,0.98061,-1.21527,-3.95573,124.35802
368741,3687423,11648,-4204,12600,-386,-703,15777,0.62201,-0.25931,1.03123,-2.35267,-3.96336,122.57939
368742,3687433,9142,-4676,11846,-92,-328,11232,0.46823,-0.28826,0.98643,-0.1084,-1.10076,87.88474
368743,3687443,3630,1480,11986,-360,235,12586,0.12998,0.08935,0.99475,-2.1542,3.19695,98.22061
368744,3687453,852,1738,12158,-406,341,9799,-0.0405,0.10518,1.00497,-2.50534,4.00611,76.9458
368745,3687463,-452,902,12326,94,-54,6323,-0.12052,0.0539,1.01495,1.31145,0.99084,50.41145
368746,3687473,-2770,1934,12178,255,-481,3800,-0.26276,0.1172,1.00616,2.54046,-2.2687,31.15191
368747,3687483,-3186,2142,12766,42,-510,2426,-0.28829,0.12996,1.04109,0.9145,-2.49008,20.66336
368748,3687493,-3922,938,11594,263,-1224,785,-0.33346,0.05611,0.97145,2.60153,-7.94046,8.13664
368749,3687503,-4210,2354,11972,-112,183,1424,-0.35113,0.14297,0.99392,-0.26107,2.8,13.0145
368750,3687513,-2886,1522,12036,-118,98,744,-0.26988,0.09193,0.99772,-0.30687,2.15114,7.82366
368751,3687523,-336,104,12054,-174,-79,-591,-0.1134,0.00495,0.99879,-0.73435,0.8,-2.36718
368752,3687533,846,122,12016,-135,-149,-577,-0.04086,0.00605,0.99653,-0.43664,0.26565,-2.26031
368753,3687543,-50,146,12134,-70,23,-2690,-0.09585,0.00753,1.00354,0.05954,1.57863,-18.39008
368754,3687553,-3082,1070,12178,-154,-271,-9998,-0.28191,0.06421,1.00616,-0.58168,-0.66565,-74.17633
368755,3687563,-6440,2362,12022,-266,-809,-15770,-0.48798,0.14346,0.99689,-1.43664,-4.77252,-118.2374
368756,3687573,-6800,1528,12326,-262,168,-13239,-0.51007,0.0923,1.01495,-1.40611,2.6855,-98.91679
368757,3687583,-2590,916,12864,-505,938,-8930,-0.25172,0.05476,1.04692,-3.26107,8.56336,-66.02366
368758,3687593,236,-732,11822,-265,234,-7519,-0.0783,-0.04633,0.985,-1.42901,3.18931,-55.25267
368759,3687603,1690,-834,11912,-553,229,-6519,0.01093,-0.05259,0.99035,-3.62748,3.15114,-47.61908
368760,3687613,4030,-1184,12350,-302,-68,-5957,0.15453,-0.07406,1.01638,-1.71145,0.88397,-43.32901
368761,3687623,7298,-2490,11820,189,-1551,-5091,0.35507,-0.15417,0.98488,2.03664,-10.43664,-36.71832
368762,3687633,7488,-2076,11786,7,-648,-4662,0.36673,-0.12877,0.98286,0.64733,-3.54351,-33.44351
368763,3687643,6414,-1056,12086,-52,-290,-3774,0.30082,-0.0662,1.00069,0.19695,-0.81069,-26.66489
368764,3687653,4866,-2284,12108,98,-415,39,0.20583,-0.14153,1.002,1.34198,-1.76489,2.44198
368765,3687663,12726,-4046,11782,234,-217,6975,0.68816,-0.24961,0.98263,2.38015,-0.25344,55.38855
368766,3687673,14810,-5166,11846,174,-1,9074,0.81605,-0.31832,0.98643,1.92214,1.39542,71.41145
368767,3687683,12470,-7550,11906,-666,245,8041,0.67245,-0.46455,0.98999,-4.49008,3.27328,63.52596
368768,3687693,11224,-4042,11842,-123,-406,8799,0.59599,-0.24937,0.98619,-0.34504,-1.69618,69.31222
368769,3687703,10774,-1564,12434,429,68,11503,0.56838,-0.09737,1.02137,3.8687,1.92214,89.95344
368770,3687713,5886,-3754,11650,659,-108,11836,0.26842,-0.2317,0.97478,5.62443,0.57863,92.49542
368771,3687723,2900,1458,11402,572,-43,14635,0.08518,0.08801,0.96005,4.96031,1.07481,113.86183
368772,3687733,-11578,7834,11814,768,1031,14421,-0.80327,0.47911,0.98453,6.45649,9.27328,112.22825
368773,3687743,-13572,6322,11550,-882,771,13234,-0.92564,0.38637,0.96884,-6.13893,7.28855,103.16718
368774,3687753,-9118,6794,11846,149,-520,7317,-0.65231,0.41532,0.98643,1.7313,-2.56641,57.99924
368775,3687763,-10618,5452,12330,-114,-319,1521,-0.74436,0.333,1.01519,-0.27634,-1.03206,13.75496
368776,3687773,-7406,2602,12228,-261,-346,535,-0.54725,0.15818,1.00913,-1.39847,-1.23817,6.22824
368777,3687783,-3838,702,12032,-270,-188,-664,-0.3283,0.04163,0.99748,-1.46718,-0.03206,-2.92443
368778,3687793,-6092,1980,11942,-207,-15,-6034,-0.46662,0.12003,0.99213,-0.98626,1.28855,-43.91679
368779,3687803,-14298,6272,11898,-105,47,-11374,-0.97019,0.3833,0.98952,-0.20763,1.76183,-84.68015
368780,3687813,-11628,5406,11818,164,-120,-10615,-0.80634,0.33018,0.98476,1.8458,0.48702,-78.88625
368781,3687823,-5220,5276,11420,-586,-176,-9898,-0.41311,0.3222,0.96112,-3.87939,0.05954,-73.41297
368782,3687833,-2392,3968,12314,-429,543,-13253,-0.23957,0.24197,1.01424,-2.68092,5.54809,-99.02366
368783,3687843,1552,4298,11416,287,-1278,-14001,0.00246,0.26221,0.96088,2.78473,-8.35267,-104.73358
368784,3687853,6602,3372,12158,13,204,-10897,0.31236,0.20541,1.00497,0.69313,2.96031,-81.03893
368785,3687863,12454,1908,11940,76,394,-8050,0.67147,0.11561,0.99201,1.17405,4.41069,-59.30611
368786,3687873,17266,-2834,12138,-1067,-609,-4995,0.96676,-0.17527,1.00378,-7.55115,-3.2458,-35.9855
368787,3687883,14742,-2752,11724,-325,-1485,1922,0.81188,-0.17024,0.97918,-1.88702,-9.93282,16.81603
368788,3687893,12450,3986,12068,-103,68,11515,0.67123,0.24307,0.99962,-0.19237,1.92214,90.04504
368789,3687903,14560,-712,11556,592,-609,9550,0.80071,-0.0451,0.9692,5.11298,-3.2458,75.04504
368790,3687913,12498,-4636,11966,-374,-344,3832,0.67417,-0.2858,0.99356,-2.26107,-1.2229,31.39618
368791,3687923,4308,-1790,12400,-123,21,5153,0.17159,-0.11123,1.01935,-0.34504,1.56336,41.48015
368792,3687933,-3948,900,11974,333,-373,6727,-0.33505,0.05378,0.99403,3.13588,-1.44427,53.49542
368793,3687943,-7344,2964,12150,-351,-81,4520,-0.54345,0.18038,1.00449,-2.0855,0.78473,36.64809
368794,3687953,-9656,1870,12104,93,334,-87,-0.68533,0.11328,1.00176,1.30382,3.95267,1.48015
368795,3687963,-9496,1216,13754,-173,45,-6021,-0.67551,0.07316,1.0998,-0.72672,1.74656,-43.81756
368796,3687973,-12026,3418,12118,-217,-762,-11242,-0.83077,0.20823,1.00259,-1.0626,-4.41374,-83.67252
368797,3687983,-19288,4630,12296,-442,-676,-15877,-1.2764,0.28258,1.01317,-2.78015,-3.75725,-119.0542
368798,3687993,-13750,718,12276,-408,-50,-16127,-0.93656,0.04261,1.01198,-2.52061,1.02137,-120.96259
368799,3688003,-9280,-70,11852,-287,69,-15752,-0.66225,-0.00572,0.98679,-1.59695,1.92977,-118.1
368800,3688013,-6308,2214,11686,-47,-198,-16200,-0.47988,0.13438,0.97692,0.23511,-0.1084,-121.51984
368801,3688023,-1690,44,12234,858,-460,-15801,-0.19649,0.00127,1.00948,7.14351,-2.1084,-118.47404
368802,3688033,10188,188,12158,442,-613,-12874,0.53242,0.0101,1.00497,3.96794,-3.27634,-96.13053
368803,3688043,14900,826,12276,95,262,-9674,0.82157,0.04924,1.01198,1.31908,3.40305,-71.70305
368804,3688053,21796,-5206,11610,682,-497,-4550,1.24475,-0.32077,0.97241,5.8,-2.39084,-32.58855
368805,3688063,24238,-8728,11828,373,-315,-1019,1.39461,-0.53681,0.98536,3.44122,-1.00153,-5.63435
368806,3688073,9748,-28,12042,111,-784,2842,0.50542,-0.00315,0.99807,1.44122,-4.58168,23.83893
368807,3688083,17610,-7712,11926,-48,-62,10858,0.98787,-0.47449,0.99118,0.22748,0.92977,85.02978
368808,3688093,26170,-7810,11840,-59,986,18826,1.51317,-0.4805,0.98607,0.14351,8.92977,145.8542
368809,3688103,18548,-8066,12192,-229,-447,14911,1.04544,-0.4962,1.00699,-1.1542,-2.00916,115.9687
368810,3688113,8460,-2682,11364,-590,0,16857,0.42638,-0.16594,0.95779,-3.90992,1.40305,130.82367
368811,3688123,3198,-406,12022,-367,-599,15994,0.10347,-0.02633,0.99689,-2.20763,-3.16947,124.23588
368812,3688133,-6478,638,13596,-669,237,12977,-0.49031,0.03771,1.09041,-4.51298,3.21221,101.20535
368813,3688143,-5774,2308,11792,-848,16,11875,-0.44711,0.14015,0.98322,-5.87939,1.52519,92.79313
368814,3688153,-18442,8568,12780,-455,274,6340,-1.22449,0.52414,1.04193,-2.87939,3.49466,50.54122
368815,3688163,-15346,6214,11838,51,-216,5487,-1.0345,0.37974,0.98595,0.98321,-0.2458,44.02977
368816,3688173,-10830,3958,12068,-174,-235,3006,-0.75737,0.24136,0.99962,-0.73435,-0.39084,25.09084
368817,3688183,-6982,-1612,11818,126,38,-2018,-0.52124,-0.10031,0.98476,1.55573,1.69313,-13.26031
368818,3688193,-11098,78,12006,-66,-376,-7941,-0.77382,0.00336,0.99594,0.09008,-1.46718,-58.47404
368819,3688203,-13168,2238,11914,-208,53,-9095,-0.90085,0.13585,0.99047,-0.99389,1.80763,-67.2832
368820,3688213,-10368,1876,12272,-14,-94,-7519,-0.72902,0.11365,1.01174,0.48702,0.6855,-55.25267
368821,3688223,-2914,-436,11136,313,-1388,-7861,-0.2716,-0.02817,0.94424,2.98321,-9.19237,-57.86336
368822,3688233,-544,-1938,12354,-707,1072,-10030,-0.12616,-0.12031,1.01661,-4.80305,9.58626,-74.42061
368823,3688243,3630,-1334,12094,-454,-614,-11262,0.12998,-0.08326,1.00116,-2.87176,-3.28397,-83.82519
368824,3688253,14660,-4020,11678,380,-578,-8776,0.80684,-0.24802,0.97645,3.49466,-3.00916,-64.84809
368825,3688263,15730,-3314,11558,-770,43,-4535,0.87251,-0.20471,0.96932,-5.28397,1.7313,-32.47404
368826,3688273,16426,-3140,11842,268,388,1460,0.91522,-0.19404,0.98619,2.63969,4.36489,13.28931
368827,3688283,21310,-7890,12212,-13,195,10406,1.21493,-0.48541,1.00818,0.49466,2.8916,81.57939
368828,3688293,16778,-2584,13014,-25,-272,12863,0.93682,-0.15993,1.05583,0.40305,-0.67328,100.33512
368829,3688303,19268,-4368,12864,364,-455,13573,1.08962,-0.26937,1.04692,3.37252,-2.07023,105.75497
368830,3688313,13792,-5242,11994,1457,-76,13567,0.75358,-0.32298,0.99522,11.71603,0.8229,105.70916
368831,3688323,6708,942,12214,-395,655,15760,0.31886,0.05635,1.00829,-2.42137,6.40305,122.44962
368832,3688333,-6364,6772,13368,416,572,14971,-0.48331,0.41397,1.07686,3.76947,5.76947,116.42672
368833,3688343,-3502,6296,12950,-302,395,13969,-0.30768,0.38477,1.05203,-1.71145,4.41832,108.77786
368834,3688353,-13512,10356,12614,-219,-1035,8741,-0.92195,0.63381,1.03206,-1.07786,-6.49771,68.86947
368835,3688363,-16228,11232,12336,-579,6,6329,-1.08862,0.68755,1.01554,-3.82595,1.44886,50.45725
368836,3688373,-15544,9976,12424,-98,230,3003,-1.04665,0.61051,1.02077,-0.1542,3.15878,25.06794
368837,3688383,-5966,5806,12120,-335,231,-2117,-0.45889,0.35471,1.00271,-1.96336,3.16641,-14.01603
368838,3688393,-5854,4554,11988,-401,439,-9926,-0.45201,0.27792,0.99487,-2.46718,4.7542,-73.62672
368839,3688403,-15464,10134,11998,-219,-38,-17073,-1.04174,0.6202,0.99546,-1.07786,1.11298,-128.18396
368840,3688413,-8400,7750,11366,-54,535,-15348,-0.60825,0.47396,0.95791,0.18168,5.48702,-115.01603
368841,3688423,-1086,3830,12286,280,-501,-13973,-0.15942,0.23351,1.01257,2.7313,-2.42137,-104.51984
368842,3688433,6046,1480,11616,215,-1803,-12004,0.27824,0.08935,0.97276,2.23511,-12.3603,-89.48931
368843,3688443,7344,1026,12132,-318,336,-9659,0.35789,0.06151,1.00342,-1.83359,3.96794,-71.58855
368844,3688453,12434,-1564,11962,-50,576,-4283,0.67024,-0.09737,0.99332,0.21221,5.8,-30.55038
368845,3688463,14814,-3648,12340,220,-637,3862,0.8163,-0.2252,1.01578,2.27328,-3.45954,31.62519
368846,3688473,11746,-3766,12030,1135,-603,15056,0.62802,-0.23244,0.99736,9.25802,-3.2,117.07558
368847,3688483,20500,1760,12018,-9,-583,23604,1.16522,0.10653,0.99665,0.52519,-3.04733,182.32748
368848,3688493,22728,-5480,11748,-416,-93,6829,1.30194,-0.33758,0.98061,-2.58168,0.69313,54.27404
368849,3688503,13038,-3260,11822,-172,-226,3221,0.70731,-0.2014,0.985,-0.71908,-0.32214,26.73206
368850,3688513,5802,2822,11876,-481,-9,8382,0.26327,0.17167,0.98821,-3.07786,1.33435,66.12901
368851,3688523,-3576,2464,12478,-184,744,6730,-0.31222,0.14971,1.02398,-0.81069,7.08244,53.51832
368852,3688533,-7790,3244,13458,-354,78,5105,-0.57082,0.19756,1.08221,-2.1084,1.99847,41.11374
368853,3688543,-9482,6212,11668,146,-415,3356,-0.67465,0.37962,0.97585,1.7084,-1.76489,27.76259
368854,3688553,-11574,5442,12064,-85,-560,869,-0.80303,0.33239,0.99938,-0.05496,-2.87176,8.77786
368855,3688563,-11360,6036,11704,-7,425,-2068,-0.7899,0.36882,0.97799,0.54046,4.64733,-13.64198
368856,3688573,-8940,5484,11610,185,-1005,-4683,-0.64139,0.33496,0.97241,2.00611,-6.2687,-33.60382
368857,3688583,-12468,6830,12804,-797,467,-8975,-0.85789,0.41753,1.04335,-5.49008,4.96794,-66.36717
368858,3688593,-8762,2546,12324,564,-992,-13638,-0.63047,0.15474,1.01483,4.89924,-6.16947,-101.96259
368859,3688603,-10822,2836,11956,54,-508,-14116,-0.75688,0.17253,0.99296,1.00611,-2.47481,-105.61145
368860,3688613,-12390,6060,10814,-772,-573,-12189,-0.8531,0.3703,0.92511,-5.29924,-2.97099,-90.90153
368861,3688623,-6360,1334,12636,-254,173,-12124,-0.48307,0.0804,1.03337,-1.34504,2.72366,-90.40534
368862,3688633,-2506,-786,12698,-907,-207,-11715,-0.24656,-0.04964,1.03705,-6.32977,-0.1771,-87.2832
368863,3688643,-2108,-1028,12838,-145,-328,-11722,-0.22214,-0.06449,1.04537,-0.51298,-1.10076,-87.33664
368864,3688653,2390,-1680,11126,60,-664,-9899,0.05389,-0.10448,0.94365,1.05191,-3.66565,-73.42061
368865,3688663,6380,-3284,11994,979,-1319,-9093,0.29874,-0.20287,0.99522,8.06718,-8.66565,-67.26794
368866,3688673,4142,-1180,11328,256,723,-10149,0.1614,-0.07381,0.95565,2.54809,6.92214,-75.329
368867,3688683,11260,-4850,12804,1057,-867,-8478,0.5982,-0.29893,1.04335,8.6626,-5.21527,-62.57328
368868,3688693,14622,-7472,11938,-28,429,-8517,0.80451,-0.45977,0.9919,0.38015,4.67786,-62.87099
368869,3688703,11568,-7942,12606,352,157,-8889,0.6171,-0.4886,1.03159,3.28092,2.60153,-65.71069
368870,3688713,10218,-5120,12016,123,-885,-5661,0.53426,-0.31549,0.99653,1.53282,-5.35267,-41.06947
368871,3688723,12532,-6534,12086,712,-963,-2449,0.67626,-0.40223,1.00069,6.02901,-5.94809,-16.55038
368872,3688733,10990,-5456,12068,191,-112,-2093,0.58163,-0.3361,0.99962,2.05191,0.54809,-13.83282
368873,3688743,5398,-1152,12056,118,-212,-1642,0.23847,-0.07209,0.99891,1.49466,-0.21527,-10.39008
368874,3688753,1788,-1152,12032,-22,-208,-1364,0.01694,-0.07209,0.99748,0.42595,-0.18473,-8.26794
368875,3688763,2970,-1624,12246,72,-211,1882,0.08948,-0.10105,1.0102,1.14351,-0.20763,16.51069
368876,3688773,5336,-3160,11612,21,-607,7034,0.23467,-0.19527,0.97252,0.7542,-3.23053,55.83893
368877,3688783,4870,-2036,12252,-422,-12,8905,0.20607,-0.12632,1.01055,-2.62748,1.31145,70.12138
368878,3688793,4216,-332,12162,-421,510,7250,0.16594,-0.02179,1.00521,-2.61985,5.29618,57.48779
368879,3688803,2830,-1486,12280,-384,539,5782,0.08089,-0.09258,1.01222,-2.3374,5.51756,46.28168
368880,3688813,3256,-440,11786,-259,-1030,4457,0.10703,-0.02842,0.98286,-1.38321,-6.45954,36.16718
368881,3688823,1568,-3568,11294,33,-881,1569,0.00344,-0.22029,0.95363,0.8458,-5.32214,14.12137
368882,3688833,-1512,-918,12172,309,-345,1040,-0.18556,-0.05774,1.0058,2.95267,-1.23053,10.08321
368883,3688843,1474,-736,11752,-889,1367,1486,-0.00233,-0.04658,0.98084,-6.19237,11.83817,13.48779
368884,3688853,-878,-264,11596,-731,-54,1024,-0.14666,-0.01762,0.97157,-4.98626,0.99084,9.96107
368885,3688863,-868,1938,12088,-255,-227,1661,-0.14604,0.11745,1.00081,-1.35267,-0.32977,14.82366
368886,3688873,2056,1146,11662,174,-274,1556,0.03339,0.06887,0.9755,1.92214,-0.68855,14.02214
368887,3688883,2730,1102,12310,-135,101,1689,0.07475,0.06617,1.014,-0.43664,2.17405,15.03741
368888,3688893,3022,2114,12096,163,-756,693,0.09267,0.12824,1.00128,1.83817,-4.36794,7.43435
368889,3688903,4320,1848,11714,20,-132,1169,0.17232,0.11193,0.97859,0.74656,0.39542,11.06794
368890,3688913,5260,-908,12218,-729,-230,1664,0.23001,-0.05713,1.00853,-4.97099,-0.35267,14.84657
368891,3688923,5836,-1778,12496,-474,-748,1472,0.26535,-0.11049,1.02505,-3.02443,-4.30687,13.38092
368892,3688933,4548,1230,12036,-135,-245,3758,0.18631,0.07402,0.99772,-0.43664,-0.46718,30.8313
368893,3688943,3688,-158,11758,-167,999,5970,0.13354,-0.01112,0.9812,-0.68092,9.02901,47.71679
368894,3688953,6088,-960,12212,-359,-167,6646,0.28082,-0.06032,1.00818,-2.14656,0.12824,52.8771
368895,3688963,1888,-1258,11878,55,-922,6432,0.02308,-0.0786,0.98833,1.01374,-5.63511,51.24351
368896,3688973,436,340,12388,-218,-20,7458,-0.06602,0.01943,1.01863,-1.07023,1.25038,59.07557
368897,3688983,1922,-604,11910,-12,-149,5666,0.02517,-0.03848,0.99023,0.50229,0.26565,45.39618
368898,3688993,-86,-1078,11396,-412,359,4307,-0.09806,-0.06755,0.95969,-2.55115,4.14351,35.02214
368899,3689003,-888,1724,12740,-401,818,4905,-0.14727,0.10432,1.03955,-2.46718,7.64733,39.58702
368900,3689013,3236,-1952,11698,246,-208,5722,0.1058,-0.12117,0.97763,2.47176,-0.18473,45.82366
368901,3689023,2916,-1332,11922,28,-341,4813,0.08616,-0.08314,0.99094,0.80763,-1.2,38.88473
368902,3689033,768,-844,11530,-176,34,4913,-0.04565,-0.0532,0.96765,-0.74962,1.6626,39.64809
368903,3689043,2364,-1466,12196,-115,444,6678,0.05229,-0.09135,1.00723,-0.28397,4.79237,53.12137
368904,3689053,-1822,-960,12052,659,-134,4795,-0.20459,-0.06032,0.99867,5.62443,0.38015,38.74733
368905,3689063,-3544,1930,12186,407,45,3893,-0.31026,0.11696,1.00663,3.70076,1.74656,31.86183
368906,3689073,-3618,1936,12082,210,-340,2362,-0.3148,0.11733,1.00045,2.19695,-1.19237,20.17481
368907,3689083,-1736,984,12246,-303,-279,1352,-0.19931,0.05893,1.0102,-1.71908,-0.72672,12.46489
368908,3689093,-1988,1708,12090,-312,-190,1917,-0.21477,0.10334,1.00093,-1.78779,-0.04733,16.77786
368909,3689103,-930,880,12114,-54,298,1847,-0.14985,0.05255,1.00235,0.18168,3.67786,16.24351
368910,3689113,-1088,2096,12166,-218,-41,658,-0.15955,0.12714,1.00544,-1.07023,1.09008,7.16718
368911,3689123,-254,1580,12072,-140,-347,-934,-0.10837,0.09549,0.99986,-0.47481,-1.2458,-4.9855
368912,3689133,-168,1140,12016,-274,-126,-3377,-0.10309,0.0685,0.99653,-1.49771,0.44122,-23.63435
368913,3689143,-454,-118,11770,-18,-168,-6640,-0.12064,-0.00867,0.98191,0.45649,0.12061,-48.54275
368914,3689153,-2318,1408,12014,184,-379,-7639,-0.23503,0.08494,0.99641,1.99847,-1.49008,-56.1687
368915,3689163,-2318,1392,12020,41,-287,-5720,-0.23503,0.08396,0.99677,0.90687,-0.78779,-41.51985
368916,3689173,676,456,12170,114,-231,-4051,-0.0513,0.02654,1.00568,1.46412,-0.36031,-28.77939
368917,3689183,1402,-612,11940,277,-93,-3225,-0.00674,-0.03897,0.99201,2.7084,0.69313,-22.47405
368918,3689193,2856,-108,12226,-6,-295,-2938,0.08248,-0.00805,1.00901,0.54809,-0.84885,-20.28321
368919,3689203,3698,-1696,12114,25,23,-3026,0.13415,-0.10546,1.00235,0.78473,1.57863,-20.95496
368920,3689213,3424,-1870,12124,-185,493,-2319,0.11734,-0.11614,1.00295,-0.81832,5.16641,-15.55801
368921,3689223,2514,-1668,12148,-253,77,-2240,0.06149,-0.10375,1.00437,-1.3374,1.99084,-14.95496
368922,3689233,2210,-3614,11936,-495,-185,435,0.04284,-0.22311,0.99178,-3.18473,-0.00916,5.46489
368923,3689243,3526,-2498,11916,-345,-506,2279,0.1236,-0.15466,0.99059,-2.03969,-2.45954,19.54122
368924,3689253,3012,-3906,11674,-91,124,3486,0.09205,-0.24103,0.97621,-0.10076,2.34962,28.75496
368925,3689263,2920,-3114,11952,-163,-590,4616,0.08641,-0.19244,0.99273,-0.65038,-3.10076,37.38092
368926,3689273,2542,-844,12066,84,-146,4567,0.06321,-0.0532,0.9995,1.23511,0.28855,37.00687
368927,3689283,3160,-3074,12264,-430,603,4857,0.10114,-0.18999,1.01127,-2.68855,6.00611,39.22061
368928,3689293,2002,-236,12142,-12,-712,3610,0.03008,-0.01591,1.00402,0.50229,-4.03206,29.70153
368929,3689303,244,298,12120,111,-954,2762,-0.07781,0.01685,1.00271,1.44122,-5.87939,23.22824
368930,3689313,166,2042,11792,-75,-260,2664,-0.08259,0.12383,0.98322,0.02137,-0.58168,22.48015
368931,3689323,1116,-788,12032,-144,611,2330,-0.02429,-0.04977,0.99748,-0.50534,6.06718,19.93053
368932,3689333,602,1858,12198,88,-659,1764,-0.05584,0.11254,1.00734,1.26565,-3.62748,15.60992
368933,3689343,-410,3482,12282,227,-240,1363,-0.11794,0.21216,1.01234,2.32672,-0.42901,12.54885
368934,3689353,-302,1984,12200,-45,-505,129,-0.11131,0.12027,1.00746,0.25038,-2.45191,3.12901
368935,3689363,-200,-592,11956,248,171,330,-0.10505,-0.03774,0.99296,2.48702,2.7084,4.66336
368936,3689373,510,-54,11900,-195,150,219,-0.06148,-0.00474,0.98964,-0.89466,2.54809,3.81603
368937,3689383,558,428,12130,-142,371,-459,-0.05854,0.02482,1.0033,-0.49008,4.23511,-1.35954
368938,3689393,756,-606,12558,285,-970,-2000,-0.04639,-0.0386,1.02874,2.76947,-6.00153,-13.1229
368939,3689403,1442,1014,12348,182,-300,-2088,-0.00429,0.06077,1.01626,1.98321,-0.88702,-13.79466
368940,3689413,642,-2670,12306,-638,560,-1358,-0.05338,-0.16521,1.01376,-4.27634,5.67786,-8.22214
368941,3689423,1318,-1358,11880,-466,356,-361,-0.0119,-0.08473,0.98845,-2.96336,4.12061,-0.61145
368942,3689433,1126,-434,11926,897,-658,-1313,-0.02368,-0.02805,0.99118,7.44122,-3.61985,-7.87863
368943,3689443,1032,942,11992,603,-706,-1135,-0.02945,0.05635,0.9951,5.19695,-3.98626,-6.51985
368944,3689453,1764,2242,11730,-954,789,-80,0.01547,0.1361,0.97954,-6.68855,7.42595,1.53359
368945,3689463,1984,428,12070,-847,-602,-659,0.02897,0.02482,0.99974,-5.87176,-3.19237,-2.88626
368946,3689473,2108,704,12044,-337,-490,-1045,0.03658,0.04175,0.99819,-1.97863,-2.3374,-5.83282
368947,3689483,1442,370,11844,57,-1121,-1488,-0.00429,0.02127,0.98631,1.02901,-7.1542,-9.2145
368948,3689493,2062,432,11786,229,-829,-807,0.03376,0.02507,0.98286,2.34198,-4.92519,-4.01603
368949,3689503,956,-72,12472,-683,1239,-70,-0.03411,-0.00585,1.02363,-4.61985,10.86107,1.60992
368950,3689513,1434,1402,12154,-419,1206,507,-0.00478,0.08457,1.00473,-2.60458,10.60916,6.0145
368951,3689523,1012,-1608,11706,-211,439,34,-0.03068,-0.10007,0.97811,-1.01679,4.7542,2.40382
368952,3689533,1368,492,12056,-356,-259,1104,-0.00883,0.02875,0.99891,-2.12366,-0.57405,10.57176
368953,3689543,972,-302,11984,-194,-210,337,-0.03313,-0.01995,0.99463,-0.88702,-0.2,4.71679
368954,3689553,1078,446,11944,-130,-727,421,-0.02663,0.02593,0.99225,-0.39847,-4.14656,5.35802
368955,3689563,1648,370,12140,-103,-593,313,0.00835,0.02127,1.0039,-0.19237,-3.12366,4.53359
368956,3689573,1920,1278,12120,-27,-625,109,0.02504,0.07696,1.00271,0.38779,-3.36794,2.97634
368957,3689583,826,608,12084,-60,-237,-477,-0.04209,0.03587,1.00057,0.13588,-0.40611,-1.49695
368958,3689593,1072,288,12020,-61,-320,-613,-0.02699,0.01624,0.99677,0.12824,-1.03969,-2.53511
368959,3689603,410,440,12032,-92,-147,-1486,-0.06762,0.02556,0.99748,-0.1084,0.28092,-9.19924
368960,3689613,538,432,12112,48,-75,-2198,-0.05976,0.02507,1.00223,0.96031,0.83053,-14.63435
368961,3689623,1164,108,12016,-109,-226,-1758,-0.02135,0.0052,0.99653,-0.23817,-0.32214,-11.27557
368962,3689633,1354,78,12104,-4,-360,-1589,-0.00969,0.00336,1.00176,0.56336,-1.34504,-9.9855
368963,3689643,1630,250,12002,-50,-216,-1589,0.00725,0.01391,0.9957,0.21221,-0.2458,-9.9855
368964,3689653,1876,32,12048,-20,-183,-1318,0.02234,0.00053,0.99843,0.44122,0.00611,-7.91679
368965,3689663,1402,236,12086,-95,-225,-906,-0.00674,0.01305,1.00069,-0.1313,-0.3145,-4.77176
368966,3689673,1194,394,12168,-39,-273,-1366,-0.01951,0.02274,1.00556,0.29618,-0.68092,-8.28321
368967,3689683,776,476,11960,-56,-299,-1615,-0.04516,0.02777,0.9932,0.16641,-0.87939,-10.18397
368968,3689693,1344,448,11976,-87,-481,-1905,-0.0103,0.02605,0.99415,-0.07023,-2.2687,-12.39771
368969,3689703,956,154,12008,-78,-469,-1655,-0.03411,0.00802,0.99605,-0.00153,-2.1771,-10.48931
368970,3689713,1954,-144,11944,-40,-351,-1212,0.02713,-0.01026,0.99225,0.28855,-1.27634,-7.10763
368971,3689723,2584,-456,12072,-133,-57,-882,0.06579,-0.0294,0.99986,-0.42137,0.96794,-4.58855
368972,3689733,1858,72,12032,-64,-311,-720,0.02124,0.00299,0.99748,0.10534,-0.97099,-3.35191
368973,3689743,1402,-70,12070,-172,-223,-589,-0.00674,-0.00572,0.99974,-0.71908,-0.29924,-2.35191
368974,3689753,1754,258,11978,-157,151,-481,0.01486,0.0144,0.99427,-0.60458,2.55573,-1.52748
368975,3689763,1336,-500,12254,-88,-72,-967,-0.01079,-0.0321,1.01067,-0.07786,0.85344,-5.2374
368976,3689773,1312,-16,12092,-135,328,-1087,-0.01227,-0.00241,1.00105,-0.43664,3.90687,-6.15343
368977,3689783,1100,134,12086,-87,184,-1433,-0.02528,0.00679,1.00069,-0.07023,2.80763,-8.79466
368978,3689793,1290,546,12070,-39,703,-1193,-0.01362,0.03206,0.99974,0.29618,6.76947,-6.9626
368979,3689803,1186,1186,11904,65,-214,-1855,-0.02,0.07132,0.98987,1.09008,-0.23053,-12.01603
368980,3689813,2096,-704,12002,279,-1,-2297,0.03584,-0.04461,0.9957,2.72366,1.39542,-15.39008
368981,3689823,2692,-638,12052,291,-749,-2196,0.07242,-0.04056,0.99867,2.81527,-4.3145,-14.61908
368982,3689833,2652,-2366,11964,181,-1064,-521,0.06996,-0.14656,0.99344,1.97557,-6.71908,-1.83282
368983,3689843,2428,-848,12106,-115,-855,330,0.05622,-0.05345,1.00188,-0.28397,-5.12366,4.66336
368984,3689853,1852,-378,12076,-163,-359,446,0.02087,-0.02462,1.0001,-0.65038,-1.3374,5.54886
368985,3689863,1168,696,12198,-101,-86,-280,-0.0211,0.04126,1.00734,-0.1771,0.74656,0.00687
368986,3689873,1334,-940,12002,151,109,-1093,-0.01092,-0.05909,0.9957,1.74656,2.23511,-6.19924
368987,3689883,1842,780,12280,97,76,-1575,0.02026,0.04642,1.01222,1.33435,1.98321,-9.87863
368988,3689893,1568,-732,12194,-598,226,-1117,0.00344,-0.04633,1.00711,-3.97099,3.12824,-6.38244
368989,3689903,1352,954,11844,-59,-454,-1074,-0.00981,0.05709,0.98631,0.14351,-2.0626,-6.0542
368990,3689913,2624,-1986,11962,435,-738,-1894,0.06824,-0.12325,0.99332,3.9145,-4.23053,-12.31374
368991,3689923,1728,1192,11938,155,-43,-641,0.01326,0.07169,0.9919,1.7771,1.07481,-2.74886
368992,3689933,970,894,11948,784,-815,-1834,-0.03325,0.05341,0.99249,6.57863,-4.81832,-11.85573
368993,3689943,2210,-2136,12420,-120,-683,-906,0.04284,-0.13245,1.02054,-0.32214,-3.81069,-4.77176
368994,3689953,1796,-372,11784,127,-31,-864,0.01743,-0.02425,0.98274,1.56336,1.16641,-4.45114
368995,3689963,1110,996,12288,-431,363,-812,-0.02466,0.05967,1.01269,-2.69618,4.17405,-4.0542
368996,3689973,1064,-1226,12064,-577,-107,-1748,-0.02749,-0.07663,0.99938,-3.81069,0.58626,-11.19924
368997,3689983,1980,110,12360,-468,-475,-215,0.02873,0.00532,1.01697,-2.97863,-2.2229,0.50305
368998,3689993,1462,458,11822,-73,-798,138,-0.00306,0.02666,0.985,0.03664,-4.68855,3.19771
368999,3690003,1858,-216,11846,-63,-231,-130,0.02124,-0.01468,0.98643,0.11298,-0.36031,1.15191
369000,3690013,1760,18,12158,-332,264,-560,0.01522,-0.00033,1.00497,-1.94046,3.41832,-2.13053
369001,3690023,1504,1104,12124,-79,-154,-710,-0.00048,0.06629,1.00295,-0.00916,0.22748,-3.27557
369002,3690033,1612,-150,12064,-10,-97,-1686,0.00614,-0.01063,0.99938,0.51756,0.6626,-10.72595
369003,3690043,1546,-948,11780,171,517,-1843,0.00209,-0.05958,0.98251,1.89924,5.34962,-11.92443
369004,3690053,1746,-2152,12132,-101,-208,-1290,0.01437,-0.13343,1.00342,-0.1771,-0.18473,-7.70305
369005,3690063,1450,-1378,12414,-312,-303,-936,-0.0038,-0.08596,1.02018,-1.78779,-0.90992,-5.00076
369006,3690073,1672,192,11976,-239,-558,-1214,0.00982,0.01035,0.99415,-1.23053,-2.85649,-7.1229
369007,3690083,1908,24,12056,-173,-381,-1002,0.02431,4e-05,0.99891,-0.72672,-1.50534,-5.50458
369008,3690093,1844,-676,11888,88,-127,-779,0.02038,-0.0429,0.98892,1.26565,0.43359,-3.80229
369009,3690103,2378,880,11892,294,-178,-574,0.05315,0.05255,0.98916,2.83817,0.04427,-2.2374
369010,3690113,656,-3124,12272,197,-703,-479,-0.05252,-0.19306,1.01174,2.09771,-3.96336,-1.51221
369011,3690123,1784,-1012,12100,-269,40,217,0.0167,-0.06351,1.00152,-1.45954,1.7084,3.80076
369012,3690133,2596,8,11792,26,-554,-185,0.06653,-0.00094,0.98322,0.79237,-2.82595,0.73206
369013,3690143,1184,-2212,11710,357,-629,-199,-0.02012,-0.13711,0.97835,3.31908,-3.39847,0.62519
369014,3690153,1242,-720,12180,-161,-80,596,-0.01656,-0.04559,1.00627,-0.63511,0.79237,6.69389
369015,3690163,2884,-1022,12540,-302,149,814,0.0842,-0.06412,1.02767,-1.71145,2.54046,8.35802
369016,3690173,2402,-1158,12326,147,-168,348,0.05462,-0.07246,1.01495,1.71603,0.12061,4.80076
369017,3690183,3318,-1638,11740,129,-129,754,0.11083,-0.10191,0.98013,1.57863,0.41832,7.9
369018,3690193,3074,-1150,12110,155,-200,980,0.09586,-0.07197,1.00212,1.7771,-0.12366,9.62519
369019,3690203,2818,-1408,11878,212,-272,1159,0.08015,-0.0878,0.98833,2.21221,-0.67328,10.9916
369020,3690213,3436,-1418,11726,-408,-15,1959,0.11807,-0.08841,0.9793,-2.52061,1.28855,17.09847
369021,3690223,2462,-1166,11836,-396,576,2653,0.0583,-0.07295,0.98583,-2.42901,5.8,22.39618
369022,3690233,2648,-654,11896,-283,315,2875,0.06972,-0.04155,0.9894,-1.56641,3.80763,24.09084
369023,3690243,1590,-1840,12208,-442,-320,2697,0.00479,-0.1143,1.00794,-2.78015,-1.03969,22.73206
369024,3690253,1490,-312,12198,-358,-239,4059,-0.00134,-0.02057,1.00734,-2.13893,-0.42137,33.12901
369025,3690263,-1640,174,11950,189,-310,3970,-0.19342,0.00924,0.99261,2.03664,-0.96336,32.44962
369026,3690273,-2442,2584,12028,148,-21,4520,-0.24263,0.15708,0.99724,1.72366,1.24275,36.64809
369027,3690283,-3284,3370,12194,-9,383,3187,-0.2943,0.20529,1.00711,0.52519,4.32672,26.47252
369028,3690293,-1666,3322,12046,-58,111,1323,-0.19501,0.20234,0.99831,0.15115,2.25038,12.24351
369029,3690303,-2032,4062,11974,42,101,-652,-0.21747,0.24774,0.99403,0.9145,2.17405,-2.83282
369030,3690313,-6032,5620,12018,-16,270,-1527,-0.46294,0.34331,0.99665,0.47176,3.46412,-9.51221
369031,3690323,-5922,4194,12028,-352,-550,-1570,-0.45619,0.25583,0.99724,-2.09313,-2.79542,-9.84046
369032,3690333,-6736,4142,12148,122,-816,-1718,-0.50614,0.25264,1.00437,1.52519,-4.82595,-10.97023
369033,3690343,-4188,2056,10424,783,-2111,-524,-0.34978,0.12469,0.90193,6.57099,-14.71145,-1.85573
369034,3690353,-1482,1844,11530,-524,438,-2355,-0.18372,0.11168,0.96765,-3.40611,4.74656,-15.83282
369035,3690363,-3402,860,10856,-363,976,-5722,-0.30155,0.05132,0.9276,-2.1771,8.85344,-41.53511
369036,3690373,1312,1450,10712,-376,-1720,-5589,-0.01227,0.08751,0.91905,-2.27634,-11.72672,-40.51985
369037,3690383,3258,-1676,10990,-768,-313,-6733,0.10715,-0.10424,0.93557,-5.2687,-0.98626,-49.25267
369038,3690393,5424,-1686,12162,-563,-466,-7354,0.24007,-0.10485,1.00521,-3.70382,-2.1542,-53.99313
369039,3690403,5624,-2136,11788,-728,-132,-7179,0.25234,-0.13245,0.98298,-4.96336,0.39542,-52.65725
369040,3690413,7970,-2818,12420,131,-595,-7737,0.39631,-0.17429,1.02054,1.59389,-3.13893,-56.91679
369041,3690423,12314,-7440,12434,669,-1339,-7227,0.66288,-0.4578,1.02137,5.70076,-8.81832,-53.02367
369042,3690433,11864,-7086,11960,98,-664,-4616,0.63527,-0.43609,0.9932,1.34198,-3.66565,-33.09237
369043,3690443,6084,-2316,11988,129,-112,-58,0.28057,-0.14349,0.99487,1.57863,0.54809,1.70153
369044,3690453,11110,-4996,11856,152,669,3016,0.589,-0.30789,0.98702,1.7542,6.50992,25.16718
369045,3690463,13072,-7956,12300,-46,-105,1010,0.7094,-0.48946,1.0134,0.24275,0.60153,9.8542
369046,3690473,11018,-8478,11866,-487,-1085,3197,0.58335,-0.52148,0.98762,-3.12366,-6.87939,26.54885
369047,3690483,5580,-1536,12124,-101,-130,6387,0.24964,-0.09565,1.00295,-0.1771,0.41069,50.9
369048,3690493,616,-1616,12462,-414,521,8248,-0.05498,-0.10056,1.02303,-2.56641,5.38015,65.10611
369049,3690503,1316,-88,11396,209,34,11248,-0.01202,-0.00683,0.95969,2.18931,1.6626,88.00687
369050,3690513,-4680,1194,11678,268,-146,7168,-0.37997,0.07181,0.97645,2.63969,0.28855,56.86183
369051,3690523,-7690,5672,12464,-544,789,7503,-0.56468,0.3465,1.02315,-3.55878,7.42595,59.41908
369052,3690533,-9770,3852,12022,94,843,5156,-0.69232,0.23485,0.99689,1.31145,7.83817,41.50305
369053,3690543,-6782,3300,12480,652,552,1529,-0.50896,0.20099,1.0241,5.57099,5.61679,13.81603
369054,3690553,-4940,1852,12384,508,-871,-3343,-0.39593,0.11217,1.0184,4.47176,-5.2458,-23.37481
369055,3690563,-7834,2220,12114,-141,145,-9468,-0.57352,0.13475,1.00235,-0.48244,2.50992,-70.13053
369056,3690573,-13906,4616,11734,-114,292,-13196,-0.94613,0.28172,0.97977,-0.27634,3.63206,-98.58855
369057,3690583,-8236,4976,11476,-479,-733,-10619,-0.59819,0.3038,0.96444,-3.0626,-4.19237,-78.91679
369058,3690593,-5280,2876,11716,-172,-1496,-10073,-0.41679,0.17499,0.9787,-0.71908,-10.01679,-74.74886
369059,3690603,-380,-384,12054,-464,-974,-10468,-0.1161,-0.02498,0.99879,-2.94809,-6.03206,-77.76412
369060,3690613,128,-92,11752,-511,-188,-11644,-0.08492,-0.00707,0.98084,-3.30687,-0.03206,-86.74122
369061,3690623,784,-1658,11990,-528,-6,-12679,-0.04467,-0.10313,0.99498,-3.43664,1.35725,-94.64198
369062,3690633,7252,-4808,12062,-161,-976,-11778,0.35225,-0.29636,0.99926,-0.63511,-6.04733,-87.76412
369063,3690643,12528,-5722,12426,-162,-597,-12118,0.67601,-0.35242,1.02089,-0.64275,-3.1542,-90.35954
369064,3690653,14984,-4798,12070,250,-447,-9223,0.82673,-0.29574,0.99974,2.50229,-2.00916,-68.2603
369065,3690663,12072,-4988,12266,-311,-79,-3322,0.64803,-0.3074,1.01138,-1.78015,0.8,-23.2145
369066,3690673,11270,-6130,12986,-90,-526,4369,0.59881,-0.37745,1.05417,-0.09313,-2.61221,35.49542
369067,3690683,13860,-4610,11940,273,-486,13720,0.75775,-0.28421,0.99201,2.67786,-2.30687,106.87711
369068,3690693,17096,-8360,11204,268,67,17784,0.95633,-0.51424,0.94828,2.63969,1.9145,137.90001
369069,3690703,17288,-6314,11052,-215,146,17447,0.96811,-0.38873,0.93925,-1.04733,2.51756,135.32748
369070,3690713,9594,-2806,11048,887,-892,10579,0.49597,-0.17355,0.93901,7.36489,-5.40611,82.9
369071,3690723,3422,-1430,11124,781,364,9457,0.11721,-0.08915,0.94353,6.55573,4.18168,74.33512
369072,3690733,294,-508,10938,564,605,7610,-0.07474,-0.03259,0.93248,4.89924,6.02137,60.23588
369073,3690743,1978,1458,12610,-1463,1115,10029,0.0286,0.08801,1.03183,-10.57405,9.9145,78.70153
369074,3690753,-1308,1524,11332,107,-1136,5575,-0.17305,0.09205,0.95589,1.41069,-7.2687,44.70153
369075,3690763,1902,2548,11930,-1127,11,5819,0.02394,0.15487,0.99142,-8.00916,1.48702,46.56412
369076,3690773,-2492,1390,11880,-195,-865,2768,-0.2457,0.08383,0.98845,-0.89466,-5.2,23.27405
369077,3690783,-644,4964,11966,-490,411,2188,-0.1323,0.30307,0.99356,-3.14656,4.54046,18.84656
369078,3690793,-3570,5838,12698,97,-508,-566,-0.31186,0.35668,1.03705,1.33435,-2.47481,-2.17634
369079,3690803,-6162,4752,12234,-311,-185,-463,-0.47092,0.29006,1.00948,-1.78015,-0.00916,-1.39008
369080,3690813,-2978,4720,11856,35,-603,1861,-0.27553,0.2881,0.98702,0.86107,-3.2,16.35038
369081,3690823,-4202,5752,12130,-45,-332,1508,-0.35064,0.3514,1.0033,0.25038,-1.1313,13.65573
369082,3690833,-4100,4908,12168,-32,-56,828,-0.34438,0.29963,1.00556,0.34962,0.97557,8.46489
369083,3690843,-112,1802,11990,-47,-101,638,-0.09965,0.10911,0.99498,0.23511,0.63206,7.0145
369084,3690853,3044,2652,12074,-113,-321,606,0.09402,0.16125,0.99998,-0.2687,-1.04733,6.77023
369085,3690863,1502,3528,11826,-101,-442,577,-0.00061,0.21498,0.98524,-0.1771,-1.97099,6.54886
369086,3690873,1182,2804,11780,-15,-366,-302,-0.02024,0.17057,0.98251,0.47939,-1.39084,-0.16107
369087,3690883,534,3046,12422,-208,8,-2199,-0.06001,0.18541,1.02065,-0.99389,1.46412,-14.64198
369088,3690893,-512,1822,12080,-309,258,-2422,-0.1242,0.11033,1.00033,-1.76489,3.37252,-16.34428
369089,3690903,-766,3514,11736,-161,522,-4128,-0.13979,0.21412,0.97989,-0.63511,5.38779,-29.36718
369090,3690913,-250,48,11880,123,-172,-6044,-0.10812,0.00152,0.98845,1.53282,0.09008,-43.99313
369091,3690923,-218,-870,12184,-44,-326,-6635,-0.10616,-0.0548,1.00651,0.25802,-1.0855,-48.50458
369092,3690933,-252,1790,12306,-149,-71,-5920,-0.10824,0.10837,1.01376,-0.54351,0.86107,-43.04657
369093,3690943,-1316,1356,11706,177,-193,-6257,-0.17354,0.08175,0.97811,1.94504,-0.07023,-45.61908
369094,3690953,-22,54,11896,-91,-365,-6786,-0.09413,0.00188,0.9894,-0.10076,-1.38321,-49.65725
369095,3690963,-492,-694,11486,-260,-333,-5763,-0.12297,-0.044,0.96504,-1.39084,-1.13893,-41.84809
369096,3690973,732,-1620,12240,174,14,-5873,-0.04786,-0.1008,1.00984,1.92214,1.50992,-42.68779
369097,3690983,694,600,12630,76,-614,-3809,-0.05019,0.03538,1.03301,1.17405,-3.28397,-26.93206
369098,3690993,88,54,11666,111,-40,-3258,-0.08738,0.00188,0.97573,1.44122,1.09771,-22.72595
369099,3691003,2656,-3380,11420,567,-328,-3668,0.07021,-0.20876,0.96112,4.92214,-1.10076,-25.85573
369100,3691013,2182,-1742,12738,65,737,-2804,0.04112,-0.10828,1.03943,1.09008,7.02901,-19.26031
369101,3691023,1686,-1034,12080,-433,-65,-1566,0.01068,-0.06486,1.00033,-2.71145,0.90687,-9.80992
369102,3691033,3696,-2286,12822,547,77,-1322,0.13403,-0.14165,1.04442,4.76947,1.99084,-7.94733
369103,3691043,2066,258,11810,-274,-1315,377,0.034,0.0144,0.98429,-1.49771,-8.63511,5.02214
369104,3691053,1502,-742,12134,-167,-106,-190,-0.00061,-0.04694,1.00354,-0.68092,0.59389,0.69389
369105,3691063,2530,-728,11918,-182,-476,-799,0.06248,-0.04609,0.99071,-0.79542,-2.23053,-3.95496
369106,3691073,2358,-282,11906,-347,-77,-721,0.05192,-0.01873,0.98999,-2.05496,0.81527,-3.35954
369107,3691083,1190,-158,11892,-365,-20,-1171,-0.01975,-0.01112,0.98916,-2.19237,1.25038,-6.79466
369108,3691093,2118,-1112,12100,-147,-199,-1016,0.03719,-0.06964,1.00152,-0.52824,-0.11603,-5.61145
369109,3691103,2084,-1924,12102,-45,-560,-182,0.03511,-0.11945,1.00164,0.25038,-2.87176,0.75496
369110,3691113,460,364,11558,-131,-406,-72,-0.06455,0.0209,0.96932,-0.40611,-1.69618,1.59466
369111,3691123,1130,-1070,12062,167,-153,-283,-0.02344,-0.06706,0.99926,1.8687,0.23511,-0.01603
369112,3691133,2500,-1620,12046,62,-174,-818,0.06064,-0.1008,0.99831,1.06718,0.07481,-4.1
369113,3691143,1528,-232,12046,95,97,-1114,0.00099,-0.01566,0.99831,1.31908,2.14351,-6.35954
369114,3691153,2142,-1288,12132,121,-144,-1559,0.03867,-0.08044,1.00342,1.51756,0.30382,-9.75649
369115,3691163,2084,-304,11980,-281,-349,-1592,0.03511,-0.02008,0.99439,-1.55114,-1.26107,-10.0084
369116,3691173,1848,-996,12132,-359,-139,-1288,0.02063,-0.06252,1.00342,-2.14656,0.34198,-7.68779
369117,3691183,2340,-1096,12086,-205,-305,-1432,0.05082,-0.06866,1.00069,-0.97099,-0.92519,-8.78702
369118,3691193,2076,-822,12046,-139,-222,-1127,0.03462,-0.05185,0.99831,-0.46718,-0.2916,-6.45878
369119,3691203,2014,-658,12032,-56,-161,-979,0.03081,-0.04179,0.99748,0.16641,0.17405,-5.32901
369120,3691213,1786,-386,12062,-77,-203,-783,0.01682,-0.02511,0.99926,0.00611,-0.14656,-3.83282
369121,3691223,1488,-264,12054,-82,-185,-557,-0.00147,-0.01762,0.99879,-0.03206,-0.00916,-2.10763
369122,3691233,1378,-274,12026,-80,-166,-597,-0.00822,-0.01824,0.99712,-0.01679,0.13588,-2.41298
369123,3691243,1350,-184,12032,-82,-172,-715,-0.00994,-0.01272,0.99748,-0.03206,0.09008,-3.31374
369124,3691253,1482,-136,12064,-83,-159,-869,-0.00183,-0.00977,0.99938,-0.03969,0.18931,-4.48931
369125,3691263,1398,-146,12098,-64,-161,-704,-0.00699,-0.01038,1.0014,0.10534,0.17405,-3.22977
369126,3691273,1482,-148,12148,-65,-158,-391,-0.00183,-0.01051,1.00437,0.09771,0.19695,-0.84046
369127,3691283,1400,-188,12086,-71,-177,-223,-0.00687,-0.01296,1.00069,0.05191,0.05191,0.44198
369128,3691293,1394,-162,12056,-68,-186,-179,-0.00724,-0.01137,0.99891,0.07481,-0.01679,0.77786
369129,3691303,1402,-122,12068,-76,-183,-139,-0.00674,-0.00891,0.99962,0.01374,0.00611,1.08321
369130,3691313,1414,-172,12090,-80,-185,-145,-0.00601,-0.01198,1.00093,-0.01679,-0.00916,1.0374
369131,3691323,1424,-214,11988,-85,-183,-175,-0.00539,-0.01456,0.99487,-0.05496,0.00611,0.8084
369132,3691333,1396,-212,11998,-90,-181,-173,-0.00711,-0.01443,0.99546,-0.09313,0.02137,0.82366
369133,3691343,1412,-240,12026,-89,-179,-180,-0.00613,-0.01615,0.99712,-0.0855,0.03664,0.77023
369134,3691353,1400,-246,12016,-83,-169,-172,-0.00687,-0.01652,0.99653,-0.03969,0.11298,0.8313
369135,3691363,1436,-180,12036,-81,-163,-158,-0.00466,-0.01247,0.99772,-0.02443,0.15878,0.93817
369136,3691373,1384,-188,12060,-80,-158,-140,-0.00785,-0.01296,0.99914,-0.01679,0.19695,1.07557
369137,3691383,1400,-174,12076,-85,-162,-126,-0.00687,-0.0121,1.0001,-0.05496,0.16641,1.18244
369138,3691393,1382,-188,12058,-77,-177,-126,-0.00797,-0.01296,0.99903,0.00611,0.05191,1.18244
369139,3691403,1322,-232,12070,-73,-172,-148,-0.01165,-0.01566,0.99974,0.03664,0.09008,1.0145
369140,3691413,1378,-220,12060,-69,-159,-175,-0.00822,-0.01492,0.99914,0.06718,0.18931,0.8084
369141,3691423,1406,-168,12134,-64,-183,-204,-0.0065,-0.01173,1.00354,0.10534,0.00611,0.58702
369142,3691433,1352,-148,12022,-68,-185,-201,-0.00981,-0.01051,0.99689,0.07481,-0.00916,0.60992
369143,3691443,1380,-204,12016,-77,-187,-232,-0.00809,-0.01394,0.99653,0.00611,-0.02443,0.37328
369144,3691453,1434,-192,12090,-81,-198,-260,-0.00478,-0.01321,1.00093,-0.02443,-0.1084,0.15954
369145,3691463,1394,-224,12080,-81,-201,-292,-0.00724,-0.01517,1.00033,-0.02443,-0.1313,-0.08473
369146,3691473,1370,-214,12088,-77,-185,-299,-0.00871,-0.01456,1.00081,0.00611,-0.00916,-0.13817
369147,3691483,1424,-188,12018,-75,-183,-289,-0.00539,-0.01296,0.99665,0.02137,0.00611,-0.06183
369148,3691493,1396,-172,12050,-72,-179,-288,-0.00711,-0.01198,0.99855,0.04427,0.03664,-0.0542
369149,3691503,1430,-162,12142,-83,-181,-290,-0.00503,-0.01137,1.00402,-0.03969,0.02137,-0.06947
369150,3691513,1422,-202,12090,-75,-190,-288,-0.00552,-0.01382,1.00093,0.02137,-0.04733,-0.0542
369151,3691523,1426,-194,12058,-74,-194,-282,-0.00527,-0.01333,0.99903,0.02901,-0.07786,-0.0084
369152,3691533,1388,-146,12032,-76,-200,-292,-0.0076,-0.01038,0.99748,0.01374,-0.12366,-0.08473
369153,3691543,1310,-226,12086,-72,-187,-282,-0.01239,-0.01529,1.00069,0.04427,-0.02443,-0.0084
369154,3691553,1368,-210,12032,-72,-203,-288,-0.00883,-0.01431,0.99748,0.04427,-0.14656,-0.0542
369155,3691563,1368,-158,12106,-71,-194,-296,-0.00883,-0.01112,1.00188,0.05191,-0.07786,-0.11527
369156,3691573,1396,-146,12016,-76,-191,-293,-0.00711,-0.01038,0.99653,0.01374,-0.05496,-0.09237
369157,3691583,1338,-228,12040,-73,-194,-293,-0.01067,-0.01541,0.99796,0.03664,-0.07786,-0.09237
369158,3691593,1352,-178,12018,-77,-197,-294,-0.00981,-0.01235,0.99665,0.00611,-0.10076,-0.1
369159,3691603,1418,-228,12042,-76,-194,-293,-0.00576,-0.01541,0.99807,0.01374,-0.07786,-0.09237
369160,3691613,1424,-192,12040,-72,-196,-289,-0.00539,-0.01321,0.99796,0.04427,-0.09313,-0.06183
369161,3691623,1406,-182,12010,-75,-195,-293,-0.0065,-0.01259,0.99617,0.02137,-0.0855,-0.09237
369162,3691633,1458,-200,12064,-70,-193,-293,-0.00331,-0.0137,0.99938,0.05954,-0.07023,-0.09237
369163,3691643,1400,-190,12052,-70,-188,-302,-0.00687,-0.01308,0.99867,0.05954,-0.03206,-0.16107
369164,3691653,1368,-208,12086,-72,-185,-295,-0.00883,-0.01419,1.00069,0.04427,-0.00916,-0.10763
369165,3691663,1420,-206,12054,-79,-174,-294,-0.00564,-0.01407,0.99879,-0.00916,0.07481,-0.1
369166,3691673,1368,-184,12056,-77,-183,-302,-0.00883,-0.01272,0.99891,0.00611,0.00611,-0.16107
369167,3691683,1372,-208,12020,-79,-194,-306,-0.00859,-0.01419,0.99677,-0.00916,-0.07786,-0.1916
369168,3691693,1414,-146,12108,-79,-196,-305,-0.00601,-0.01038,1.002,-0.00916,-0.09313,-0.18397
369169,3691703,1382,-158,12064,-76,-189,-296,-0.00797,-0.01112,0.99938,0.01374,-0.03969,-0.11527
369170,3691713,1412,-214,12024,-71,-194,-289,-0.00613,-0.01456,0.99701,0.05191,-0.07786,-0.06183
369171,3691723,1400,-242,12084,-78,-190,-293,-0.00687,-0.01627,1.00057,-0.00153,-0.04733,-0.09237
369172,3691733,1386,-136,12082,-82,-198,-287,-0.00773,-0.00977,1.00045,-0.03206,-0.1084,-0.04656
369173,3691743,1404,-166,12006,-71,-184,-283,-0.00662,-0.01161,0.99594,0.05191,-0.00153,-0.01603
369174,3691753,1396,-184,12044,-75,-189,-293,-0.00711,-0.01272,0.99819,0.02137,-0.03969,-0.09237
369175,3691763,1404,-210,12056,-75,-190,-297,-0.00662,-0.01431,0.99891,0.02137,-0.04733,-0.1229
369176,3691773,1408,-154,12106,-79,-192,-296,-0.00638,-0.01088,1.00188,-0.00916,-0.0626,-0.11527
369177,3691783,1400,-184,12096,-77,-183,-295,-0.00687,-0.01272,1.00128,0.00611,0.00611,-0.10763
369178,3691793,1354,-182,12064,-73,-195,-294,-0.00969,-0.01259,0.99938,0.03664,-0.0855,-0.1
369179,3691803,1356,-194,11994,-73,-195,-297,-0.00957,-0.01333,0.99522,0.03664,-0.0855,-0.1229
369180,3691813,1344,-214,12062,-75,-186,-293,-0.0103,-0.01456,0.99926,0.02137,-0.01679,-0.09237
369181,3691823,1342,-182,12068,-75,-186,-296,-0.01043,-0.01259,0.99962,0.02137,-0.01679,-0.11527
369182,3691833,1330,-164,12052,-76,-183,-296,-0.01116,-0.01149,0.99867,0.01374,0.00611,-0.11527
369183,3691843,1382,-232,12056,-75,-188,-298,-0.00797,-0.01566,0.99891,0.02137,-0.03206,-0.13053
369184,3691853,1404,-190,12044,-72,-190,-289,-0.00662,-0.01308,0.99819,0.04427,-0.04733,-0.06183
369185,3691863,1402,-248,12028,-77,-182,-292,-0.00674,-0.01664,0.99724,0.00611,0.01374,-0.08473
369186,3691873,1396,-192,12024,-81,-189,-288,-0.00711,-0.01321,0.99701,-0.02443,-0.03969,-0.0542
369187,3691883,1400,-204,12018,-76,-178,-287,-0.00687,-0.01394,0.99665,0.01374,0.04427,-0.04656
369188,3691893,1448,-196,12042,-74,-187,-290,-0.00392,-0.01345,0.99807,0.02901,-0.02443,-0.06947
369189,3691903,1434,-188,12082,-73,-189,-295,-0.00478,-0.01296,1.00045,0.03664,-0.03969,-0.10763
369190,3691913,1432,-222,12092,-74,-180,-290,-0.0049,-0.01505,1.00105,0.02901,0.02901,-0.06947
369191,3691923,1394,-198,12054,-78,-189,-292,-0.00724,-0.01357,0.99879,-0.00153,-0.03969,-0.08473
369192,3691933,1426,-204,12078,-75,-197,-295,-0.00527,-0.01394,1.00021,0.02137,-0.10076,-0.10763
369193,3691943,1420,-220,12028,-78,-185,-291,-0.00564,-0.01492,0.99724,-0.00153,-0.00916,-0.0771
369194,3691953,1358,-218,12034,-78,-180,-298,-0.00944,-0.0148,0.9976,-0.00153,0.02901,-0.13053
369195,3691963,1412,-202,12038,-68,-181,-294,-0.00613,-0.01382,0.99784,0.07481,0.02137,-0.1
369196,3691973,1354,-202,12064,-73,-177,-292,-0.00969,-0.01382,0.99938,0.03664,0.05191,-0.08473
369197,3691983,1394,-184,12070,-73,-185,-284,-0.00724,-0.01272,0.99974,0.03664,-0.00916,-0.02366
369198,3691993,1406,-190,11982,-78,-190,-290,-0.0065,-0.01308,0.99451,-0.00153,-0.04733,-0.06947
369199,3692003,1382,-172,11986,-82,-188,-285,-0.00797,-0.01198,0.99475,-0.03206,-0.03206,-0.0313
369200,3692013,1394,-188,12042,-78,-183,-285,-0.00724,-0.01296,0.99807,-0.00153,0.00611,-0.0313
369201,3692023,1376,-224,12068,-85,-181,-286,-0.00834,-0.01517,0.99962,-0.05496,0.02137,-0.03893
369202,3692033,1472,-154,12014,-79,-177,-286,-0.00245,-0.01088,0.99641,-0.00916,0.05191,-0.03893
369203,3692043,1394,-198,12056,-72,-188,-288,-0.00724,-0.01357,0.99891,0.04427,-0.03206,-0.0542
369204,3692053,1326,-210,12022,-75,-195,-284,-0.01141,-0.01431,0.99689,0.02137,-0.0855,-0.02366
369205,3692063,1362,-222,12014,-77,-179,-279,-0.0092,-0.01505,0.99641,0.00611,0.03664,0.0145
369206,3692073,1380,-172,12050,-73,-193,-296,-0.00809,-0.01198,0.99855,0.03664,-0.07023,-0.11527
369207,3692083,1354,-188,12092,-77,-186,-290,-0.00969,-0.01296,1.00105,0.00611,-0.01679,-0.06947
369208,3692093,1340,-180,12058,-84,-193,-287,-0.01055,-0.01247,0.99903,-0.04733,-0.07023,-0.04656
369209,3692103,1396,-198,12050,-77,-189,-287,-0.00711,-0.01357,0.99855,0.00611,-0.03969,-0.04656
369210,3692113,1370,-178,12028,-75,-187,-296,-0.00871,-0.01235,0.99724,0.02137,-0.02443,-0.11527
369211,3692123,1370,-172,11980,-79,-191,-288,-0.00871,-0.01198,0.99439,-0.00916,-0.05496,-0.0542
369212,3692133,1384,-186,12036,-82,-182,-287,-0.00785,-0.01284,0.99772,-0.03206,0.01374,-0.04656
369213,3692143,1410,-208,12002,-77,-185,-288,-0.00625,-0.01419,0.9957,0.00611,-0.00916,-0.0542
369214,3692153,1358,-252,12012,-73,-182,-288,-0.00944,-0.01689,0.99629,0.03664,0.01374,-0.0542
369215,3692163,1400,-226,12040,-75,-177,-290,-0.00687,-0.01529,0.99796,0.02137,0.05191,-0.06947
369216,3692173,1412,-214,12046,-79,-180,-285,-0.00613,-0.01456,0.99831,-0.00916,0.02901,-0.0313
369217,3692183,1396,-220,12022,-77,-189,-287,-0.00711,-0.01492,0.99689,0.00611,-0.03969,-0.04656
369218,3692193,1322,-208,12072,-75,-187,-289,-0.01165,-0.01419,0.99986,0.02137,-0.02443,-0.06183
369219,3692203,1402,-192,12026,-74,-199,-292,-0.00674,-0.01321,0.99712,0.02901,-0.11603,-0.08473
369220,3692213,1384,-150,12064,-71,-188,-293,-0.00785,-0.01063,0.99938,0.05191,-0.03206,-0.09237
369221,3692223,1372,-212,12094,-74,-180,-292,-0.00859,-0.01443,1.00116,0.02901,0.02901,-0.08473
369222,3692233,1352,-180,12020,-81,-183,-294,-0.00981,-0.01247,0.99677,-0.02443,0.00611,-0.1
369223,3692243,1394,-230,12092,-82,-192,-288,-0.00724,-0.01554,1.00105,-0.03206,-0.0626,-0.0542
369224,3692253,1390,-196,12036,-82,-188,-291,-0.00748,-0.01345,0.99772,-0.03206,-0.03206,-0.0771
369225,3692263,1378,-166,12000,-85,-186,-286,-0.00822,-0.01161,0.99558,-0.05496,-0.01679,-0.03893
369226,3692273,1370,-190,12056,-74,-184,-284,-0.00871,-0.01308,0.99891,0.02901,-0.00153,-0.02366
369227,3692283,1404,-186,12050,-74,-188,-290,-0.00662,-0.01284,0.99855,0.02901,-0.03206,-0.06947
369228,3692293,1396,-212,12044,-78,-189,-295,-0.00711,-0.01443,0.99819,-0.00153,-0.03969,-0.10763
369229,3692303,1422,-196,12014,-75,-183,-291,-0.00552,-0.01345,0.99641,0.02137,0.00611,-0.0771
369230,3692313,1396,-212,12072,-80,-187,-289,-0.00711,-0.01443,0.99986,-0.01679,-0.02443,-0.06183
369231,3692323,1390,-184,12048,-77,-190,-288,-0.00748,-0.01272,0.99843,0.00611,-0.04733,-0.0542
369232,3692333,1400,-178,12058,-78,-195,-291,-0.00687,-0.01235,0.99903,-0.00153,-0.0855,-0.0771
369233,3692343,1428,-168,12068,-79,-190,-291,-0.00515,-0.01173,0.99962,-0.00916,-0.04733,-0.0771
369234,3692353,1344,-160,12116,-81,-180,-289,-0.0103,-0.01124,1.00247,-0.02443,0.02901,-0.06183
369235,3692363,1408,-162,12030,-77,-182,-286,-0.00638,-0.01137,0.99736,0.00611,0.01374,-0.03893
369236,3692373,1368,-162,12072,-73,-189,-286,-0.00883,-0.01137,0.99986,0.03664,-0.03969,-0.03893
369237,3692383,1394,-182,12050,-73,-187,-292,-0.00724,-0.01259,0.99855,0.03664,-0.02443,-0.08473
369238,3692393,1426,-156,11988,-75,-189,-290,-0.00527,-0.011,0.99487,0.02137,-0.03969,-0.06947
369239,3692403,1386,-178,12014,-72,-190,-291,-0.00773,-0.01235,0.99641,0.04427,-0.04733,-0.0771
369240,3692413,1420,-208,12072,-73,-187,-281,-0.00564,-0.01419,0.99986,0.03664,-0.02443,-0.00076
369241,3692423,1398,-168,12038,-72,-191,-278,-0.00699,-0.01173,0.99784,0.04427,-0.05496,0.02214
369242,3692433,1412,-188,12020,-74,-192,-282,-0.00613,-0.01296,0.99677,0.02901,-0.0626,-0.0084
369243,3692443,1398,-166,12088,-73,-186,-280,-0.00699,-0.01161,1.00081,0.03664,-0.01679,0.00687
369244,3692453,1390,-206,12058,-80,-189,-286,-0.00748,-0.01407,0.99903,-0.01679,-0.03969,-0.03893
369245,3692463,1376,-194,12112,-77,-188,-279,-0.00834,-0.01333,1.00223,0.00611,-0.03206,0.0145
369246,3692473,1398,-148,12076,-81,-193,-283,-0.00699,-0.01051,1.0001,-0.02443,-0.07023,-0.01603
369247,3692483,1428,-172,12060,-74,-175,-283,-0.00515,-0.01198,0.99914,0.02901,0.06718,-0.01603
369248,3692493,1418,-208,12006,-81,-183,-275,-0.00576,-0.01419,0.99594,-0.02443,0.00611,0.04504
369249,3692503,1364,-198,12068,-76,-180,-276,-0.00908,-0.01357,0.99962,0.01374,0.02901,0.0374
369250,3692513,1374,-176,12048,-71,-189,-278,-0.00846,-0.01223,0.99843,0.05191,-0.03969,0.02214
369251,3692523,1442,-162,12104,-79,-194,-272,-0.00429,-0.01137,1.00176,-0.00916,-0.07786,0.06794
369252,3692533,1412,-202,12028,-81,-191,-265,-0.00613,-0.01382,0.99724,-0.02443,-0.05496,0.12137
369253,3692543,1384,-200,12046,-78,-191,-259,-0.00785,-0.0137,0.99831,-0.00153,-0.05496,0.16718
369254,3692553,1392,-224,12044,-72,-188,-259,-0.00736,-0.01517,0.99819,0.04427,-0.03206,0.16718
369255,3692563,1404,-198,12080,-83,-187,-257,-0.00662,-0.01357,1.00033,-0.03969,-0.02443,0.18244
369256,3692573,1382,-206,12070,-74,-191,-259,-0.00797,-0.01407,0.99974,0.02901,-0.05496,0.16718
369257,3692583,1408,-206,12024,-74,-189,-276,-0.00638,-0.01407,0.99701,0.02901,-0.03969,0.0374
369258,3692593,1414,-168,12030,-76,-187,-275,-0.00601,-0.01173,0.99736,0.01374,-0.02443,0.04504
369259,3692603,1382,-196,12050,-73,-191,-272,-0.00797,-0.01345,0.99855,0.03664,-0.05496,0.06794
369260,3692613,1374,-172,12004,-80,-182,-269,-0.00846,-0.01198,0.99582,-0.01679,0.01374,0.09084
369261,3692623,1386,-158,12048,-80,-183,-266,-0.00773,-0.01112,0.99843,-0.01679,0.00611,0.11374
369262,3692633,1400,-184,12038,-74,-175,-255,-0.00687,-0.01272,0.99784,0.02901,0.06718,0.19771
369263,3692643,1416,-176,12012,-69,-179,-246,-0.00588,-0.01223,0.99629,0.06718,0.03664,0.26641
369264,3692653,1350,-220,12084,-72,-182,-246,-0.00994,-0.01492,1.00057,0.04427,0.01374,0.26641
369265,3692663,1396,-190,12104,-71,-187,-248,-0.00711,-0.01308,1.00176,0.05191,-0.02443,0.25115
369266,3692673,1382,-200,12036,-78,-193,-249,-0.00797,-0.0137,0.99772,-0.00153,-0.07023,0.24351
369267,3692683,1382,-204,11972,-77,-192,-252,-0.00797,-0.01394,0.99392,0.00611,-0.0626,0.22061
369268,3692693,1404,-224,12040,-76,-197,-248,-0.00662,-0.01517,0.99796,0.01374,-0.10076,0.25115
369269,3692703,1394,-212,12078,-75,-190,-244,-0.00724,-0.01443,1.00021,0.02137,-0.04733,0.28168
369270,3692713,1386,-248,12064,-70,-182,-249,-0.00773,-0.01664,0.99938,0.05954,0.01374,0.24351
369271,3692723,1366,-218,11992,-71,-186,-258,-0.00895,-0.0148,0.9951,0.05191,-0.01679,0.17481
369272,3692733,1378,-200,12038,-75,-190,-262,-0.00822,-0.0137,0.99784,0.02137,-0.04733,0.14427
369273,3692743,1364,-216,12042,-75,-188,-260,-0.00908,-0.01468,0.99807,0.02137,-0.03206,0.15954
369274,3692753,1414,-170,12016,-71,-192,-266,-0.00601,-0.01186,0.99653,0.05191,-0.0626,0.11374
369275,3692763,1420,-196,12072,-67,-193,-267,-0.00564,-0.01345,0.99986,0.08244,-0.07023,0.10611
369276,3692773,1364,-180,12000,-66,-193,-262,-0.00908,-0.01247,0.99558,0.09008,-0.07023,0.14427
369277,3692783,1392,-162,12026,-78,-189,-267,-0.00736,-0.01137,0.99712,-0.00153,-0.03969,0.10611
369278,3692793,1368,-210,12062,-75,-182,-278,-0.00883,-0.01431,0.99926,0.02137,0.01374,0.02214
369279,3692803,1386,-156,12044,-76,-192,-279,-0.00773,-0.011,0.99819,0.01374,-0.0626,0.0145
369280,3692813,1382,-148,12060,-78,-191,-284,-0.00797,-0.01051,0.99914,-0.00153,-0.05496,-0.02366
369281,3692823,1400,-166,11998,-75,-193,-280,-0.00687,-0.01161,0.99546,0.02137,-0.07023,0.00687
369282,3692833,1368,-184,12042,-70,-195,-276,-0.00883,-0.01272,0.99807,0.05954,-0.0855,0.0374
369283,3692843,1422,-204,12012,-74,-181,-281,-0.00552,-0.01394,0.99629,0.02901,0.02137,-0.00076
369284,3692853,1452,-192,12006,-73,-186,-283,-0.00368,-0.01321,0.99594,0.03664,-0.01679,-0.01603
369285,3692863,1410,-220,12044,-76,-192,-285,-0.00625,-0.01492,0.99819,0.01374,-0.0626,-0.0313
369286,3692873,1400,-240,12088,-81,-190,-285,-0.00687,-0.01615,1.00081,-0.02443,-0.04733,-0.0313
369287,3692883,1384,-196,12050,-77,-187,-291,-0.00785,-0.01345,0.99855,0.00611,-0.02443,-0.0771
369288,3692893,1388,-170,11982,-79,-189,-288,-0.0076,-0.01186,0.99451,-0.00916,-0.03969,-0.0542
369289,3692903,1352,-180,12010,-76,-191,-291,-0.00981,-0.01247,0.99617,0.01374,-0.05496,-0.0771
369290,3692913,1396,-174,11964,-74,-189,-291,-0.00711,-0.0121,0.99344,0.02901,-0.03969,-0.0771
369291,3692923,1362,-186,11984,-73,-186,-284,-0.0092,-0.01284,0.99463,0.03664,-0.01679,-0.02366
369292,3692933,1422,-184,12100,-74,-179,-289,-0.00552,-0.01272,1.00152,0.02901,0.03664,-0.06183
369293,3692943,1404,-226,12036,-74,-190,-287,-0.00662,-0.01529,0.99772,0.02901,-0.04733,-0.04656
369294,3692953,1394,-170,12096,-74,-198,-290,-0.00724,-0.01186,1.00128,0.02901,-0.1084,-0.06947
369295,3692963,1376,-156,12152,-78,-195,-285,-0.00834,-0.011,1.00461,-0.00153,-0.0855,-0.0313
369296,3692973,1404,-170,12018,-74,-193,-284,-0.00662,-0.01186,0.99665,0.02901,-0.07023,-0.02366
369297,3692983,1398,-150,12006,-74,-193,-293,-0.00699,-0.01063,0.99594,0.02901,-0.07023,-0.09237
369298,3692993,1402,-182,12074,-70,-187,-287,-0.00674,-0.01259,0.99998,0.05954,-0.02443,-0.04656
369299,3693003,1424,-200,11998,-69,-185,-289,-0.00539,-0.0137,0.99546,0.06718,-0.00916,-0.06183
369300,3693013,1400,-194,12008,-71,-191,-285,-0.00687,-0.01333,0.99605,0.05191,-0.05496,-0.0313
369301,3693023,1362,-188,12016,-77,-196,-289,-0.0092,-0.01296,0.99653,0.00611,-0.09313,-0.06183
369302,3693033,1318,-170,11990,-74,-195,-287,-0.0119,-0.01186,0.99498,0.02901,-0.0855,-0.04656
369303,3693043,1382,-172,12038,-69,-190,-288,-0.00797,-0.01198,0.99784,0.06718,-0.04733,-0.0542
369304,3693053,1358,-208,12068,-75,-192,-286,-0.00944,-0.01419,0.99962,0.02137,-0.0626,-0.03893
369305,3693063,1388,-200,11974,-69,-192,-288,-0.0076,-0.0137,0.99403,0.06718,-0.0626,-0.0542
369306,3693073,1398,-160,12064,-70,-192,-285,-0.00699,-0.01124,0.99938,0.05954,-0.0626,-0.0313
369307,3693083,1362,-184,12076,-73,-198,-289,-0.0092,-0.01272,1.0001,0.03664,-0.1084,-0.06183
369308,3693093,1390,-172,11998,-74,-196,-288,-0.00748,-0.01198,0.99546,0.02901,-0.09313,-0.0542
369309,3693103,1350,-168,12026,-71,-195,-288,-0.00994,-0.01173,0.99712,0.05191,-0.0855,-0.0542
369310,3693113,1386,-160,12028,-72,-194,-286,-0.00773,-0.01124,0.99724,0.04427,-0.07786,-0.03893
369311,3693123,1372,-204,12084,-74,-186,-288,-0.00859,-0.01394,1.00057,0.02901,-0.01679,-0.0542
369312,3693133,1404,-160,12024,-78,-180,-295,-0.00662,-0.01124,0.99701,-0.00153,0.02901,-0.10763
369313,3693143,1420,-184,12014,-80,-181,-289,-0.00564,-0.01272,0.99641,-0.01679,0.02137,-0.06183
369314,3693153,1416,-224,12092,-79,-189,-292,-0.00588,-0.01517,1.00105,-0.00916,-0.03969,-0.08473
369315,3693163,1396,-214,12062,-81,-188,-292,-0.00711,-0.01456,0.99926,-0.02443,-0.03206,-0.08473
369316,3693173,1384,-188,12056,-72,-192,-294,-0.00785,-0.01296,0.99891,0.04427,-0.0626,-0.1
369317,3693183,1412,-180,12086,-77,-190,-289,-0.00613,-0.01247,1.00069,0.00611,-0.04733,-0.06183
369318,3693193,1344,-212,12152,-70,-180,-285,-0.0103,-0.01443,1.00461,0.05954,0.02901,-0.0313
369319,3693203,1410,-172,12100,-71,-190,-287,-0.00625,-0.01198,1.00152,0.05191,-0.04733,-0.04656
369320,3693213,1388,-216,12082,-73,-187,-283,-0.0076,-0.01468,1.00045,0.03664,-0.02443,-0.01603
369321,3693223,1438,-168,12092,-79,-186,-291,-0.00453,-0.01173,1.00105,-0.00916,-0.01679,-0.0771
369322,3693233,1428,-216,12070,-76,-196,-291,-0.00515,-0.01468,0.99974,0.01374,-0.09313,-0.0771
369323,3693243,1416,-170,11996,-74,-198,-295,-0.00588,-0.01186,0.99534,0.02901,-0.1084,-0.10763
369324,3693253,1388,-202,12028,-81,-191,-296,-0.0076,-0.01382,0.99724,-0.02443,-0.05496,-0.11527
369325,3693263,1410,-174,12016,-80,-189,-297,-0.00625,-0.0121,0.99653,-0.01679,-0.03969,-0.1229
369326,3693273,1398,-178,12060,-80,-190,-293,-0.00699,-0.01235,0.99914,-0.01679,-0.04733,-0.09237
369327,3693283,1392,-198,12036,-74,-185,-289,-0.00736,-0.01357,0.99772,0.02901,-0.00916,-0.06183
369328,3693293,1384,-188,12060,-73,-192,-290,-0.00785,-0.01296,0.99914,0.03664,-0.0626,-0.06947
369329,3693303,1356,-224,12034,-70,-194,-295,-0.00957,-0.01517,0.9976,0.05954,-0.07786,-0.10763
369330,3693313,1382,-214,11996,-68,-185,-294,-0.00797,-0.01456,0.99534,0.07481,-0.00916,-0.1
369331,3693323,1378,-162,12036,-77,-184,-289,-0.00822,-0.01137,0.99772,0.00611,-0.00153,-0.06183
369332,3693333,1418,-176,12026,-73,-190,-293,-0.00576,-0.01223,0.99712,0.03664,-0.04733,-0.09237
369333,3693343,1392,-208,12068,-71,-188,-295,-0.00736,-0.01419,0.99962,0.05191,-0.03206,-0.10763
369334,3693353,1382,-192,12002,-79,-190,-294,-0.00797,-0.01321,0.9957,-0.00916,-0.04733,-0.1
369335,3693363,1390,-196,12006,-80,-186,-289,-0.00748,-0.01345,0.99594,-0.01679,-0.01679,-0.06183
369336,3693373,1382,-186,12026,-72,-194,-295,-0.00797,-0.01284,0.99712,0.04427,-0.07786,-0.10763
369337,3693383,1362,-204,12108,-79,-198,-298,-0.0092,-0.01394,1.002,-0.00916,-0.1084,-0.13053
369338,3693393,1356,-198,12050,-77,-190,-301,-0.00957,-0.01357,0.99855,0.00611,-0.04733,-0.15344
369339,3693403,1374,-186,12020,-75,-187,-293,-0.00846,-0.01284,0.99677,0.02137,-0.02443,-0.09237
369340,3693413,1422,-190,12078,-76,-203,-287,-0.00552,-0.01308,1.00021,0.01374,-0.14656,-0.04656
369341,3693423,1378,-168,12016,-72,-174,-291,-0.00822,-0.01173,0.99653,0.04427,0.07481,-0.0771
369342,3693433,1448,-180,12088,-74,-180,-290,-0.00392,-0.01247,1.00081,0.02901,0.02901,-0.06947
369343,3693443,1378,-226,12118,-75,-190,-286,-0.00822,-0.01529,1.00259,0.02137,-0.04733,-0.03893
369344,3693453,1376,-226,12068,-78,-186,-288,-0.00834,-0.01529,0.99962,-0.00153,-0.01679,-0.0542
369345,3693463,1364,-168,12040,-76,-182,-286,-0.00908,-0.01173,0.99796,0.01374,0.01374,-0.03893
369346,3693473,1372,-168,12018,-73,-201,-292,-0.00859,-0.01173,0.99665,0.03664,-0.1313,-0.08473
369347,3693483,1366,-196,12102,-74,-195,-291,-0.00895,-0.01345,1.00164,0.02901,-0.0855,-0.0771
369348,3693493,1354,-210,12072,-76,-190,-287,-0.00969,-0.01431,0.99986,0.01374,-0.04733,-0.04656
369349,3693503,1374,-176,12036,-67,-189,-288,-0.00846,-0.01223,0.99772,0.08244,-0.03969,-0.0542
369350,3693513,1374,-194,12066,-74,-183,-295,-0.00846,-0.01333,0.9995,0.02901,0.00611,-0.10763
369351,3693523,1382,-188,12064,-76,-186,-289,-0.00797,-0.01296,0.99938,0.01374,-0.01679,-0.06183
369352,3693533,1410,-164,12102,-72,-182,-294,-0.00625,-0.01149,1.00164,0.04427,0.01374,-0.1
369353,3693543,1426,-192,12054,-78,-177,-293,-0.00527,-0.01321,0.99879,-0.00153,0.05191,-0.09237
369354,3693553,1376,-168,12028,-71,-186,-293,-0.00834,-0.01173,0.99724,0.05191,-0.01679,-0.09237
369355,3693563,1378,-194,12046,-78,-186,-290,-0.00822,-0.01333,0.99831,-0.00153,-0.01679,-0.06947
369356,3693573,1366,-158,12070,-64,-186,-290,-0.00895,-0.01112,0.99974,0.10534,-0.01679,-0.06947
369357,3693583,1374,-138,12078,-70,-190,-290,-0.00846,-0.00989,1.00021,0.05954,-0.04733,-0.06947
369358,3693593,1386,-234,12060,-70,-182,-286,-0.00773,-0.01578,0.99914,0.05954,0.01374,-0.03893
369359,3693603,1396,-166,12114,-71,-182,-290,-0.00711,-0.01161,1.00235,0.05191,0.01374,-0.06947
369360,3693613,1388,-202,11996,-73,-185,-289,-0.0076,-0.01382,0.99534,0.03664,-0.00916,-0.06183
369361,3693623,1388,-170,12138,-80,-189,-288,-0.0076,-0.01186,1.00378,-0.01679,-0.03969,-0.0542
369362,3693633,1386,-168,12068,-76,-186,-291,-0.00773,-0.01173,0.99962,0.01374,-0.01679,-0.0771
369363,3693643,1388,-194,12036,-77,-188,-288,-0.0076,-0.01333,0.99772,0.00611,-0.03206,-0.0542
369364,3693653,1424,-188,12044,-72,-188,-286,-0.00539,-0.01296,0.99819,0.04427,-0.03206,-0.03893
369365,3693663,1402,-206,12000,-67,-183,-290,-0.00674,-0.01407,0.99558,0.08244,0.00611,-0.06947
369366,3693673,1436,-196,12064,-68,-185,-287,-0.00466,-0.01345,0.99938,0.07481,-0.00916,-0.04656
369367,3693683,1356,-220,12004,-70,-189,-290,-0.00957,-0.01492,0.99582,0.05954,-0.03969,-0.06947
369368,3693693,1406,-196,12088,-71,-179,-292,-0.0065,-0.01345,1.00081,0.05191,0.03664,-0.08473
369369,3693703,1346,-204,11986,-73,-189,-294,-0.01018,-0.01394,0.99475,0.03664,-0.03969,-0.1
369370,3693713,1370,-200,12082,-73,-183,-290,-0.00871,-0.0137,1.00045,0.03664,0.00611,-0.06947
369371,3693723,1384,-184,12066,-72,-191,-287,-0.00785,-0.01272,0.9995,0.04427,-0.05496,-0.04656
369372,3693733,1402,-184,12026,-73,-193,-293,-0.00674,-0.01272,0.99712,0.03664,-0.07023,-0.09237
369373,3693743,1412,-186,12106,-71,-188,-292,-0.00613,-0.01284,1.00188,0.05191,-0.03206,-0.08473
369374,3693753,1408,-212,12072,-73,-192,-288,-0.00638,-0.01443,0.99986,0.03664,-0.0626,-0.0542
369375,3693763,1392,-162,11994,-74,-184,-288,-0.00736,-0.01137,0.99522,0.02901,-0.00153,-0.0542
369376,3693773,1364,-142,12074,-78,-184,-286,-0.00908,-0.01014,0.99998,-0.00153,-0.00153,-0.03893
369377,3693783,1408,-208,12012,-81,-187,-291,-0.00638,-0.01419,0.99629,-0.02443,-0.02443,-0.0771
369378,3693793,1384,-224,12044,-70,-187,-287,-0.00785,-0.01517,0.99819,0.05954,-0.02443,-0.04656
369379,3693803,1438,-168,12074,-73,-193,-292,-0.00453,-0.01173,0.99998,0.03664,-0.07023,-0.08473
369380,3693813,1394,-182,12024,-79,-189,-288,-0.00724,-0.01259,0.99701,-0.00916,-0.03969,-0.0542
369381,3693823,1410,-180,12062,-74,-185,-287,-0.00625,-0.01247,0.99926,0.02901,-0.00916,-0.04656
369382,3693833,1388,-170,12016,-71,-186,-288,-0.0076,-0.01186,0.99653,0.05191,-0.01679,-0.0542
369383,3693843,1402,-190,12078,-75,-193,-289,-0.00674,-0.01308,1.00021,0.02137,-0.07023,-0.06183
369384,3693853,1400,-220,12020,-76,-193,-290,-0.00687,-0.01492,0.99677,0.01374,-0.07023,-0.06947
369385,3693863,1420,-162,12026,-78,-193,-287,-0.00564,-0.01137,0.99712,-0.00153,-0.07023,-0.04656
369386,3693873,1380,-178,12012,-73,-197,-293,-0.00809,-0.01235,0.99629,0.03664,-0.10076,-0.09237
369387,3693883,1360,-192,12066,-68,-193,-286,-0.00932,-0.01321,0.9995,0.07481,-0.07023,-0.03893
369388,3693893,1378,-214,12062,-74,-192,-292,-0.00822,-0.01456,0.99926,0.02901,-0.0626,-0.08473
369389,3693903,1380,-180,12054,-70,-191,-290,-0.00809,-0.01247,0.99879,0.05954,-0.05496,-0.06947
369390,3693913,1384,-150,12044,-75,-193,-291,-0.00785,-0.01063,0.99819,0.02137,-0.07023,-0.0771
369391,3693923,1382,-196,12038,-73,-183,-292,-0.00797,-0.01345,0.99784,0.03664,0.00611,-0.08473
369392,3693933,1380,-170,12126,-73,-191,-291,-0.00809,-0.01186,1.00307,0.03664,-0.05496,-0.0771
369393,3693943,1436,-172,12106,-72,-190,-293,-0.00466,-0.01198,1.00188,0.04427,-0.04733,-0.09237
369394,3693953,1388,-172,12062,-77,-187,-288,-0.0076,-0.01198,0.99926,0.00611,-0.02443,-0.0542
369395,3693963,1404,-180,12042,-81,-194,-290,-0.00662,-0.01247,0.99807,-0.02443,-0.07786,-0.06947
369396,3693973,1392,-228,12084,-76,-190,-291,-0.00736,-0.01541,1.00057,0.01374,-0.04733,-0.0771
369397,3693983,1440,-216,12040,-75,-187,-293,-0.00441,-0.01468,0.99796,0.02137,-0.02443,-0.09237
369398,3693993,1422,-196,12018,-73,-190,-288,-0.00552,-0.01345,0.99665,0.03664,-0.04733,-0.0542
369399,3694003,1414,-216,12042,-76,-191,-289,-0.00601,-0.01468,0.99807,0.01374,-0.05496,-0.06183
369400,3694013,1414,-218,12070,-75,-190,-294,-0.00601,-0.0148,0.99974,0.02137,-0.04733,-0.1
369401,3694023,1406,-214,12080,-73,-185,-295,-0.0065,-0.01456,1.00033,0.03664,-0.00916,-0.10763
369402,3694033,1386,-198,12160,-75,-197,-292,-0.00773,-0.01357,1.00509,0.02137,-0.10076,-0.08473
369403,3694043,1424,-204,12002,-76,-188,-293,-0.00539,-0.01394,0.9957,0.01374,-0.03206,-0.09237
369404,3694053,1412,-190,12010,-73,-189,-294,-0.00613,-0.01308,0.99617,0.03664,-0.03969,-0.1
369405,3694063,1416,-180,12100,-77,-194,-291,-0.00588,-0.01247,1.00152,0.00611,-0.07786,-0.0771
369406,3694073,1428,-164,12076,-78,-181,-289,-0.00515,-0.01149,1.0001,-0.00153,0.02137,-0.06183
369407,3694083,1416,-170,12004,-77,-182,-289,-0.00588,-0.01186,0.99582,0.00611,0.01374,-0.06183
369408,3694093,1412,-182,12070,-76,-176,-290,-0.00613,-0.01259,0.99974,0.01374,0.05954,-0.06947
369409,3694103,1428,-214,12108,-75,-188,-292,-0.00515,-0.01456,1.002,0.02137,-0.03206,-0.08473
369410,3694113,1360,-160,12048,-68,-190,-290,-0.00932,-0.01124,0.99843,0.07481,-0.04733,-0.06947
369411,3694123,1414,-178,12088,-77,-185,-287,-0.00601,-0.01235,1.00081,0.00611,-0.00916,-0.04656
369412,3694133,1414,-198,12036,-72,-192,-284,-0.00601,-0.01357,0.99772,0.04427,-0.0626,-0.02366
369413,3694143,1398,-196,12096,-70,-189,-287,-0.00699,-0.01345,1.00128,0.05954,-0.03969,-0.04656
369414,3694153,1386,-170,12070,-74,-192,-287,-0.00773,-0.01186,0.99974,0.02901,-0.0626,-0.04656
369415,3694163,1362,-222,11988,-79,-185,-286,-0.0092,-0.01505,0.99487,-0.00916,-0.00916,-0.03893
369416,3694173,1388,-184,12060,-75,-187,-290,-0.0076,-0.01272,0.99914,0.02137,-0.02443,-0.06947
369417,3694183,1390,-178,12100,-74,-188,-288,-0.00748,-0.01235,1.00152,0.02901,-0.03206,-0.0542
369418,3694193,1434,-168,12054,-74,-189,-285,-0.00478,-0.01173,0.99879,0.02901,-0.03969,-0.0313
369419,3694203,1360,-168,12062,-76,-195,-287,-0.00932,-0.01173,0.99926,0.01374,-0.0855,-0.04656
369420,3694213,1370,-180,12126,-73,-197,-290,-0.00871,-0.01247,1.00307,0.03664,-0.10076,-0.06947
369421,3694223,1418,-202,12000,-76,-180,-287,-0.00576,-0.01382,0.99558,0.01374,0.02901,-0.04656
369422,3694233,1416,-194,12014,-77,-186,-288,-0.00588,-0.01333,0.99641,0.00611,-0.01679,-0.0542
369423,3694243,1432,-230,12106,-70,-187,-292,-0.0049,-0.01554,1.00188,0.05954,-0.02443,-0.08473
369424,3694253,1402,-196,12016,-74,-183,-288,-0.00674,-0.01345,0.99653,0.02901,0.00611,-0.0542
369425,3694263,1376,-212,11988,-70,-184,-292,-0.00834,-0.01443,0.99487,0.05954,-0.00153,-0.08473
369426,3694273,1390,-196,12076,-68,-183,-288,-0.00748,-0.01345,1.0001,0.07481,0.00611,-0.0542
369427,3694283,1348,-204,12024,-74,-186,-288,-0.01006,-0.01394,0.99701,0.02901,-0.01679,-0.0542
369428,3694293,1420,-182,12032,-76,-185,-291,-0.00564,-0.01259,0.99748,0.01374,-0.00916,-0.0771
369429,3694303,1396,-202,12048,-73,-191,-294,-0.00711,-0.01382,0.99843,0.03664,-0.05496,-0.1
369430,3694313,1386,-192,12042,-72,-188,-293,-0.00773,-0.01321,0.99807,0.04427,-0.03206,-0.09237
369431,3694323,1342,-186,12064,-67,-188,-285,-0.01043,-0.01284,0.99938,0.08244,-0.03206,-0.0313
369432,3694333,1406,-158,12090,-70,-189,-290,-0.0065,-0.01112,1.00093,0.05954,-0.03969,-0.06947
369433,3694343,1382,-202,12082,-70,-191,-288,-0.00797,-0.01382,1.00045,0.05954,-0.05496,-0.0542
369434,3694353,1430,-180,12068,-69,-184,-290,-0.00503,-0.01247,0.99962,0.06718,-0.00153,-0.06947
369435,3694363,1404,-178,12064,-71,-197,-286,-0.00662,-0.01235,0.99938,0.05191,-0.10076,-0.03893
369436,3694373,1396,-178,12020,-75,-184,-294,-0.00711,-0.01235,0.99677,0.02137,-0.00153,-0.1
369437,3694383,1422,-194,12096,-81,-190,-289,-0.00552,-0.01333,1.00128,-0.02443,-0.04733,-0.06183
369438,3694393,1370,-192,11962,-80,-188,-288,-0.00871,-0.01321,0.99332,-0.01679,-0.03206,-0.0542
369439,3694403,1368,-184,12072,-73,-186,-289,-0.00883,-0.01272,0.99986,0.03664,-0.01679,-0.06183
369440,3694413,1416,-164,12012,-73,-184,-289,-0.00588,-0.01149,0.99629,0.03664,-0.00153,-0.06183
369441,3694423,1414,-186,11980,-71,-185,-289,-0.00601,-0.01284,0.99439,0.05191,-0.00916,-0.06183
369442,3694433,1428,-176,12064,-67,-182,-287,-0.00515,-0.01223,0.99938,0.08244,0.01374,-0.04656
369443,3694443,1332,-166,12030,-70,-190,-292,-0.01104,-0.01161,0.99736,0.05954,-0.04733,-0.08473
369444,3694453,1400,-180,12084,-73,-195,-292,-0.00687,-0.01247,1.00057,0.03664,-0.0855,-0.08473
369445,3694463,1412,-186,12058,-73,-195,-287,-0.00613,-0.01284,0.99903,0.03664,-0.0855,-0.04656
369446,3694473,1406,-198,12026,-74,-189,-287,-0.0065,-0.01357,0.99712,0.02901,-0.03969,-0.04656
369447,3694483,1438,-152,12020,-68,-187,-287,-0.00453,-0.01075,0.99677,0.07481,-0.02443,-0.04656
369448,3694493,1364,-204,12084,-74,-183,-286,-0.00908,-0.01394,1.00057,0.02901,0.00611,-0.03893
369449,3694503,1396,-170,12004,-71,-181,-288,-0.00711,-0.01186,0.99582,0.05191,0.02137,-0.0542
369450,3694513,1404,-150,12138,-69,-195,-291,-0.00662,-0.01063,1.00378,0.06718,-0.0855,-0.0771
369451,3694523,1398,-172,12066,-67,-189,-287,-0.00699,-0.01198,0.9995,0.08244,-0.03969,-0.04656
369452,3694533,1374,-230,12032,-72,-189,-291,-0.00846,-0.01554,0.99748,0.04427,-0.03969,-0.0771
369453,3694543,1384,-198,12088,-66,-190,-294,-0.00785,-0.01357,1.00081,0.09008,-0.04733,-0.1
369454,3694553,1414,-196,12092,-63,-183,-288,-0.00601,-0.01345,1.00105,0.11298,0.00611,-0.0542
369455,3694563,1400,-224,12126,-71,-194,-290,-0.00687,-0.01517,1.00307,0.05191,-0.07786,-0.06947
369456,3694573,1358,-180,12056,-77,-190,-290,-0.00944,-0.01247,0.99891,0.00611,-0.04733,-0.06947
369457,3694583,1378,-168,12062,-70,-179,-289,-0.00822,-0.01173,0.99926,0.05954,0.03664,-0.06183
369458,3694593,1396,-194,11986,-70,-192,-283,-0.00711,-0.01333,0.99475,0.05954,-0.0626,-0.01603
369459,3694603,1416,-200,12094,-72,-187,-290,-0.00588,-0.0137,1.00116,0.04427,-0.02443,-0.06947
369460,3694613,1386,-254,12026,-75,-192,-288,-0.00773,-0.01701,0.99712,0.02137,-0.0626,-0.0542
369461,3694623,1414,-206,12036,-71,-187,-288,-0.00601,-0.01407,0.99772,0.05191,-0.02443,-0.0542
369462,3694633,1400,-140,12054,-71,-190,-290,-0.00687,-0.01002,0.99879,0.05191,-0.04733,-0.06947
369463,3694643,1388,-178,12068,-71,-182,-285,-0.0076,-0.01235,0.99962,0.05191,0.01374,-0.0313
369464,3694653,1382,-188,12052,-73,-183,-287,-0.00797,-0.01296,0.99867,0.03664,0.00611,-0.04656
369465,3694663,1422,-198,12050,-81,-194,-289,-0.00552,-0.01357,0.99855,-0.02443,-0.07786,-0.06183
369466,3694673,1418,-174,12034,-68,-183,-290,-0.00576,-0.0121,0.9976,0.07481,0.00611,-0.06947
369467,3694683,1376,-200,12090,-66,-186,-291,-0.00834,-0.0137,1.00093,0.09008,-0.01679,-0.0771
369468,3694693,1412,-200,12062,-69,-195,-289,-0.00613,-0.0137,0.99926,0.06718,-0.0855,-0.06183
369469,3694703,1408,-170,12030,-74,-187,-290,-0.00638,-0.01186,0.99736,0.02901,-0.02443,-0.06947
369470,3694713,1392,-202,12046,-72,-190,-288,-0.00736,-0.01382,0.99831,0.04427,-0.04733,-0.0542
369471,3694723,1426,-202,12076,-67,-192,-291,-0.00527,-0.01382,1.0001,0.08244,-0.0626,-0.0771
369472,3694733,1428,-166,12020,-72,-190,-284,-0.00515,-0.01161,0.99677,0.04427,-0.04733,-0.02366
369473,3694743,1368,-174,12064,-75,-186,-287,-0.00883,-0.0121,0.99938,0.02137,-0.01679,-0.04656
369474,3694753,1386,-186,12032,-74,-191,-295,-0.00773,-0.01284,0.99748,0.02901,-0.05496,-0.10763
369475,3694763,1380,-210,12056,-74,-187,-287,-0.00809,-0.01431,0.99891,0.02901,-0.02443,-0.04656
369476,3694773,1402,-214,12046,-71,-181,-290,-0.00674,-0.01456,0.99831,0.05191,0.02137,-0.06947
369477,3694783,1406,-194,12062,-69,-191,-289,-0.0065,-0.01333,0.99926,0.06718,-0.05496,-0.06183
369478,3694793,1348,-172,12092,-75,-196,-290,-0.01006,-0.01198,1.00105,0.02137,-0.09313,-0.06947
369479,3694803,1350,-208,12098,-78,-187,-288,-0.00994,-0.01419,1.0014,-0.00153,-0.02443,-0.0542
369480,3694813,1372,-172,12040,-73,-188,-287,-0.00859,-0.01198,0.99796,0.03664,-0.03206,-0.04656
369481,3694823,1374,-192,12030,-78,-179,-288,-0.00846,-0.01321,0.99736,-0.00153,0.03664,-0.0542
369482,3694833,1366,-200,11992,-74,-197,-287,-0.00895,-0.0137,0.9951,0.02901,-0.10076,-0.04656
369483,3694843,1388,-186,12012,-75,-196,-281,-0.0076,-0.01284,0.99629,0.02137,-0.09313,-0.00076
369484,3694853,1384,-178,12012,-77,-188,-287,-0.00785,-0.01235,0.99629,0.00611,-0.03206,-0.04656
369485,3694863,1400,-198,12062,-75,-183,-289,-0.00687,-0.01357,0.99926,0.02137,0.00611,-0.06183
369486,3694873,1376,-212,12020,-69,-194,-290,-0.00834,-0.01443,0.99677,0.06718,-0.07786,-0.06947
369487,3694883,1388,-172,12044,-70,-189,-296,-0.0076,-0.01198,0.99819,0.05954,-0.03969,-0.11527
369488,3694893,1370,-218,12052,-72,-178,-288,-0.00871,-0.0148,0.99867,0.04427,0.04427,-0.0542
369489,3694903,1408,-200,11984,-76,-182,-288,-0.00638,-0.0137,0.99463,0.01374,0.01374,-0.0542
369490,3694913,1368,-190,12014,-77,-191,-290,-0.00883,-0.01308,0.99641,0.00611,-0.05496,-0.06947
369491,3694923,1382,-226,11976,-73,-182,-287,-0.00797,-0.01529,0.99415,0.03664,0.01374,-0.04656
369492,3694933,1354,-204,12014,-75,-188,-295,-0.00969,-0.01394,0.99641,0.02137,-0.03206,-0.10763
369493,3694943,1380,-190,12132,-71,-192,-291,-0.00809,-0.01308,1.00342,0.05191,-0.0626,-0.0771
369494,3694953,1410,-186,12080,-75,-186,-293,-0.00625,-0.01284,1.00033,0.02137,-0.01679,-0.09237
369495,3694963,1364,-154,12018,-81,-184,-291,-0.00908,-0.01088,0.99665,-0.02443,-0.00153,-0.0771
369496,3694973,1396,-192,12056,-79,-184,-287,-0.00711,-0.01321,0.99891,-0.00916,-0.00153,-0.04656
369497,3694983,1396,-222,12046,-74,-187,-286,-0.00711,-0.01505,0.99831,0.02901,-0.02443,-0.03893
369498,3694993,1404,-210,12060,-74,-192,-291,-0.00662,-0.01431,0.99914,0.02901,-0.0626,-0.0771
369499,3695003,1400,-216,12056,-74,-184,-296,-0.00687,-0.01468,0.99891,0.02901,-0.00153,-0.11527
369500,3695013,1414,-204,12042,-77,-194,-295,-0.00601,-0.01394,0.99807,0.00611,-0.07786,-0.10763
369501,3695023,1406,-162,11964,-75,-189,-287,-0.0065,-0.01137,0.99344,0.02137,-0.03969,-0.04656
369502,3695033,1412,-178,12008,-69,-187,-289,-0.00613,-0.01235,0.99605,0.06718,-0.02443,-0.06183
369503,3695043,1360,-196,12026,-75,-190,-285,-0.00932,-0.01345,0.99712,0.02137,-0.04733,-0.0313
369504,3695053,1374,-186,12028,-71,-189,-292,-0.00846,-0.01284,0.99724,0.05191,-0.03969,-0.08473
369505,3695063,1366,-186,11992,-79,-194,-292,-0.00895,-0.01284,0.9951,-0.00916,-0.07786,-0.08473
369506,3695073,1408,-232,12090,-78,-193,-291,-0.00638,-0.01566,1.00093,-0.00153,-0.07023,-0.0771
369507,3695083,1440,-152,12004,-71,-196,-290,-0.00441,-0.01075,0.99582,0.05191,-0.09313,-0.06947
369508,3695093,1412,-176,11984,-78,-185,-289,-0.00613,-0.01223,0.99463,-0.00153,-0.00916,-0.06183
369509,3695103,1374,-198,12074,-81,-197,-289,-0.00846,-0.01357,0.99998,-0.02443,-0.10076,-0.06183
369510,3695113,1388,-192,12016,-80,-178,-294,-0.0076,-0.01321,0.99653,-0.01679,0.04427,-0.1
369511,3695123,1376,-198,12040,-83,-183,-289,-0.00834,-0.01357,0.99796,-0.03969,0.00611,-0.06183
369512,3695133,1388,-188,12030,-81,-191,-288,-0.0076,-0.01296,0.99736,-0.02443,-0.05496,-0.0542
369513,3695143,1412,-186,12096,-68,-176,-281,-0.00613,-0.01284,1.00128,0.07481,0.05954,-0.00076
369514,3695153,1392,-180,12032,-75,-186,-283,-0.00736,-0.01247,0.99748,0.02137,-0.01679,-0.01603
369515,3695163,1416,-194,12094,-69,-187,-285,-0.00588,-0.01333,1.00116,0.06718,-0.02443,-0.0313
369516,3695173,1350,-166,12086,-72,-182,-290,-0.00994,-0.01161,1.00069,0.04427,0.01374,-0.06947
369517,3695183,1392,-178,12022,-71,-185,-288,-0.00736,-0.01235,0.99689,0.05191,-0.00916,-0.0542
369518,3695193,1422,-158,12064,-68,-194,-284,-0.00552,-0.01112,0.99938,0.07481,-0.07786,-0.02366
369519,3695203,1378,-174,12054,-74,-184,-284,-0.00822,-0.0121,0.99879,0.02901,-0.00153,-0.02366
369520,3695213,1402,-182,12072,-76,-189,-288,-0.00674,-0.01259,0.99986,0.01374,-0.03969,-0.0542
369521,3695223,1416,-202,12030,-66,-190,-285,-0.00588,-0.01382,0.99736,0.09008,-0.04733,-0.0313
369522,3695233,1416,-186,11998,-68,-188,-288,-0.00588,-0.01284,0.99546,0.07481,-0.03206,-0.0542
369523,3695243,1370,-180,12068,-69,-190,-285,-0.00871,-0.01247,0.99962,0.06718,-0.04733,-0.0313
369524,3695253,1362,-140,12070,-71,-197,-284,-0.0092,-0.01002,0.99974,0.05191,-0.10076,-0.02366
369525,3695263,1382,-212,12028,-70,-193,-289,-0.00797,-0.01443,0.99724,0.05954,-0.07023,-0.06183
369526,3695273,1420,-156,12008,-74,-191,-294,-0.00564,-0.011,0.99605,0.02901,-0.05496,-0.1
369527,3695283,1424,-168,12094,-81,-190,-291,-0.00539,-0.01173,1.00116,-0.02443,-0.04733,-0.0771
369528,3695293,1418,-186,12044,-73,-181,-293,-0.00576,-0.01284,0.99819,0.03664,0.02137,-0.09237
369529,3695303,1416,-192,12032,-80,-178,-287,-0.00588,-0.01321,0.99748,-0.01679,0.04427,-0.04656
369530,3695313,1400,-198,12038,-74,-189,-285,-0.00687,-0.01357,0.99784,0.02901,-0.03969,-0.0313
369531,3695323,1432,-176,12012,-73,-195,-289,-0.0049,-0.01223,0.99629,0.03664,-0.0855,-0.06183
369532,3695333,1400,-220,12066,-70,-190,-289,-0.00687,-0.01492,0.9995,0.05954,-0.04733,-0.06183
369533,3695343,1384,-188,12080,-74,-185,-287,-0.00785,-0.01296,1.00033,0.02901,-0.00916,-0.04656
369534,3695353,1416,-222,12024,-74,-186,-288,-0.00588,-0.01505,0.99701,0.02901,-0.01679,-0.0542
369535,3695363,1416,-188,12036,-70,-183,-289,-0.00588,-0.01296,0.99772,0.05954,0.00611,-0.06183
369536,3695373,1368,-218,12038,-70,-171,-288,-0.00883,-0.0148,0.99784,0.05954,0.09771,-0.0542
369537,3695383,1372,-162,12024,-68,-181,-291,-0.00859,-0.01137,0.99701,0.07481,0.02137,-0.0771
369538,3695393,1376,-160,12012,-71,-179,-284,-0.00834,-0.01124,0.99629,0.05191,0.03664,-0.02366
369539,3695403,1494,-164,12060,-78,-188,-283,-0.0011,-0.01149,0.99914,-0.00153,-0.03206,-0.01603
369540,3695413,1392,-170,12036,-75,-181,-280,-0.00736,-0.01186,0.99772,0.02137,0.02137,0.00687
369541,3695423,1390,-172,12054,-70,-188,-287,-0.00748,-0.01198,0.99879,0.05954,-0.03206,-0.04656
369542,3695433,1424,-144,12068,-77,-185,-286,-0.00539,-0.01026,0.99962,0.00611,-0.00916,-0.03893
369543,3695443,1442,-148,12060,-78,-188,-283,-0.00429,-0.01051,0.99914,-0.00153,-0.03206,-0.01603
369544,3695453,1374,-192,12028,-74,-192,-283,-0.00846,-0.01321,0.99724,0.02901,-0.0626,-0.01603
369545,3695463,1368,-160,12054,-76,-191,-287,-0.00883,-0.01124,0.99879,0.01374,-0.05496,-0.04656
369546,3695473,1368,-152,12016,-76,-197,-287,-0.00883,-0.01075,0.99653,0.01374,-0.10076,-0.04656
369547,3695483,1396,-164,12010,-80,-196,-289,-0.00711,-0.01149,0.99617,-0.01679,-0.09313,-0.06183
369548,3695493,1400,-204,12084,-74,-192,-290,-0.00687,-0.01394,1.00057,0.02901,-0.0626,-0.06947
369549,3695503,1388,-180,12050,-73,-186,-288,-0.0076,-0.01247,0.99855,0.03664,-0.01679,-0.0542
369550,3695513,1366,-230,12080,-76,-191,-289,-0.00895,-0.01554,1.00033,0.01374,-0.05496,-0.06183
369551,3695523,1372,-174,12074,-69,-184,-291,-0.00859,-0.0121,0.99998,0.06718,-0.00153,-0.0771
369552,3695533,1426,-178,12012,-69,-185,-290,-0.00527,-0.01235,0.99629,0.06718,-0.00916,-0.06947
369553,3695543,1438,-194,12084,-74,-189,-285,-0.00453,-0.01333,1.00057,0.02901,-0.03969,-0.0313
369554,3695553,1374,-140,12080,-74,-188,-285,-0.00846,-0.01002,1.00033,0.02901,-0.03206,-0.0313
369555,3695563,1354,-172,11980,-75,-186,-291,-0.00969,-0.01198,0.99439,0.02137,-0.01679,-0.0771
369556,3695573,1400,-202,12048,-70,-181,-290,-0.00687,-0.01382,0.99843,0.05954,0.02137,-0.06947
369557,3695583,1356,-184,12044,-80,-187,-288,-0.00957,-0.01272,0.99819,-0.01679,-0.02443,-0.0542
369558,3695593,1418,-178,12000,-75,-192,-283,-0.00576,-0.01235,0.99558,0.02137,-0.0626,-0.01603
369559,3695603,1380,-216,12052,-75,-194,-289,-0.00809,-0.01468,0.99867,0.02137,-0.07786,-0.06183
369560,3695613,1342,-228,12108,-76,-197,-293,-0.01043,-0.01541,1.002,0.01374,-0.10076,-0.09237
369561,3695623,1328,-208,12122,-74,-182,-291,-0.01129,-0.01419,1.00283,0.02901,0.01374,-0.0771
369562,3695633,1398,-208,12082,-78,-189,-291,-0.00699,-0.01419,1.00045,-0.00153,-0.03969,-0.0771
369563,3695643,1382,-220,12096,-72,-189,-291,-0.00797,-0.01492,1.00128,0.04427,-0.03969,-0.0771
369564,3695653,1374,-202,12086,-77,-188,-286,-0.00846,-0.01382,1.00069,0.00611,-0.03206,-0.03893
369565,3695663,1404,-212,12036,-78,-182,-276,-0.00662,-0.01443,0.99772,-0.00153,0.01374,0.0374
369566,3695673,1372,-184,12032,-79,-189,-284,-0.00859,-0.01272,0.99748,-0.00916,-0.03969,-0.02366
369567,3695683,1390,-262,12042,-70,-191,-287,-0.00748,-0.0175,0.99807,0.05954,-0.05496,-0.04656
369568,3695693,1346,-184,12038,-74,-193,-289,-0.01018,-0.01272,0.99784,0.02901,-0.07023,-0.06183
369569,3695703,1358,-186,12076,-82,-193,-287,-0.00944,-0.01284,1.0001,-0.03206,-0.07023,-0.04656
369570,3695713,1364,-230,12046,-78,-192,-287,-0.00908,-0.01554,0.99831,-0.00153,-0.0626,-0.04656
369571,3695723,1388,-216,12074,-77,-180,-291,-0.0076,-0.01468,0.99998,0.00611,0.02901,-0.0771
369572,3695733,1382,-206,12018,-73,-186,-289,-0.00797,-0.01407,0.99665,0.03664,-0.01679,-0.06183
369573,3695743,1382,-230,12034,-76,-190,-287,-0.00797,-0.01554,0.9976,0.01374,-0.04733,-0.04656
369574,3695753,1458,-222,12028,-71,-185,-287,-0.00331,-0.01505,0.99724,0.05191,-0.00916,-0.04656
369575,3695763,1428,-228,12016,-73,-180,-288,-0.00515,-0.01541,0.99653,0.03664,0.02901,-0.0542
369576,3695773,1392,-202,12062,-80,-177,-287,-0.00736,-0.01382,0.99926,-0.01679,0.05191,-0.04656
369577,3695783,1400,-186,11976,-81,-177,-289,-0.00687,-0.01284,0.99415,-0.02443,0.05191,-0.06183
369578,3695793,1400,-188,12078,-81,-179,-284,-0.00687,-0.01296,1.00021,-0.02443,0.03664,-0.02366
369579,3695803,1414,-192,12100,-76,-180,-286,-0.00601,-0.01321,1.00152,0.01374,0.02901,-0.03893
369580,3695813,1366,-186,12006,-73,-177,-284,-0.00895,-0.01284,0.99594,0.03664,0.05191,-0.02366
369581,3695823,1396,-156,11974,-78,-170,-286,-0.00711,-0.011,0.99403,-0.00153,0.10534,-0.03893
369582,3695833,1354,-162,12074,-79,-181,-287,-0.00969,-0.01137,0.99998,-0.00916,0.02137,-0.04656
369583,3695843,1366,-176,12030,-71,-178,-289,-0.00895,-0.01223,0.99736,0.05191,0.04427,-0.06183
369584,3695853,1390,-186,12050,-73,-187,-292,-0.00748,-0.01284,0.99855,0.03664,-0.02443,-0.08473
369585,3695863,1386,-190,12040,-70,-185,-288,-0.00773,-0.01308,0.99796,0.05954,-0.00916,-0.0542
369586,3695873,1416,-182,12052,-71,-187,-287,-0.00588,-0.01259,0.99867,0.05191,-0.02443,-0.04656
369587,3695883,1406,-180,11974,-75,-191,-289,-0.0065,-0.01247,0.99403,0.02137,-0.05496,-0.06183
369588,3695893,1378,-206,12030,-76,-196,-289,-0.00822,-0.01407,0.99736,0.01374,-0.09313,-0.06183
369589,3695903,1370,-180,12058,-74,-196,-291,-0.00871,-0.01247,0.99903,0.02901,-0.09313,-0.0771
369590,3695913,1364,-212,12028,-74,-196,-297,-0.00908,-0.01443,0.99724,0.02901,-0.09313,-0.1229
369591,3695923,1358,-222,11946,-73,-202,-294,-0.00944,-0.01505,0.99237,0.03664,-0.13893,-0.1
369592,3695933,1384,-162,12078,-71,-194,-295,-0.00785,-0.01137,1.00021,0.05191,-0.07786,-0.10763
369593,3695943,1368,-236,12076,-67,-187,-293,-0.00883,-0.01591,1.0001,0.08244,-0.02443,-0.09237
369594,3695953,1382,-140,12050,-73,-181,-299,-0.00797,-0.01002,0.99855,0.03664,0.02137,-0.13817
369595,3695963,1366,-164,12026,-68,-184,-289,-0.00895,-0.01149,0.99712,0.07481,-0.00153,-0.06183
369596,3695973,1364,-194,12016,-78,-187,-289,-0.00908,-0.01333,0.99653,-0.00153,-0.02443,-0.06183
369597,3695983,1386,-176,12050,-72,-186,-291,-0.00773,-0.01223,0.99855,0.04427,-0.01679,-0.0771
369598,3695993,1372,-204,12052,-75,-186,-294,-0.00859,-0.01394,0.99867,0.02137,-0.01679,-0.1
369599,3696003,1396,-216,11962,-81,-180,-288,-0.00711,-0.01468,0.99332,-0.02443,0.02901,-0.0542
369600,3696013,1386,-212,12086,-78,-179,-290,-0.00773,-0.01443,1.00069,-0.00153,0.03664,-0.06947
369601,3696023,1396,-216,12080,-76,-180,-294,-0.00711,-0.01468,1.00033,0.01374,0.02901,-0.1
369602,3696033,1426,-208,12062,-70,-186,-294,-0.00527,-0.01419,0.99926,0.05954,-0.01679,-0.1
369603,3696043,1390,-178,12038,-77,-189,-291,-0.00748,-0.01235,0.99784,0.00611,-0.03969,-0.0771
369604,3696053,1384,-208,12090,-77,-177,-292,-0.00785,-0.01419,1.00093,0.00611,0.05191,-0.08473
369605,3696063,1384,-184,12098,-75,-183,-294,-0.00785,-0.01272,1.0014,0.02137,0.00611,-0.1
369606,3696073,1410,-158,12040,-77,-182,-287,-0.00625,-0.01112,0.99796,0.00611,0.01374,-0.04656
369607,3696083,1356,-146,12046,-82,-180,-293,-0.00957,-0.01038,0.99831,-0.03206,0.02901,-0.09237
369608,3696093,1372,-164,11986,-81,-182,-299,-0.00859,-0.01149,0.99475,-0.02443,0.01374,-0.13817
369609,3696103,1334,-182,12040,-81,-185,-291,-0.01092,-0.01259,0.99796,-0.02443,-0.00916,-0.0771
369610,3696113,1380,-168,12082,-79,-180,-292,-0.00809,-0.01173,1.00045,-0.00916,0.02901,-0.08473
369611,3696123,1366,-224,12062,-80,-184,-290,-0.00895,-0.01517,0.99926,-0.01679,-0.00153,-0.06947
369612,3696133,1376,-200,12076,-77,-178,-297,-0.00834,-0.0137,1.0001,0.00611,0.04427,-0.1229
369613,3696143,1328,-242,11988,-75,-185,-294,-0.01129,-0.01627,0.99487,0.02137,-0.00916,-0.1
369614,3696153,1410,-194,12030,-78,-192,-296,-0.00625,-0.01333,0.99736,-0.00153,-0.0626,-0.11527
369615,3696163,1428,-174,12022,-73,-193,-299,-0.00515,-0.0121,0.99689,0.03664,-0.07023,-0.13817
369616,3696173,1418,-188,12088,-77,-202,-299,-0.00576,-0.01296,1.00081,0.00611,-0.13893,-0.13817
369617,3696183,1352,-224,12070,-74,-188,-293,-0.00981,-0.01517,0.99974,0.02901,-0.03206,-0.09237
369618,3696193,1416,-174,12126,-74,-202,-299,-0.00588,-0.0121,1.00307,0.02901,-0.13893,-0.13817
369619,3696203,1402,-230,12056,-77,-192,-297,-0.00674,-0.01554,0.99891,0.00611,-0.0626,-0.1229
369620,3696213,1382,-208,12026,-82,-188,-296,-0.00797,-0.01419,0.99712,-0.03206,-0.03206,-0.11527
369621,3696223,1404,-166,12100,-82,-194,-297,-0.00662,-0.01161,1.00152,-0.03206,-0.07786,-0.1229
369622,3696233,1346,-184,12158,-75,-183,-292,-0.01018,-0.01272,1.00497,0.02137,0.00611,-0.08473
369623,3696243,1376,-162,11994,-81,-189,-295,-0.00834,-0.01137,0.99522,-0.02443,-0.03969,-0.10763
369624,3696253,1374,-196,12018,-73,-180,-295,-0.00846,-0.01345,0.99665,0.03664,0.02901,-0.10763
369625,3696263,1394,-162,12082,-72,-187,-293,-0.00724,-0.01137,1.00045,0.04427,-0.02443,-0.09237
369626,3696273,1374,-188,12006,-73,-188,-294,-0.00846,-0.01296,0.99594,0.03664,-0.03206,-0.1
369627,3696283,1396,-180,12082,-75,-184,-298,-0.00711,-0.01247,1.00045,0.02137,-0.00153,-0.13053
369628,3696293,1424,-202,12108,-78,-193,-291,-0.00539,-0.01382,1.002,-0.00153,-0.07023,-0.0771
369629,3696303,1396,-182,12030,-79,-190,-291,-0.00711,-0.01259,0.99736,-0.00916,-0.04733,-0.0771
369630,3696313,1416,-214,12082,-73,-181,-298,-0.00588,-0.01456,1.00045,0.03664,0.02137,-0.13053
369631,3696323,1404,-168,12002,-74,-189,-294,-0.00662,-0.01173,0.9957,0.02901,-0.03969,-0.1
369632,3696333,1406,-178,12032,-77,-193,-291,-0.0065,-0.01235,0.99748,0.00611,-0.07023,-0.0771
369633,3696343,1420,-226,12092,-77,-187,-296,-0.00564,-0.01529,1.00105,0.00611,-0.02443,-0.11527
369634,3696353,1422,-192,12056,-72,-192,-295,-0.00552,-0.01321,0.99891,0.04427,-0.0626,-0.10763
369635,3696363,1342,-212,12088,-71,-200,-300,-0.01043,-0.01443,1.00081,0.05191,-0.12366,-0.1458
369636,3696373,1366,-176,12064,-80,-188,-292,-0.00895,-0.01223,0.99938,-0.01679,-0.03206,-0.08473
369637,3696383,1334,-166,12006,-73,-188,-294,-0.01092,-0.01161,0.99594,0.03664,-0.03206,-0.1
369638,3696393,1394,-178,12034,-74,-185,-294,-0.00724,-0.01235,0.9976,0.02901,-0.00916,-0.1
369639,3696403,1384,-200,12094,-71,-198,-293,-0.00785,-0.0137,1.00116,0.05191,-0.1084,-0.09237
369640,3696413,1414,-184,12076,-74,-188,-287,-0.00601,-0.01272,1.0001,0.02901,-0.03206,-0.04656
369641,3696423,1400,-196,12032,-76,-181,-295,-0.00687,-0.01345,0.99748,0.01374,0.02137,-0.10763
369642,3696433,1438,-212,12024,-76,-193,-295,-0.00453,-0.01443,0.99701,0.01374,-0.07023,-0.10763
369643,3696443,1386,-168,12014,-78,-181,-292,-0.00773,-0.01173,0.99641,-0.00153,0.02137,-0.08473
369644,3696453,1372,-192,12038,-70,-172,-291,-0.00859,-0.01321,0.99784,0.05954,0.09008,-0.0771
369645,3696463,1368,-212,12076,-71,-183,-292,-0.00883,-0.01443,1.0001,0.05191,0.00611,-0.08473
369646,3696473,1398,-210,12082,-68,-186,-294,-0.00699,-0.01431,1.00045,0.07481,-0.01679,-0.1
369647,3696483,1384,-186,12036,-71,-185,-296,-0.00785,-0.01284,0.99772,0.05191,-0.00916,-0.11527
369648,3696493,1392,-152,12086,-68,-183,-293,-0.00736,-0.01075,1.00069,0.07481,0.00611,-0.09237
369649,3696503,1350,-174,11946,-74,-188,-294,-0.00994,-0.0121,0.99237,0.02901,-0.03206,-0.1
369650,3696513,1392,-210,11994,-72,-188,-297,-0.00736,-0.01431,0.99522,0.04427,-0.03206,-0.1229
369651,3696523,1406,-220,12080,-68,-184,-293,-0.0065,-0.01492,1.00033,0.07481,-0.00153,-0.09237
369652,3696533,1404,-196,12002,-77,-185,-293,-0.00662,-0.01345,0.9957,0.00611,-0.00916,-0.09237
369653,3696543,1362,-182,12074,-82,-196,-289,-0.0092,-0.01259,0.99998,-0.03206,-0.09313,-0.06183
369654,3696553,1374,-222,12130,-80,-188,-293,-0.00846,-0.01505,1.0033,-0.01679,-0.03206,-0.09237
369655,3696563,1376,-186,12090,-80,-193,-299,-0.00834,-0.01284,1.00093,-0.01679,-0.07023,-0.13817
369656,3696573,1384,-230,12028,-75,-183,-303,-0.00785,-0.01554,0.99724,0.02137,0.00611,-0.1687
369657,3696583,1378,-176,12138,-79,-182,-293,-0.00822,-0.01223,1.00378,-0.00916,0.01374,-0.09237
369658,3696593,1340,-164,12052,-78,-189,-299,-0.01055,-0.01149,0.99867,-0.00153,-0.03969,-0.13817
369659,3696603,1398,-166,12056,-74,-179,-296,-0.00699,-0.01161,0.99891,0.02901,0.03664,-0.11527
369660,3696613,1408,-166,12066,-73,-195,-292,-0.00638,-0.01161,0.9995,0.03664,-0.0855,-0.08473
369661,3696623,1398,-200,12026,-75,-198,-296,-0.00699,-0.0137,0.99712,0.02137,-0.1084,-0.11527
369662,3696633,1414,-212,12060,-80,-184,-289,-0.00601,-0.01443,0.99914,-0.01679,-0.00153,-0.06183
369663,3696643,1406,-206,12044,-78,-187,-294,-0.0065,-0.01407,0.99819,-0.00153,-0.02443,-0.1
369664,3696653,1320,-170,12044,-71,-190,-295,-0.01178,-0.01186,0.99819,0.05191,-0.04733,-0.10763
369665,3696663,1362,-180,12088,-73,-190,-295,-0.0092,-0.01247,1.00081,0.03664,-0.04733,-0.10763
369666,3696673,1374,-194,12090,-74,-182,-293,-0.00846,-0.01333,1.00093,0.02901,0.01374,-0.09237
369667,3696683,1366,-210,12058,-74,-183,-293,-0.00895,-0.01431,0.99903,0.02901,0.00611,-0.09237
369668,3696693,1434,-182,12028,-77,-184,-296,-0.00478,-0.01259,0.99724,0.00611,-0.00153,-0.11527
369669,3696703,1420,-172,11994,-80,-187,-298,-0.00564,-0.01198,0.99522,-0.01679,-0.02443,-0.13053
369670,3696713,1412,-174,12024,-76,-187,-292,-0.00613,-0.0121,0.99701,0.01374,-0.02443,-0.08473
369671,3696723,1430,-180,12046,-76,-185,-296,-0.00503,-0.01247,0.99831,0.01374,-0.00916,-0.11527
369672,3696733,1426,-180,12070,-78,-190,-300,-0.00527,-0.01247,0.99974,-0.00153,-0.04733,-0.1458
369673,3696743,1386,-190,12076,-77,-184,-297,-0.00773,-0.01308,1.0001,0.00611,-0.00153,-0.1229
369674,3696753,1362,-180,12082,-79,-185,-300,-0.0092,-0.01247,1.00045,-0.00916,-0.00916,-0.1458
369675,3696763,1352,-186,12096,-79,-188,-300,-0.00981,-0.01284,1.00128,-0.00916,-0.03206,-0.1458
369676,3696773,1354,-152,12010,-72,-186,-297,-0.00969,-0.01075,0.99617,0.04427,-0.01679,-0.1229
369677,3696783,1360,-200,12038,-74,-181,-298,-0.00932,-0.0137,0.99784,0.02901,0.02137,-0.13053
369678,3696793,1326,-196,12028,-73,-192,-295,-0.01141,-0.01345,0.99724,0.03664,-0.0626,-0.10763
369679,3696803,1344,-202,12058,-78,-179,-290,-0.0103,-0.01382,0.99903,-0.00153,0.03664,-0.06947
369680,3696813,1380,-184,12038,-79,-180,-292,-0.00809,-0.01272,0.99784,-0.00916,0.02901,-0.08473
369681,3696823,1364,-204,12030,-77,-189,-290,-0.00908,-0.01394,0.99736,0.00611,-0.03969,-0.06947
369682,3696833,1330,-188,12018,-71,-195,-291,-0.01116,-0.01296,0.99665,0.05191,-0.0855,-0.0771
369683,3696843,1342,-216,11982,-72,-189,-293,-0.01043,-0.01468,0.99451,0.04427,-0.03969,-0.09237
369684,3696853,1396,-208,12020,-73,-190,-293,-0.00711,-0.01419,0.99677,0.03664,-0.04733,-0.09237
369685,3696863,1400,-210,12042,-73,-187,-293,-0.00687,-0.01431,0.99807,0.03664,-0.02443,-0.09237
369686,3696873,1410,-212,12022,-72,-181,-294,-0.00625,-0.01443,0.99689,0.04427,0.02137,-0.1
369687,3696883,1384,-228,12032,-80,-185,-292,-0.00785,-0.01541,0.99748,-0.01679,-0.00916,-0.08473
369688,3696893,1346,-170,12058,-71,-190,-290,-0.01018,-0.01186,0.99903,0.05191,-0.04733,-0.06947
369689,3696903,1368,-220,11974,-73,-195,-298,-0.00883,-0.01492,0.99403,0.03664,-0.0855,-0.13053
369690,3696913,1370,-194,11994,-73,-194,-304,-0.00871,-0.01333,0.99522,0.03664,-0.07786,-0.17634
369691,3696923,1364,-192,12068,-71,-186,-301,-0.00908,-0.01321,0.99962,0.05191,-0.01679,-0.15344
369692,3696933,1372,-186,12050,-76,-192,-299,-0.00859,-0.01284,0.99855,0.01374,-0.0626,-0.13817
369693,3696943,1378,-232,12126,-82,-192,-295,-0.00822,-0.01566,1.00307,-0.03206,-0.0626,-0.10763
369694,3696953,1344,-210,12044,-76,-190,-296,-0.0103,-0.01431,0.99819,0.01374,-0.04733,-0.11527
369695,3696963,1438,-174,12114,-73,-190,-292,-0.00453,-0.0121,1.00235,0.03664,-0.04733,-0.08473
369696,3696973,1430,-196,12064,-79,-187,-292,-0.00503,-0.01345,0.99938,-0.00916,-0.02443,-0.08473
369697,3696983,1414,-174,12078,-74,-183,-292,-0.00601,-0.0121,1.00021,0.02901,0.00611,-0.08473
369698,3696993,1386,-178,12046,-72,-180,-292,-0.00773,-0.01235,0.99831,0.04427,0.02901,-0.08473
369699,3697003,1402,-232,12048,-78,-189,-294,-0.00674,-0.01566,0.99843,-0.00153,-0.03969,-0.1
369700,3697013,1410,-198,12078,-77,-197,-288,-0.00625,-0.01357,1.00021,0.00611,-0.10076,-0.0542
369701,3697023,1388,-202,12036,-81,-185,-298,-0.0076,-0.01382,0.99772,-0.02443,-0.00916,-0.13053
369702,3697033,1430,-164,12050,-81,-183,-302,-0.00503,-0.01149,0.99855,-0.02443,0.00611,-0.16107
369703,3697043,1410,-204,12026,-77,-190,-299,-0.00625,-0.01394,0.99712,0.00611,-0.04733,-0.13817
369704,3697053,1384,-184,12064,-76,-192,-298,-0.00785,-0.01272,0.99938,0.01374,-0.0626,-0.13053
369705,3697063,1364,-196,12028,-75,-187,-296,-0.00908,-0.01345,0.99724,0.02137,-0.02443,-0.11527
369706,3697073,1376,-178,12084,-79,-193,-293,-0.00834,-0.01235,1.00057,-0.00916,-0.07023,-0.09237
369707,3697083,1386,-198,12022,-78,-186,-298,-0.00773,-0.01357,0.99689,-0.00153,-0.01679,-0.13053
369708,3697093,1368,-192,12010,-78,-190,-295,-0.00883,-0.01321,0.99617,-0.00153,-0.04733,-0.10763
369709,3697103,1392,-208,12044,-74,-186,-301,-0.00736,-0.01419,0.99819,0.02901,-0.01679,-0.15344
369710,3697113,1404,-216,11998,-78,-188,-300,-0.00662,-0.01468,0.99546,-0.00153,-0.03206,-0.1458
369711,3697123,1392,-202,12086,-79,-193,-295,-0.00736,-0.01382,1.00069,-0.00916,-0.07023,-0.10763
369712,3697133,1394,-188,12012,-75,-186,-290,-0.00724,-0.01296,0.99629,0.02137,-0.01679,-0.06947
369713,3697143,1398,-218,11970,-71,-193,-291,-0.00699,-0.0148,0.9938,0.05191,-0.07023,-0.0771
369714,3697153,1416,-222,12030,-75,-193,-289,-0.00588,-0.01505,0.99736,0.02137,-0.07023,-0.06183
369715,3697163,1370,-218,12020,-76,-187,-295,-0.00871,-0.0148,0.99677,0.01374,-0.02443,-0.10763
369716,3697173,1352,-184,12064,-72,-188,-290,-0.00981,-0.01272,0.99938,0.04427,-0.03206,-0.06947
369717,3697183,1370,-204,12094,-73,-191,-300,-0.00871,-0.01394,1.00116,0.03664,-0.05496,-0.1458
369718,3697193,1382,-144,12094,-74,-187,-289,-0.00797,-0.01026,1.00116,0.02901,-0.02443,-0.06183
369719,3697203,1370,-210,12012,-77,-183,-294,-0.00871,-0.01431,0.99629,0.00611,0.00611,-0.1
369720,3697213,1400,-216,12046,-73,-176,-291,-0.00687,-0.01468,0.99831,0.03664,0.05954,-0.0771
369721,3697223,1346,-192,12034,-77,-189,-292,-0.01018,-0.01321,0.9976,0.00611,-0.03969,-0.08473
369722,3697233,1346,-170,12078,-78,-190,-296,-0.01018,-0.01186,1.00021,-0.00153,-0.04733,-0.11527
369723,3697243,1340,-162,12084,-76,-188,-296,-0.01055,-0.01137,1.00057,0.01374,-0.03206,-0.11527
369724,3697253,1398,-136,11994,-71,-183,-298,-0.00699,-0.00977,0.99522,0.05191,0.00611,-0.13053
369725,3697263,1382,-194,11982,-77,-182,-298,-0.00797,-0.01333,0.99451,0.00611,0.01374,-0.13053
369726,3697273,1380,-202,11988,-75,-187,-298,-0.00809,-0.01382,0.99487,0.02137,-0.02443,-0.13053
369727,3697283,1426,-204,12020,-82,-185,-297,-0.00527,-0.01394,0.99677,-0.03206,-0.00916,-0.1229
369728,3697293,1430,-188,12012,-78,-183,-295,-0.00503,-0.01296,0.99629,-0.00153,0.00611,-0.10763
369729,3697303,1372,-192,12038,-71,-191,-290,-0.00859,-0.01321,0.99784,0.05191,-0.05496,-0.06947
369730,3697313,1424,-198,12050,-70,-193,-291,-0.00539,-0.01357,0.99855,0.05954,-0.07023,-0.0771
369731,3697323,1372,-202,12002,-73,-192,-291,-0.00859,-0.01382,0.9957,0.03664,-0.0626,-0.0771
369732,3697333,1366,-170,12058,-81,-190,-295,-0.00895,-0.01186,0.99903,-0.02443,-0.04733,-0.10763
369733,3697343,1354,-186,12094,-75,-189,-300,-0.00969,-0.01284,1.00116,0.02137,-0.03969,-0.1458
369734,3697353,1384,-152,12068,-76,-185,-297,-0.00785,-0.01075,0.99962,0.01374,-0.00916,-0.1229
369735,3697363,1398,-198,12092,-78,-183,-293,-0.00699,-0.01357,1.00105,-0.00153,0.00611,-0.09237
369736,3697373,1324,-190,12048,-75,-188,-297,-0.01153,-0.01308,0.99843,0.02137,-0.03206,-0.1229
369737,3697383,1400,-228,12058,-79,-189,-300,-0.00687,-0.01541,0.99903,-0.00916,-0.03969,-0.1458
369738,3697393,1400,-180,11978,-79,-197,-295,-0.00687,-0.01247,0.99427,-0.00916,-0.10076,-0.10763
369739,3697403,1418,-226,11980,-78,-189,-297,-0.00576,-0.01529,0.99439,-0.00153,-0.03969,-0.1229
369740,3697413,1450,-186,12036,-72,-193,-294,-0.0038,-0.01284,0.99772,0.04427,-0.07023,-0.1
369741,3697423,1410,-190,12098,-73,-185,-293,-0.00625,-0.01308,1.0014,0.03664,-0.00916,-0.09237
369742,3697433,1444,-216,12010,-71,-184,-294,-0.00417,-0.01468,0.99617,0.05191,-0.00153,-0.1
369743,3697443,1384,-218,12044,-83,-195,-295,-0.00785,-0.0148,0.99819,-0.03969,-0.0855,-0.10763
369744,3697453,1364,-184,12070,-71,-192,-288,-0.00908,-0.01272,0.99974,0.05191,-0.0626,-0.0542
369745,3697463,1400,-186,12014,-76,-185,-292,-0.00687,-0.01284,0.99641,0.01374,-0.00916,-0.08473
369746,3697473,1358,-140,12052,-75,-190,-294,-0.00944,-0.01002,0.99867,0.02137,-0.04733,-0.1
369747,3697483,1400,-214,12032,-75,-188,-300,-0.00687,-0.01456,0.99748,0.02137,-0.03206,-0.1458
369748,3697493,1408,-196,12092,-74,-185,-300,-0.00638,-0.01345,1.00105,0.02901,-0.00916,-0.1458
369749,3697503,1382,-186,12070,-76,-182,-300,-0.00797,-0.01284,0.99974,0.01374,0.01374,-0.1458
369750,3697513,1398,-194,12066,-77,-185,-299,-0.00699,-0.01333,0.9995,0.00611,-0.00916,-0.13817
369751,3697523,1432,-198,12004,-74,-190,-296,-0.0049,-0.01357,0.99582,0.02901,-0.04733,-0.11527
369752,3697533,1380,-132,12014,-79,-194,-294,-0.00809,-0.00953,0.99641,-0.00916,-0.07786,-0.1
369753,3697543,1418,-180,12086,-70,-196,-296,-0.00576,-0.01247,1.00069,0.05954,-0.09313,-0.11527
369754,3697553,1404,-182,12040,-75,-191,-292,-0.00662,-0.01259,0.99796,0.02137,-0.05496,-0.08473
369755,3697563,1388,-212,12014,-75,-188,-289,-0.0076,-0.01443,0.99641,0.02137,-0.03206,-0.06183
369756,3697573,1412,-112,12046,-71,-185,-296,-0.00613,-0.0083,0.99831,0.05191,-0.00916,-0.11527
369757,3697583,1402,-174,12000,-74,-189,-295,-0.00674,-0.0121,0.99558,0.02901,-0.03969,-0.10763
369758,3697593,1402,-162,12008,-71,-184,-299,-0.00674,-0.01137,0.99605,0.05191,-0.00153,-0.13817
369759,3697603,1378,-166,12050,-76,-177,-291,-0.00822,-0.01161,0.99855,0.01374,0.05191,-0.0771
369760,3697613,1402,-186,12074,-77,-183,-295,-0.00674,-0.01284,0.99998,0.00611,0.00611,-0.10763
369761,3697623,1404,-214,12072,-76,-187,-293,-0.00662,-0.01456,0.99986,0.01374,-0.02443,-0.09237
369762,3697633,1324,-174,12002,-77,-186,-295,-0.01153,-0.0121,0.9957,0.00611,-0.01679,-0.10763
369763,3697643,1378,-224,11992,-75,-191,-295,-0.00822,-0.01517,0.9951,0.02137,-0.05496,-0.10763
369764,3697653,1394,-228,12026,-80,-188,-289,-0.00724,-0.01541,0.99712,-0.01679,-0.03206,-0.06183
369765,3697663,1440,-210,12006,-79,-189,-297,-0.00441,-0.01431,0.99594,-0.00916,-0.03969,-0.1229
369766,3697673,1440,-194,12018,-77,-191,-297,-0.00441,-0.01333,0.99665,0.00611,-0.05496,-0.1229
369767,3697683,1414,-212,12072,-72,-189,-291,-0.00601,-0.01443,0.99986,0.04427,-0.03969,-0.0771
369768,3697693,1386,-180,11998,-76,-193,-293,-0.00773,-0.01247,0.99546,0.01374,-0.07023,-0.09237
369769,3697703,1398,-206,12076,-77,-183,-298,-0.00699,-0.01407,1.0001,0.00611,0.00611,-0.13053
369770,3697713,1390,-208,12118,-69,-185,-292,-0.00748,-0.01419,1.00259,0.06718,-0.00916,-0.08473
369771,3697723,1344,-192,12034,-76,-188,-291,-0.0103,-0.01321,0.9976,0.01374,-0.03206,-0.0771
369772,3697733,1412,-202,12090,-72,-180,-292,-0.00613,-0.01382,1.00093,0.04427,0.02901,-0.08473
369773,3697743,1390,-188,12068,-67,-183,-294,-0.00748,-0.01296,0.99962,0.08244,0.00611,-0.1
369774,3697753,1412,-214,12022,-68,-185,-289,-0.00613,-0.01456,0.99689,0.07481,-0.00916,-0.06183
369775,3697763,1384,-160,11946,-72,-190,-286,-0.00785,-0.01124,0.99237,0.04427,-0.04733,-0.03893
369776,3697773,1388,-192,12036,-75,-201,-294,-0.0076,-0.01321,0.99772,0.02137,-0.1313,-0.1
369777,3697783,1392,-192,11938,-74,-200,-294,-0.00736,-0.01321,0.9919,0.02901,-0.12366,-0.1
369778,3697793,1380,-208,12096,-73,-200,-295,-0.00809,-0.01419,1.00128,0.03664,-0.12366,-0.10763
369779,3697803,1428,-238,12002,-74,-188,-292,-0.00515,-0.01603,0.9957,0.02901,-0.03206,-0.08473
369780,3697813,1390,-186,12050,-78,-192,-290,-0.00748,-0.01284,0.99855,-0.00153,-0.0626,-0.06947
369781,3697823,1388,-190,12022,-76,-192,-289,-0.0076,-0.01308,0.99689,0.01374,-0.0626,-0.06183
369782,3697833,1394,-212,11994,-78,-182,-293,-0.00724,-0.01443,0.99522,-0.00153,0.01374,-0.09237
369783,3697843,1372,-154,11996,-76,-192,-295,-0.00859,-0.01088,0.99534,0.01374,-0.0626,-0.10763
369784,3697853,1358,-176,12038,-75,-187,-294,-0.00944,-0.01223,0.99784,0.02137,-0.02443,-0.1
369785,3697863,1364,-176,12040,-77,-196,-294,-0.00908,-0.01223,0.99796,0.00611,-0.09313,-0.1
369786,3697873,1384,-176,12068,-69,-196,-295,-0.00785,-0.01223,0.99962,0.06718,-0.09313,-0.10763
369787,3697883,1428,-204,12006,-70,-182,-299,-0.00515,-0.01394,0.99594,0.05954,0.01374,-0.13817
369788,3697893,1420,-184,12028,-73,-194,-294,-0.00564,-0.01272,0.99724,0.03664,-0.07786,-0.1
369789,3697903,1354,-204,12098,-76,-191,-291,-0.00969,-0.01394,1.0014,0.01374,-0.05496,-0.0771
369790,3697913,1372,-244,12062,-78,-191,-298,-0.00859,-0.0164,0.99926,-0.00153,-0.05496,-0.13053
369791,3697923,1362,-192,12012,-74,-194,-299,-0.0092,-0.01321,0.99629,0.02901,-0.07786,-0.13817
369792,3697933,1418,-176,11994,-68,-189,-293,-0.00576,-0.01223,0.99522,0.07481,-0.03969,-0.09237
369793,3697943,1422,-228,12062,-74,-193,-297,-0.00552,-0.01541,0.99926,0.02901,-0.07023,-0.1229
369794,3697953,1408,-186,12022,-70,-195,-294,-0.00638,-0.01284,0.99689,0.05954,-0.0855,-0.1
369795,3697963,1418,-178,12020,-77,-201,-300,-0.00576,-0.01235,0.99677,0.00611,-0.1313,-0.1458
369796,3697973,1372,-182,12118,-75,-185,-304,-0.00859,-0.01259,1.00259,0.02137,-0.00916,-0.17634
369797,3697983,1370,-202,12092,-79,-186,-297,-0.00871,-0.01382,1.00105,-0.00916,-0.01679,-0.1229
369798,3697993,1392,-200,12082,-78,-178,-297,-0.00736,-0.0137,1.00045,-0.00153,0.04427,-0.1229
369799,3698003,1368,-190,12030,-72,-185,-292,-0.00883,-0.01308,0.99736,0.04427,-0.00916,-0.08473
369800,3698013,1414,-202,12062,-76,-198,-294,-0.00601,-0.01382,0.99926,0.01374,-0.1084,-0.1
369801,3698023,1396,-150,11992,-73,-193,-296,-0.00711,-0.01063,0.9951,0.03664,-0.07023,-0.11527
369802,3698033,1394,-188,12022,-75,-194,-295,-0.00724,-0.01296,0.99689,0.02137,-0.07786,-0.10763
369803,3698043,1356,-160,12042,-74,-196,-297,-0.00957,-0.01124,0.99807,0.02901,-0.09313,-0.1229
369804,3698053,1352,-162,12098,-74,-195,-295,-0.00981,-0.01137,1.0014,0.02901,-0.0855,-0.10763
369805,3698063,1422,-212,12014,-75,-190,-298,-0.00552,-0.01443,0.99641,0.02137,-0.04733,-0.13053
369806,3698073,1418,-216,12012,-78,-188,-290,-0.00576,-0.01468,0.99629,-0.00153,-0.03206,-0.06947
369807,3698083,1394,-186,11994,-77,-189,-294,-0.00724,-0.01284,0.99522,0.00611,-0.03969,-0.1
369808,3698093,1384,-200,11950,-73,-190,-294,-0.00785,-0.0137,0.99261,0.03664,-0.04733,-0.1
369809,3698103,1438,-162,11992,-78,-196,-290,-0.00453,-0.01137,0.9951,-0.00153,-0.09313,-0.06947
369810,3698113,1414,-166,11940,-74,-193,-292,-0.00601,-0.01161,0.99201,0.02901,-0.07023,-0.08473
369811,3698123,1444,-202,12004,-72,-188,-293,-0.00417,-0.01382,0.99582,0.04427,-0.03206,-0.09237
369812,3698133,1390,-194,12020,-80,-190,-293,-0.00748,-0.01333,0.99677,-0.01679,-0.04733,-0.09237
369813,3698143,1390,-162,12042,-73,-179,-295,-0.00748,-0.01137,0.99807,0.03664,0.03664,-0.10763
369814,3698153,1386,-200,12058,-76,-183,-297,-0.00773,-0.0137,0.99903,0.01374,0.00611,-0.1229
369815,3698163,1406,-176,12050,-77,-194,-291,-0.0065,-0.01223,0.99855,0.00611,-0.07786,-0.0771
369816,3698173,1400,-150,12034,-80,-188,-288,-0.00687,-0.01063,0.9976,-0.01679,-0.03206,-0.0542
369817,3698183,1406,-198,12080,-76,-185,-290,-0.0065,-0.01357,1.00033,0.01374,-0.00916,-0.06947
369818,3698193,1364,-226,12030,-73,-181,-299,-0.00908,-0.01529,0.99736,0.03664,0.02137,-0.13817
369819,3698203,1348,-216,12022,-80,-186,-296,-0.01006,-0.01468,0.99689,-0.01679,-0.01679,-0.11527
369820,3698213,1362,-198,12022,-75,-189,-291,-0.0092,-0.01357,0.99689,0.02137,-0.03969,-0.0771
369821,3698223,1372,-216,12068,-74,-189,-294,-0.00859,-0.01468,0.99962,0.02901,-0.03969,-0.1
369822,3698233,1338,-152,12038,-76,-193,-292,-0.01067,-0.01075,0.99784,0.01374,-0.07023,-0.08473
369823,3698243,1438,-212,12076,-78,-187,-300,-0.00453,-0.01443,1.0001,-0.00153,-0.02443,-0.1458
369824,3698253,1390,-194,11988,-76,-184,-299,-0.00748,-0.01333,0.99487,0.01374,-0.00153,-0.13817
369825,3698263,1388,-188,12100,-83,-182,-288,-0.0076,-0.01296,1.00152,-0.03969,0.01374,-0.0542
369826,3698273,1382,-174,12060,-80,-184,-296,-0.00797,-0.0121,0.99914,-0.01679,-0.00153,-0.11527
369827,3698283,1386,-190,12058,-78,-184,-293,-0.00773,-0.01308,0.99903,-0.00153,-0.00153,-0.09237
369828,3698293,1438,-188,12058,-77,-186,-295,-0.00453,-0.01296,0.99903,0.00611,-0.01679,-0.10763
369829,3698303,1356,-182,12016,-72,-183,-290,-0.00957,-0.01259,0.99653,0.04427,0.00611,-0.06947
369830,3698313,1346,-208,12052,-73,-194,-294,-0.01018,-0.01419,0.99867,0.03664,-0.07786,-0.1
369831,3698323,1418,-210,12084,-69,-195,-295,-0.00576,-0.01431,1.00057,0.06718,-0.0855,-0.10763
369832,3698333,1388,-210,12064,-66,-184,-294,-0.0076,-0.01431,0.99938,0.09008,-0.00153,-0.1
369833,3698343,1420,-172,12020,-70,-183,-291,-0.00564,-0.01198,0.99677,0.05954,0.00611,-0.0771
369834,3698353,1446,-192,12086,-73,-183,-294,-0.00404,-0.01321,1.00069,0.03664,0.00611,-0.1
369835,3698363,1382,-178,12142,-74,-187,-296,-0.00797,-0.01235,1.00402,0.02901,-0.02443,-0.11527
369836,3698373,1358,-194,12044,-74,-188,-298,-0.00944,-0.01333,0.99819,0.02901,-0.03206,-0.13053
369837,3698383,1396,-200,12006,-72,-193,-295,-0.00711,-0.0137,0.99594,0.04427,-0.07023,-0.10763
369838,3698393,1384,-186,12056,-80,-188,-288,-0.00785,-0.01284,0.99891,-0.01679,-0.03206,-0.0542
369839,3698403,1382,-182,12060,-77,-182,-292,-0.00797,-0.01259,0.99914,0.00611,0.01374,-0.08473
369840,3698413,1392,-202,12064,-75,-183,-293,-0.00736,-0.01382,0.99938,0.02137,0.00611,-0.09237
369841,3698423,1394,-182,12030,-74,-185,-289,-0.00724,-0.01259,0.99736,0.02901,-0.00916,-0.06183
369842,3698433,1388,-186,12014,-76,-193,-295,-0.0076,-0.01284,0.99641,0.01374,-0.07023,-0.10763
369843,3698443,1388,-176,12074,-70,-181,-295,-0.0076,-0.01223,0.99998,0.05954,0.02137,-0.10763
369844,3698453,1392,-170,12010,-70,-192,-295,-0.00736,-0.01186,0.99617,0.05954,-0.0626,-0.10763
369845,3698463,1362,-198,12066,-70,-197,-298,-0.0092,-0.01357,0.9995,0.05954,-0.10076,-0.13053
369846,3698473,1420,-176,12070,-73,-193,-295,-0.00564,-0.01223,0.99974,0.03664,-0.07023,-0.10763
369847,3698483,1400,-218,12038,-71,-193,-295,-0.00687,-0.0148,0.99784,0.05191,-0.07023,-0.10763
369848,3698493,1410,-206,12022,-77,-190,-293,-0.00625,-0.01407,0.99689,0.00611,-0.04733,-0.09237
369849,3698503,1408,-196,12064,-77,-189,-299,-0.00638,-0.01345,0.99938,0.00611,-0.03969,-0.13817
369850,3698513,1394,-168,12038,-79,-190,-294,-0.00724,-0.01173,0.99784,-0.00916,-0.04733,-0.1
369851,3698523,1386,-194,12074,-79,-182,-299,-0.00773,-0.01333,0.99998,-0.00916,0.01374,-0.13817
369852,3698533,1378,-202,12124,-78,-184,-293,-0.00822,-0.01382,1.00295,-0.00153,-0.00153,-0.09237
369853,3698543,1376,-222,12096,-79,-194,-293,-0.00834,-0.01505,1.00128,-0.00916,-0.07786,-0.09237
369854,3698553,1368,-172,12100,-69,-186,-291,-0.00883,-0.01198,1.00152,0.06718,-0.01679,-0.0771
369855,3698563,1356,-176,12112,-72,-181,-294,-0.00957,-0.01223,1.00223,0.04427,0.02137,-0.1
369856,3698573,1424,-176,12008,-74,-188,-294,-0.00539,-0.01223,0.99605,0.02901,-0.03206,-0.1
369857,3698583,1390,-180,12018,-76,-181,-294,-0.00748,-0.01247,0.99665,0.01374,0.02137,-0.1
369858,3698593,1382,-222,12064,-78,-180,-292,-0.00797,-0.01505,0.99938,-0.00153,0.02901,-0.08473
369859,3698603,1392,-198,12018,-73,-179,-294,-0.00736,-0.01357,0.99665,0.03664,0.03664,-0.1
369860,3698613,1402,-174,12024,-74,-173,-290,-0.00674,-0.0121,0.99701,0.02901,0.08244,-0.06947
369861,3698623,1382,-168,12028,-75,-184,-290,-0.00797,-0.01173,0.99724,0.02137,-0.00153,-0.06947
369862,3698633,1386,-236,12038,-65,-199,-292,-0.00773,-0.01591,0.99784,0.09771,-0.11603,-0.08473
369863,3698643,1400,-186,12032,-68,-197,-293,-0.00687,-0.01284,0.99748,0.07481,-0.10076,-0.09237
369864,3698653,1302,-166,12020,-68,-204,-289,-0.01288,-0.01161,0.99677,0.07481,-0.1542,-0.06183
369865,3698663,1390,-180,12026,-73,-200,-292,-0.00748,-0.01247,0.99712,0.03664,-0.12366,-0.08473
369866,3698673,1430,-136,12018,-78,-195,-290,-0.00503,-0.00977,0.99665,-0.00153,-0.0855,-0.06947
369867,3698683,1358,-160,12040,-80,-196,-295,-0.00944,-0.01124,0.99796,-0.01679,-0.09313,-0.10763
369868,3698693,1382,-184,12044,-76,-192,-295,-0.00797,-0.01272,0.99819,0.01374,-0.0626,-0.10763
369869,3698703,1378,-222,12042,-74,-192,-290,-0.00822,-0.01505,0.99807,0.02901,-0.0626,-0.06947
369870,3698713,1384,-210,12012,-75,-180,-298,-0.00785,-0.01431,0.99629,0.02137,0.02901,-0.13053
369871,3698723,1398,-224,12032,-75,-185,-293,-0.00699,-0.01517,0.99748,0.02137,-0.00916,-0.09237
369872,3698733,1388,-174,12044,-76,-189,-291,-0.0076,-0.0121,0.99819,0.01374,-0.03969,-0.0771
369873,3698743,1374,-190,12000,-75,-171,-293,-0.00846,-0.01308,0.99558,0.02137,0.09771,-0.09237
369874,3698753,1338,-208,12034,-79,-189,-288,-0.01067,-0.01419,0.9976,-0.00916,-0.03969,-0.0542
369875,3698763,1394,-222,12000,-73,-183,-291,-0.00724,-0.01505,0.99558,0.03664,0.00611,-0.0771
369876,3698773,1364,-210,11990,-73,-190,-290,-0.00908,-0.01431,0.99498,0.03664,-0.04733,-0.06947
369877,3698783,1394,-180,12066,-75,-192,-288,-0.00724,-0.01247,0.9995,0.02137,-0.0626,-0.0542
369878,3698793,1396,-186,12066,-75,-180,-288,-0.00711,-0.01284,0.9995,0.02137,0.02901,-0.0542
369879,3698803,1418,-148,12052,-74,-194,-288,-0.00576,-0.01051,0.99867,0.02901,-0.07786,-0.0542
369880,3698813,1416,-186,12042,-75,-191,-289,-0.00588,-0.01284,0.99807,0.02137,-0.05496,-0.06183
369881,3698823,1396,-202,12014,-75,-187,-289,-0.00711,-0.01382,0.99641,0.02137,-0.02443,-0.06183
369882,3698833,1398,-188,12056,-79,-184,-292,-0.00699,-0.01296,0.99891,-0.00916,-0.00153,-0.08473
369883,3698843,1344,-224,12104,-81,-181,-288,-0.0103,-0.01517,1.00176,-0.02443,0.02137,-0.0542
369884,3698853,1338,-180,12128,-77,-187,-293,-0.01067,-0.01247,1.00318,0.00611,-0.02443,-0.09237
369885,3698863,1406,-146,11928,-69,-184,-296,-0.0065,-0.01038,0.9913,0.06718,-0.00153,-0.11527
369886,3698873,1364,-174,12044,-71,-176,-292,-0.00908,-0.0121,0.99819,0.05191,0.05954,-0.08473
369887,3698883,1414,-202,12034,-72,-189,-295,-0.00601,-0.01382,0.9976,0.04427,-0.03969,-0.10763
369888,3698893,1420,-216,12036,-74,-195,-291,-0.00564,-0.01468,0.99772,0.02901,-0.0855,-0.0771
369889,3698903,1396,-202,11988,-76,-190,-294,-0.00711,-0.01382,0.99487,0.01374,-0.04733,-0.1
369890,3698913,1380,-200,12028,-74,-190,-300,-0.00809,-0.0137,0.99724,0.02901,-0.04733,-0.1458
369891,3698923,1408,-124,12048,-80,-192,-292,-0.00638,-0.00904,0.99843,-0.01679,-0.0626,-0.08473
369892,3698933,1404,-216,11986,-82,-196,-291,-0.00662,-0.01468,0.99475,-0.03206,-0.09313,-0.0771
369893,3698943,1408,-192,12108,-73,-194,-296,-0.00638,-0.01321,1.002,0.03664,-0.07786,-0.11527
369894,3698953,1370,-210,12050,-69,-189,-295,-0.00871,-0.01431,0.99855,0.06718,-0.03969,-0.10763
369895,3698963,1376,-164,12072,-75,-189,-297,-0.00834,-0.01149,0.99986,0.02137,-0.03969,-0.1229
369896,3698973,1356,-190,12088,-73,-190,-291,-0.00957,-0.01308,1.00081,0.03664,-0.04733,-0.0771
369897,3698983,1388,-212,12070,-78,-189,-289,-0.0076,-0.01443,0.99974,-0.00153,-0.03969,-0.06183
369898,3698993,1414,-196,12028,-78,-180,-290,-0.00601,-0.01345,0.99724,-0.00153,0.02901,-0.06947
369899,3699003,1382,-214,12006,-75,-180,-295,-0.00797,-0.01456,0.99594,0.02137,0.02901,-0.10763
369900,3699013,1412,-210,12022,-73,-188,-297,-0.00613,-0.01431,0.99689,0.03664,-0.03206,-0.1229
369901,3699023,1390,-204,12044,-76,-189,-294,-0.00748,-0.01394,0.99819,0.01374,-0.03969,-0.1
369902,3699033,1438,-214,12030,-76,-183,-293,-0.00453,-0.01456,0.99736,0.01374,0.00611,-0.09237
369903,3699043,1412,-224,12028,-73,-190,-291,-0.00613,-0.01517,0.99724,0.03664,-0.04733,-0.0771
369904,3699053,1438,-190,12086,-72,-181,-293,-0.00453,-0.01308,1.00069,0.04427,0.02137,-0.09237
369905,3699063,1394,-206,11982,-77,-190,-298,-0.00724,-0.01407,0.99451,0.00611,-0.04733,-0.13053
369906,3699073,1366,-166,11946,-80,-189,-293,-0.00895,-0.01161,0.99237,-0.01679,-0.03969,-0.09237
369907,3699083,1384,-184,12048,-79,-181,-296,-0.00785,-0.01272,0.99843,-0.00916,0.02137,-0.11527
369908,3699093,1452,-142,11974,-78,-185,-301,-0.00368,-0.01014,0.99403,-0.00153,-0.00916,-0.15344
369909,3699103,1360,-168,12008,-76,-188,-295,-0.00932,-0.01173,0.99605,0.01374,-0.03206,-0.10763
369910,3699113,1376,-194,12014,-77,-181,-291,-0.00834,-0.01333,0.99641,0.00611,0.02137,-0.0771
369911,3699123,1422,-198,12084,-74,-179,-298,-0.00552,-0.01357,1.00057,0.02901,0.03664,-0.13053
369912,3699133,1398,-200,12006,-75,-183,-293,-0.00699,-0.0137,0.99594,0.02137,0.00611,-0.09237
369913,3699143,1402,-202,12030,-74,-191,-292,-0.00674,-0.01382,0.99736,0.02901,-0.05496,-0.08473
369914,3699153,1388,-186,12070,-75,-187,-296,-0.0076,-0.01284,0.99974,0.02137,-0.02443,-0.11527
369915,3699163,1388,-188,12022,-78,-187,-297,-0.0076,-0.01296,0.99689,-0.00153,-0.02443,-0.1229
369916,3699173,1420,-188,12028,-75,-179,-298,-0.00564,-0.01296,0.99724,0.02137,0.03664,-0.13053
369917,3699183,1360,-204,12010,-80,-189,-295,-0.00932,-0.01394,0.99617,-0.01679,-0.03969,-0.10763
369918,3699193,1372,-226,12022,-76,-187,-291,-0.00859,-0.01529,0.99689,0.01374,-0.02443,-0.0771
369919,3699203,1364,-220,12048,-70,-188,-292,-0.00908,-0.01492,0.99843,0.05954,-0.03206,-0.08473
369920,3699213,1378,-202,12052,-73,-187,-292,-0.00822,-0.01382,0.99867,0.03664,-0.02443,-0.08473
369921,3699223,1386,-210,12050,-77,-189,-295,-0.00773,-0.01431,0.99855,0.00611,-0.03969,-0.10763
369922,3699233,1398,-200,12082,-76,-192,-294,-0.00699,-0.0137,1.00045,0.01374,-0.0626,-0.1
369923,3699243,1398,-178,12046,-72,-189,-293,-0.00699,-0.01235,0.99831,0.04427,-0.03969,-0.09237
369924,3699253,1396,-196,12102,-74,-198,-291,-0.00711,-0.01345,1.00164,0.02901,-0.1084,-0.0771
369925,3699263,1428,-170,12080,-75,-196,-291,-0.00515,-0.01186,1.00033,0.02137,-0.09313,-0.0771
369926,3699273,1332,-180,12034,-72,-184,-286,-0.01104,-0.01247,0.9976,0.04427,-0.00153,-0.03893
369927,3699283,1414,-210,12024,-78,-186,-295,-0.00601,-0.01431,0.99701,-0.00153,-0.01679,-0.10763
369928,3699293,1378,-180,11968,-76,-194,-297,-0.00822,-0.01247,0.99368,0.01374,-0.07786,-0.1229
369929,3699303,1374,-202,12008,-78,-187,-294,-0.00846,-0.01382,0.99605,-0.00153,-0.02443,-0.1
369930,3699313,1418,-162,11992,-79,-181,-291,-0.00576,-0.01137,0.9951,-0.00916,0.02137,-0.0771
369931,3699323,1432,-202,12068,-83,-189,-296,-0.0049,-0.01382,0.99962,-0.03969,-0.03969,-0.11527
369932,3699333,1410,-220,12028,-78,-179,-291,-0.00625,-0.01492,0.99724,-0.00153,0.03664,-0.0771
369933,3699343,1396,-158,12020,-79,-185,-295,-0.00711,-0.01112,0.99677,-0.00916,-0.00916,-0.10763
369934,3699353,1396,-196,12030,-75,-188,-299,-0.00711,-0.01345,0.99736,0.02137,-0.03206,-0.13817
369935,3699363,1386,-186,12040,-75,-182,-296,-0.00773,-0.01284,0.99796,0.02137,0.01374,-0.11527
369936,3699373,1348,-202,11998,-71,-186,-292,-0.01006,-0.01382,0.99546,0.05191,-0.01679,-0.08473
369937,3699383,1428,-168,12062,-75,-187,-296,-0.00515,-0.01173,0.99926,0.02137,-0.02443,-0.11527
369938,3699393,1384,-216,12068,-74,-184,-296,-0.00785,-0.01468,0.99962,0.02901,-0.00153,-0.11527
369939,3699403,1394,-198,12022,-69,-183,-296,-0.00724,-0.01357,0.99689,0.06718,0.00611,-0.11527
369940,3699413,1408,-228,12136,-70,-192,-293,-0.00638,-0.01541,1.00366,0.05954,-0.0626,-0.09237
369941,3699423,1424,-230,12066,-75,-187,-291,-0.00539,-0.01554,0.9995,0.02137,-0.02443,-0.0771
369942,3699433,1404,-146,11988,-72,-187,-290,-0.00662,-0.01038,0.99487,0.04427,-0.02443,-0.06947
369943,3699443,1380,-172,12092,-73,-194,-294,-0.00809,-0.01198,1.00105,0.03664,-0.07786,-0.1
369944,3699453,1432,-212,12068,-69,-191,-299,-0.0049,-0.01443,0.99962,0.06718,-0.05496,-0.13817
369945,3699463,1380,-176,12008,-72,-188,-295,-0.00809,-0.01223,0.99605,0.04427,-0.03206,-0.10763
369946,3699473,1370,-174,12038,-73,-183,-291,-0.00871,-0.0121,0.99784,0.03664,0.00611,-0.0771
369947,3699483,1412,-194,12048,-73,-185,-292,-0.00613,-0.01333,0.99843,0.03664,-0.00916,-0.08473
369948,3699493,1372,-186,12044,-78,-180,-294,-0.00859,-0.01284,0.99819,-0.00153,0.02901,-0.1
369949,3699503,1380,-216,12056,-77,-186,-291,-0.00809,-0.01468,0.99891,0.00611,-0.01679,-0.0771
369950,3699513,1408,-214,12010,-79,-179,-293,-0.00638,-0.01456,0.99617,-0.00916,0.03664,-0.09237
369951,3699523,1430,-186,12006,-80,-186,-295,-0.00503,-0.01284,0.99594,-0.01679,-0.01679,-0.10763
369952,3699533,1388,-154,12050,-76,-190,-292,-0.0076,-0.01088,0.99855,0.01374,-0.04733,-0.08473
369953,3699543,1378,-226,12090,-78,-181,-286,-0.00822,-0.01529,1.00093,-0.00153,0.02137,-0.03893
369954,3699553,1390,-182,12040,-73,-184,-291,-0.00748,-0.01259,0.99796,0.03664,-0.00153,-0.0771
369955,3699563,1384,-192,12084,-76,-184,-294,-0.00785,-0.01321,1.00057,0.01374,-0.00153,-0.1
369956,3699573,1416,-214,12008,-78,-181,-293,-0.00588,-0.01456,0.99605,-0.00153,0.02137,-0.09237
369957,3699583,1406,-160,12092,-70,-191,-291,-0.0065,-0.01124,1.00105,0.05954,-0.05496,-0.0771
369958,3699593,1400,-146,12078,-78,-197,-294,-0.00687,-0.01038,1.00021,-0.00153,-0.10076,-0.1
369959,3699603,1418,-180,12038,-75,-187,-293,-0.00576,-0.01247,0.99784,0.02137,-0.02443,-0.09237
369960,3699613,1352,-226,12024,-71,-186,-296,-0.00981,-0.01529,0.99701,0.05191,-0.01679,-0.11527
369961,3699623,1356,-170,11990,-74,-183,-295,-0.00957,-0.01186,0.99498,0.02901,0.00611,-0.10763
369962,3699633,1368,-162,12072,-71,-184,-297,-0.00883,-0.01137,0.99986,0.05191,-0.00153,-0.1229
369963,3699643,1400,-172,11996,-69,-184,-293,-0.00687,-0.01198,0.99534,0.06718,-0.00153,-0.09237
369964,3699653,1412,-188,11948,-81,-184,-290,-0.00613,-0.01296,0.99249,-0.02443,-0.00153,-0.06947
369965,3699663,1370,-202,12008,-73,-185,-290,-0.00871,-0.01382,0.99605,0.03664,-0.00916,-0.06947
369966,3699673,1414,-178,12108,-76,-188,-290,-0.00601,-0.01235,1.002,0.01374,-0.03206,-0.06947
369967,3699683,1368,-176,12022,-84,-188,-296,-0.00883,-0.01223,0.99689,-0.04733,-0.03206,-0.11527
369968,3699693,1444,-208,12078,-75,-180,-295,-0.00417,-0.01419,1.00021,0.02137,0.02901,-0.10763
369969,3699703,1406,-190,12018,-75,-190,-293,-0.0065,-0.01308,0.99665,0.02137,-0.04733,-0.09237
369970,3699713,1320,-178,12066,-69,-188,-292,-0.01178,-0.01235,0.9995,0.06718,-0.03206,-0.08473
369971,3699723,1356,-152,12066,-74,-184,-293,-0.00957,-0.01075,0.9995,0.02901,-0.00153,-0.09237
369972,3699733,1386,-186,12076,-72,-190,-292,-0.00773,-0.01284,1.0001,0.04427,-0.04733,-0.08473
369973,3699743,1348,-166,12056,-69,-190,-294,-0.01006,-0.01161,0.99891,0.06718,-0.04733,-0.1
369974,3699753,1376,-186,11972,-75,-189,-288,-0.00834,-0.01284,0.99392,0.02137,-0.03969,-0.0542
369975,3699763,1364,-158,12068,-77,-187,-288,-0.00908,-0.01112,0.99962,0.00611,-0.02443,-0.0542
369976,3699773,1442,-200,12044,-71,-189,-286,-0.00429,-0.0137,0.99819,0.05191,-0.03969,-0.03893
369977,3699783,1402,-190,12004,-70,-185,-288,-0.00674,-0.01308,0.99582,0.05954,-0.00916,-0.0542
369978,3699793,1408,-184,12048,-78,-182,-291,-0.00638,-0.01272,0.99843,-0.00153,0.01374,-0.0771
369979,3699803,1434,-132,12036,-74,-190,-289,-0.00478,-0.00953,0.99772,0.02901,-0.04733,-0.06183
369980,3699813,1358,-212,12022,-77,-192,-295,-0.00944,-0.01443,0.99689,0.00611,-0.0626,-0.10763
369981,3699823,1424,-218,12004,-75,-198,-293,-0.00539,-0.0148,0.99582,0.02137,-0.1084,-0.09237
369982,3699833,1390,-206,12042,-74,-191,-295,-0.00748,-0.01407,0.99807,0.02901,-0.05496,-0.10763
369983,3699843,1398,-200,12048,-75,-180,-293,-0.00699,-0.0137,0.99843,0.02137,0.02901,-0.09237
369984,3699853,1412,-158,12002,-74,-186,-287,-0.00613,-0.01112,0.9957,0.02901,-0.01679,-0.04656
369985,3699863,1440,-206,12096,-77,-190,-287,-0.00441,-0.01407,1.00128,0.00611,-0.04733,-0.04656
369986,3699873,1384,-168,12020,-74,-183,-288,-0.00785,-0.01173,0.99677,0.02901,0.00611,-0.0542
369987,3699883,1396,-150,12014,-74,-183,-291,-0.00711,-0.01063,0.99641,0.02901,0.00611,-0.0771
369988,3699893,1384,-170,12044,-71,-186,-296,-0.00785,-0.01186,0.99819,0.05191,-0.01679,-0.11527
369989,3699903,1370,-186,12018,-72,-179,-293,-0.00871,-0.01284,0.99665,0.04427,0.03664,-0.09237
369990,3699913,1390,-190,12018,-67,-188,-295,-0.00748,-0.01308,0.99665,0.08244,-0.03206,-0.10763
369991,3699923,1440,-194,12078,-69,-201,-293,-0.00441,-0.01333,1.00021,0.06718,-0.1313,-0.09237
369992,3699933,1386,-172,11972,-73,-193,-292,-0.00773,-0.01198,0.99392,0.03664,-0.07023,-0.08473
369993,3699943,1408,-166,11976,-73,-182,-293,-0.00638,-0.01161,0.99415,0.03664,0.01374,-0.09237
369994,3699953,1384,-196,12062,-74,-189,-295,-0.00785,-0.01345,0.99926,0.02901,-0.03969,-0.10763
369995,3699963,1416,-220,11936,-71,-185,-293,-0.00588,-0.01492,0.99178,0.05191,-0.00916,-0.09237
369996,3699973,1422,-200,12020,-76,-183,-290,-0.00552,-0.0137,0.99677,0.01374,0.00611,-0.06947
369997,3699983,1390,-204,12080,-72,-191,-291,-0.00748,-0.01394,1.00033,0.04427,-0.05496,-0.0771
369998,3699993,1376,-188,12074,-75,-189,-290,-0.00834,-0.01296,0.99998,0.02137,-0.03969,-0.06947
369999,3700003,1406,-168,12044,-70,-195,-288,-0.0065,-0.01173,0.99819,0.05954,-0.0855,-0.0542
370000,3700013,1346,-202,11992,-76,-193,-290,-0.01018,-0.01382,0.9951,0.01374,-0.07023,-0.06947
370001,3700023,1400,-194,11984,-71,-190,-295,-0.00687,-0.01333,0.99463,0.05191,-0.04733,-0.10763
370002,3700033,1376,-238,12120,-73,-184,-294,-0.00834,-0.01603,1.00271,0.03664,-0.00153,-0.1
370003,3700043,1426,-190,12068,-68,-181,-292,-0.00527,-0.01308,0.99962,0.07481,0.02137,-0.08473
370004,3700053,1416,-226,12084,-70,-178,-295,-0.00588,-0.01529,1.00057,0.05954,0.04427,-0.10763
370005,3700063,1436,-194,12032,-74,-188,-289,-0.00466,-0.01333,0.99748,0.02901,-0.03206,-0.06183
370006,3700073,1368,-180,12024,-77,-194,-289,-0.00883,-0.01247,0.99701,0.00611,-0.07786,-0.06183
370007,3700083,1390,-196,12062,-74,-183,-291,-0.00748,-0.01345,0.99926,0.02901,0.00611,-0.0771
370008,3700093,1438,-220,12124,-69,-186,-292,-0.00453,-0.01492,1.00295,0.06718,-0.01679,-0.08473
370009,3700103,1396,-168,12014,-73,-183,-296,-0.00711,-0.01173,0.99641,0.03664,0.00611,-0.11527
370010,3700113,1392,-188,12048,-73,-178,-293,-0.00736,-0.01296,0.99843,0.03664,0.04427,-0.09237
370011,3700123,1432,-170,12032,-77,-181,-290,-0.0049,-0.01186,0.99748,0.00611,0.02137,-0.06947
370012,3700133,1432,-188,12084,-80,-181,-299,-0.0049,-0.01296,1.00057,-0.01679,0.02137,-0.13817
370013,3700143,1384,-208,12056,-69,-185,-296,-0.00785,-0.01419,0.99891,0.06718,-0.00916,-0.11527
370014,3700153,1366,-192,12140,-76,-184,-293,-0.00895,-0.01321,1.0039,0.01374,-0.00153,-0.09237
370015,3700163,1412,-228,12084,-75,-187,-289,-0.00613,-0.01541,1.00057,0.02137,-0.02443,-0.06183
370016,3700173,1394,-186,12018,-73,-188,-290,-0.00724,-0.01284,0.99665,0.03664,-0.03206,-0.06947
370017,3700183,1392,-152,12006,-67,-193,-284,-0.00736,-0.01075,0.99594,0.08244,-0.07023,-0.02366
370018,3700193,1408,-186,12042,-71,-183,-288,-0.00638,-0.01284,0.99807,0.05191,0.00611,-0.0542
370019,3700203,1420,-182,12072,-70,-187,-290,-0.00564,-0.01259,0.99986,0.05954,-0.02443,-0.06947
370020,3700213,1412,-200,12088,-72,-196,-295,-0.00613,-0.0137,1.00081,0.04427,-0.09313,-0.10763
370021,3700223,1334,-164,12100,-76,-189,-289,-0.01092,-0.01149,1.00152,0.01374,-0.03969,-0.06183
370022,3700233,1358,-168,12010,-76,-178,-287,-0.00944,-0.01173,0.99617,0.01374,0.04427,-0.04656
370023,3700243,1390,-184,12066,-69,-192,-287,-0.00748,-0.01272,0.9995,0.06718,-0.0626,-0.04656
370024,3700253,1418,-190,12048,-70,-189,-292,-0.00576,-0.01308,0.99843,0.05954,-0.03969,-0.08473
370025,3700263,1370,-176,12010,-70,-196,-298,-0.00871,-0.01223,0.99617,0.05954,-0.09313,-0.13053
370026,3700273,1402,-222,12048,-69,-190,-296,-0.00674,-0.01505,0.99843,0.06718,-0.04733,-0.11527
370027,3700283,1322,-196,12060,-76,-178,-293,-0.01165,-0.01345,0.99914,0.01374,0.04427,-0.09237
370028,3700293,1428,-168,12096,-77,-182,-295,-0.00515,-0.01173,1.00128,0.00611,0.01374,-0.10763
370029,3700303,1404,-200,12080,-75,-178,-294,-0.00662,-0.0137,1.00033,0.02137,0.04427,-0.1
370030,3700313,1336,-184,12098,-78,-183,-293,-0.01079,-0.01272,1.0014,-0.00153,0.00611,-0.09237
370031,3700323,1372,-184,12086,-76,-186,-291,-0.00859,-0.01272,1.00069,0.01374,-0.01679,-0.0771
370032,3700333,1392,-218,12018,-78,-182,-293,-0.00736,-0.0148,0.99665,-0.00153,0.01374,-0.09237
370033,3700343,1360,-192,12022,-78,-178,-291,-0.00932,-0.01321,0.99689,-0.00153,0.04427,-0.0771
370034,3700353,1352,-178,12006,-71,-186,-290,-0.00981,-0.01235,0.99594,0.05191,-0.01679,-0.06947
370035,3700363,1370,-154,11998,-71,-193,-296,-0.00871,-0.01088,0.99546,0.05191,-0.07023,-0.11527
370036,3700373,1370,-184,11998,-77,-194,-291,-0.00871,-0.01272,0.99546,0.00611,-0.07786,-0.0771
370037,3700383,1394,-202,11932,-77,-203,-290,-0.00724,-0.01382,0.99154,0.00611,-0.14656,-0.06947
370038,3700393,1360,-192,12000,-79,-189,-293,-0.00932,-0.01321,0.99558,-0.00916,-0.03969,-0.09237
370039,3700403,1360,-186,12034,-74,-187,-292,-0.00932,-0.01284,0.9976,0.02901,-0.02443,-0.08473
370040,3700413,1398,-186,12038,-75,-190,-297,-0.00699,-0.01284,0.99784,0.02137,-0.04733,-0.1229
370041,3700423,1432,-182,12050,-76,-188,-293,-0.0049,-0.01259,0.99855,0.01374,-0.03206,-0.09237
370042,3700433,1390,-174,12026,-76,-185,-291,-0.00748,-0.0121,0.99712,0.01374,-0.00916,-0.0771
370043,3700443,1370,-214,12044,-75,-182,-293,-0.00871,-0.01456,0.99819,0.02137,0.01374,-0.09237
370044,3700453,1386,-202,12076,-76,-185,-291,-0.00773,-0.01382,1.0001,0.01374,-0.00916,-0.0771
370045,3700463,1404,-200,12012,-76,-190,-291,-0.00662,-0.0137,0.99629,0.01374,-0.04733,-0.0771
370046,3700473,1386,-184,12026,-77,-177,-293,-0.00773,-0.01272,0.99712,0.00611,0.05191,-0.09237
370047,3700483,1368,-174,11986,-74,-191,-294,-0.00883,-0.0121,0.99475,0.02901,-0.05496,-0.1
370048,3700493,1424,-200,12064,-73,-184,-291,-0.00539,-0.0137,0.99938,0.03664,-0.00153,-0.0771
370049,3700503,1394,-186,11996,-75,-184,-292,-0.00724,-0.01284,0.99534,0.02137,-0.00153,-0.08473
370050,3700513,1418,-182,12078,-77,-187,-299,-0.00576,-0.01259,1.00021,0.00611,-0.02443,-0.13817
370051,3700523,1388,-194,12082,-75,-184,-292,-0.0076,-0.01333,1.00045,0.02137,-0.00153,-0.08473
370052,3700533,1414,-190,12074,-75,-185,-296,-0.00601,-0.01308,0.99998,0.02137,-0.00916,-0.11527
370053,3700543,1336,-174,12128,-79,-187,-293,-0.01079,-0.0121,1.00318,-0.00916,-0.02443,-0.09237
370054,3700553,1414,-174,12026,-78,-188,-292,-0.00601,-0.0121,0.99712,-0.00153,-0.03206,-0.08473
370055,3700563,1408,-184,12028,-76,-184,-291,-0.00638,-0.01272,0.99724,0.01374,-0.00153,-0.0771
370056,3700573,1402,-236,12026,-77,-185,-300,-0.00674,-0.01591,0.99712,0.00611,-0.00916,-0.1458
370057,3700583,1356,-226,12022,-72,-192,-299,-0.00957,-0.01529,0.99689,0.04427,-0.0626,-0.13817
370058,3700593,1392,-188,12020,-71,-190,-292,-0.00736,-0.01296,0.99677,0.05191,-0.04733,-0.08473
370059,3700603,1398,-184,12024,-72,-186,-287,-0.00699,-0.01272,0.99701,0.04427,-0.01679,-0.04656
370060,3700613,1402,-184,12074,-70,-188,-290,-0.00674,-0.01272,0.99998,0.05954,-0.03206,-0.06947
370061,3700623,1398,-196,12064,-75,-185,-291,-0.00699,-0.01345,0.99938,0.02137,-0.00916,-0.0771
370062,3700633,1412,-216,12052,-72,-186,-290,-0.00613,-0.01468,0.99867,0.04427,-0.01679,-0.06947
370063,3700643,1402,-214,12028,-73,-189,-294,-0.00674,-0.01456,0.99724,0.03664,-0.03969,-0.1
370064,3700653,1374,-188,12038,-70,-186,-292,-0.00846,-0.01296,0.99784,0.05954,-0.01679,-0.08473
370065,3700663,1378,-204,12012,-72,-194,-299,-0.00822,-0.01394,0.99629,0.04427,-0.07786,-0.13817
370066,3700673,1414,-188,12044,-74,-184,-295,-0.00601,-0.01296,0.99819,0.02901,-0.00153,-0.10763
370067,3700683,1434,-194,12038,-76,-193,-293,-0.00478,-0.01333,0.99784,0.01374,-0.07023,-0.09237
370068,3700693,1408,-224,12034,-77,-184,-291,-0.00638,-0.01517,0.9976,0.00611,-0.00153,-0.0771
370069,3700703,1404,-170,12024,-75,-188,-293,-0.00662,-0.01186,0.99701,0.02137,-0.03206,-0.09237
370070,3700713,1386,-194,11990,-72,-196,-293,-0.00773,-0.01333,0.99498,0.04427,-0.09313,-0.09237
370071,3700723,1390,-176,12066,-69,-185,-295,-0.00748,-0.01223,0.9995,0.06718,-0.00916,-0.10763
370072,3700733,1398,-202,12020,-72,-186,-300,-0.00699,-0.01382,0.99677,0.04427,-0.01679,-0.1458
370073,3700743,1428,-216,11962,-77,-193,-294,-0.00515,-0.01468,0.99332,0.00611,-0.07023,-0.1
370074,3700753,1410,-164,12038,-73,-194,-292,-0.00625,-0.01149,0.99784,0.03664,-0.07786,-0.08473
370075,3700763,1378,-194,11996,-74,-191,-298,-0.00822,-0.01333,0.99534,0.02901,-0.05496,-0.13053
370076,3700773,1356,-190,12046,-69,-186,-292,-0.00957,-0.01308,0.99831,0.06718,-0.01679,-0.08473
370077,3700783,1380,-198,12026,-76,-192,-291,-0.00809,-0.01357,0.99712,0.01374,-0.0626,-0.0771
370078,3700793,1374,-172,12076,-74,-191,-288,-0.00846,-0.01198,1.0001,0.02901,-0.05496,-0.0542
370079,3700803,1424,-180,12038,-78,-194,-294,-0.00539,-0.01247,0.99784,-0.00153,-0.07786,-0.1
370080,3700813,1382,-178,12074,-76,-194,-291,-0.00797,-0.01235,0.99998,0.01374,-0.07786,-0.0771
370081,3700823,1398,-178,12052,-77,-181,-291,-0.00699,-0.01235,0.99867,0.00611,0.02137,-0.0771
370082,3700833,1350,-188,12010,-80,-188,-291,-0.00994,-0.01296,0.99617,-0.01679,-0.03206,-0.0771
370083,3700843,1426,-174,12020,-72,-189,-291,-0.00527,-0.0121,0.99677,0.04427,-0.03969,-0.0771
370084,3700853,1396,-188,11990,-81,-192,-294,-0.00711,-0.01296,0.99498,-0.02443,-0.0626,-0.1
370085,3700863,1364,-190,12050,-74,-191,-297,-0.00908,-0.01308,0.99855,0.02901,-0.05496,-0.1229
370086,3700873,1396,-170,11994,-78,-189,-296,-0.00711,-0.01186,0.99522,-0.00153,-0.03969,-0.11527
370087,3700883,1392,-158,12092,-72,-183,-293,-0.00736,-0.01112,1.00105,0.04427,0.00611,-0.09237
370088,3700893,1382,-228,12080,-69,-188,-294,-0.00797,-0.01541,1.00033,0.06718,-0.03206,-0.1
370089,3700903,1378,-204,12096,-73,-189,-294,-0.00822,-0.01394,1.00128,0.03664,-0.03969,-0.1
370090,3700913,1390,-222,12044,-81,-193,-292,-0.00748,-0.01505,0.99819,-0.02443,-0.07023,-0.08473
370091,3700923,1388,-186,11994,-84,-188,-297,-0.0076,-0.01284,0.99522,-0.04733,-0.03206,-0.1229
370092,3700933,1414,-182,12028,-76,-194,-288,-0.00601,-0.01259,0.99724,0.01374,-0.07786,-0.0542
370093,3700943,1432,-188,12070,-70,-183,-295,-0.0049,-0.01296,0.99974,0.05954,0.00611,-0.10763
370094,3700953,1418,-198,12044,-69,-185,-295,-0.00576,-0.01357,0.99819,0.06718,-0.00916,-0.10763
370095,3700963,1372,-190,12092,-73,-193,-291,-0.00859,-0.01308,1.00105,0.03664,-0.07023,-0.0771
370096,3700973,1370,-168,12034,-73,-188,-292,-0.00871,-0.01173,0.9976,0.03664,-0.03206,-0.08473
370097,3700983,1404,-190,12070,-76,-179,-286,-0.00662,-0.01308,0.99974,0.01374,0.03664,-0.03893
370098,3700993,1420,-192,12058,-70,-189,-288,-0.00564,-0.01321,0.99903,0.05954,-0.03969,-0.0542
370099,3701003,1412,-164,12050,-72,-189,-291,-0.00613,-0.01149,0.99855,0.04427,-0.03969,-0.0771
370100,3701013,1406,-174,12040,-74,-183,-293,-0.0065,-0.0121,0.99796,0.02901,0.00611,-0.09237
370101,3701023,1374,-164,12018,-80,-183,-287,-0.00846,-0.01149,0.99665,-0.01679,0.00611,-0.04656
370102,3701033,1400,-214,11982,-75,-197,-289,-0.00687,-0.01456,0.99451,0.02137,-0.10076,-0.06183
370103,3701043,1386,-194,12126,-71,-190,-293,-0.00773,-0.01333,1.00307,0.05191,-0.04733,-0.09237
370104,3701053,1404,-210,12046,-74,-194,-291,-0.00662,-0.01431,0.99831,0.02901,-0.07786,-0.0771
370105,3701063,1410,-222,12028,-77,-182,-290,-0.00625,-0.01505,0.99724,0.00611,0.01374,-0.06947
370106,3701073,1402,-152,12042,-67,-189,-292,-0.00674,-0.01075,0.99807,0.08244,-0.03969,-0.08473
370107,3701083,1440,-208,12030,-77,-189,-295,-0.00441,-0.01419,0.99736,0.00611,-0.03969,-0.10763
370108,3701093,1436,-194,11988,-73,-184,-292,-0.00466,-0.01333,0.99487,0.03664,-0.00153,-0.08473
370109,3701103,1360,-188,12046,-77,-185,-295,-0.00932,-0.01296,0.99831,0.00611,-0.00916,-0.10763
370110,3701113,1404,-184,12060,-75,-193,-302,-0.00662,-0.01272,0.99914,0.02137,-0.07023,-0.16107
370111,3701123,1396,-236,12036,-74,-190,-295,-0.00711,-0.01591,0.99772,0.02901,-0.04733,-0.10763
370112,3701133,1372,-192,12060,-74,-176,-298,-0.00859,-0.01321,0.99914,0.02901,0.05954,-0.13053
370113,3701143,1388,-144,12002,-72,-180,-293,-0.0076,-0.01026,0.9957,0.04427,0.02901,-0.09237
370114,3701153,1380,-184,11986,-72,-191,-292,-0.00809,-0.01272,0.99475,0.04427,-0.05496,-0.08473
370115,3701163,1378,-230,12100,-77,-182,-296,-0.00822,-0.01554,1.00152,0.00611,0.01374,-0.11527
370116,3701173,1364,-228,11984,-74,-181,-291,-0.00908,-0.01541,0.99463,0.02901,0.02137,-0.0771
370117,3701183,1412,-176,12116,-77,-190,-287,-0.00613,-0.01223,1.00247,0.00611,-0.04733,-0.04656
370118,3701193,1422,-210,12046,-71,-186,-293,-0.00552,-0.01431,0.99831,0.05191,-0.01679,-0.09237
370119,3701203,1426,-142,12006,-75,-192,-293,-0.00527,-0.01014,0.99594,0.02137,-0.0626,-0.09237
370120,3701213,1394,-170,12042,-77,-192,-296,-0.00724,-0.01186,0.99807,0.00611,-0.0626,-0.11527
370121,3701223,1408,-208,12054,-79,-191,-297,-0.00638,-0.01419,0.99879,-0.00916,-0.05496,-0.1229
370122,3701233,1410,-196,12134,-75,-189,-301,-0.00625,-0.01345,1.00354,0.02137,-0.03969,-0.15344
370123,3701243,1390,-244,12038,-71,-191,-298,-0.00748,-0.0164,0.99784,0.05191,-0.05496,-0.13053
370124,3701253,1378,-152,12040,-73,-196,-288,-0.00822,-0.01075,0.99796,0.03664,-0.09313,-0.0542
370125,3701263,1346,-186,12066,-81,-199,-290,-0.01018,-0.01284,0.9995,-0.02443,-0.11603,-0.06947
370126,3701273,1418,-174,12024,-76,-196,-287,-0.00576,-0.0121,0.99701,0.01374,-0.09313,-0.04656
370127,3701283,1370,-242,11996,-78,-187,-289,-0.00871,-0.01627,0.99534,-0.00153,-0.02443,-0.06183
370128,3701293,1366,-182,12044,-77,-179,-289,-0.00895,-0.01259,0.99819,0.00611,0.03664,-0.06183
370129,3701303,1428,-156,12032,-73,-185,-290,-0.00515,-0.011,0.99748,0.03664,-0.00916,-0.06947
370130,3701313,1374,-218,12070,-74,-189,-284,-0.00846,-0.0148,0.99974,0.02901,-0.03969,-0.02366
370131,3701323,1444,-176,12070,-79,-189,-289,-0.00417,-0.01223,0.99974,-0.00916,-0.03969,-0.06183
370132,3701333,1422,-156,12026,-80,-190,-288,-0.00552,-0.011,0.99712,-0.01679,-0.04733,-0.0542
370133,3701343,1408,-206,12082,-69,-191,-292,-0.00638,-0.01407,1.00045,0.06718,-0.05496,-0.08473
370134,3701353,1396,-212,12040,-76,-186,-292,-0.00711,-0.01443,0.99796,0.01374,-0.01679,-0.08473
370135,3701363,1384,-180,11976,-75,-192,-290,-0.00785,-0.01247,0.99415,0.02137,-0.0626,-0.06947
370136,3701373,1418,-218,12020,-76,-192,-293,-0.00576,-0.0148,0.99677,0.01374,-0.0626,-0.09237
370137,3701383,1416,-192,12050,-74,-185,-295,-0.00588,-0.01321,0.99855,0.02901,-0.00916,-0.10763
370138,3701393,1424,-164,12050,-75,-184,-293,-0.00539,-0.01149,0.99855,0.02137,-0.00153,-0.09237
370139,3701403,1404,-196,12118,-75,-190,-290,-0.00662,-0.01345,1.00259,0.02137,-0.04733,-0.06947
370140,3701413,1398,-212,12032,-79,-191,-291,-0.00699,-0.01443,0.99748,-0.00916,-0.05496,-0.0771
370141,3701423,1426,-182,11976,-81,-187,-291,-0.00527,-0.01259,0.99415,-0.02443,-0.02443,-0.0771
370142,3701433,1384,-202,12080,-71,-181,-296,-0.00785,-0.01382,1.00033,0.05191,0.02137,-0.11527
370143,3701443,1374,-186,12092,-70,-180,-294,-0.00846,-0.01284,1.00105,0.05954,0.02901,-0.1
370144,3701453,1370,-200,12086,-75,-188,-295,-0.00871,-0.0137,1.00069,0.02137,-0.03206,-0.10763
370145,3701463,1402,-162,12114,-82,-185,-297,-0.00674,-0.01137,1.00235,-0.03206,-0.00916,-0.1229
370146,3701473,1378,-208,12092,-80,-187,-297,-0.00822,-0.01419,1.00105,-0.01679,-0.02443,-0.1229
370147,3701483,1412,-196,12068,-83,-180,-299,-0.00613,-0.01345,0.99962,-0.03969,0.02901,-0.13817
370148,3701493,1396,-184,12054,-79,-189,-294,-0.00711,-0.01272,0.99879,-0.00916,-0.03969,-0.1
370149,3701503,1390,-204,12076,-78,-185,-301,-0.00748,-0.01394,1.0001,-0.00153,-0.00916,-0.15344
370150,3701513,1362,-210,12068,-80,-180,-302,-0.0092,-0.01431,0.99962,-0.01679,0.02901,-0.16107
370151,3701523,1400,-158,12014,-73,-184,-296,-0.00687,-0.01112,0.99641,0.03664,-0.00153,-0.11527
370152,3701533,1400,-184,11970,-74,-183,-297,-0.00687,-0.01272,0.9938,0.02901,0.00611,-0.1229
370153,3701543,1406,-158,12032,-72,-187,-301,-0.0065,-0.01112,0.99748,0.04427,-0.02443,-0.15344
370154,3701553,1382,-198,11948,-76,-188,-296,-0.00797,-0.01357,0.99249,0.01374,-0.03206,-0.11527
370155,3701563,1386,-188,11968,-72,-185,-291,-0.00773,-0.01296,0.99368,0.04427,-0.00916,-0.0771
370156,3701573,1410,-182,12046,-71,-184,-296,-0.00625,-0.01259,0.99831,0.05191,-0.00153,-0.11527
370157,3701583,1356,-200,12044,-74,-179,-293,-0.00957,-0.0137,0.99819,0.02901,0.03664,-0.09237
370158,3701593,1374,-204,12030,-73,-177,-298,-0.00846,-0.01394,0.99736,0.03664,0.05191,-0.13053
370159,3701603,1370,-214,12018,-73,-184,-296,-0.00871,-0.01456,0.99665,0.03664,-0.00153,-0.11527
370160,3701613,1396,-162,11996,-72,-186,-300,-0.00711,-0.01137,0.99534,0.04427,-0.01679,-0.1458
370161,3701623,1386,-188,12010,-72,-188,-296,-0.00773,-0.01296,0.99617,0.04427,-0.03206,-0.11527
370162,3701633,1386,-186,12112,-74,-192,-300,-0.00773,-0.01284,1.00223,0.02901,-0.0626,-0.1458
370163,3701643,1408,-174,12032,-71,-186,-303,-0.00638,-0.0121,0.99748,0.05191,-0.01679,-0.1687
370164,3701653,1340,-174,12104,-71,-184,-303,-0.01055,-0.0121,1.00176,0.05191,-0.00153,-0.1687
370165,3701663,1376,-184,12064,-70,-181,-310,-0.00834,-0.01272,0.99938,0.05954,0.02137,-0.22214
370166,3701673,1380,-172,12020,-74,-185,-313,-0.00809,-0.01198,0.99677,0.02901,-0.00916,-0.24504
370167,3701683,1440,-172,12080,-73,-177,-310,-0.00441,-0.01198,1.00033,0.03664,0.05191,-0.22214
370168,3701693,1420,-172,12040,-75,-179,-318,-0.00564,-0.01198,0.99796,0.02137,0.03664,-0.28321
370169,3701703,1412,-188,11996,-77,-187,-304,-0.00613,-0.01296,0.99534,0.00611,-0.02443,-0.17634
370170,3701713,1404,-220,12112,-78,-187,-300,-0.00662,-0.01492,1.00223,-0.00153,-0.02443,-0.1458
370171,3701723,1376,-178,11974,-76,-184,-294,-0.00834,-0.01235,0.99403,0.01374,-0.00153,-0.1
370172,3701733,1384,-174,12082,-79,-182,-287,-0.00785,-0.0121,1.00045,-0.00916,0.01374,-0.04656
370173,3701743,1366,-180,12054,-65,-188,-285,-0.00895,-0.01247,0.99879,0.09771,-0.03206,-0.0313
370174,3701753,1392,-156,12066,-77,-181,-288,-0.00736,-0.011,0.9995,0.00611,0.02137,-0.0542
370175,3701763,1352,-230,12126,-72,-180,-308,-0.00981,-0.01554,1.00307,0.04427,0.02901,-0.20687
370176,3701773,1382,-192,12068,-72,-184,-358,-0.00797,-0.01321,0.99962,0.04427,-0.00153,-0.58855
370177,3701783,1398,-192,12042,-72,-173,-426,-0.00699,-0.01321,0.99807,0.04427,0.08244,-1.10763
370178,3701793,1412,-212,12108,-77,-179,-470,-0.00613,-0.01443,1.002,0.00611,0.03664,-1.44351
370179,3701803,1406,-140,12070,-80,-191,-455,-0.0065,-0.01002,0.99974,-0.01679,-0.05496,-1.32901
370180,3701813,1408,-138,12062,-76,-194,-421,-0.00638,-0.00989,0.99926,0.01374,-0.07786,-1.06947
370181,3701823,1420,-198,12078,-67,-191,-388,-0.00564,-0.01357,1.00021,0.08244,-0.05496,-0.81756
370182,3701833,1400,-224,12010,-75,-189,-358,-0.00687,-0.01517,0.99617,0.02137,-0.03969,-0.58855
370183,3701843,1382,-144,11996,-79,-201,-332,-0.00797,-0.01026,0.99534,-0.00916,-0.1313,-0.39008
370184,3701853,1390,-198,12018,-75,-189,-314,-0.00748,-0.01357,0.99665,0.02137,-0.03969,-0.25267
370185,3701863,1406,-162,12084,-78,-188,-307,-0.0065,-0.01137,1.00057,-0.00153,-0.03206,-0.19924
370186,3701873,1344,-182,12018,-78,-185,-294,-0.0103,-0.01259,0.99665,-0.00153,-0.00916,-0.1
370187,3701883,1360,-172,12050,-83,-174,-296,-0.00932,-0.01198,0.99855,-0.03969,0.07481,-0.11527
370188,3701893,1364,-202,12060,-82,-177,-307,-0.00908,-0.01382,0.99914,-0.03206,0.05191,-0.19924
370189,3701903,1382,-156,12030,-77,-175,-315,-0.00797,-0.011,0.99736,0.00611,0.06718,-0.26031
370190,3701913,1392,-186,12038,-78,-177,-313,-0.00736,-0.01284,0.99784,-0.00153,0.05191,-0.24504
370191,3701923,1414,-144,12082,-78,-191,-320,-0.00601,-0.01026,1.00045,-0.00153,-0.05496,-0.29847
370192,3701933,1334,-194,12014,-78,-180,-339,-0.01092,-0.01333,0.99641,-0.00153,0.02901,-0.44351
370193,3701943,1366,-232,11986,-76,-180,-387,-0.00895,-0.01566,0.99475,0.01374,0.02901,-0.80992
370194,3701953,1374,-224,11954,-77,-176,-453,-0.00846,-0.01517,0.99285,0.00611,0.05954,-1.31374
370195,3701963,1332,-246,12012,-73,-185,-487,-0.01104,-0.01652,0.99629,0.03664,-0.00916,-1.57328
370196,3701973,1398,-178,12050,-74,-186,-464,-0.00699,-0.01235,0.99855,0.02901,-0.01679,-1.39771
370197,3701983,1402,-120,12124,-76,-198,-406,-0.00674,-0.00879,1.00295,0.01374,-0.1084,-0.95496
370198,3701993,1364,-138,12044,-79,-194,-351,-0.00908,-0.00989,0.99819,-0.00916,-0.07786,-0.53511
370199,3702003,1352,-124,12042,-81,-194,-320,-0.00981,-0.00904,0.99807,-0.02443,-0.07786,-0.29847
370200,3702013,1376,-162,12016,-84,-198,-301,-0.00834,-0.01137,0.99653,-0.04733,-0.1084,-0.15344
370201,3702023,1356,-222,12062,-83,-201,-293,-0.00957,-0.01505,0.99926,-0.03969,-0.1313,-0.09237
370202,3702033,1392,-212,12070,-80,-210,-287,-0.00736,-0.01443,0.99974,-0.01679,-0.2,-0.04656
370203,3702043,1400,-138,11964,-73,-204,-289,-0.00687,-0.00989,0.99344,0.03664,-0.1542,-0.06183
370204,3702053,1392,-154,11988,-72,-203,-293,-0.00736,-0.01088,0.99487,0.04427,-0.14656,-0.09237
370205,3702063,1386,-200,12026,-83,-211,-303,-0.00773,-0.0137,0.99712,-0.03969,-0.20763,-0.1687
370206,3702073,1376,-204,11968,-76,-204,-305,-0.00834,-0.01394,0.99368,0.01374,-0.1542,-0.18397
370207,3702083,1364,-274,11994,-74,-211,-313,-0.00908,-0.01824,0.99522,0.02901,-0.20763,-0.24504
370208,3702093,1384,-258,12012,-72,-200,-321,-0.00785,-0.01726,0.99629,0.04427,-0.12366,-0.30611
370209,3702103,1374,-238,11992,-69,-193,-313,-0.00846,-0.01603,0.9951,0.06718,-0.07023,-0.24504
370210,3702113,1388,-198,12062,-71,-193,-308,-0.0076,-0.01357,0.99926,0.05191,-0.07023,-0.20687
370211,3702123,1372,-186,11992,-71,-197,-296,-0.00859,-0.01284,0.9951,0.05191,-0.10076,-0.11527
370212,3702133,1372,-166,12102,-77,-186,-291,-0.00859,-0.01161,1.00164,0.00611,-0.01679,-0.0771
370213,3702143,1408,-138,12044,-75,-190,-291,-0.00638,-0.00989,0.99819,0.02137,-0.04733,-0.0771
370214,3702153,1456,-152,12050,-78,-189,-300,-0.00343,-0.01075,0.99855,-0.00153,-0.03969,-0.1458
370215,3702163,1382,-188,12030,-82,-196,-304,-0.00797,-0.01296,0.99736,-0.03206,-0.09313,-0.17634
370216,3702173,1422,-196,12076,-83,-194,-303,-0.00552,-0.01345,1.0001,-0.03969,-0.07786,-0.1687
370217,3702183,1354,-168,12086,-90,-197,-308,-0.00969,-0.01173,1.00069,-0.09313,-0.10076,-0.20687
370218,3702193,1420,-220,11980,-85,-201,-313,-0.00564,-0.01492,0.99439,-0.05496,-0.1313,-0.24504
370219,3702203,1358,-224,12068,-76,-182,-296,-0.00944,-0.01517,0.99962,0.01374,0.01374,-0.11527
370220,3702213,1326,-236,12096,-74,-188,-300,-0.01141,-0.01591,1.00128,0.02901,-0.03206,-0.1458
370221,3702223,1410,-214,12068,-75,-188,-300,-0.00625,-0.01456,0.99962,0.02137,-0.03206,-0.1458
370222,3702233,1464,-182,12044,-69,-184,-293,-0.00294,-0.01259,0.99819,0.06718,-0.00153,-0.09237
370223,3702243,1436,-236,12034,-69,-185,-293,-0.00466,-0.01591,0.9976,0.06718,-0.00916,-0.09237
370224,3702253,1412,-146,12002,-77,-194,-293,-0.00613,-0.01038,0.9957,0.00611,-0.07786,-0.09237
370225,3702263,1394,-202,12036,-75,-180,-296,-0.00724,-0.01382,0.99772,0.02137,0.02901,-0.11527
370226,3702273,1372,-200,12070,-75,-187,-300,-0.00859,-0.0137,0.99974,0.02137,-0.02443,-0.1458
370227,3702283,1380,-184,12054,-72,-184,-298,-0.00809,-0.01272,0.99879,0.04427,-0.00153,-0.13053
370228,3702293,1312,-190,12086,-77,-190,-297,-0.01227,-0.01308,1.00069,0.00611,-0.04733,-0.1229
370229,3702303,1412,-186,12038,-85,-189,-296,-0.00613,-0.01284,0.99784,-0.05496,-0.03969,-0.11527
370230,3702313,1430,-198,12006,-86,-190,-295,-0.00503,-0.01357,0.99594,-0.0626,-0.04733,-0.10763
370231,3702323,1438,-256,12026,-82,-192,-292,-0.00453,-0.01713,0.99712,-0.03206,-0.0626,-0.08473
370232,3702333,1404,-190,12050,-86,-191,-293,-0.00662,-0.01308,0.99855,-0.0626,-0.05496,-0.09237
370233,3702343,1380,-204,12058,-75,-183,-286,-0.00809,-0.01394,0.99903,0.02137,0.00611,-0.03893
370234,3702353,1440,-224,12096,-73,-184,-289,-0.00441,-0.01517,1.00128,0.03664,-0.00153,-0.06183
370235,3702363,1424,-204,12120,-73,-191,-291,-0.00539,-0.01394,1.00271,0.03664,-0.05496,-0.0771
370236,3702373,1400,-220,12018,-71,-191,-289,-0.00687,-0.01492,0.99665,0.05191,-0.05496,-0.06183
370237,3702383,1410,-132,12044,-74,-189,-292,-0.00625,-0.00953,0.99819,0.02901,-0.03969,-0.08473
370238,3702393,1384,-186,12070,-83,-190,-291,-0.00785,-0.01284,0.99974,-0.03969,-0.04733,-0.0771
370239,3702403,1364,-146,12034,-81,-189,-294,-0.00908,-0.01038,0.9976,-0.02443,-0.03969,-0.1
370240,3702413,1368,-144,12054,-83,-189,-293,-0.00883,-0.01026,0.99879,-0.03969,-0.03969,-0.09237
370241,3702423,1356,-192,12074,-84,-190,-294,-0.00957,-0.01321,0.99998,-0.04733,-0.04733,-0.1
370242,3702433,1352,-240,12052,-87,-199,-300,-0.00981,-0.01615,0.99867,-0.07023,-0.11603,-0.1458
370243,3702443,1378,-210,12014,-86,-185,-298,-0.00822,-0.01431,0.99641,-0.0626,-0.00916,-0.13053
370244,3702453,1358,-230,12030,-80,-191,-295,-0.00944,-0.01554,0.99736,-0.01679,-0.05496,-0.10763
370245,3702463,1390,-250,12004,-79,-199,-300,-0.00748,-0.01676,0.99582,-0.00916,-0.11603,-0.1458
370246,3702473,1402,-224,12084,-77,-196,-303,-0.00674,-0.01517,1.00057,0.00611,-0.09313,-0.1687
370247,3702483,1428,-220,12084,-76,-192,-297,-0.00515,-0.01492,1.00057,0.01374,-0.0626,-0.1229
370248,3702493,1388,-220,12002,-79,-195,-297,-0.0076,-0.01492,0.9957,-0.00916,-0.0855,-0.1229
370249,3702503,1408,-206,12014,-77,-189,-299,-0.00638,-0.01407,0.99641,0.00611,-0.03969,-0.13817
370250,3702513,1426,-196,12056,-72,-180,-300,-0.00527,-0.01345,0.99891,0.04427,0.02901,-0.1458
370251,3702523,1348,-190,12052,-72,-179,-295,-0.01006,-0.01308,0.99867,0.04427,0.03664,-0.10763
370252,3702533,1360,-178,12064,-71,-172,-294,-0.00932,-0.01235,0.99938,0.05191,0.09008,-0.1
370253,3702543,1360,-178,12112,-75,-183,-292,-0.00932,-0.01235,1.00223,0.02137,0.00611,-0.08473
370254,3702553,1338,-162,12070,-75,-183,-292,-0.01067,-0.01137,0.99974,0.02137,0.00611,-0.08473
370255,3702563,1334,-162,12092,-71,-191,-295,-0.01092,-0.01137,1.00105,0.05191,-0.05496,-0.10763
370256,3702573,1376,-154,12036,-72,-192,-288,-0.00834,-0.01088,0.99772,0.04427,-0.0626,-0.0542
370257,3702583,1424,-186,12050,-73,-196,-289,-0.00539,-0.01284,0.99855,0.03664,-0.09313,-0.06183
370258,3702593,1374,-216,12046,-77,-185,-293,-0.00846,-0.01468,0.99831,0.00611,-0.00916,-0.09237
370259,3702603,1394,-146,12030,-69,-187,-288,-0.00724,-0.01038,0.99736,0.06718,-0.02443,-0.0542
370260,3702613,1398,-188,11948,-75,-199,-290,-0.00699,-0.01296,0.99249,0.02137,-0.11603,-0.06947
370261,3702623,1400,-218,11966,-80,-200,-294,-0.00687,-0.0148,0.99356,-0.01679,-0.12366,-0.1
370262,3702633,1394,-210,12012,-75,-197,-291,-0.00724,-0.01431,0.99629,0.02137,-0.10076,-0.0771
370263,3702643,1382,-194,11972,-75,-191,-287,-0.00797,-0.01333,0.99392,0.02137,-0.05496,-0.04656
370264,3702653,1396,-160,11988,-73,-191,-287,-0.00711,-0.01124,0.99487,0.03664,-0.05496,-0.04656
370265,3702663,1364,-228,12054,-72,-189,-287,-0.00908,-0.01541,0.99879,0.04427,-0.03969,-0.04656
370266,3702673,1330,-216,12086,-67,-187,-291,-0.01116,-0.01468,1.00069,0.08244,-0.02443,-0.0771
370267,3702683,1346,-198,12048,-71,-196,-288,-0.01018,-0.01357,0.99843,0.05191,-0.09313,-0.0542
370268,3702693,1386,-166,12010,-75,-188,-295,-0.00773,-0.01161,0.99617,0.02137,-0.03206,-0.10763
370269,3702703,1386,-184,12070,-80,-188,-291,-0.00773,-0.01272,0.99974,-0.01679,-0.03206,-0.0771
370270,3702713,1350,-174,12034,-78,-194,-293,-0.00994,-0.0121,0.9976,-0.00153,-0.07786,-0.09237
370271,3702723,1410,-204,12012,-76,-196,-293,-0.00625,-0.01394,0.99629,0.01374,-0.09313,-0.09237
370272,3702733,1408,-174,12030,-74,-198,-300,-0.00638,-0.0121,0.99736,0.02901,-0.1084,-0.1458
370273,3702743,1424,-178,12094,-74,-192,-297,-0.00539,-0.01235,1.00116,0.02901,-0.0626,-0.1229
370274,3702753,1406,-194,11996,-74,-191,-296,-0.0065,-0.01333,0.99534,0.02901,-0.05496,-0.11527
370275,3702763,1366,-224,11924,-71,-192,-297,-0.00895,-0.01517,0.99106,0.05191,-0.0626,-0.1229
370276,3702773,1442,-200,11972,-75,-187,-294,-0.00429,-0.0137,0.99392,0.02137,-0.02443,-0.1
370277,3702783,1408,-194,12158,-79,-186,-298,-0.00638,-0.01333,1.00497,-0.00916,-0.01679,-0.13053
